exit_time,accurate,vol_adjusted,trend_reversal,donchian_breakout,hybrid
2018-04-03 09:05:00+00:00,1.0190542678581145,,,,
2018-04-04 01:25:00+00:00,0.9966554550505928,,,,
2018-04-04 14:00:00+00:00,,0.9457563956759572,,,
2018-04-05 12:00:00+00:00,0.9747489681485808,,,,
2018-04-07 06:10:00+00:00,0.9874060834999904,,,,
2018-04-07 23:15:00+00:00,0.9657028977846605,,,,
2018-04-08 12:10:00+00:00,0.978242549912394,,,,
2018-04-08 17:00:00+00:00,0.9567407786653196,,,,
2018-04-09 09:00:00+00:00,,0.986569923879678,,,
2018-04-09 10:15:00+00:00,0.935711616350256,,,1.0115799482453722,1.0115799482453722
2018-04-09 10:25:00+00:00,,,1.0062467313879608,,
2018-04-12 06:55:00+00:00,,,,1.0075075466605234,1.0075075466605234
2018-04-12 07:05:00+00:00,,,0.9906467156402708,,
2018-04-12 16:15:00+00:00,,1.044721654138267,,,
2018-04-12 16:25:00+00:00,0.9911272738059438,,,,
2018-04-12 22:05:00+00:00,0.969342296327689,,,,
2018-04-13 07:45:00+00:00,0.981929206045504,,,,
2018-04-13 20:35:00+00:00,0.9603464020966238,,,,
2018-04-13 21:05:00+00:00,,,,1.122858117667376,1.122858117667376
2018-04-13 22:20:00+00:00,,,1.0713722302498951,,
2018-04-14 07:30:00+00:00,0.9728165001278484,,,,
2018-04-16 02:10:00+00:00,0.9514339934550382,,,1.125299093610849,1.1252990936108487
2018-04-16 03:00:00+00:00,,,1.0758042765158822,,
2018-04-17 18:55:00+00:00,,,,1.0925610086505004,1.0925610086505004
2018-04-17 19:05:00+00:00,,,1.0422546278688931,,
2018-04-18 14:55:00+00:00,0.9305214742788964,,,,
2018-04-19 02:45:00+00:00,0.942604295622408,,,,
2018-04-20 22:20:00+00:00,0.9548440124010646,,,,
2018-04-20 22:25:00+00:00,,1.0714431890215084,,,
2018-04-21 03:30:00+00:00,0.9694626723602712,,,,
2018-04-21 07:05:00+00:00,,1.0972535294439414,,,
2018-04-21 07:55:00+00:00,0.9481538828217922,,,,
2018-04-21 08:45:00+00:00,,,,1.169952028673376,1.169952028673376
2018-04-22 11:40:00+00:00,0.9604656609902332,,,,
2018-04-22 23:10:00+00:00,,,,1.142516715742185,1.142516715742185
2018-04-22 23:25:00+00:00,,,1.1287175519115662,,
2018-04-24 05:35:00+00:00,0.9729373075981914,,,,
2018-04-24 13:30:00+00:00,,1.1264869418229282,,,
2018-04-25 03:55:00+00:00,0.9515521455771832,1.0931788837761645,,,
2018-04-25 04:35:00+00:00,,,,1.1812265954845684,1.1812265954845684
2018-04-25 04:55:00+00:00,,,1.1510090848790084,,
2018-04-25 22:20:00+00:00,0.9639080501875028,,,,
2018-04-26 06:35:00+00:00,0.9427213512443812,,,,
2018-04-27 01:15:00+00:00,0.9618655334620042,,,,
2018-04-27 19:50:00+00:00,0.9407237290365096,,,,
2018-04-27 20:25:00+00:00,,,1.145871640906977,1.1646856495455964,1.1646856495455964
2018-04-28 08:30:00+00:00,0.9529390266580484,,,,
2018-04-29 01:30:00+00:00,0.9653129399192032,,,,
2018-04-29 08:45:00+00:00,0.944095361499779,,,,
2018-04-29 09:00:00+00:00,,,,1.145986611870397,1.145986611870397
2018-04-29 09:10:00+00:00,,,1.1388987758941458,,
2018-04-29 11:55:00+00:00,,1.0867971213438827,,,
2018-04-30 07:15:00+00:00,,,1.110786746926593,,
2018-05-03 16:55:00+00:00,,1.1068116935665475,,,
2018-05-03 21:55:00+00:00,0.9624140000143596,,,,
2018-05-03 23:05:00+00:00,,1.1287427766851197,,,
2018-05-04 15:40:00+00:00,0.941260140294044,,,,
2018-05-06 05:55:00+00:00,0.9205712424103808,,,,
2018-05-06 06:00:00+00:00,,,,1.1989392271523067,1.1989392271523067
2018-05-07 01:00:00+00:00,0.9003370865022008,,,,
2018-05-08 11:15:00+00:00,0.8805476773408824,,,,
2018-05-09 17:05:00+00:00,0.8919815889311538,,,,
2018-05-10 17:15:00+00:00,,,,1.170945825210867,1.170945825210867
2018-05-10 17:35:00+00:00,,,1.0886260983501943,,
2018-05-10 18:15:00+00:00,,1.0958404498383427,,,
2018-05-11 20:35:00+00:00,0.8723758336064469,,,,
2018-05-12 15:20:00+00:00,0.8532010127837771,,,,
2018-05-13 04:55:00+00:00,0.8344476545227897,,,,
2018-05-13 20:40:00+00:00,0.845282957316768,,,,
2018-05-14 03:10:00+00:00,0.8267036379149453,,,,
2018-05-14 03:30:00+00:00,,,,1.1318044052584502,1.1318044052584502
2018-05-14 03:45:00+00:00,,,1.0653757541692086,,
2018-05-14 10:25:00+00:00,,1.0751330038750126,,,
2018-05-14 19:00:00+00:00,0.8374383846532708,,,,
2018-05-15 14:35:00+00:00,,,,1.096336929097806,1.096336929097806
2018-05-15 15:05:00+00:00,,,1.0362401124622798,,
2018-05-16 00:45:00+00:00,,1.0321878948605243,,,
2018-05-16 13:15:00+00:00,0.8190314889585918,,,,
2018-05-19 11:50:00+00:00,0.8296666128427191,,,,
2018-05-19 22:40:00+00:00,0.811430540692436,,,,
2018-05-21 14:40:00+00:00,,,,1.0961088218714343,1.0961088218714345
2018-05-21 14:55:00+00:00,,,1.053413571306978,,
2018-05-21 18:00:00+00:00,0.7935952974080163,1.008285148153313,,,
2018-05-24 07:50:00+00:00,0.7761520727709881,,,,
2018-05-24 19:05:00+00:00,0.7862304074359194,,,,
2018-05-25 19:25:00+00:00,0.768949063080478,,,,
2018-05-26 22:35:00+00:00,0.752047562673969,,,,
2018-05-26 22:45:00+00:00,,,1.0228734682823433,,
2018-05-29 16:05:00+00:00,0.7655704913455776,,,,
2018-05-29 16:10:00+00:00,,1.0299046081153491,,,
2018-05-30 01:15:00+00:00,0.7755114241757,,,,
2018-05-30 15:00:00+00:00,,,,1.0755617228812413,1.0755617228812413
2018-05-30 15:25:00+00:00,,,1.027136877400487,,
2018-05-31 17:45:00+00:00,0.7855814400186214,,,,
2018-06-01 11:50:00+00:00,,1.0004169276986326,,1.0502268174984168,1.0502268174984168
2018-06-02 16:10:00+00:00,,,1.0145357338764889,,
2018-06-03 06:45:00+00:00,,,,1.0524448995380111,
2018-06-03 14:30:00+00:00,,,1.0043205090792215,,
2018-06-04 06:35:00+00:00,,0.984795801154828,,,1.0338279286335716
2018-06-04 11:00:00+00:00,0.7722383392599051,,,,
2018-06-06 04:05:00+00:00,,,1.000611101982806,,
2018-06-06 18:00:00+00:00,,0.9711133946505864,,,1.0194642869949546
2018-06-07 00:55:00+00:00,0.7861231845997981,,,,
2018-06-07 09:25:00+00:00,,,0.9947008296780004,,
2018-06-08 10:20:00+00:00,,0.9569588319217796,,,1.0046049808834985
2018-06-11 14:10:00+00:00,0.7727708823093706,,,,
2018-06-12 03:40:00+00:00,0.759645368873346,,,,
2018-06-14 13:05:00+00:00,0.7467427922830322,,,,
2018-06-14 18:10:00+00:00,0.7606448621792324,,,,
2018-06-15 11:25:00+00:00,,0.9310227725034016,,,0.9773775875965085
2018-06-18 00:15:00+00:00,,0.9153437323334144,,,0.9609179016363405
2018-06-18 00:55:00+00:00,0.7477253091951181,,,,
2018-06-19 03:15:00+00:00,,,0.9854731939895722,,
2018-06-19 12:55:00+00:00,0.7611694102544464,,,,
2018-06-19 13:10:00+00:00,,0.9364811501216084,,,0.9831077330948068
2018-06-19 13:20:00+00:00,,,,1.050770199252017,
2018-06-20 21:55:00+00:00,,,0.9781109466422032,,
2018-06-21 09:50:00+00:00,,0.9226867964272776,,,0.9686265705127513
2018-06-22 01:40:00+00:00,0.7482409478212746,,,,
2018-06-25 12:00:00+00:00,0.761694320063101,,,,
2018-06-26 00:55:00+00:00,0.7487569420368292,,,,
2018-06-27 02:50:00+00:00,,0.9098868597181148,,,0.9551893360737367
2018-06-29 23:35:00+00:00,0.7716984974264205,,,,
2018-06-30 01:40:00+00:00,,,,1.0665221546547254,
2018-06-30 02:35:00+00:00,,0.9601934993918182,,,1.0080006996370177
2018-06-30 03:55:00+00:00,0.7585911984476327,,,,
2018-06-30 14:30:00+00:00,,,0.9963842442168576,,
2018-07-02 13:35:00+00:00,,,,1.074780949615748,
2018-07-02 13:50:00+00:00,,,,1.068170074820412,
2018-07-02 19:20:00+00:00,,,,1.0614610748310025,
2018-07-03 00:25:00+00:00,,,0.992736758113236,,
2018-07-03 06:55:00+00:00,,0.9632624863220196,,,1.0112224887605423
2018-07-03 10:30:00+00:00,0.7494956899782456,,,,
2018-07-04 13:20:00+00:00,,,,1.0675596204421454,
2018-07-04 14:45:00+00:00,0.7405092366554065,,,,
2018-07-05 00:20:00+00:00,,0.931827346961187,,,0.9782222211176386
2018-07-07 23:35:00+00:00,,,,1.062761776289203,
2018-07-08 03:25:00+00:00,,0.9407556506860956,,,0.9875950573292771
2018-07-08 23:00:00+00:00,,,0.9871524284497384,,
2018-07-08 23:05:00+00:00,0.7316305309079081,,,,
2018-07-13 04:00:00+00:00,,0.949852661378506,,,0.9971450002817791
2018-07-13 19:10:00+00:00,0.7228582808423223,,,,
2018-07-16 04:15:00+00:00,,0.9451131067517234,,,0.9921694673472293
2018-07-16 11:30:00+00:00,0.7358552727318671,,,,
2018-07-16 13:40:00+00:00,,0.9603722354770104,,,1.0081883348366292
2018-07-16 23:30:00+00:00,,,,1.0568914945905543,
2018-07-17 00:00:00+00:00,,,,1.0556777634189332,
2018-07-17 04:05:00+00:00,,0.9681215085466272,,,1.0163234374808354
2018-07-17 04:20:00+00:00,,,,1.0509813731312865,
2018-07-17 05:45:00+00:00,,,1.0078318325293465,,
2018-07-17 15:45:00+00:00,,,,1.047626641845386,
2018-07-17 16:00:00+00:00,,,,1.0417816274595575,
2018-07-17 17:35:00+00:00,,0.9756259346563644,,,1.0242015024477202
2018-07-17 17:50:00+00:00,,,,1.0913735927675954,
2018-07-17 18:10:00+00:00,,,,1.1017769138130344,
2018-07-17 18:25:00+00:00,,,,1.0947597217596974,
2018-07-17 18:45:00+00:00,0.7713655686461279,,,,
2018-07-17 19:35:00+00:00,0.7621168954780609,,,,
2018-07-17 21:45:00+00:00,,1.0247294060045478,,,1.0757497929797077
2018-07-18 03:05:00+00:00,,1.045517539604173,,,1.0975729496932685
2018-07-18 03:15:00+00:00,,,,1.0978489109342735,
2018-07-18 04:10:00+00:00,0.7529791139012789,,,,
2018-07-18 08:30:00+00:00,,,1.0053634040917998,,
2018-07-18 18:10:00+00:00,,,,1.090076950256637,
2018-07-19 16:45:00+00:00,,,0.9905422618886052,,
2018-07-20 16:45:00+00:00,0.7439508943256026,,,1.0896074693497944,
2018-07-20 17:00:00+00:00,,1.0138276929126695,,,1.0643052930629562
2018-07-23 04:50:00+00:00,,,,1.0823035336553706,
2018-07-23 06:00:00+00:00,,1.030369940643312,,,1.0816711649383834
2018-07-23 06:30:00+00:00,,,,1.0748225716160866,
2018-07-23 07:05:00+00:00,,,,1.0675978058100184,
2018-07-23 07:25:00+00:00,0.757327131405577,1.0412866309718145,,,1.0931313877953606
2018-07-23 07:30:00+00:00,,,,1.0703788856319223,
2018-07-23 18:35:00+00:00,,,,1.0530042564769997,
2018-07-23 23:25:00+00:00,,,1.0011449357414774,,
2018-07-24 04:40:00+00:00,,,,1.0460688478510047,
2018-07-24 04:55:00+00:00,,,,1.0441209372953526,
2018-07-24 05:35:00+00:00,,,,1.0524985399257338,
2018-07-24 05:50:00+00:00,,,,1.0453923864642962,
2018-07-24 07:35:00+00:00,,,,1.038766395296015,
2018-07-24 09:45:00+00:00,,1.0543842532289545,,,1.1068811292871963
2018-07-24 10:35:00+00:00,0.7709438732282493,,,,
2018-07-24 11:00:00+00:00,,,,1.044199723473899,
2018-07-24 11:35:00+00:00,,,,1.0438811359102147,
2018-07-24 12:15:00+00:00,,,,1.0533728227998351,
2018-07-24 12:30:00+00:00,0.7617002561882427,,,,
2018-07-24 22:40:00+00:00,,1.0685882599427268,,,1.121792341156679
2018-07-24 23:50:00+00:00,,,,1.059801477764599,
2018-07-25 00:35:00+00:00,,,,1.05252470007598,
2018-07-25 03:40:00+00:00,,,1.0458072389297477,,
2018-07-25 09:20:00+00:00,,1.038472514671971,,,1.0901771590894815
2018-07-26 16:00:00+00:00,,1.0230866554353533,,,1.0740252512866781
2018-07-27 16:25:00+00:00,0.7753956267945074,,,,
2018-07-28 00:25:00+00:00,,,1.0399810537002252,,
2018-07-28 08:50:00+00:00,,1.0280733288597144,,,1.0792602068490738
2018-07-31 08:55:00+00:00,0.7660986332292412,,,,
2018-07-31 10:15:00+00:00,,1.0049214518342704,,,1.0549556179778314
2018-08-01 11:30:00+00:00,0.7530864479438426,,,,
2018-08-02 08:55:00+00:00,,,,1.0479519914469162,
2018-08-02 10:10:00+00:00,0.7402952746255165,,,,
2018-08-02 12:40:00+00:00,,0.9857093811703757,,,1.0347869950044954
2018-08-03 18:55:00+00:00,,,,1.0499041991393792,
2018-08-03 19:10:00+00:00,,,1.0339688631223354,,
2018-08-05 13:15:00+00:00,,,,1.043346122793691,
2018-08-06 07:35:00+00:00,,,,1.0366479170021898,
2018-08-07 13:55:00+00:00,,,,1.0460515588019343,
2018-08-07 14:35:00+00:00,,,1.0305157751367944,,
2018-08-09 08:30:00+00:00,,,,1.0302507497005833,
2018-08-09 21:00:00+00:00,0.7462102338697743,,,,
2018-08-09 21:35:00+00:00,,1.0066926615698757,,,1.0568150147075788
2018-08-09 23:55:00+00:00,0.7335358530474962,,,1.0464792297957983,
2018-08-10 01:35:00+00:00,,,1.025554989428528,,
2018-08-10 16:45:00+00:00,0.7210767465834845,,,,
2018-08-11 23:25:00+00:00,,,,1.072411621130171,
2018-08-11 23:40:00+00:00,,,1.009489908305948,,
2018-08-11 23:45:00+00:00,0.708829258042764,0.9791499986295836,,,1.0279010265049242
2018-08-12 12:45:00+00:00,,,,1.056755653423185,
2018-08-12 19:40:00+00:00,,,,1.0388131660848552,
2018-08-13 13:10:00+00:00,0.6967897930949076,,0.9981192040058592,1.0291989117837423,
2018-08-14 14:50:00+00:00,0.6849548184591906,,,,
2018-08-15 02:10:00+00:00,0.6904276074586796,,,,
2018-08-15 04:10:00+00:00,0.6959441240422743,,,,
2018-08-15 07:35:00+00:00,0.7015047175933722,,,,
2018-08-15 09:25:00+00:00,0.6895896599650488,,,1.0546309657710418,
2018-08-15 10:40:00+00:00,,,1.0111809557434772,,
2018-08-15 19:05:00+00:00,0.6778769795905425,,,,
2018-08-15 19:20:00+00:00,,,,1.0532444807662174,
2018-08-15 19:45:00+00:00,,0.9551216214220896,,,1.002676297268955
2018-08-15 19:50:00+00:00,,,0.9857863534403148,,
2018-08-16 10:40:00+00:00,0.6832932166574709,,,,
2018-08-16 12:25:00+00:00,,,,1.0399504589463648,
2018-08-17 04:20:00+00:00,0.688752729458564,,,,
2018-08-17 05:40:00+00:00,0.6770542643487103,,,,
2018-08-17 10:25:00+00:00,,,,1.031183002276778,
2018-08-17 10:35:00+00:00,,,0.9816749747141812,,
2018-08-17 22:00:00+00:00,,0.9522228170757168,,,0.9996331639722752
2018-08-18 02:55:00+00:00,,,,1.0212828908803069,
2018-08-19 15:05:00+00:00,,,,1.0137017695155588,
2018-08-20 04:10:00+00:00,,,0.9773032527742678,,
2018-08-20 04:50:00+00:00,,,,1.0087939501779934,
2018-08-20 06:50:00+00:00,,0.9362907831924876,,,0.9829078879616505
2018-08-20 09:20:00+00:00,0.6655544976687474,,,,
2018-08-20 22:05:00+00:00,,,,0.994476704837618,
2018-08-21 13:35:00+00:00,,,,0.9810133804998494,
2018-08-21 13:40:00+00:00,,,0.9754340747893024,,
2018-08-22 01:00:00+00:00,0.6708722781051206,0.9472493645575856,,,0.994412087573546
2018-08-22 02:05:00+00:00,,,,1.0144238041704483,
2018-08-22 04:05:00+00:00,0.6762325476071805,,,,
2018-08-22 07:55:00+00:00,,,0.957196261168291,,
2018-08-22 15:55:00+00:00,,0.9286830862953098,,,0.9749214104445264
2018-08-23 14:05:00+00:00,0.6816356456625619,,,,
2018-08-23 19:30:00+00:00,,,,1.0066043641527285,
2018-08-24 12:10:00+00:00,,,,1.0075522318435228,
2018-08-24 21:35:00+00:00,0.6870819144714057,,,,
2018-08-25 04:00:00+00:00,,,,1.0232350415741285,
2018-08-25 04:25:00+00:00,,,0.956825757586485,,
2018-08-25 18:10:00+00:00,,0.9258466704092402,,,0.9719437718753935
2018-08-26 02:15:00+00:00,,,,1.0130645607051934,
2018-08-26 15:50:00+00:00,,,0.951626618283568,1.0024021251515054,
2018-08-27 12:45:00+00:00,,,,0.9953002987198034,
2018-08-28 11:05:00+00:00,0.6925716989680322,0.9339498303037852,,,0.980450381062131
2018-08-28 16:25:00+00:00,0.6808083686610601,0.9222347035091912,,1.0295900666856437,0.9681519682809918
2018-08-28 17:05:00+00:00,,,0.9672399296159032,,
2018-08-28 21:55:00+00:00,,,,1.0205157767053783,
2018-08-29 14:45:00+00:00,,,0.957179174715548,1.010970337039375,
2018-08-31 04:55:00+00:00,,0.9303230185001352,,,0.9766429934492731
2018-08-31 21:15:00+00:00,,,,0.9996332020668328,0.9656908091654618
2018-09-01 10:35:00+00:00,,0.938017451387129,,,
2018-09-01 12:00:00+00:00,,,,0.9931329009809304,0.9594112248114355
2018-09-01 19:50:00+00:00,,0.9456541280291542,,,
2018-09-01 20:20:00+00:00,,,,1.0022430594275364,0.9682120492175664
2018-09-02 11:35:00+00:00,,,,0.9946006028146936,0.960829091053303
2018-09-03 00:05:00+00:00,0.6930493031295859,,,,
2018-09-04 12:00:00+00:00,0.7055103295998559,,,,
2018-09-04 13:15:00+00:00,,,,0.992287199027004,0.9585942385383593
2018-09-05 09:50:00+00:00,0.690003212555251,,,,
2018-09-05 16:50:00+00:00,0.6748369419432866,,,,
2018-09-05 23:40:00+00:00,0.660004025959373,,,,
2018-09-06 09:35:00+00:00,0.6454971374687859,,,,
2018-09-08 17:45:00+00:00,0.631309110387222,,,,
2018-09-09 13:35:00+00:00,0.650961421932853,,,,
2018-09-09 22:00:00+00:00,0.6366532898787689,0.9266497493390202,,,
2018-09-09 22:35:00+00:00,,,0.932855453945546,,
2018-09-11 14:55:00+00:00,0.6226596505672335,,,,
2018-09-11 15:05:00+00:00,,,0.9161108849404036,,
2018-09-12 08:20:00+00:00,,,0.898120632925599,,
2018-09-13 04:15:00+00:00,0.6377930855014876,,,,
2018-09-13 05:45:00+00:00,,,,0.9848159112180568,0.9513766371673636
2018-09-13 13:50:00+00:00,,0.9352353140308696,,,
2018-09-13 19:30:00+00:00,,,,0.985345647255696,0.9518883860986459
2018-09-14 02:40:00+00:00,0.6492606051788045,,,,
2018-09-14 08:05:00+00:00,,,,0.980298737921682,0.9470128438012594
2018-09-14 08:55:00+00:00,0.6349898570769743,,,,
2018-09-16 04:20:00+00:00,,,0.918453441345738,,
2018-09-17 13:45:00+00:00,,,0.9085730889815252,,
2018-09-17 14:15:00+00:00,0.6210327800184224,,,,
2018-09-18 19:55:00+00:00,,0.9234167391652331,,,
2018-09-19 12:00:00+00:00,,,0.8934453850734586,,
2018-09-19 18:35:00+00:00,,,0.879725722160307,,
2018-09-19 18:55:00+00:00,0.6073824795136175,,,,
2018-09-20 13:05:00+00:00,,,,0.9796897583895152,0.9464245420762191
2018-09-20 16:05:00+00:00,,0.9254160229611168,,,
2018-09-20 20:35:00+00:00,0.594032212613908,,,,
2018-09-21 07:15:00+00:00,0.6047129117967062,,,,
2018-09-21 07:35:00+00:00,,0.9371828496215764,,,
2018-09-21 15:35:00+00:00,,,,1.0019283974748283,0.9679080715634669
2018-09-21 20:05:00+00:00,0.615585649950811,,,,
2018-09-21 21:00:00+00:00,,,,0.986394542565638,0.9529016663283276
2018-09-22 00:05:00+00:00,,0.9498082951835916,,,
2018-09-22 02:55:00+00:00,,,,0.9772520610257108,0.944069616354579
2018-09-22 08:35:00+00:00,0.6020550773648922,,,,
2018-09-24 07:10:00+00:00,,,0.8997860694220425,,
2018-09-24 23:00:00+00:00,0.5888219067644118,,,,
2018-09-25 18:10:00+00:00,0.5758796012537301,,,,
2018-09-26 15:25:00+00:00,0.5862339164842721,,,,
2018-09-27 23:50:00+00:00,,0.9579611489287224,,,
2018-09-27 23:55:00+00:00,0.5968140541677056,,,,
2018-09-28 08:30:00+00:00,,,,0.9994419510359738,0.9655060520341842
2018-09-28 09:30:00+00:00,0.5836960812570995,,,,
2018-09-29 01:35:00+00:00,0.5708664413910685,,,,
2018-09-29 01:45:00+00:00,,,0.8990344145437049,,
2018-10-01 11:00:00+00:00,,,,0.9847454189886808,0.9513085384908839
2018-10-01 15:00:00+00:00,,,0.8886268812266022,,
2018-10-04 21:20:00+00:00,,,,0.9719692548592154,0.9389661870656765
2018-10-05 02:45:00+00:00,0.5640217527587895,,,,
2018-10-05 15:35:00+00:00,,0.9591362987066692,,,
2018-10-05 22:25:00+00:00,,,,0.9679003059735624,0.9350353987187959
2018-10-07 08:35:00+00:00,,,0.8797041367561254,,
2018-10-08 12:50:00+00:00,,,,0.9688883051334808,0.9359898505179396
2018-10-08 13:10:00+00:00,,0.9514408215182112,,,
2018-10-09 08:15:00+00:00,,0.9435629969555605,,,
2018-10-09 13:55:00+00:00,,,0.8795126175894579,,
2018-10-14 09:30:00+00:00,,,,0.9662932189916636,0.9334828801302373
2018-10-15 05:50:00+00:00,,,,0.995721721145958,0.9619121419826345
2018-10-15 06:10:00+00:00,,,,1.0218183925911284,0.987122704929429
2018-10-15 06:50:00+00:00,,,,1.0844907914132786,1.0476670720090415
2018-10-15 09:00:00+00:00,0.5906105921779811,1.0055866450693611,,,
2018-10-15 11:50:00+00:00,0.583529171177767,,,,
2018-10-15 13:05:00+00:00,0.5765326564153457,,,,
2018-10-16 06:15:00+00:00,0.5696200298649258,,,,
2018-10-17 00:20:00+00:00,,0.9869527313125224,,,
2018-10-18 15:30:00+00:00,,,0.922908536078305,,
2018-10-21 22:15:00+00:00,,,,1.0765331703107404,1.039979650717258
2018-10-22 00:35:00+00:00,,,0.9181606439081708,,
2018-10-24 15:55:00+00:00,,0.9794289402864244,,,
2018-10-24 23:25:00+00:00,,,0.9081478253694568,,
2018-10-31 16:05:00+00:00,,,,1.070362487228714,1.0340184922380629
2018-11-01 09:25:00+00:00,,0.974655657717556,,,
2018-11-01 22:40:00+00:00,,,,1.06309277058323,1.026995617712421
2018-11-02 02:50:00+00:00,,,0.9020744524770276,,
2018-11-02 07:15:00+00:00,,,,1.056495829752789,1.0206226750016414
2018-11-04 15:50:00+00:00,,0.9768849242261672,,,
2018-11-04 16:00:00+00:00,,,,1.0560903954538734,1.020231007162504
2018-11-04 19:50:00+00:00,,,,1.0499539494299035,1.0143029232272813
2018-11-05 09:25:00+00:00,,0.9713658085007584,,,
2018-11-07 03:55:00+00:00,,0.9759383446440524,,,
2018-11-07 14:15:00+00:00,,,,1.0542647381009738,1.0184673397265531
2018-11-07 21:25:00+00:00,,0.9729507556112944,,,
2018-11-11 23:55:00+00:00,,0.9752261074635736,,,
2018-11-12 01:20:00+00:00,,,,1.0475483041384273,1.011978961254742
2018-11-12 17:30:00+00:00,,0.96750925564066,,,
2018-11-13 23:35:00+00:00,,0.9666819159987464,,,
2018-11-14 09:55:00+00:00,,,,1.03657773902397,1.0013809000053977
2018-11-15 02:05:00+00:00,0.55994503365767,,,,
2018-11-15 02:50:00+00:00,,0.9289287657745172,,,
2018-11-15 16:40:00+00:00,0.5504343672609945,,,,
2018-11-15 17:35:00+00:00,0.5408921608657465,,,,
2018-11-16 09:45:00+00:00,0.5317051075134418,,,,
2018-11-16 12:25:00+00:00,,0.923179947603125,,,
2018-11-18 20:00:00+00:00,,,,1.029427767454535,0.9944737046300118
2018-11-20 04:40:00+00:00,0.522674096262326,,,,
2018-11-20 12:35:00+00:00,0.5320717765131225,,,,
2018-11-20 17:25:00+00:00,,,0.8737404210400639,,
2018-11-20 17:30:00+00:00,0.5416384270548285,,,,
2018-11-20 20:00:00+00:00,,0.8683848680031098,,,
2018-11-20 23:30:00+00:00,0.5324386983713021,,,,
2018-11-20 23:55:00+00:00,0.5420119461680182,,,,
2018-11-21 00:40:00+00:00,0.5328058732623544,,,,
2018-11-21 07:20:00+00:00,0.5423857228636114,,,,
2018-11-21 13:50:00+00:00,0.5331733013607729,,,,
2018-11-22 01:55:00+00:00,0.5427597573192396,,,,
2018-11-22 03:10:00+00:00,0.5335409828411724,,,,
2018-11-23 16:45:00+00:00,0.524478789247615,,,,
2018-11-24 02:30:00+00:00,,0.8654870449945677,,,
2018-11-24 07:05:00+00:00,0.5155705170122443,,,,
2018-11-25 09:20:00+00:00,0.5068135517807913,,,,
2018-11-25 11:10:00+00:00,0.4982053236037946,,,,
2018-11-25 11:30:00+00:00,0.4897433061823841,,,,
2018-11-25 15:25:00+00:00,0.4814250161268763,,,,
2018-11-25 20:50:00+00:00,,0.8951591710767425,,,
2018-11-25 23:40:00+00:00,0.4971255542842322,,,,
2018-11-26 01:25:00+00:00,0.4886818767447145,,,,
2018-11-26 08:00:00+00:00,0.4803816150682056,,,,
2018-11-26 14:45:00+00:00,,0.8552058706431602,,,
2018-11-26 20:00:00+00:00,0.4722223333362721,,,,
2018-11-27 01:25:00+00:00,0.4642016370045555,,,,
2018-11-27 07:20:00+00:00,0.4563171722000331,,,,
2018-11-27 15:25:00+00:00,0.4485666250302155,,,,
2018-11-28 00:40:00+00:00,0.4566318529482588,,,,
2018-11-28 07:40:00+00:00,0.4683927888487519,,,,
2018-11-28 08:40:00+00:00,,,0.8639429780671418,,
2018-11-28 14:35:00+00:00,,0.8836011691463975,,,
2018-11-28 15:55:00+00:00,0.4768144911922524,,,,
2018-11-28 21:55:00+00:00,0.468715797059352,,,,
2018-11-28 22:10:00+00:00,,,,1.0413293663909962,1.0059711865899454
2018-11-29 07:45:00+00:00,0.4607546592462989,,,,
2018-11-29 12:55:00+00:00,0.4529287413590004,,,,
2018-11-29 13:00:00+00:00,,,0.8490398583815411,1.0090868229735996,0.9748234338163072
2018-11-30 00:20:00+00:00,0.447498125750106,,,,
2018-11-30 18:55:00+00:00,0.4421326232223622,,,,
2018-12-01 12:20:00+00:00,0.4490334610464501,,,,
2018-12-01 16:00:00+00:00,,0.8980386883171547,,,0.990751470701345
2018-12-01 17:40:00+00:00,0.4436495498485032,,,,
2018-12-01 20:45:00+00:00,,,0.8607648032934246,,
2018-12-02 03:00:00+00:00,0.4383301917458196,,,,
2018-12-04 08:30:00+00:00,0.444021909285639,,,,
2018-12-04 14:15:00+00:00,,0.9102279236094644,,,1.0041991127124157
2018-12-04 15:30:00+00:00,0.4386980865933043,,,,
2018-12-04 16:20:00+00:00,,,0.8536151056337542,,
2018-12-06 10:10:00+00:00,0.4334380965350506,,,,
2018-12-06 10:50:00+00:00,,0.8894357303880893,,,0.9812603504060986
2018-12-07 06:05:00+00:00,0.4282411737575953,,,,
2018-12-07 21:10:00+00:00,0.4193369454160612,,,,
2018-12-08 01:05:00+00:00,0.4143090954405226,,,,
2018-12-08 02:10:00+00:00,0.4093415293861908,,,,
2018-12-08 04:00:00+00:00,,0.8935362048054173,,,0.9857841544608591
2018-12-08 16:50:00+00:00,0.4044335244488504,,,,
2018-12-08 23:10:00+00:00,0.3983307294462531,,,,
2018-12-09 01:30:00+00:00,0.4035030539681127,0.9126666237505842,,,1.006889582268846
2018-12-09 16:20:00+00:00,0.4087425411238886,,,,
2018-12-09 17:55:00+00:00,,,,1.0123548936985045,
2018-12-09 19:30:00+00:00,0.4038417180558132,,,,
2018-12-09 21:55:00+00:00,,,0.8530125949824311,,
2018-12-12 13:15:00+00:00,,,0.8407668311243737,,
2018-12-12 17:25:00+00:00,,,,0.9971632023497224,
2018-12-16 07:45:00+00:00,0.398999655856324,,,,
2018-12-16 07:50:00+00:00,,,0.8424011535441909,,
2018-12-16 12:00:00+00:00,,0.9074472308029248,,,1.001131343446472
2018-12-17 14:15:00+00:00,,0.916237240442431,,,1.0108288265183194
2018-12-17 14:25:00+00:00,0.4041806663876183,,,,
2018-12-17 15:25:00+00:00,0.3993345401976307,,,,
2018-12-17 20:40:00+00:00,,0.9256463140801704,,,1.0212092852511123
2018-12-17 21:15:00+00:00,0.3945465190606612,0.908240645341986,,,1.0020066694560048
2018-12-17 21:20:00+00:00,,,,1.0273260585577864,
2018-12-17 23:10:00+00:00,,,0.8617466696632172,,
2018-12-18 17:20:00+00:00,0.3898159062971238,0.8899556440997002,,,0.9818339395856266
2018-12-18 17:30:00+00:00,,,0.8498173666549633,,
2018-12-19 01:15:00+00:00,0.396215186064243,,,,
2018-12-19 02:45:00+00:00,,0.9013960736193856,,,0.9944554697262972
2018-12-19 06:35:00+00:00,,,,1.050591808248353,
2018-12-19 07:10:00+00:00,0.3914645659833328,,,,
2018-12-19 07:20:00+00:00,,,0.8546059584378519,,
2018-12-19 12:40:00+00:00,0.3965477333726264,,,,
2018-12-19 13:50:00+00:00,0.3917931260494885,0.8817970923091364,,,0.9728331055564812
2018-12-19 13:55:00+00:00,,,,1.067196585860522,
2018-12-19 14:50:00+00:00,,,0.8479680971170082,,
2018-12-20 03:05:00+00:00,0.3870955264681552,,,,
2018-12-20 10:20:00+00:00,,0.9139573734148289,,,1.0083135878766156
2018-12-20 10:30:00+00:00,0.4102315719564114,,,,
2018-12-20 11:35:00+00:00,0.405312895408654,,,,
2018-12-20 11:40:00+00:00,,,,1.067747759125075,
2018-12-20 17:20:00+00:00,0.4004531937927043,,,,
2018-12-20 17:50:00+00:00,,,,1.041211521687556,
2018-12-20 20:10:00+00:00,,,0.8539498028802263,,
2018-12-21 01:30:00+00:00,0.4056530785141025,,,,
2018-12-21 01:50:00+00:00,,0.9323168792522936,,,1.0285685141358665
2018-12-21 02:10:00+00:00,0.3972411634985576,,,,
2018-12-21 08:35:00+00:00,0.3924782419482099,,,,
2018-12-21 13:35:00+00:00,0.3877724278272508,,,,
2018-12-22 11:30:00+00:00,0.3831230364176021,,,,
2018-12-22 12:20:00+00:00,,,0.8389801478055395,,
2018-12-23 07:20:00+00:00,,,0.8311208488294773,,
2018-12-23 08:50:00+00:00,,0.9322201503952096,,,1.0284617990704
2018-12-23 10:50:00+00:00,0.3880978890454846,,,,
2018-12-24 02:45:00+00:00,0.4004877908590154,0.9595658739080244,,,1.0586306727950756
2018-12-24 06:25:00+00:00,,,,1.0639815493014293,
2018-12-24 10:20:00+00:00,,,0.8325133785838312,,
2018-12-24 15:50:00+00:00,0.3956859422466158,,,,
2018-12-25 20:35:00+00:00,0.3909416677990788,,,,
2018-12-26 06:50:00+00:00,0.3862542772021679,,,,
2018-12-27 00:10:00+00:00,0.3816230884185138,,,,
2018-12-28 17:40:00+00:00,0.3964300636226709,0.971789770183876,,,1.0721165541613844
2018-12-29 02:30:00+00:00,,,,1.0596188536012432,
2018-12-29 02:40:00+00:00,,,0.8422962423134029,,
2018-12-29 23:40:00+00:00,0.3916768671598351,,,,
2018-12-30 12:00:00+00:00,0.3948063653284422,,,,
2019-01-01 23:15:00+00:00,,0.9788901776595758,,,1.0799500019188644
2019-01-02 06:40:00+00:00,0.3900726370081542,,,,
2019-01-02 08:05:00+00:00,,0.9780151920259136,,,1.078984683481395
2019-01-02 14:15:00+00:00,,,,1.052577141669168,
2019-01-03 00:30:00+00:00,,,,1.0409111945754137,
2019-01-03 16:25:00+00:00,,,0.8303334171270847,,
2019-01-05 00:15:00+00:00,,0.9834906910433292,,,1.08502546855547
2019-01-05 10:25:00+00:00,,,0.8220772356358705,,
2019-01-06 19:20:00+00:00,0.3935293930129423,0.9922062148442108,,,1.0946407759314107
2019-01-06 21:00:00+00:00,,,,1.0458329548522698,
2019-01-08 14:30:00+00:00,,,,1.0383760692135473,
2019-01-08 15:55:00+00:00,,,,1.0279756624775107,
2019-01-08 23:40:00+00:00,,,0.8493561076848316,,
2019-01-09 13:25:00+00:00,,,0.8395795093990861,,
2019-01-14 17:35:00+00:00,,1.0041536320405002,,,1.1078216347432819
2019-01-14 18:30:00+00:00,0.3966736928631157,,,,
2019-01-15 20:35:00+00:00,,,0.8239319178610064,,
2019-01-17 16:25:00+00:00,,0.9912861671964592,,,1.0936257433142376
2019-01-18 12:30:00+00:00,,,0.8156688242532956,,
2019-01-19 13:10:00+00:00,,,,1.019486333206428,
2019-01-19 18:25:00+00:00,0.391917575285687,0.9783278632819268,,,1.0793296346630878
2019-01-20 11:35:00+00:00,,,0.7887183578270301,,
2019-01-22 14:15:00+00:00,,0.984410641662478,,,1.0860403941268866
2019-01-22 15:45:00+00:00,0.3950489967122196,,,,
2019-01-22 19:25:00+00:00,,,,1.014055609460021,
2019-01-23 16:00:00+00:00,,,0.7778757292947782,,
2019-01-25 08:45:00+00:00,,,0.7715670326695594,,
2019-01-26 08:50:00+00:00,,0.9750958356673708,,,1.0757639351513342
2019-01-26 08:55:00+00:00,,,,1.0063111992719715,
2019-01-26 15:40:00+00:00,,,0.7643371258373696,,
2019-01-30 19:40:00+00:00,,,,1.006773893939062,
2019-01-31 04:10:00+00:00,,,,0.9988346877157898,
2019-01-31 08:40:00+00:00,,,0.7644753300977143,,
2019-02-01 19:10:00+00:00,,0.9782615179801918,,,1.0792564399264657
2019-02-02 05:20:00+00:00,,,0.7607622851599111,,
2019-02-02 16:00:00+00:00,,,0.7552089918664007,,
2019-02-03 00:35:00+00:00,,,,0.9943251596794944,
2019-02-03 03:10:00+00:00,,0.9704027368633203,,,1.0705863246510863
2019-02-03 07:10:00+00:00,,,0.7481001726953947,,
2019-02-04 08:15:00+00:00,,0.9691812152640618,,,1.069238694157319
2019-02-05 00:40:00+00:00,,,0.7431086273971065,,
2019-02-08 14:00:00+00:00,,0.9709180897892868,,,1.0711548821931767
2019-02-08 17:30:00+00:00,,,,1.049290558197186,
2019-02-08 18:50:00+00:00,,1.022587348224088,,,1.1281584327643168
2019-02-10 07:00:00+00:00,,,0.7841308771257759,,
2019-02-11 00:05:00+00:00,,1.013866132081021,,,1.118536845373422
2019-02-11 01:10:00+00:00,,,0.7772536121401916,,
2019-02-12 00:10:00+00:00,0.3903123592416401,,,,
2019-02-12 22:30:00+00:00,,,0.7685570260577388,,
2019-02-13 08:30:00+00:00,,,0.7604884098654779,,
2019-02-15 10:05:00+00:00,,,0.7551062592100428,,
2019-02-15 14:25:00+00:00,,,,1.0362662347161955,
2019-02-17 00:05:00+00:00,,,0.7517445748089068,,
2019-02-17 10:40:00+00:00,,1.0044133011053054,,,1.1081081118307377
2019-02-17 10:45:00+00:00,,,,1.0285924525228682,
2019-02-17 12:05:00+00:00,,,0.7472358015906413,,
2019-02-18 01:25:00+00:00,,,,1.017595165691999,
2019-02-18 01:40:00+00:00,,1.0076970501500704,,,1.1117308724510084
2019-02-18 03:05:00+00:00,,1.0116759107287197,,,1.1161205073534861
2019-02-18 07:20:00+00:00,,1.015733667613792,,,1.1205971837527708
2019-02-18 13:20:00+00:00,,1.0206096442419437,,,1.1259765522346559
2019-02-18 14:40:00+00:00,0.3856325140543328,,,,
2019-02-18 15:05:00+00:00,,,,1.0185036549579345,
2019-02-18 16:00:00+00:00,,1.0258658158368967,,,1.1317753667019
2019-02-18 16:45:00+00:00,0.3795317058880307,,,1.0148490367409944,
2019-02-18 17:05:00+00:00,,1.0067369510301023,,,1.1106716534802648
2019-02-18 18:15:00+00:00,,1.0138616149715811,,,1.118531861921285
2019-02-19 01:05:00+00:00,,,,1.0093832946745602,
2019-02-19 01:25:00+00:00,,0.998455677822194,,,1.1015354283746521
2019-02-19 14:35:00+00:00,,,,0.9956907191191512,
2019-02-19 21:40:00+00:00,,0.9818377740150824,,,1.083201905720164
2019-02-20 00:20:00+00:00,,,0.797810078414906,,
2019-02-21 09:05:00+00:00,,,0.7916522041789633,,
2019-02-22 07:35:00+00:00,,,0.7846156389209147,,
2019-02-23 04:40:00+00:00,,,0.7798135406252382,,
2019-02-23 19:50:00+00:00,,1.0046144833754285,,,1.108330063994488
2019-02-23 20:20:00+00:00,0.3863556859598975,,,,
2019-02-24 04:40:00+00:00,,,,1.0335847503669828,
2019-02-24 08:45:00+00:00,,0.9921470002678384,,,1.0945754480904273
2019-02-24 14:05:00+00:00,,,0.783341986028988,,
2019-02-28 03:30:00+00:00,,0.9897524826208328,,,1.0919337223927998
2019-02-28 16:40:00+00:00,,,,1.017208806399785,
2019-03-04 00:45:00+00:00,,0.9907209713123112,,,1.09300219706758
2019-03-04 03:00:00+00:00,,0.9837749714852628,,,1.0853390978785737
2019-03-04 08:20:00+00:00,,0.9758010109325006,,,1.0765419121361999
2019-03-04 16:00:00+00:00,,0.9732851251037176,,,1.0737662883046093
2019-03-05 14:35:00+00:00,,0.9800706139973968,,,1.0812523055422834
2019-03-05 16:50:00+00:00,,0.969343385741446,,,1.0694176069826384
2019-03-06 00:30:00+00:00,,,,1.0130297985104146,
2019-03-06 01:30:00+00:00,,,0.7826453166110457,,
2019-03-06 10:40:00+00:00,0.3913725145420868,,,,
2019-03-06 11:30:00+00:00,,,,1.0018948319609238,
2019-03-08 07:05:00+00:00,,0.9605915162791624,,,1.05976220164883
2019-03-08 07:45:00+00:00,,,,0.9920985062136256,
2019-03-08 21:40:00+00:00,,,0.7758272739442175,,
2019-03-09 00:25:00+00:00,,0.9637590751001024,,,1.0632567766612497
2019-03-09 11:30:00+00:00,,0.9581541023620572,,,1.0570731511051334
2019-03-09 16:55:00+00:00,,0.9477786317188116,,,1.0456265253274877
2019-03-09 17:00:00+00:00,,,,0.9877653276098932,
2019-03-12 09:30:00+00:00,,0.9497266975468958,,,1.047775707884215
2019-03-13 14:50:00+00:00,,0.9415822192307226,,,1.038790400263488
2019-03-14 14:25:00+00:00,,0.9266458632667106,,0.9720963671720634,1.022312027081154
2019-03-14 19:50:00+00:00,,0.9248331730507366,,,1.020312196204416
2019-03-15 15:55:00+00:00,,0.926571099407553,,,1.022229544662101
2019-03-15 21:30:00+00:00,,,0.7723329215834274,,
2019-03-16 05:20:00+00:00,,0.937165448644568,,,1.0339176458811763
2019-03-16 06:10:00+00:00,,,,0.9903510164745588,
2019-03-16 12:30:00+00:00,,,0.7763228129843406,,
2019-03-18 04:55:00+00:00,,0.9293068620012976,,,1.0252477451566937
2019-03-18 05:35:00+00:00,,,0.7682839521553132,,
2019-03-19 14:45:00+00:00,,0.9227963166983112,,,1.0180650564619687
2019-03-19 19:00:00+00:00,,0.916279012812431,,,1.010874911433759
2019-03-20 01:15:00+00:00,,,0.7604536615566151,,
2019-03-20 15:00:00+00:00,,0.917180896791918,,,1.011869905180357
2019-03-21 05:40:00+00:00,,,0.7546505320821669,,
2019-03-21 13:25:00+00:00,,,,0.9854604157352648,
2019-03-21 20:25:00+00:00,,0.9176185780814082,,,1.0123527723295145
2019-03-25 17:20:00+00:00,,0.9119842086617872,,,1.006136715202371
2019-03-25 20:20:00+00:00,,0.9054531263210124,,,0.9989313692428113
2019-03-25 23:25:00+00:00,,0.906597440913189,,,1.0001938219410003
2019-03-26 00:10:00+00:00,,0.9077612718447796,,,1.0014778058295808
2019-03-26 11:50:00+00:00,,0.9008719068758873,,,0.9938771884353355
2019-03-26 15:40:00+00:00,,0.9021602356850036,,,0.9952985232608662
2019-03-27 02:00:00+00:00,,0.9049337700712852,,,0.9983583950770777
2019-03-27 14:50:00+00:00,,0.9013773599731596,,,0.9944348240984844
2019-03-28 00:20:00+00:00,,,,0.986732444616008,
2019-03-28 03:45:00+00:00,,,0.7607495233119962,,
2019-03-29 04:45:00+00:00,,0.8956883979868301,,,0.9881585383125324
2019-03-29 05:00:00+00:00,,,,0.9808613178484386,
2019-03-29 06:10:00+00:00,,,0.7560701215020057,,
2019-03-29 07:40:00+00:00,,0.8962878524736845,,,0.9888198799921236
2019-03-29 09:10:00+00:00,,0.8969267010287839,,,0.9895246827514638
2019-03-29 10:15:00+00:00,,0.8976674589785655,,,0.9903419159483487
2019-03-29 11:35:00+00:00,,0.8985327430498069,,,0.9912965312419987
2019-03-29 12:05:00+00:00,,0.8915054709486643,,,0.9835437692955482
2019-03-29 12:35:00+00:00,,,,0.9807622619198252,
2019-03-29 20:25:00+00:00,,,0.7585270563031755,,
2019-03-30 00:55:00+00:00,,,,0.9794992845024532,
2019-03-30 04:00:00+00:00,,0.8797735124890204,,,0.97060061300472
2019-04-01 01:20:00+00:00,,,,0.9730622118179376,
2019-04-01 07:20:00+00:00,,,,0.9697617936658868,
2019-04-01 14:10:00+00:00,,,,0.9683139431318702,
2019-04-01 14:40:00+00:00,,0.8829483434326506,,,0.9741032109078506
2019-04-01 14:45:00+00:00,,,,0.9653006997726395,
2019-04-02 00:55:00+00:00,,,,0.9615405347357356,
2019-04-02 03:00:00+00:00,,,,0.961547421118362,
2019-04-02 03:45:00+00:00,,,,0.9576397971540516,
2019-04-02 04:30:00+00:00,,0.8858723260991139,,,0.9773290631620919
2019-04-02 04:40:00+00:00,,,,1.0010858094721924,
2019-04-02 05:00:00+00:00,,,,1.013217115868228,
2019-04-02 05:25:00+00:00,,,,1.04452677909297,
2019-04-02 08:55:00+00:00,,0.9490991832369624,,,1.0470834095082753
2019-04-02 09:20:00+00:00,0.4206068133927183,,,,
2019-04-02 14:05:00+00:00,0.4134628066672429,,,,
2019-04-02 23:20:00+00:00,,,,1.0361325540693211,
2019-04-02 23:50:00+00:00,,,,1.029798771654883,
2019-04-03 00:35:00+00:00,,,,1.027550403049067,
2019-04-03 03:10:00+00:00,,,,1.0334211976615342,
2019-04-03 04:10:00+00:00,0.4197153791263275,,,,
2019-04-03 16:15:00+00:00,,,,1.032568207853141,
2019-04-03 17:15:00+00:00,,,,1.0278525902122386,
2019-04-03 18:55:00+00:00,,,,1.020952040982389,
2019-04-03 20:10:00+00:00,0.4232796289713765,,,,
2019-04-03 20:25:00+00:00,,,,1.0265844327626077,
2019-04-03 21:40:00+00:00,,,,1.0202280734158309,
2019-04-03 22:40:00+00:00,0.4160902244732977,,,,
2019-04-03 23:25:00+00:00,,,0.8989677485489347,,
2019-04-04 06:20:00+00:00,0.4194147853668393,,,,
2019-04-05 05:05:00+00:00,0.4227659095019204,,,,
2019-04-06 19:55:00+00:00,0.4267143027951757,,,,
2019-04-06 21:00:00+00:00,,0.924169456680782,,,1.0195799582972789
2019-04-06 21:20:00+00:00,,,0.876676231731597,,
2019-04-07 16:05:00+00:00,0.4194665603621997,,,,
2019-04-07 16:25:00+00:00,,,0.8629268896899757,,
2019-04-08 01:25:00+00:00,,,,1.0138595681820302,
2019-04-08 02:35:00+00:00,0.4228180981794937,,,,
2019-04-08 07:30:00+00:00,,,0.8478244383566964,,
2019-04-08 08:35:00+00:00,,0.8974708334978942,,,0.9901249910132801
2019-04-08 22:20:00+00:00,0.4261964147839478,,,,
2019-04-09 03:50:00+00:00,,,0.8321141475355999,,
2019-04-10 18:40:00+00:00,,,,1.023144027789374,
2019-04-10 20:35:00+00:00,,0.8768306428493139,,,0.9673539239015086
2019-04-10 20:40:00+00:00,0.4117822732444139,,,,
2019-04-11 03:25:00+00:00,,,0.8319908161267207,,
2019-04-12 20:35:00+00:00,,,0.8225934815442761,,
2019-04-13 08:25:00+00:00,,,0.8152055230041624,,
2019-04-14 03:50:00+00:00,,,0.8068346093896611,,
2019-04-15 10:55:00+00:00,,,0.8005029169627733,,
2019-04-15 16:00:00+00:00,,0.873925078904671,,,0.9641483919029193
2019-04-17 00:05:00+00:00,0.4150724136076368,,,,
2019-04-17 00:10:00+00:00,,0.8811694720351035,,,0.9721406902767952
2019-04-18 04:10:00+00:00,,,,1.0207267689162611,
2019-04-18 09:10:00+00:00,,,0.8040706441061168,,
2019-04-18 20:00:00+00:00,,,,1.0166992768703964,
2019-04-18 21:40:00+00:00,,,,1.0115352900036625,
2019-04-19 16:30:00+00:00,,,,1.010739297635356,
2019-04-20 08:10:00+00:00,,,,1.0063336025065952,
2019-04-22 15:45:00+00:00,,,,0.9961364476715404,
2019-04-22 18:25:00+00:00,,,,0.990349483119122,
2019-04-22 19:05:00+00:00,,,,0.9896112177393492,
2019-04-23 03:15:00+00:00,,0.8871201972156463,,,0.9787057634758243
2019-04-23 03:25:00+00:00,,,,0.9853599428895612,
2019-04-23 03:55:00+00:00,,,,0.984637964184538,
2019-04-23 04:15:00+00:00,,,,0.9836222773673016,
2019-04-23 04:20:00+00:00,0.4183888421923619,,,,
2019-04-23 04:30:00+00:00,,,,0.99303650214589,
2019-04-23 08:15:00+00:00,,0.8941863766420027,,,0.9865014495080388
2019-04-23 09:40:00+00:00,0.4112825077077247,,,,
2019-04-23 22:20:00+00:00,,,0.8371018524602465,,
2019-04-25 21:55:00+00:00,,,0.8260084291255179,,
2019-04-26 06:40:00+00:00,,,0.7985490072103438,,
2019-04-26 16:00:00+00:00,0.404296874314309,,,,
2019-04-26 16:25:00+00:00,,0.8649569125008192,,,0.9542543593075523
2019-05-01 17:10:00+00:00,,0.8741206580486899,,,
2019-05-02 08:40:00+00:00,0.4115661321144804,,,,0.9714118526879022
2019-05-03 02:05:00+00:00,,0.8821203688749654,,,
2019-05-03 06:25:00+00:00,0.4189660911698987,,,,0.9888778377992306
2019-05-03 07:20:00+00:00,,0.8906469689779828,,,
2019-05-03 08:50:00+00:00,0.4264991014891334,,,,1.0066578613228605
2019-05-03 11:25:00+00:00,,0.9004133492286551,,,
2019-05-04 01:40:00+00:00,,0.9135006178778766,,,
2019-05-04 01:45:00+00:00,0.434167555333908,,,,1.0247575696694453
2019-05-04 04:05:00+00:00,0.4246245524676686,,,,1.0022333982881109
2019-05-04 13:40:00+00:00,,,,1.0781674435191215,
2019-05-04 14:25:00+00:00,,,0.8570680681272412,,
2019-05-04 22:15:00+00:00,0.4322593019210374,,,,1.0202535547893312
2019-05-06 00:55:00+00:00,,0.8851142976094496,,,
2019-05-06 01:20:00+00:00,0.4227582424648129,,,,0.9978283816550617
2019-05-06 01:30:00+00:00,,,,1.0669378268860166,
2019-05-06 01:55:00+00:00,,,0.8423014337728187,,
2019-05-07 04:00:00+00:00,0.4349929398693072,,,,1.0267057093683871
2019-05-07 13:40:00+00:00,,0.8987835059284118,,,
2019-05-07 23:55:00+00:00,,,,1.0912021381986363,
2019-05-08 23:20:00+00:00,0.4428141129281573,,,,1.0451658780228306
2019-05-09 05:00:00+00:00,0.4507759106786055,,,,1.063957960509681
2019-05-09 22:45:00+00:00,,0.916651801541472,,,
2019-05-10 16:35:00+00:00,0.4588808615526069,,,,1.0830879246396452
2019-05-10 16:50:00+00:00,,0.9318829117305756,,,
2019-05-10 20:50:00+00:00,0.4487946602156806,,,,1.0592816520560657
2019-05-11 02:55:00+00:00,0.4568639882063585,,,,1.0783275361600337
2019-05-11 04:45:00+00:00,0.4650784027143088,,,,1.097715865260191
2019-05-11 08:10:00+00:00,,0.973905542180038,,,
2019-05-11 16:30:00+00:00,0.4741149167007553,,,,1.1190445804008538
2019-05-11 22:00:00+00:00,0.4826395029030348,,,,1.139165001956461
2019-05-11 23:35:00+00:00,0.4969086328046945,,,,1.1728441626852646
2019-05-12 00:30:00+00:00,,0.9332969232790594,,,
2019-05-12 05:25:00+00:00,0.5058430500225228,,,,1.1939319007303455
2019-05-12 08:20:00+00:00,0.4947246197830278,,,,1.1676892775522925
2019-05-12 09:50:00+00:00,0.4834587410896933,,,,1.1410986345432972
2019-05-12 11:35:00+00:00,,0.8879772878447474,,,
2019-05-12 11:40:00+00:00,,,,1.295609461341079,
2019-05-12 14:00:00+00:00,0.4728323179605418,,,,1.1160172865560356
2019-05-12 15:45:00+00:00,,,0.9997875790064478,,
2019-05-12 18:15:00+00:00,0.4813338430374723,,,,1.136083277368313
2019-05-12 21:45:00+00:00,0.4899882255352861,,,,1.1565100546953953
2019-05-13 12:35:00+00:00,0.5041667078559698,,,,1.1899752616323134
2019-05-13 16:15:00+00:00,0.5314884478715454,,,,1.2544622541621189
2019-05-13 21:30:00+00:00,,0.9312984148211962,,,
2019-05-13 22:25:00+00:00,0.5444661182146345,,,,1.2850932070220749
2019-05-14 01:25:00+00:00,0.5542556190201338,,,,1.3081991828843318
2019-05-14 02:25:00+00:00,0.5420730805140711,,,,1.279444964844534
2019-05-14 08:10:00+00:00,0.5580170462155009,,,,1.3170772092219944
2019-05-14 08:45:00+00:00,0.5457518315396841,,,,1.288127852163295
2019-05-14 10:15:00+00:00,0.5337562062824418,,,,1.2598148019727458
2019-05-14 16:00:00+00:00,0.5220242448683537,,,,1.2321240726253848
2019-05-14 18:35:00+00:00,0.5105501519661473,,,,1.2050419855090788
2019-05-14 19:15:00+00:00,,,,1.4144185685343482,
2019-05-14 20:50:00+00:00,0.4993282596259313,,,,1.1785551626675892
2019-05-14 23:45:00+00:00,0.5083061817340055,,,,1.1997455844923526
2019-05-15 18:40:00+00:00,0.517445526881583,,,,1.221317010101525
2019-05-16 02:50:00+00:00,0.5267491974549139,,,,1.2432762899431504
2019-05-16 10:10:00+00:00,0.5151712500948549,,,,1.2159490770902
2019-05-16 10:15:00+00:00,,,,1.3933284062439857,
2019-05-16 12:55:00+00:00,0.5038477860177699,,,,1.1892225163757573
2019-05-16 13:00:00+00:00,,,1.0867404683090502,,
2019-05-16 20:55:00+00:00,0.4927732116810993,,,,1.1630834054658181
2019-05-17 01:40:00+00:00,0.4819420564883487,,,,1.1375188322136793
2019-05-17 03:00:00+00:00,,,,1.3052964029362926,
2019-05-17 04:55:00+00:00,0.4713489700867348,,,,1.1125161682816227
2019-05-17 10:30:00+00:00,0.4609887197242284,,,,1.0880630629027925
2019-05-17 16:05:00+00:00,0.4508561876646899,,,,1.064147436780189
2019-05-17 17:05:00+00:00,0.44094636865982,,,,1.0407574761197604
2019-05-17 22:15:00+00:00,0.4508691910812517,,,,1.064178128501368
2019-05-18 09:30:00+00:00,0.4409590862612858,,,,1.040787493236908
2019-05-19 03:10:00+00:00,0.4628452012231493,,,,1.092444881501622
2019-05-19 04:50:00+00:00,0.4711671579411416,,,,1.1120870404710212
2019-05-19 12:20:00+00:00,0.4608109038095953,,,,1.0876433673214683
2019-05-19 22:35:00+00:00,0.4690962838600919,,,,1.1071991950659084
2019-05-19 22:45:00+00:00,,0.9767845301070802,,,
2019-05-20 00:05:00+00:00,0.458785547540847,,,,1.0828629567583596
2019-05-20 00:45:00+00:00,,,,1.4179049615239694,
2019-05-20 08:50:00+00:00,0.4487014412058992,,,,1.0590616289688108
2019-05-20 13:10:00+00:00,,,,1.3196500916981126,
2019-05-20 20:45:00+00:00,0.4567690931187812,,,,1.07810355705767
2019-05-21 11:35:00+00:00,0.4467293084520304,,,,1.0544068408735425
2019-05-22 11:10:00+00:00,0.4369101982522548,,,,1.031230978511142
2019-05-22 20:15:00+00:00,0.4273069120946702,,,,1.008564521603467
2019-05-22 21:50:00+00:00,,,,1.28676738803933,
2019-05-22 22:15:00+00:00,,,1.1416673211236594,,
2019-05-23 00:20:00+00:00,0.4179147061668293,,,,0.9863962734186228
2019-05-23 09:10:00+00:00,0.4087289409252824,,,,0.9647152833288815
2019-05-23 15:00:00+00:00,0.416077887283119,,,,0.9820608641231349
2019-05-24 08:20:00+00:00,0.4235589676964695,,,,0.9997183184600688
2019-05-24 16:05:00+00:00,0.4311745579356519,,,,1.0176932538259806
2019-05-24 23:05:00+00:00,0.4216973411522263,,,,0.9953243561068856
2019-05-26 11:20:00+00:00,0.4124284335937004,,,,0.9734471267596563
2019-05-26 20:40:00+00:00,0.431921515593018,,,,1.0194562840298835
2019-05-26 22:10:00+00:00,0.4396874644433805,,,,1.037786108016741
2019-05-27 01:00:00+00:00,,1.0334502066620954,,,
2019-05-27 15:35:00+00:00,0.4475930450540725,,,,1.0564455022388821
2019-05-27 16:40:00+00:00,0.437754949923784,,,,1.0332248300996716
2019-05-28 13:30:00+00:00,0.4281330961244592,,,,1.0105145483340807
2019-05-29 04:25:00+00:00,0.4187227306716437,,,,0.9883034385616977
2019-05-29 04:35:00+00:00,,,,1.4340092597770842,
2019-05-29 05:15:00+00:00,,,1.2697772484526593,,
2019-05-30 16:15:00+00:00,,1.011023207937085,,1.428825842826975,0.984731084505847
2019-05-30 16:20:00+00:00,0.4092346067053413,,,,
2019-05-30 21:30:00+00:00,,,1.205234914998342,,
2019-05-31 04:30:00+00:00,0.4002396300499579,,,,
2019-05-31 18:30:00+00:00,0.4074359385982561,,,,
2019-06-01 09:10:00+00:00,0.4147616367742529,,,,
2019-06-02 12:00:00+00:00,0.4222190510034539,,,,
2019-06-02 13:15:00+00:00,0.412938676262398,,,1.4175423158238056,0.9769546015715113
2019-06-03 05:50:00+00:00,0.4038622841581505,,,,
2019-06-03 07:00:00+00:00,,,1.2195189297789406,,
2019-06-03 14:45:00+00:00,0.3949853911523543,,,,
2019-06-03 23:10:00+00:00,0.3863036122548256,0.9889019762777106,,,
2019-06-03 23:50:00+00:00,,,1.1617252199148225,,
2019-06-04 17:15:00+00:00,0.3778126588574645,,,,
2019-06-05 07:40:00+00:00,0.3846057304637218,,,,
2019-06-05 14:40:00+00:00,0.3761520965081292,,,,
2019-06-06 14:45:00+00:00,0.3678842734268805,,,,
2019-06-06 18:30:00+00:00,,,1.1088349904053143,,
2019-06-07 06:05:00+00:00,0.3744988326630958,,,,
2019-06-07 19:20:00+00:00,0.3812323216743782,,,,
2019-06-08 06:00:00+00:00,,,,1.4190032049887973,0.9779614303456458
2019-06-08 07:00:00+00:00,0.3728528352439753,,,,
2019-06-08 16:35:00+00:00,0.3646575299253127,,,,
2019-06-08 17:30:00+00:00,,,1.1146565749288733,,
2019-06-09 12:30:00+00:00,0.3566423574175544,,,,
2019-06-09 13:30:00+00:00,,,1.086024067524449,,
2019-06-09 22:05:00+00:00,0.3488033584015165,,,,
2019-06-10 11:25:00+00:00,0.3550748427855758,,,,
2019-06-11 10:10:00+00:00,0.3472702977411488,0.9653164423551284,,1.3919037395872562,0.9592847763024981
2019-06-11 11:45:00+00:00,,,1.0888168044530917,,
2019-06-12 12:15:00+00:00,0.3535142176945348,,,,
2019-06-12 15:10:00+00:00,0.3598704033286825,,,,
2019-06-13 10:25:00+00:00,,,,1.3938734242289013,0.9606422613333288
2019-06-13 22:20:00+00:00,0.3663408731805322,,,,
2019-06-15 00:30:00+00:00,,0.9833681846304444,,,
2019-06-15 01:10:00+00:00,0.3789329605442305,,,,
2019-06-15 16:30:00+00:00,,1.0024498899691563,,,
2019-06-16 04:55:00+00:00,,1.0220632696112468,,,
2019-06-16 08:45:00+00:00,,,,1.525113940221305,1.0510917841307386
2019-06-16 08:50:00+00:00,0.3938148140418577,,,,
2019-06-16 14:00:00+00:00,,1.043023947144628,,,
2019-06-16 19:35:00+00:00,0.3851587644292177,,,,
2019-06-17 10:45:00+00:00,0.3920839190136551,,,,
2019-06-17 23:10:00+00:00,0.3991335878775206,,,,
2019-06-18 03:25:00+00:00,0.3903606316159727,,,,
2019-06-18 05:30:00+00:00,,,,1.4902999624499358,1.0270983728561118
2019-06-18 07:35:00+00:00,,,1.255582870940287,,
2019-06-18 15:20:00+00:00,0.3817805049330536,,,,
2019-06-18 16:55:00+00:00,,,1.2227552024884942,,
2019-06-20 02:55:00+00:00,0.3886449184117499,,,,
2019-06-20 08:45:00+00:00,,,,1.4680562991764734,1.011768284330192
2019-06-20 23:50:00+00:00,0.3956327540447932,,,,
2019-06-21 09:55:00+00:00,,1.0626165511372705,,,
2019-06-21 13:30:00+00:00,0.4027462309625185,,,,
2019-06-22 00:10:00+00:00,,1.040009908375143,,,
2019-06-22 05:35:00+00:00,,1.090812468732937,,,
2019-06-22 06:20:00+00:00,0.4349840605767576,,,,
2019-06-22 14:30:00+00:00,0.4480113722295735,,,1.6596122047606563,1.143786511461499
2019-06-22 19:00:00+00:00,0.4381640822679675,,,,
2019-06-23 10:35:00+00:00,0.4285332357397176,,,,
2019-06-23 22:25:00+00:00,,1.0450074507536236,,,
2019-06-23 22:40:00+00:00,0.4362382633183176,,,,
2019-06-23 23:05:00+00:00,,,,1.6082094012213892,1.10836026358813
2019-06-24 00:10:00+00:00,0.426649746290581,,,,
2019-06-24 16:05:00+00:00,0.4343209087288857,,,,
2019-06-25 06:50:00+00:00,0.4430026218842016,,,,
2019-06-26 03:15:00+00:00,,1.074507465152438,,,
2019-06-26 07:50:00+00:00,,1.1233541268749017,,,
2019-06-26 09:05:00+00:00,0.4938531438051387,,,,
2019-06-26 20:35:00+00:00,,1.0844898306251771,,1.8017547697007084,1.2417496067054379
2019-06-26 20:40:00+00:00,0.5079898516488661,,,,
2019-06-27 01:40:00+00:00,0.4804816209020702,,,,
2019-06-27 03:50:00+00:00,0.4891206804458894,,,,
2019-06-27 06:25:00+00:00,0.4783698078896887,1.006569830060268,,,
2019-06-27 09:25:00+00:00,,,1.570892688686485,,
2019-06-27 14:05:00+00:00,0.4678552395122733,,,,
2019-06-27 15:15:00+00:00,0.4575717813477935,,,,
2019-06-28 04:00:00+00:00,0.4657989219764269,,,,
2019-06-28 23:35:00+00:00,0.477473169800623,,,,
2019-06-29 01:55:00+00:00,0.4669783095284053,,,,
2019-06-29 02:00:00+00:00,,,,1.7487796131515283,1.2052397103997212
2019-06-29 10:00:00+00:00,0.4567141262849709,,,,
2019-06-29 18:30:00+00:00,0.4649258462755746,,,,
2019-06-30 07:10:00+00:00,0.4547067761744375,,,,
2019-06-30 22:30:00+00:00,0.4447123212341233,,,,
2019-07-01 12:20:00+00:00,0.4349375444133973,,,,
2019-07-01 12:25:00+00:00,,0.9623182703103216,,,
2019-07-02 01:40:00+00:00,0.4253776171871908,,,,
2019-07-02 04:15:00+00:00,,0.9172250215859826,,,
2019-07-02 11:05:00+00:00,0.4127346194654116,0.8709547161924055,,,
2019-07-02 14:30:00+00:00,0.4201555879233997,,,,
2019-07-02 21:10:00+00:00,0.430325459007693,,,,
2019-07-03 00:00:00+00:00,0.4380627107606513,,,,
2019-07-03 00:50:00+00:00,,0.9275496442259126,,,
2019-07-03 04:45:00+00:00,0.4481919188402688,,,,
2019-07-03 08:30:00+00:00,0.4383406604641597,,,,
2019-07-03 08:55:00+00:00,,,1.539687806196335,,
2019-07-03 09:00:00+00:00,,,,1.7843862083677575,1.2297793849155918
2019-07-04 02:35:00+00:00,0.4625719602247583,,,,
2019-07-04 04:35:00+00:00,0.4524046285390181,,,,
2019-07-04 05:20:00+00:00,,,1.5059704892770092,,
2019-07-04 05:45:00+00:00,,,,1.7632930588508242,1.2152422178397515
2019-07-04 23:05:00+00:00,0.4424607748037305,,,,
2019-07-05 01:05:00+00:00,,0.9188706609205326,,,
2019-07-05 20:10:00+00:00,0.4327354869735445,,,,
2019-07-05 20:30:00+00:00,,0.8818062363756592,,,
2019-07-06 08:00:00+00:00,0.4405160710293289,,,,
2019-07-06 21:25:00+00:00,0.4308335277881042,,,,
2019-07-06 21:30:00+00:00,,,,1.716103017734932,1.1827193595787429
2019-07-07 16:40:00+00:00,0.4213638068473218,,,,
2019-07-08 00:20:00+00:00,,0.8861248539275024,,,
2019-07-08 08:55:00+00:00,0.4289399280944366,,,,
2019-07-08 14:35:00+00:00,0.4366522680015745,,,,
2019-07-08 19:45:00+00:00,,0.9150431118537776,,,
2019-07-09 02:00:00+00:00,,0.9448715999329642,,,
2019-07-09 06:05:00+00:00,0.4527879358599111,,,,
2019-07-09 07:50:00+00:00,0.4428356570297103,0.917213117713656,,,
2019-07-09 08:00:00+00:00,,,,1.8482467962413127,1.2737914009843143
2019-07-09 10:25:00+00:00,,,1.5322854310058325,,
2019-07-09 21:35:00+00:00,0.4507978421431044,,,,
2019-07-10 05:25:00+00:00,0.4647097240717611,,,,
2019-07-10 07:05:00+00:00,0.4544954043366638,,,,
2019-07-10 14:15:00+00:00,0.4445055953493438,,,,
2019-07-10 14:45:00+00:00,,,1.5205431752818173,,
2019-07-10 14:50:00+00:00,,,,1.836278962088672,1.2655433010752317
2019-07-10 15:10:00+00:00,,0.8845639130321894,,,
2019-07-11 00:05:00+00:00,0.4347353623635653,,,,
2019-07-11 03:20:00+00:00,0.4251798790988141,,,,
2019-07-11 16:15:00+00:00,0.4328246133250109,,,,
2019-07-11 19:15:00+00:00,0.4233111283241271,,,,
2019-07-11 20:10:00+00:00,0.4140067497235628,,,,
2019-07-12 03:50:00+00:00,0.4049068813646388,,,,
2019-07-13 04:05:00+00:00,,,,1.7897296322414191,1.2334620139865178
2019-07-13 10:05:00+00:00,0.3960070281122441,,,,
2019-07-13 11:50:00+00:00,,0.8447294378055203,,,
2019-07-13 18:15:00+00:00,0.3873027936343369,,,,
2019-07-14 07:05:00+00:00,0.3787898782302542,,,,
2019-07-14 09:45:00+00:00,,0.8175101968610152,,,
2019-07-14 21:00:00+00:00,0.3856005202408342,,,,
2019-07-14 23:00:00+00:00,0.3771250208059407,,,,
2019-07-15 14:00:00+00:00,0.3839057286800315,,,,
2019-07-15 22:20:00+00:00,0.391529173877886,,,,
2019-07-16 03:40:00+00:00,,,1.4906422165597086,,
2019-07-16 03:45:00+00:00,0.38292336263605,,,,
2019-07-16 07:25:00+00:00,,,,1.7407643197591771,1.1997156581896449
2019-07-16 10:00:00+00:00,0.3745067071253096,,,,
2019-07-16 12:50:00+00:00,0.3662750497026953,,,,
2019-07-16 16:00:00+00:00,,0.7811835217844133,,,
2019-07-17 10:00:00+00:00,0.3582243241102301,,,,
2019-07-17 19:25:00+00:00,0.3671006128739861,,,,
2019-07-17 20:05:00+00:00,0.3590317414030158,,,,
2019-07-17 23:20:00+00:00,0.3511402237269775,,,,
2019-07-18 00:25:00+00:00,,,1.4673804381048872,,
2019-07-18 12:15:00+00:00,0.3434221616094586,,,,
2019-07-18 12:20:00+00:00,,,,1.6773973569898497,1.1560438431234907
2019-07-18 14:45:00+00:00,,0.8246876067715505,,,
2019-07-18 19:15:00+00:00,0.3581550256416946,,,,
2019-07-19 05:00:00+00:00,,,1.4765543042841045,,
2019-07-19 08:25:00+00:00,0.3502827781780902,,,,
2019-07-19 08:55:00+00:00,,,,1.714158639271367,1.181379315288021
2019-07-19 13:05:00+00:00,0.3403766596215797,,,,
2019-07-20 04:35:00+00:00,0.3464966319615758,,,,
2019-07-20 15:15:00+00:00,,0.8404244393887774,,,
2019-07-20 21:05:00+00:00,0.356488564593505,,,,
2019-07-20 23:40:00+00:00,0.3486529459437398,,,,
2019-07-20 23:50:00+00:00,,,,1.700354277404558,1.1718655006406609
2019-07-21 00:10:00+00:00,,,1.4488984961629274,,
2019-07-21 04:00:00+00:00,,0.8082875601055585,,,
2019-07-21 13:20:00+00:00,0.3409895541918963,,,,
2019-07-22 14:40:00+00:00,0.3334946037907584,0.7868302382469262,,,
2019-07-23 05:40:00+00:00,0.3261643923994375,,,,
2019-07-23 23:15:00+00:00,,0.7638741660464077,1.4097566871385625,,
2019-07-23 23:25:00+00:00,0.3189952990544979,,,,
2019-07-24 16:20:00+00:00,0.31198378238128,0.7416915411279623,,,
2019-07-25 04:45:00+00:00,0.3220417682466743,,,,
2019-07-25 13:10:00+00:00,,,,1.6943123376896914,1.1677014621206354
2019-07-25 13:45:00+00:00,,,1.385354204348305,,
2019-07-26 00:15:00+00:00,,0.7204794074597192,,,
2019-07-27 00:10:00+00:00,0.3278320792397496,,,,
2019-07-27 10:20:00+00:00,0.3206263301380599,0.7009232030398374,,,
2019-07-27 10:25:00+00:00,,,,1.6173684218358515,1.1146725600432716
2019-07-28 22:00:00+00:00,,,,1.5872282370964377,1.093900275615012
2019-07-29 08:55:00+00:00,,,,1.5779878241732836,1.0875318844742865
2019-07-30 18:00:00+00:00,,0.6973942270821409,,,
2019-07-31 10:45:00+00:00,0.3266004557764729,,,,
2019-07-31 19:00:00+00:00,0.332766372764646,,,,
2019-08-01 00:05:00+00:00,,0.7077459315167834,,,
2019-08-01 03:45:00+00:00,,,,1.620467556714991,1.1168084497781097
2019-08-01 04:25:00+00:00,,,1.409611671421144,,
2019-08-02 01:15:00+00:00,0.3450982917068616,,,,
2019-08-02 06:05:00+00:00,,0.7185872568851567,,,
2019-08-02 18:00:00+00:00,,,1.4444553274918643,,
2019-08-02 20:30:00+00:00,,,,1.6558589236855314,1.1411997913499354
2019-08-03 07:25:00+00:00,0.3564117980009856,,,,
2019-08-03 07:55:00+00:00,,0.7310833032216703,,,
2019-08-03 12:10:00+00:00,,,,1.651381884644922,1.1381142651943392
2019-08-04 03:40:00+00:00,,,1.4395306847238964,1.6229685017190656,1.1185320736182824
2019-08-04 04:40:00+00:00,0.3485778666809239,,,,
2019-08-04 20:35:00+00:00,0.3567969014721794,,,,
2019-08-05 00:45:00+00:00,,0.7426826119411237,,,
2019-08-05 06:25:00+00:00,,0.763750123871053,,,
2019-08-05 11:15:00+00:00,0.3761222740375933,,,,
2019-08-05 16:55:00+00:00,0.3828849525247892,,,,
2019-08-06 01:30:00+00:00,0.3744691412682943,,,1.7192076453655476,1.184859034857596
2019-08-06 02:10:00+00:00,,,1.5292557888315284,,
2019-08-06 06:40:00+00:00,,0.7780131631595915,,,
2019-08-06 10:30:00+00:00,,,,1.7272001915916442,1.1903674099704196
2019-08-06 10:45:00+00:00,,0.7567686116750408,,,
2019-08-06 11:45:00+00:00,,,1.4757995375525472,,
2019-08-06 12:35:00+00:00,0.3662383095432172,,,,
2019-08-06 21:20:00+00:00,0.3581883914994573,,,,
2019-08-07 15:05:00+00:00,,0.7317092715142928,,,
2019-08-07 15:15:00+00:00,,,,1.6943197746359708,1.167706587582365
2019-08-07 17:15:00+00:00,,,1.4232865270524693,,
2019-08-07 20:00:00+00:00,0.3646286187786176,,,,
2019-08-08 17:25:00+00:00,0.3566140817378636,,,,
2019-08-09 08:35:00+00:00,,,,1.663904310813265,1.146744583832053
2019-08-09 09:50:00+00:00,,,1.3901957925987931,,
2019-08-10 11:25:00+00:00,0.3487757042212653,,,,
2019-08-11 09:15:00+00:00,0.341109614242482,,,,
2019-08-12 05:20:00+00:00,,,,1.649905438081325,1.1370967144318829
2019-08-13 13:35:00+00:00,0.3336120249214322,,,,
2019-08-14 01:20:00+00:00,0.3262792326136591,,,,
2019-08-14 09:20:00+00:00,0.3191076150808108,,,,
2019-08-14 16:25:00+00:00,0.3118405323873792,,,,
2019-08-14 23:30:00+00:00,0.3049862774855046,,,,
2019-08-16 01:35:00+00:00,0.3142058404389971,,,,
2019-08-16 04:45:00+00:00,0.3072995960661479,0.7085518851835385,,,
2019-08-16 04:50:00+00:00,,,1.3591257822061389,,
2019-08-16 11:30:00+00:00,0.300545150944614,,,,
2019-08-16 20:45:00+00:00,0.3102060377642122,,,,
2019-08-17 00:35:00+00:00,,,,1.60897603279184,1.1088886176500172
2019-08-17 00:40:00+00:00,,,1.325574967830686,,
2019-08-17 17:15:00+00:00,0.3033877090541548,,,,
2019-08-18 07:05:00+00:00,,0.6939834450075936,,,
2019-08-18 16:00:00+00:00,0.3088426200629486,,,,
2019-08-19 00:00:00+00:00,,,1.3160977703294523,,
2019-08-19 00:15:00+00:00,,,,1.5853910576884636,1.0926341117365184
2019-08-19 11:45:00+00:00,,0.7112250606593618,,,
2019-08-19 12:15:00+00:00,0.3148394372141493,,,,
2019-08-20 06:00:00+00:00,,,,1.616982416344162,1.1144065292961625
2019-08-20 06:05:00+00:00,,,1.3206206199276422,,
2019-08-21 02:20:00+00:00,,0.7051143382568555,,,
2019-08-21 03:30:00+00:00,0.3079192663841824,,,,
2019-08-22 01:45:00+00:00,0.301151200909058,,,,
2019-08-22 18:05:00+00:00,0.3065658995014029,,,,
2019-08-23 19:05:00+00:00,0.3120779543744381,,,,
2019-08-24 03:10:00+00:00,,,1.3082001075231997,,
2019-08-24 07:10:00+00:00,,,,1.6235432727877437,1.118928199528689
2019-08-24 08:20:00+00:00,0.3052184809372879,,,,
2019-08-25 12:45:00+00:00,0.3107063092245404,,,,
2019-08-25 14:25:00+00:00,,,,1.5894236576745564,1.095413335375018
2019-08-25 14:30:00+00:00,0.3037199320335264,,,,
2019-08-26 03:50:00+00:00,,0.6823684202393164,,,
2019-08-26 03:55:00+00:00,,,,1.570942592969406,1.0826763884746746
2019-08-26 05:35:00+00:00,0.3091808164114892,,,,
2019-08-27 03:15:00+00:00,0.3023850220667646,,,,
2019-08-28 18:25:00+00:00,,,1.2378281413503132,,
2019-08-30 21:40:00+00:00,,0.6748651897934625,,,
2019-09-01 01:10:00+00:00,,0.6767948112100304,,,
2019-09-01 21:50:00+00:00,,0.6708088506939034,,,
2019-09-01 22:35:00+00:00,,0.6728279149771627,,,
2019-09-01 23:30:00+00:00,,0.6674829967554119,,,
2019-09-02 17:05:00+00:00,,0.6690895973660264,,,
2019-09-02 18:30:00+00:00,,0.6769387851845593,,,
2019-09-02 20:20:00+00:00,0.3078219047635251,,,,
2019-09-02 20:45:00+00:00,,,,1.551805784000543,1.069487509826872
2019-09-02 21:25:00+00:00,,0.6858634768932121,,,
2019-09-02 23:05:00+00:00,,,,1.538203442866719,1.0601129256507995
2019-09-02 23:20:00+00:00,,0.6793239198124568,,,
2019-09-03 03:45:00+00:00,,,,1.5271402711684143,1.0524883091734047
2019-09-03 07:55:00+00:00,,0.6747780308813607,,,
2019-09-03 11:45:00+00:00,,,,1.5143425517731115,1.043668261465978
2019-09-03 12:50:00+00:00,,0.6775146040729215,,,
2019-09-03 14:00:00+00:00,,0.683294098273047,,,
2019-09-03 14:50:00+00:00,,,,1.539568944015189,1.0610540140511648
2019-09-03 14:55:00+00:00,0.3150299783625984,,,,
2019-09-04 13:05:00+00:00,,,1.3179856235030667,,
2019-09-04 19:40:00+00:00,,0.6868023472846435,,,
2019-09-04 20:15:00+00:00,,,,1.5250892368102895,1.0510747588110745
2019-09-04 20:20:00+00:00,,0.6768626550924145,,,
2019-09-05 02:50:00+00:00,,,1.2958251640898075,,
2019-09-05 19:50:00+00:00,0.3206942173735579,,,,
2019-09-05 19:55:00+00:00,,,,1.4799833831120948,1.0199882996370824
2019-09-06 12:50:00+00:00,,,,1.4669853771524417,1.0110302166283522
2019-09-06 13:45:00+00:00,,0.6697064255942552,,,
2019-09-06 18:30:00+00:00,,,1.2605219628482034,,
2019-09-07 17:20:00+00:00,,0.6622438171725935,,,
2019-09-08 11:25:00+00:00,,,1.2357281473303114,,
2019-09-09 11:10:00+00:00,,0.6646235221239549,,,
2019-09-09 12:15:00+00:00,,0.6681656544125136,,,
2019-09-09 16:05:00+00:00,0.3136453584756871,,,,
2019-09-11 01:45:00+00:00,,0.6612185210425752,,,
2019-09-11 21:35:00+00:00,,0.6612722723657433,,,
2019-09-13 17:15:00+00:00,,,1.238565875189378,,
2019-09-15 03:20:00+00:00,,,1.2286561338514033,,
2019-09-16 22:05:00+00:00,,0.6663700196362662,,,
2019-09-19 20:00:00+00:00,0.3192847020210799,0.6696337855670768,,,
2019-09-20 00:30:00+00:00,,0.6678388785968983,,,
2019-09-20 21:50:00+00:00,,,1.2097913093554036,,
2019-09-21 06:20:00+00:00,0.3122668242706565,,,,
2019-09-22 07:40:00+00:00,,0.6695974311716992,,,
2019-09-22 12:15:00+00:00,,0.667220373102164,,,
2019-09-24 02:45:00+00:00,,0.6608969762929434,,,
2019-09-24 16:55:00+00:00,,0.6542981823470118,,,
2019-09-24 21:00:00+00:00,,0.6662457237927654,,,
2019-09-24 23:05:00+00:00,,0.6779123787839766,,,
2019-09-24 23:55:00+00:00,0.3054031994731875,,,,
2019-09-25 04:10:00+00:00,0.2986904371487669,,,,
2019-09-25 12:15:00+00:00,0.292125221340237,,,,
2019-09-25 23:10:00+00:00,0.2857043089751785,,,,
2019-09-27 21:40:00+00:00,0.2908412724505523,,,,
2019-09-28 02:10:00+00:00,,0.6667769652813487,,,0.9944229973502459
2019-09-28 12:30:00+00:00,0.2844485812820891,,,,
2019-09-28 22:45:00+00:00,,,,1.433290442153303,
2019-09-28 22:50:00+00:00,,0.6578722738065326,,,0.9811426495758901
2019-09-28 22:55:00+00:00,0.2781964014655088,,,,
2019-09-30 11:20:00+00:00,,0.6624769842980698,,,0.988010058390759
2019-09-30 13:30:00+00:00,0.2831983727638587,,,,
2019-09-30 16:00:00+00:00,,0.6673040176606139,,,0.9952090368117746
2019-09-30 20:05:00+00:00,,,,1.413769491382117,
2019-09-30 21:50:00+00:00,,,1.2130184440211589,,
2019-10-01 02:10:00+00:00,0.2882902795061529,,,,
2019-10-01 02:55:00+00:00,,0.6717069318036104,,,1.0017754890246326
2019-10-01 03:15:00+00:00,,0.6761828971624689,,,1.0084508889258783
2019-10-01 06:15:00+00:00,,0.666958527971318,,,0.9946937777217457
2019-10-01 08:30:00+00:00,,,,1.41323896623376,
2019-10-01 09:15:00+00:00,,,1.1888087160084633,,
2019-10-01 17:55:00+00:00,0.2819536591626076,,,,
2019-10-04 00:05:00+00:00,,0.6605494557999944,,,0.9851353660028398
2019-10-05 22:40:00+00:00,,0.6545742413168624,,,0.9762240043249218
2019-10-06 18:20:00+00:00,,0.6485012003466565,,,0.9671667454226519
2019-10-07 11:40:00+00:00,,0.6515912768199091,,,0.9717752476184
2019-10-07 13:20:00+00:00,0.2870231859543513,,,,
2019-10-07 14:00:00+00:00,,0.654896786889437,,,0.9767050448403605
2019-10-07 23:45:00+00:00,,,,1.4116740790980853,
2019-10-08 02:10:00+00:00,0.2921838628378105,,,,
2019-10-08 05:25:00+00:00,,,1.217815443967811,,
2019-10-08 07:40:00+00:00,,,,1.3949213551930673,
2019-10-09 16:05:00+00:00,,0.6752502338229714,,,1.00705992624739
2019-10-09 16:20:00+00:00,,0.677973487358737,,,1.0111213532081098
2019-10-09 17:25:00+00:00,0.2987784971089842,,,,
2019-10-09 21:35:00+00:00,,,,1.4283692467723623,
2019-10-10 01:45:00+00:00,,,1.2301517204967891,,
2019-10-11 05:15:00+00:00,,,,1.407669145147043,
2019-10-11 05:20:00+00:00,,0.6617688545297593,,,0.9869539623295832
2019-10-11 05:25:00+00:00,0.2922113457425287,,,,
2019-10-13 20:05:00+00:00,,,,1.401776661519754,
2019-10-14 21:05:00+00:00,,0.6609376101146595,,,0.9857142545924609
2019-10-17 10:05:00+00:00,,0.6628413554227636,,,0.9885534770222243
2019-10-17 12:05:00+00:00,,0.6571093121377012,,,0.9800047778900222
2019-10-17 19:35:00+00:00,,,1.2209011496143725,,
2019-10-19 15:55:00+00:00,,0.6510563055285856,,,0.970977397988442
2019-10-20 18:25:00+00:00,,0.6529678383725004,,,0.9738282346537085
2019-10-20 19:30:00+00:00,,0.6549069125358915,,,0.9767201461054339
2019-10-20 23:10:00+00:00,,,,1.4142606707420085,
2019-10-20 23:15:00+00:00,,0.6492178330599683,,,0.9682355226718331
2019-10-21 08:35:00+00:00,,,1.2419888016362366,,
2019-10-21 15:20:00+00:00,0.2974653057389794,,,,
2019-10-21 15:25:00+00:00,,,,1.3925656821833716,
2019-10-22 13:50:00+00:00,,,1.2330462509410651,,
2019-10-25 13:50:00+00:00,,0.6544978738177503,,,0.9761101107723227
2019-10-25 15:40:00+00:00,0.3028137319361663,,,,
2019-10-25 16:50:00+00:00,,0.7109830698972877,,,1.0603514402064143
2019-10-25 17:35:00+00:00,,0.6970820809989445,,,1.0396196756641434
2019-10-25 19:20:00+00:00,0.33075039202362,,,,
2019-10-25 22:45:00+00:00,,,,1.558707687569541,
2019-10-26 00:20:00+00:00,0.3366972840722047,,,,
2019-10-26 02:25:00+00:00,,0.7638638195087915,,,1.1392171423360773
2019-10-26 04:10:00+00:00,0.3624832858109974,,,,
2019-10-26 04:20:00+00:00,,,,1.6806240793038472,
2019-10-26 05:10:00+00:00,0.3690007352898791,,,,
2019-10-26 08:45:00+00:00,,,1.522307453436589,,
2019-10-26 13:00:00+00:00,0.3608900991282075,,,,
2019-10-26 23:35:00+00:00,0.3637736110202418,,,,
2019-10-27 01:40:00+00:00,0.357594916237063,,,,
2019-10-27 11:45:00+00:00,0.3515211665847764,,,,
2019-10-27 16:15:00+00:00,0.3543298207057888,,,,
2019-10-27 19:50:00+00:00,0.357160915973228,,,,
2019-10-27 23:15:00+00:00,,,1.5045724289590516,,
2019-10-28 04:00:00+00:00,0.3510945378154227,,,,
2019-10-29 13:25:00+00:00,0.3451311970906278,,,,
2019-10-30 00:50:00+00:00,0.3392691437080434,,,,
2019-10-31 14:05:00+00:00,0.3335066573021623,,,,
2019-10-31 21:00:00+00:00,,0.7374404698222291,,,
2019-11-02 19:00:00+00:00,,,1.4927964639383733,,
2019-11-03 04:25:00+00:00,,,,1.6685828273016998,1.1310549358885076
2019-11-04 19:45:00+00:00,,,1.488586302765881,,
2019-11-04 20:15:00+00:00,,0.7424725260430709,,,
2019-11-04 22:30:00+00:00,,,,1.6616113750942407,1.1263293116638424
2019-11-05 06:25:00+00:00,,0.7275531806155248,,,
2019-11-10 16:35:00+00:00,,,,1.6716201924089809,1.1331138248693091
2019-11-11 05:35:00+00:00,0.327842046727885,,,,
2019-11-11 06:05:00+00:00,,0.7086866172675329,,,
2019-11-13 20:30:00+00:00,,0.7086710526832227,,,
2019-11-15 09:35:00+00:00,0.3222736495642119,0.6961805976272619,,,
2019-11-17 20:45:00+00:00,,,,1.658487658578684,1.124211889066997
2019-11-18 02:45:00+00:00,,0.6838774374405224,,,
2019-11-22 18:55:00+00:00,0.3248486160242299,,,,
2019-11-22 19:25:00+00:00,0.3193310622810584,,,,
2019-11-22 23:05:00+00:00,0.3139072241882146,,,,
2019-11-23 16:55:00+00:00,,0.6861772526484102,,,
2019-11-24 03:15:00+00:00,0.3085755099853777,,,,
2019-11-25 09:50:00+00:00,0.3111004077853697,,,,
2019-11-25 12:25:00+00:00,,0.700875233891243,,,
2019-11-25 15:30:00+00:00,0.3294648408281505,,,,
2019-11-25 16:00:00+00:00,0.3320972649063675,,,,
2019-11-25 21:20:00+00:00,,,1.481582373834104,,
2019-11-25 23:05:00+00:00,,,,1.6133690179508704,1.0936280544813368
2019-11-26 06:15:00+00:00,0.3281154187001401,,,,
2019-11-26 06:40:00+00:00,0.3241813148299254,,,,
2019-11-27 15:45:00+00:00,0.3283908092029919,,,,
2019-11-27 16:45:00+00:00,,0.718887353706083,,,1.1217337123754278
2019-11-27 18:35:00+00:00,,,,1.6414650931379726,
2019-11-27 19:50:00+00:00,0.3340153566767145,,,,
2019-11-27 21:20:00+00:00,,,1.5246865379506276,,
2019-11-28 16:25:00+00:00,,0.7220545304643399,,,1.1266756951832673
2019-11-28 22:35:00+00:00,0.3300105125501607,,,,
2019-11-29 16:05:00+00:00,,,,1.655441264358148,
2019-11-29 19:05:00+00:00,0.3260536865046842,,,,
2019-11-30 13:30:00+00:00,,0.713896187128674,,,1.1139456218142323
2019-12-04 13:30:00+00:00,,,,1.6293215869279345,
2019-12-04 14:35:00+00:00,,0.6856145023912942,,,1.0698155935849931
2019-12-04 16:25:00+00:00,0.3156964042207344,,,,
2019-12-04 20:50:00+00:00,,0.6600514745165987,,,1.0299276890202365
2019-12-06 18:00:00+00:00,0.3109000488307472,,,1.6045674076879952,
2019-12-09 15:10:00+00:00,,0.6507278823605765,,,1.015379390753572
2019-12-09 15:15:00+00:00,,,,1.589052661958105,
2019-12-15 12:45:00+00:00,,0.6416601373412929,,,1.0012303099123008
2019-12-18 18:10:00+00:00,0.3152663390962354,,,,
2019-12-18 19:35:00+00:00,,0.6531481677865609,,,1.0191559431465183
2019-12-18 20:50:00+00:00,,,,1.5952241932235722,
2019-12-18 23:05:00+00:00,,,,1.601129044570053,
2019-12-18 23:20:00+00:00,,0.6720816905863916,,,1.0486993350411016
2019-12-18 23:30:00+00:00,0.3228217772772391,,,,
2019-12-19 01:00:00+00:00,0.318951144167685,,,,
2019-12-19 01:10:00+00:00,,,1.5278100599159126,,
2019-12-22 17:55:00+00:00,,,,1.6126782657996606,
2019-12-22 19:40:00+00:00,,,,1.6075958296110795,
2019-12-22 20:40:00+00:00,,0.6844756275201765,,,1.068038521933191
2019-12-22 22:30:00+00:00,,,1.5293348347897198,,
2019-12-22 23:05:00+00:00,0.3230927247747023,,,,
2019-12-22 23:50:00+00:00,,0.6902979550024964,,,1.0771235350270203
2019-12-23 00:35:00+00:00,,,,1.6133889604383478,
2019-12-23 05:00:00+00:00,,,1.5370451558933629,,
2019-12-23 06:20:00+00:00,0.3192188430046536,,,,
2019-12-23 06:55:00+00:00,,0.679089182372559,,,1.0596336486511748
2019-12-23 16:25:00+00:00,,,,1.5954160115073657,
2019-12-25 22:05:00+00:00,,,1.519926506790657,,
2019-12-26 19:50:00+00:00,,,,1.6005033621899414,
2019-12-26 19:55:00+00:00,,0.6715286249889046,,,1.0478363454187947
2019-12-26 21:05:00+00:00,0.3137969109562196,,,,
2019-12-26 21:35:00+00:00,,,1.4928391911121697,,
2019-12-29 00:00:00+00:00,,,1.4913534279854828,,
2019-12-29 20:30:00+00:00,,0.6655241714877215,,1.6178409089463297,1.0384671474742977
2019-12-30 00:20:00+00:00,,,1.4795555063364083,,
2020-01-03 07:45:00+00:00,,0.6829490446238327,,,1.065656480448198
2020-01-03 09:55:00+00:00,0.317871563844986,,,,
2020-01-03 14:00:00+00:00,,,,1.6222842131118116,
2020-01-03 19:05:00+00:00,,,,1.60256089581118,
2020-01-03 22:50:00+00:00,,,1.4915936311411335,,
2020-01-05 01:15:00+00:00,0.3219991261015131,,,,
2020-01-05 08:45:00+00:00,,,,1.606235962291101,
2020-01-05 11:10:00+00:00,,,1.4786639423091243,,
2020-01-06 03:10:00+00:00,,,,1.6019370945420832,
2020-01-06 10:45:00+00:00,,0.6891545674045375,,,1.0753394218299661
2020-01-06 13:55:00+00:00,,,,1.5899693796688767,
2020-01-06 22:10:00+00:00,0.3261802847539412,,,,
2020-01-07 00:55:00+00:00,,,,1.6379373612908692,
2020-01-07 03:05:00+00:00,,0.711150723410928,,,1.109661669408584
2020-01-07 04:10:00+00:00,0.333277724302523,,,,
2020-01-07 15:30:00+00:00,,,1.5332111800513322,,
2020-01-07 21:50:00+00:00,,,,1.6432712752472185,
2020-01-07 22:15:00+00:00,,0.7019862306782129,,,1.0953616258730996
2020-01-07 23:40:00+00:00,0.3376053355525912,,,,
2020-01-08 03:25:00+00:00,,,,1.6515965557100951,
2020-01-08 05:05:00+00:00,0.3429210510620018,,,,
2020-01-08 16:30:00+00:00,,0.6913363963948698,1.555397342202817,,1.078743892809288
2020-01-10 16:55:00+00:00,,0.6799010126485592,,,1.0609004081575453
2020-01-10 18:05:00+00:00,0.3473738809100419,,,,
2020-01-10 23:50:00+00:00,0.3518845307536588,,,,
2020-01-11 04:20:00+00:00,,0.6682586529097959,,1.6448524151564567,1.0427339633825097
2020-01-11 05:10:00+00:00,0.3459077719988078,,,,
2020-01-11 06:15:00+00:00,,,1.5774767845288582,,
2020-01-11 21:50:00+00:00,,,,1.6236677820506271,
2020-01-14 00:55:00+00:00,,,,1.6293562596714668,
2020-01-14 03:50:00+00:00,,0.6772454703753807,,,1.0567567669081819
2020-01-14 04:45:00+00:00,,0.6847552012003429,,,1.0684747616590942
2020-01-14 06:05:00+00:00,0.3521824410052186,,,,
2020-01-14 10:35:00+00:00,,,,1.6573853144856576,
2020-01-14 12:40:00+00:00,,,,1.6412986684389692,
2020-01-14 14:15:00+00:00,,0.6926542259359955,,,1.080800200818915
2020-01-14 16:00:00+00:00,0.346200622244745,,,1.6341520716421674,
2020-01-14 16:05:00+00:00,,0.6808140364560405,,,1.0623250675005893
2020-01-14 18:35:00+00:00,,,,1.6086411576111728,
2020-01-14 23:30:00+00:00,0.350696037324593,,,,
2020-01-15 00:00:00+00:00,,,,1.5802883263887648,
2020-01-15 03:50:00+00:00,,,,1.5516234774181517,
2020-01-15 04:05:00+00:00,,0.6701877934465106,,,1.0457441456659886
2020-01-15 04:30:00+00:00,,,1.6182142325441284,,
2020-01-15 14:05:00+00:00,,,,1.5269510765458802,
2020-01-16 01:20:00+00:00,0.3447394651306348,,,,
2020-01-17 06:55:00+00:00,,,,1.5180217285669868,
2020-01-17 10:25:00+00:00,,,,1.49826635274219,
2020-01-17 13:40:00+00:00,,,1.6122393579723575,,
2020-01-19 01:00:00+00:00,0.3492159070853561,,,,
2020-01-19 06:40:00+00:00,,,,1.506418107876093,
2020-01-19 11:00:00+00:00,0.3432844749035113,0.6610018634111212,,,1.0314106519035833
2020-01-19 11:05:00+00:00,,,1.533900384688651,,
2020-01-21 22:20:00+00:00,,,,1.49112640071519,
2020-01-22 07:30:00+00:00,,,,1.482222660305086,
2020-01-22 09:20:00+00:00,,0.6530827524983509,,,1.0190538707791146
2020-01-22 16:35:00+00:00,0.3374537880972751,,,,
2020-01-27 00:20:00+00:00,,0.6595577405276095,,,
2020-01-27 08:40:00+00:00,,,1.5433646636897285,,1.0253415086508133
2020-01-27 08:45:00+00:00,,0.6490181248673087,,1.4943170481629586,
2020-01-27 18:55:00+00:00,,0.6551400524032875,,,
2020-01-28 00:35:00+00:00,0.3401500438641724,0.6620528208464638,,,
2020-01-28 05:00:00+00:00,,,,1.5478923090036243,
2020-01-28 05:20:00+00:00,0.336071644838241,0.6494443798241102,,,
2020-01-28 05:30:00+00:00,,,1.5784196792765692,,1.0486304716633907
2020-01-28 14:45:00+00:00,0.3320421458166305,,,,
2020-01-28 15:00:00+00:00,,,,1.5138763809610312,
2020-01-28 23:35:00+00:00,0.3346951625617054,,,,
2020-01-29 10:00:00+00:00,,,,1.5308720514524403,
2020-01-29 10:05:00+00:00,,,1.5600333779797204,,1.03641544668987
2020-01-29 11:35:00+00:00,0.3306821675625905,,,1.4948377962922947,
2020-01-29 22:50:00+00:00,,0.6484530051087417,,,
2020-01-29 23:50:00+00:00,,,,1.4703726557354035,
2020-01-30 16:30:00+00:00,,,,1.4424144634842704,
2020-01-30 23:35:00+00:00,0.3267172883735151,,,,
2020-01-31 01:35:00+00:00,,,,1.4361253607019555,
2020-01-31 10:45:00+00:00,,0.6334723807068815,,,
2020-02-02 12:20:00+00:00,,0.6395512941319088,,,
2020-02-02 21:30:00+00:00,,,1.555910848156549,,1.033676624784849
2020-02-02 22:30:00+00:00,,,,1.422978133051441,
2020-02-03 02:00:00+00:00,,,,1.3988818246999983,
2020-02-03 02:05:00+00:00,,0.6256637489546808,,,
2020-02-05 15:50:00+00:00,,0.6313045870836899,,,
2020-02-05 16:20:00+00:00,0.3293277595076195,,,,
2020-02-05 19:15:00+00:00,,0.6380128780202661,,,
2020-02-05 23:35:00+00:00,,,,1.4271536714285995,
2020-02-05 23:55:00+00:00,,,1.6051387544845352,,1.0663814138276322
2020-02-06 00:15:00+00:00,0.3253791196711231,,,,
2020-02-06 00:20:00+00:00,,0.6268506421814564,,,
2020-02-06 13:45:00+00:00,0.3214778240262664,,,,
2020-02-06 17:40:00+00:00,0.3176233049161915,,,,
2020-02-06 18:15:00+00:00,,,1.5900650299319492,,1.0563671146555977
2020-02-06 22:20:00+00:00,,,,1.4250835945076932,
2020-02-07 12:00:00+00:00,,0.6269429199504553,,,
2020-02-07 12:10:00+00:00,,,,1.4066607486260616,
2020-02-09 07:35:00+00:00,,0.632358101624151,,,
2020-02-09 14:30:00+00:00,,,1.596523948296721,,1.0606581271792064
2020-02-09 14:55:00+00:00,,,,1.4301619424136205,
2020-02-10 03:35:00+00:00,,,,1.4135191892734853,
2020-02-10 05:55:00+00:00,0.3138150014902463,,,,
2020-02-11 18:40:00+00:00,,0.6415847915248556,,,
2020-02-11 20:35:00+00:00,0.3204184373127741,,,,
2020-02-11 21:40:00+00:00,,,,1.4092776860019645,
2020-02-12 09:00:00+00:00,,,1.6614844195669562,,1.1038149190780528
2020-02-12 14:20:00+00:00,,,,1.4023410382606063,
2020-02-13 07:55:00+00:00,,,,1.3830436399717951,
2020-02-13 13:55:00+00:00,0.3165766202493939,,,,
2020-02-13 14:00:00+00:00,,0.625100535595653,,1.338289686140995,
2020-02-17 02:20:00+00:00,,,1.633772629291331,,1.085404462031113
2020-02-17 04:10:00+00:00,,0.609817825376063,,,
2020-02-18 19:50:00+00:00,,0.6189801276319592,,,
2020-02-18 21:50:00+00:00,0.3216063752155821,,,,
2020-02-19 04:15:00+00:00,,,,1.349238488504351,
2020-02-19 04:45:00+00:00,,,1.662024710916234,,1.1041738641544905
2020-02-19 07:05:00+00:00,0.3177503147767473,,,,
2020-02-19 20:05:00+00:00,,,,1.3281425921748091,
2020-02-19 21:35:00+00:00,,0.6044780171085867,,,
2020-02-23 04:00:00+00:00,,0.6097218045563043,,,
2020-02-23 11:00:00+00:00,,,,1.3362634545013583,
2020-02-23 11:55:00+00:00,,,1.6526392868272928,,1.0979386139112484
2020-02-24 02:35:00+00:00,0.3139404885025741,0.5997540435948706,,1.312282692115662,
2020-02-25 14:20:00+00:00,0.3070400765652875,,,,
2020-02-26 01:25:00+00:00,0.3002913356823825,,,,
2020-02-26 13:55:00+00:00,0.2936909321240837,,,,
2020-02-27 01:00:00+00:00,0.2872356054359963,,,,
2020-02-27 08:25:00+00:00,0.2924001016217356,,,,
2020-02-27 12:50:00+00:00,0.2859731473880898,,,,
2020-02-27 21:35:00+00:00,0.2796874576084995,,,,
2020-02-28 09:45:00+00:00,0.2735399272902647,,,,
2020-02-28 10:00:00+00:00,,0.5876834426383142,,,
2020-02-28 17:30:00+00:00,,0.575165108130075,,,
2020-02-29 06:05:00+00:00,0.2784581751829437,,,,
2020-02-29 14:05:00+00:00,,0.5629918847272208,,,
2020-03-01 12:50:00+00:00,,0.5527553750117173,,,
2020-03-01 16:30:00+00:00,0.2723376644924226,,,,
2020-03-02 10:15:00+00:00,0.2772342956999963,,,,
2020-03-03 00:15:00+00:00,,,1.6689550909622972,,1.1087780944437635
2020-03-03 15:15:00+00:00,,,,1.3011522104035569,
2020-03-04 13:50:00+00:00,,0.55039690705536,,,
2020-03-05 09:25:00+00:00,0.2822189683366823,,,,
2020-03-05 09:35:00+00:00,,0.5615330006057292,,,
2020-03-05 15:25:00+00:00,,,1.6968551228841773,,1.1273136107058732
2020-03-07 09:45:00+00:00,,0.562941897143865,,,
2020-03-07 17:00:00+00:00,,,,1.313236768006446,
2020-03-07 18:05:00+00:00,0.276015795412642,,,,
2020-03-08 23:35:00+00:00,0.2699489682294721,,,,
2020-03-09 04:10:00+00:00,0.2640154899077883,,,,
2020-03-09 11:10:00+00:00,0.2582124294396151,0.5508511173157478,,,
2020-03-09 13:45:00+00:00,0.2525369202405324,,,,
2020-03-10 00:00:00+00:00,0.2570775340664572,,,,
2020-03-10 12:35:00+00:00,0.2616997881289721,,,,
2020-03-10 15:30:00+00:00,0.2559476267858973,0.5375300926041672,1.6775363385868016,,1.1144790863042229
2020-03-11 15:45:00+00:00,0.2503218979491432,,,,
2020-03-11 22:30:00+00:00,0.2548226856742688,,,,
2020-03-12 01:45:00+00:00,0.2492216830431484,,,,
2020-03-12 02:10:00+00:00,,0.5265016784707647,,,
2020-03-12 12:55:00+00:00,0.2537026889042642,,,,
2020-03-12 16:00:00+00:00,0.2582642632507629,,,,
2020-03-12 16:10:00+00:00,0.2525876147445111,,,,
2020-03-12 18:30:00+00:00,0.2470357389724267,,,,
2020-03-12 23:00:00+00:00,0.2416058934298128,,,,
2020-03-13 03:45:00+00:00,0.2362953958922255,,,,
2020-03-13 04:10:00+00:00,0.2311016230905143,,,,
2020-03-13 05:35:00+00:00,0.2221114480178108,,,,
2020-03-13 06:05:00+00:00,0.2157671305932933,,,,
2020-03-13 06:50:00+00:00,0.2196466236013608,,,,
2020-03-13 08:50:00+00:00,0.2235958698937133,,,,
2020-03-13 09:20:00+00:00,0.2186812326734494,,,,
2020-03-13 10:45:00+00:00,0.2226131212369181,,,,
2020-03-13 12:35:00+00:00,0.2272685269197117,,,,
2020-03-13 12:50:00+00:00,0.2222731646980164,,,,
2020-03-13 13:25:00+00:00,0.2262696361992868,,,,
2020-03-13 14:35:00+00:00,0.23033796425815,,,,
2020-03-13 16:55:00+00:00,0.2234003218078251,,,,
2020-03-13 19:25:00+00:00,0.2274170595939298,,,,
2020-03-13 21:00:00+00:00,0.2332233316195224,,,,
2020-03-13 22:30:00+00:00,0.2391478145554118,,,,
2020-03-13 23:45:00+00:00,0.2338913455914838,,,,
2020-03-14 03:55:00+00:00,0.2380967119852187,,,,
2020-03-14 06:05:00+00:00,0.2328633462557836,,,,
2020-03-14 08:05:00+00:00,0.2277450099050815,,,,
2020-03-14 12:55:00+00:00,0.2318398651831748,,,,
2020-03-14 16:00:00+00:00,0.2267440249464486,,,,
2020-03-14 20:35:00+00:00,0.2217601912781257,,,,
2020-03-15 00:40:00+00:00,0.2257474395173064,,,,
2020-03-15 06:00:00+00:00,,0.5525642826798871,,,
2020-03-15 10:15:00+00:00,0.2298063784798275,,,,
2020-03-15 12:15:00+00:00,0.2339382971648949,,,,
2020-03-15 12:30:00+00:00,0.2254114317426377,,,,
2020-03-15 20:45:00+00:00,0.2204568884729346,,,,
2020-03-15 22:20:00+00:00,0.2255455923688978,,,,
2020-03-15 22:25:00+00:00,,0.527866195920953,,1.226122413138921,
2020-03-16 05:45:00+00:00,0.2205881002486294,,,,
2020-03-16 09:10:00+00:00,0.2157395738051645,,,,
2020-03-16 12:05:00+00:00,0.2196185713421814,,,,
2020-03-16 13:10:00+00:00,0.2142868484624832,,,,
2020-03-16 15:35:00+00:00,0.2230162085131615,,,,
2020-03-16 16:15:00+00:00,0.2181143122500422,,,,
2020-03-16 19:30:00+00:00,0.2133201596667862,,,,
2020-03-16 22:25:00+00:00,0.2086313825573103,,,,
2020-03-17 01:00:00+00:00,0.2123825748156907,,,,
2020-03-17 01:30:00+00:00,,0.5754395786995844,,,
2020-03-17 02:25:00+00:00,0.2162012135108768,,,,
2020-03-17 08:25:00+00:00,0.2211297714752134,,,,
2020-03-17 13:50:00+00:00,0.2162693390981882,,,,
2020-03-17 16:30:00+00:00,0.2213028749554526,,,,
2020-03-18 06:25:00+00:00,0.2164386377639317,,,,
2020-03-18 10:05:00+00:00,0.2116813165058804,0.5395855075976786,,,
2020-03-18 13:40:00+00:00,0.2154873465766562,,,,
2020-03-18 15:00:00+00:00,0.2193618090681044,,,,
2020-03-18 16:15:00+00:00,0.2145402365047875,,,,
2020-03-18 20:05:00+00:00,0.2183976699571436,,,,
2020-03-18 22:15:00+00:00,0.2135972891714856,,,,
2020-03-19 09:20:00+00:00,0.2174377684307888,,,,
2020-03-19 11:15:00+00:00,0.2213472995071745,,,,
2020-03-19 13:25:00+00:00,0.2284874795993038,,,,
2020-03-19 13:35:00+00:00,,0.5796653744672909,,,
2020-03-19 15:25:00+00:00,0.2325956844824993,,,,
2020-03-19 16:20:00+00:00,,0.612946475821603,,,
2020-03-19 17:30:00+00:00,0.2444191813871853,,,,
2020-03-19 18:55:00+00:00,0.2390468477802949,,,,
2020-03-20 01:30:00+00:00,0.2337925980660841,,,,
2020-03-20 01:35:00+00:00,,,1.8228969581262195,,1.2110500914875622
2020-03-20 09:20:00+00:00,0.2510707749268044,,,,
2020-03-20 11:35:00+00:00,,0.658020157561237,,,
2020-03-20 13:10:00+00:00,0.2455522392939132,,,,
2020-03-20 13:25:00+00:00,,,1.7595061356212327,,1.1689361030627592
2020-03-20 16:10:00+00:00,0.240155001074233,,,,
2020-03-20 16:30:00+00:00,,0.6283557144292008,,1.404816549136695,
2020-03-20 18:25:00+00:00,0.2348763941506213,,,,
2020-03-20 22:35:00+00:00,0.2396113077159061,,,,
2020-03-21 00:00:00+00:00,0.2343446511723105,,,,
2020-03-21 02:25:00+00:00,0.2400618974478258,,,,
2020-03-21 03:15:00+00:00,0.2347853369419226,,,,
2020-03-21 08:20:00+00:00,0.2296247552359391,,,,
2020-03-21 11:15:00+00:00,0.2245776031158532,,,,
2020-03-21 13:20:00+00:00,0.2286155084198763,,,,
2020-03-21 14:25:00+00:00,0.2235905395448074,,,,
2020-03-21 17:50:00+00:00,0.2186760194856125,,,,
2020-03-21 22:15:00+00:00,,,1.686201683084576,,1.1202359483144528
2020-03-22 03:35:00+00:00,0.2226078143159638,,,,
2020-03-22 08:50:00+00:00,0.2177148945572989,,,,
2020-03-22 10:35:00+00:00,0.2129295211749295,,,,
2020-03-22 18:30:00+00:00,0.2082493302995045,,,,
2020-03-22 22:50:00+00:00,0.2036720100195214,,,,
2020-03-23 08:35:00+00:00,0.1991952992392923,,,,
2020-03-23 12:05:00+00:00,0.2027768307196148,,,,
2020-03-23 13:25:00+00:00,0.2110093544161265,,,,
2020-03-23 20:50:00+00:00,0.2148033026085285,,,,
2020-03-24 00:00:00+00:00,0.2186654659894298,,,,
2020-03-24 00:05:00+00:00,,0.6633527412292775,,,
2020-03-24 04:10:00+00:00,0.2138591990469822,,,,
2020-03-24 04:30:00+00:00,,,1.7304927684029343,,1.1496609373067088
2020-03-24 04:40:00+00:00,,0.6381366894501549,,,
2020-03-24 08:00:00+00:00,0.2177043874458469,,,,
2020-03-24 12:15:00+00:00,0.2129192450097872,,,,
2020-03-24 15:05:00+00:00,0.2082392800044721,0.6130856900457673,,,
2020-03-24 19:50:00+00:00,0.2119834222589525,,,,
2020-03-25 01:55:00+00:00,0.2073240266377007,,,,
2020-03-25 10:40:00+00:00,0.2038026280452594,,,,
2020-03-25 18:05:00+00:00,0.2003410404079106,,,,
2020-03-25 21:00:00+00:00,0.1969382478365823,,,,
2020-03-26 06:00:00+00:00,0.1935932516970779,,,,
2020-03-27 00:00:00+00:00,0.1951400617781376,,,,
2020-03-27 05:00:00+00:00,0.1918256078288359,,,,
2020-03-28 11:00:00+00:00,0.1933582944353883,,,,
2020-03-28 13:20:00+00:00,0.1900741038044033,,,,
2020-03-29 07:45:00+00:00,0.1868456951512855,,,,
2020-03-30 10:05:00+00:00,0.193507088821241,,,,
2020-03-30 11:30:00+00:00,,0.6329149737331098,,,1.186844895830368
2020-03-30 15:20:00+00:00,0.1950532104609227,,,,
2020-03-30 20:15:00+00:00,0.1966116856125055,,,,
2020-03-30 23:45:00+00:00,,0.6190699016237884,,,1.1608825567369645
2020-03-31 04:55:00+00:00,,,1.7777577277810308,,
2020-03-31 11:10:00+00:00,0.1932722361323771,,,,
2020-04-01 00:30:00+00:00,,,,1.3902610792733607,
2020-04-02 02:25:00+00:00,,0.6441361897065404,,,1.2078869685506954
2020-04-02 03:25:00+00:00,0.199068554978791,,,,
2020-04-02 18:40:00+00:00,,,,1.4351394873752543,
2020-04-02 19:00:00+00:00,,0.6303723099410794,,,1.1820768816916212
2020-04-02 20:25:00+00:00,0.1956873755724762,,,,
2020-04-02 20:35:00+00:00,,,1.8038481356902991,,
2020-04-03 12:45:00+00:00,0.1923636254983777,,,,
2020-04-04 11:35:00+00:00,0.1890963293192877,,,,
2020-04-05 04:00:00+00:00,0.1858845281657996,,,,
2020-04-06 05:55:00+00:00,0.1873697455458444,,,,
2020-04-06 10:05:00+00:00,0.1899383501618556,,,,
2020-04-06 17:25:00+00:00,0.1914559575796488,,,,
2020-04-06 18:45:00+00:00,,0.6470874992771922,,,1.2134212770207309
2020-04-06 23:55:00+00:00,0.1929856906807102,,,,
2020-04-07 02:20:00+00:00,0.1897078287244983,,,,
2020-04-07 12:30:00+00:00,0.1864856412536127,,,,
2020-04-07 14:20:00+00:00,,,1.888818363591021,,
2020-04-07 20:00:00+00:00,,,,1.4716267079152527,
2020-04-07 20:05:00+00:00,,0.6348521741250431,,,1.1904775423828826
2020-04-08 10:40:00+00:00,,0.6226010634406348,,,1.1675042066466765
2020-04-08 13:55:00+00:00,0.1833181826369201,,,,
2020-04-11 14:15:00+00:00,0.180204523304832,,,,
2020-04-12 19:05:00+00:00,,0.6346546118417709,,,1.1901070727349183
2020-04-12 19:35:00+00:00,0.183279289434596,,,,
2020-04-12 22:15:00+00:00,0.1801662907035494,0.6254289076243363,,,1.172806992289168
2020-04-12 23:15:00+00:00,,,1.894675656223423,,
2020-04-12 23:55:00+00:00,,,,1.4637990807281551,
2020-04-14 20:35:00+00:00,0.1771061662559496,,,,
2020-04-16 07:00:00+00:00,,0.638548433162939,,,1.1974087833154814
2020-04-16 11:05:00+00:00,,0.6532065260225641,,,1.2248957024358207
2020-04-16 12:15:00+00:00,0.1822228248062508,,,,
2020-04-16 22:00:00+00:00,0.1836787851764527,,,,
2020-04-17 00:10:00+00:00,0.1805590010102306,,,,
2020-04-17 04:55:00+00:00,,,1.9240712286473287,,
2020-04-19 05:50:00+00:00,0.1774922063780719,0.6430844780789657,,1.4895766086695543,1.2059147943584652
2020-04-19 05:55:00+00:00,,,1.8976155674441315,,
2020-04-20 17:15:00+00:00,,0.6345529850500986,,,1.189916501735682
2020-04-23 01:35:00+00:00,0.1789103691070326,,,,
2020-04-23 06:10:00+00:00,,,1.892869611731258,,
2020-04-23 18:10:00+00:00,,0.6728392788636389,,,1.261711125466647
2020-04-23 19:20:00+00:00,0.1850680470149977,,,,
2020-04-24 14:15:00+00:00,0.181000251341608,,,,
2020-04-25 15:50:00+00:00,0.1842546358607301,,,,
2020-04-26 15:05:00+00:00,,0.6646145718444137,,,
2020-04-26 15:10:00+00:00,0.1802047189645113,,,,
2020-04-27 06:05:00+00:00,,,1.87309539080132,,1.2485304212120532
2020-04-27 06:15:00+00:00,,0.6560481452021636,,,
2020-04-28 04:50:00+00:00,,,,1.4736810657985169,
2020-04-29 02:05:00+00:00,0.1834447998114932,,,,
2020-04-29 09:20:00+00:00,,0.6643434868356869,,,
2020-04-29 20:45:00+00:00,,0.7349309326089046,,,
2020-04-29 22:00:00+00:00,,0.719646055949597,,,
2020-04-29 22:25:00+00:00,0.2040177373123238,,,,
2020-04-30 02:55:00+00:00,0.2076859762291994,,,,
2020-04-30 08:35:00+00:00,0.2121174825925053,,,,
2020-04-30 09:00:00+00:00,,,2.1517340035105152,,1.4342597685801683
2020-04-30 09:10:00+00:00,,,,1.67157536589338,
2020-04-30 09:15:00+00:00,,0.7032324811350802,,,
2020-04-30 16:40:00+00:00,0.207455140325122,,,,
2020-04-30 22:20:00+00:00,0.2028952763407758,,,,
2020-05-01 10:55:00+00:00,0.206543333409383,,,,
2020-05-01 13:30:00+00:00,,,2.0974943879720183,,1.3981058116769438
2020-05-01 16:00:00+00:00,0.2020035109410448,,,,
2020-05-03 05:35:00+00:00,0.2079845151971832,,,,
2020-05-03 06:10:00+00:00,,0.6911484827917758,,,
2020-05-03 06:15:00+00:00,,,2.039377552483695,1.639736308580205,1.3593674551318955
2020-05-03 12:30:00+00:00,0.2034130155531491,,,,
2020-05-04 01:15:00+00:00,0.1989419974712909,,,,
2020-05-04 18:15:00+00:00,0.2026101579823613,,,,
2020-05-05 09:50:00+00:00,0.2071106373810129,,,,
2020-05-05 10:00:00+00:00,,0.6777520909897372,,,
2020-05-06 10:20:00+00:00,0.2108344866411235,,,,
2020-05-06 18:45:00+00:00,,,2.0096793514643667,,1.3395718229339864
2020-05-06 23:00:00+00:00,0.2146252907109309,,,,
2020-05-06 23:50:00+00:00,0.2099078268211046,,,,
2020-05-06 23:55:00+00:00,,0.6657915045505342,,,
2020-05-07 00:00:00+00:00,,,,1.6308149992672645,
2020-05-07 13:15:00+00:00,0.213681969547348,,,,
2020-05-07 15:30:00+00:00,,0.6539559733626027,,,
2020-05-07 17:25:00+00:00,,0.6704410634059722,,,
2020-05-07 22:25:00+00:00,0.222946271519137,,,,
2020-05-07 23:45:00+00:00,,0.6879741702168224,,,
2020-05-08 03:05:00+00:00,,,2.0276360742820554,,1.3515410556880991
2020-05-08 23:50:00+00:00,,,,1.6932455556736723,
2020-05-09 06:55:00+00:00,0.2180459124711463,,,,
2020-05-09 23:50:00+00:00,0.2132532633150305,,,,
2020-05-10 07:45:00+00:00,0.2170875569894348,,,,
2020-05-10 14:55:00+00:00,0.212315972486807,,,,
2020-05-11 09:10:00+00:00,0.207649267411547,,,,
2020-05-11 12:45:00+00:00,,0.658666200005693,,,
2020-05-11 16:35:00+00:00,0.2030851365138413,,,,
2020-05-11 16:40:00+00:00,,,1.883317267624243,,1.2553439151953156
2020-05-12 09:00:00+00:00,0.2067366072683601,,,,
2020-05-13 11:00:00+00:00,0.2104537314670453,,,,
2020-05-13 20:00:00+00:00,0.2142376895588228,,,,
2020-05-14 05:20:00+00:00,,,1.8612594877023725,,1.2406410819108487
2020-05-14 05:50:00+00:00,0.2180896832170904,,,,
2020-05-14 08:45:00+00:00,,0.6774809867715874,,,
2020-05-14 12:40:00+00:00,,,1.8628261730704223,1.7765993733459582,1.2416853716742446
2020-05-14 13:55:00+00:00,0.2220109357213337,,,,
2020-05-15 02:30:00+00:00,0.2171311353541788,0.66502109578809,,,
2020-05-15 15:05:00+00:00,0.212358592999094,,,,
2020-05-17 07:00:00+00:00,0.2161768005012177,,,,
2020-05-17 18:45:00+00:00,,,1.858612184957093,,1.238876495852994
2020-05-17 22:15:00+00:00,,0.6524416103893317,,,
2020-05-17 22:20:00+00:00,,,,1.7733702994145353,
2020-05-18 01:05:00+00:00,0.2200636593742296,,,,
2020-05-18 06:10:00+00:00,,0.6418324422855478,,,
2020-05-18 08:45:00+00:00,0.2152266601411841,,,,
2020-05-18 08:50:00+00:00,,,,1.7010761508198913,
2020-05-19 12:35:00+00:00,,0.6298105176876556,,,
2020-05-20 06:35:00+00:00,0.2190964354905225,,,,
2020-05-21 08:15:00+00:00,0.2142806958384408,,,,
2020-05-22 00:10:00+00:00,,0.6178168609382771,,,
2020-05-22 03:55:00+00:00,0.2095708061439119,,,,
2020-05-22 17:00:00+00:00,0.2133388892383794,,,,
2020-05-24 23:30:00+00:00,0.2086497004529198,,,,
2020-05-27 15:40:00+00:00,0.2161411454268559,,,,
2020-05-28 12:05:00+00:00,,0.6302802765942784,,,
2020-05-28 18:00:00+00:00,0.2227357950176575,,,,
2020-05-28 22:45:00+00:00,,0.642332136682605,,,
2020-05-29 08:30:00+00:00,,,,1.7738207026734862,1.2918556146592515
2020-05-29 10:05:00+00:00,,,1.9188357908556968,,
2020-05-30 09:05:00+00:00,,0.6331452035496548,,,
2020-05-30 20:40:00+00:00,,,1.887574328586517,,
2020-05-30 22:40:00+00:00,0.226740584612075,,,,
2020-05-31 04:25:00+00:00,,0.6236111824594954,,1.7538179240988263,1.2772877940381973
2020-05-31 09:00:00+00:00,0.2217568265623016,,,,
2020-05-31 15:30:00+00:00,0.2168826115144622,,,,
2020-06-02 03:05:00+00:00,,0.6367675895105189,,,
2020-06-02 04:10:00+00:00,0.2293161094681753,,,,
2020-06-02 14:45:00+00:00,0.2242757413820648,,,1.80534323372408,1.3148131540907193
2020-06-02 15:05:00+00:00,,,1.8619595697775453,,
2020-06-04 13:15:00+00:00,0.2283082192121144,,,,
2020-06-05 08:15:00+00:00,,,1.850335582583455,1.7811077269122289,1.2971626804538887
2020-06-05 11:50:00+00:00,,0.6278837520847185,,,
2020-06-06 00:35:00+00:00,0.2232900045538321,,,,
2020-06-07 14:00:00+00:00,0.2183820902537389,,,,
2020-06-08 00:55:00+00:00,0.2229217972723712,,,,
2020-06-08 08:15:00+00:00,,,,1.7588167423729293,1.2809283826525526
2020-06-08 14:25:00+00:00,,,1.8395072571592,,
2020-06-09 00:00:00+00:00,,0.6360520728370207,,,
2020-06-09 00:20:00+00:00,,,,1.741675682898388,1.2684447230075733
2020-06-10 18:50:00+00:00,,,,1.7304501343709733,1.2602692699468925
2020-06-10 18:55:00+00:00,,0.6255909849174809,,,
2020-06-11 01:35:00+00:00,0.2269299311873285,,,,
2020-06-11 12:55:00+00:00,0.221942011299831,,,,
2020-06-12 13:55:00+00:00,0.2259325286630019,,,,
2020-06-12 17:35:00+00:00,0.2209665316829892,,,,
2020-06-15 01:45:00+00:00,0.2161096873165971,,,,
2020-06-15 20:50:00+00:00,,0.6360087149291901,,,
2020-06-15 23:10:00+00:00,0.2235693445729951,,,,
2020-06-16 14:55:00+00:00,,,,1.7177668791100067,1.2510321838669178
2020-06-16 16:00:00+00:00,,,1.8507296551676176,,
2020-06-17 20:05:00+00:00,0.2186552903792807,,,,
2020-06-18 19:10:00+00:00,,0.6284612008428374,,,
2020-06-19 02:55:00+00:00,0.2138492470967441,,,,
2020-06-21 11:50:00+00:00,,,1.84515670905534,,
2020-06-22 11:45:00+00:00,,0.632968237866674,,,
2020-06-22 16:05:00+00:00,0.2176942565595436,,,,
2020-06-22 20:50:00+00:00,,0.6376333867383116,,,
2020-06-22 22:05:00+00:00,,0.6322109002136377,,,
2020-06-23 01:25:00+00:00,,0.6267746670564428,,,
2020-06-23 01:40:00+00:00,,,,1.7476194222404602,1.2727734880454116
2020-06-23 10:00:00+00:00,,,1.8747009561798915,,
2020-06-26 14:20:00+00:00,,0.6124021661806234,,,
2020-06-27 19:40:00+00:00,0.2129093368003648,,,,
2020-06-29 20:45:00+00:00,0.2167374466760353,,,,
2020-06-30 06:25:00+00:00,,,1.8505605874301696,,
2020-06-30 13:05:00+00:00,,,,1.7246577083273993,1.2560507048486211
2020-07-02 06:45:00+00:00,,,1.8380130073957517,,
2020-07-02 15:00:00+00:00,,0.6029968324479803,,1.70733990316079,1.2434383231099595
2020-07-02 15:05:00+00:00,0.211973557598096,,,,
2020-07-05 05:55:00+00:00,,,,1.6915702861256343,1.2319534710743576
2020-07-05 09:55:00+00:00,0.2073143788020899,0.5976501661326996,,,
2020-07-06 12:00:00+00:00,,0.604142804069712,,,
2020-07-06 12:35:00+00:00,0.2110418913329514,,,,
2020-07-07 08:05:00+00:00,,,,1.6970118110204828,1.235916478427425
2020-07-07 09:50:00+00:00,,,1.8387640535290453,,
2020-07-08 13:50:00+00:00,,0.6116145039381334,,,
2020-07-09 10:05:00+00:00,,,,1.686996945393699,1.2286227534356495
2020-07-09 10:55:00+00:00,,,1.8218767525180688,,
2020-07-09 14:55:00+00:00,,0.6024439281583187,,,
2020-07-09 15:20:00+00:00,0.2064031905614531,,,,
2020-07-12 13:25:00+00:00,,,,1.6704827065325514,1.216595600881593
2020-07-14 04:15:00+00:00,,0.5938295982425817,,,
2020-07-14 11:20:00+00:00,0.2018664484329124,,,,
2020-07-19 03:10:00+00:00,,,,1.6599326908803846,1.2089121315577471
2020-07-19 06:45:00+00:00,,0.5926873087741996,,,
2020-07-20 10:45:00+00:00,,0.5871681247303857,,1.6467688800069873,1.1993250617025584
2020-07-20 11:10:00+00:00,,,1.8059007808868657,,
2020-07-21 12:45:00+00:00,,0.595364440553859,,,
2020-07-21 15:55:00+00:00,,,,1.6626989520604594,1.2109267714994885
2020-07-22 07:55:00+00:00,,0.5885802002197109,,,
2020-07-22 08:15:00+00:00,,,1.7988824849972198,,
2020-07-22 22:30:00+00:00,0.2054960071757362,,,,
2020-07-23 14:30:00+00:00,,,,1.6481340611528033,1.2003193092753774
2020-07-23 17:10:00+00:00,,,,1.6506524564245566,1.2021534309917619
2020-07-24 05:00:00+00:00,,0.580789830269935,,,
2020-07-25 18:00:00+00:00,,,,1.6509860751096097,1.2023964020940787
2020-07-25 21:20:00+00:00,,,,1.6453385113686836,1.19828333874057
2020-07-26 07:55:00+00:00,,,,1.638413345054052,1.1932398103994462
2020-07-26 08:20:00+00:00,0.2091908253847559,,,,
2020-07-26 08:35:00+00:00,,,,1.6314840928091596,1.1881933063167829
2020-07-26 09:15:00+00:00,,,,1.6300903899671757,1.1871782866821208
2020-07-26 10:10:00+00:00,,,,1.669173509019654,1.2156421256204322
2020-07-26 12:55:00+00:00,,0.5899835095441844,,,
2020-07-26 15:05:00+00:00,0.2131711776605903,,,,
2020-07-27 01:20:00+00:00,,0.6002916695909001,,,
2020-07-27 03:55:00+00:00,,,,1.6889686302840057,1.2300587115299724
2020-07-27 06:00:00+00:00,,,,1.6791838826859211,1.222932579162954
2020-07-27 08:35:00+00:00,0.2175434547999628,,,,
2020-07-27 10:35:00+00:00,,0.611608787108909,,,
2020-07-27 11:10:00+00:00,,,,1.6677938879198868,1.2146373615757065
2020-07-27 13:25:00+00:00,,,,1.6605247517029902,1.2093433234458282
2020-07-27 14:00:00+00:00,,,,1.6498801177341205,1.2015909445622404
2020-07-27 15:00:00+00:00,,,,1.6432051901465885,1.1967296625463069
2020-07-27 17:05:00+00:00,,,,1.6981624363129588,1.2367544671498558
2020-07-27 22:20:00+00:00,,,,1.742380150730647,1.2689577797799285
2020-07-27 23:20:00+00:00,0.2285019089857781,0.6332286871422627,,,
2020-07-28 08:05:00+00:00,0.2246208040616546,,,,
2020-07-28 08:50:00+00:00,,0.605115002499738,,,
2020-07-29 17:55:00+00:00,0.2286594861186832,,,,
2020-07-30 00:00:00+00:00,0.2247757047469573,,,,
2020-07-31 02:25:00+00:00,,0.5973030242362295,,,
2020-07-31 16:20:00+00:00,,,,1.7437051878040029,1.2699227908322106
2020-07-31 18:00:00+00:00,0.2299936596007715,,,,
2020-08-01 06:00:00+00:00,,,,1.7601546150917693,1.2819027417751678
2020-08-01 06:30:00+00:00,,,,1.7569520224678885,1.2795703260713758
2020-08-01 10:55:00+00:00,0.2369491918692866,,,,
2020-08-01 12:05:00+00:00,,0.6105916213361631,,,
2020-08-01 13:35:00+00:00,0.2329246098453867,,,,
2020-08-01 19:45:00+00:00,,,,1.75885556169332,1.2809566543696034
2020-08-01 20:50:00+00:00,,,,1.746216146188078,1.2717514963387786
2020-08-02 01:40:00+00:00,0.2371125943304068,,,,
2020-08-02 03:00:00+00:00,,,,1.7463448884914563,1.2718452580516806
2020-08-02 04:20:00+00:00,,,,1.749710503710382,1.2742964014568727
2020-08-02 04:35:00+00:00,,0.5934383567179692,,,
2020-08-02 04:40:00+00:00,0.2245591886492789,,,,
2020-08-02 10:45:00+00:00,0.2207450508300709,,,,
2020-08-02 12:40:00+00:00,,,2.073760904263362,,
2020-08-02 21:35:00+00:00,0.2169956961417222,,,,
2020-08-03 20:10:00+00:00,0.2209237587088389,,,,
2020-08-03 21:55:00+00:00,0.2171713686671693,,,,
2020-08-04 11:50:00+00:00,0.2134827129703574,,,,
2020-08-04 13:15:00+00:00,,,2.055870094855498,,
2020-08-05 12:55:00+00:00,,,,1.7528125923820623,1.276555621152325
2020-08-05 13:35:00+00:00,,,,1.746410266574297,1.2718928722458693
2020-08-05 14:20:00+00:00,,,,1.735604825634104,1.26402337927715
2020-08-05 15:30:00+00:00,,,,1.7310440304051573,1.26070179840094
2020-08-05 16:25:00+00:00,,,,1.720839342350384,1.253269827661431
2020-08-05 18:55:00+00:00,0.2224135889605188,,,,
2020-08-05 21:30:00+00:00,,0.60582439644331,,,
2020-08-05 22:00:00+00:00,,,,1.7182180992926244,1.2513608029463346
2020-08-06 00:20:00+00:00,,,,1.70707113882552,1.2432425847723616
2020-08-06 14:10:00+00:00,,,,1.7065342855275794,1.2428515999641747
2020-08-06 19:10:00+00:00,0.2264125852900289,,,,
2020-08-06 19:40:00+00:00,,,,1.698417744390372,1.2369404054314295
2020-08-06 21:45:00+00:00,0.2225669675288778,,,,
2020-08-07 03:15:00+00:00,,,,1.6879006321615575,1.2292808993368631
2020-08-07 11:55:00+00:00,0.2187866675853998,,,,
2020-08-07 14:25:00+00:00,,,2.1162642446919,,
2020-08-09 15:10:00+00:00,,,2.0961781075913866,,
2020-08-10 01:55:00+00:00,,0.6184809577391065,,,
2020-08-10 02:20:00+00:00,,,,1.7070751227834458,1.2432454862484847
2020-08-10 02:40:00+00:00,,,,1.6974135892862343,1.236209089460591
2020-08-10 07:05:00+00:00,0.2252720656074581,,,,
2020-08-10 10:25:00+00:00,,0.6052079795845323,,,
2020-08-11 06:25:00+00:00,0.2214458195731155,,,,
2020-08-11 13:05:00+00:00,,,2.0943760197513517,,
2020-08-11 14:55:00+00:00,,0.5842820804910437,,,
2020-08-12 06:00:00+00:00,0.2176845623276661,,,,
2020-08-12 16:20:00+00:00,0.2215985307583175,,,,
2020-08-13 08:30:00+00:00,0.2178346797133875,,,,
2020-08-13 08:45:00+00:00,,,2.08081943184001,,
2020-08-13 12:35:00+00:00,0.2141347576784556,,,,
2020-08-13 22:25:00+00:00,,,,1.7037058361793678,1.240791669010748
2020-08-14 00:25:00+00:00,,,,1.6948598425262913,1.234349221614152
2020-08-14 02:45:00+00:00,0.2182806015983719,,,,
2020-08-14 17:00:00+00:00,,,,1.6850635721931069,1.2272146973561082
2020-08-14 23:05:00+00:00,,0.5953630578041337,,,
2020-08-15 00:55:00+00:00,,,,1.6915364682811296,1.2319288418814345
2020-08-16 11:25:00+00:00,,,2.108916367766965,,
2020-08-17 13:20:00+00:00,0.2222052868151107,,,,
2020-08-17 13:25:00+00:00,,,,1.6827478203824373,1.2255281588157352
2020-08-17 15:50:00+00:00,,,,1.707337743340775,1.2434367501349641
2020-08-17 16:05:00+00:00,,,,1.6932770856998467,1.2331965158813794
2020-08-17 18:25:00+00:00,,0.6145138757314986,,,
2020-08-17 22:30:00+00:00,0.2262005378720464,,,,
2020-08-18 11:55:00+00:00,0.2223585217362897,,,,
2020-08-18 14:15:00+00:00,,0.5968270771794879,,,
2020-08-18 14:40:00+00:00,,,2.1159259614305976,,
2020-08-19 03:55:00+00:00,0.2185817622445988,,,,
2020-08-19 16:25:00+00:00,0.2148691510128743,,,,
2020-08-21 11:45:00+00:00,,,2.0819192789041674,,
2020-08-21 21:15:00+00:00,0.2112195984829206,,,,
2020-08-25 13:40:00+00:00,0.206576991708266,,,,
2020-08-25 18:05:00+00:00,0.2020364294305184,,,,
2020-08-26 16:25:00+00:00,0.2056690444316791,,,,
2020-08-27 13:20:00+00:00,,0.606546304652723,,,
2020-08-27 17:00:00+00:00,0.2011484388350708,,,,
2020-08-28 09:30:00+00:00,0.2047650877653253,,,,
2020-08-31 12:50:00+00:00,0.2084467640433459,,,,
2020-08-31 13:20:00+00:00,,,,1.6855445238360407,1.2275649695563184
2020-08-31 20:20:00+00:00,,0.6002323398760068,,,
2020-09-01 00:20:00+00:00,0.2038651041696732,,,,
2020-09-01 06:10:00+00:00,,,,1.6809279259272345,1.2242027481547264
2020-09-01 07:10:00+00:00,,,,1.685538929743011,1.2275608954351411
2020-09-01 07:30:00+00:00,0.2077877879360205,,,,
2020-09-01 07:55:00+00:00,,,,1.679592646964026,1.2232302780380133
2020-09-01 08:05:00+00:00,,,,1.671525434734397,1.2173550092480017
2020-09-01 10:25:00+00:00,,,,1.664771050227764,1.2124358595643216
2020-09-01 15:20:00+00:00,,0.6075895639849055,,,
2020-09-01 15:30:00+00:00,,,,1.659798304829727,1.2088142595609823
2020-09-01 16:15:00+00:00,,,,1.6617762873160402,1.2102548041305607
2020-09-02 07:10:00+00:00,,,2.1447650602471757,,
2020-09-02 10:25:00+00:00,0.2032206123571868,,,,
2020-09-02 14:55:00+00:00,0.1987538232975758,,,,
2020-09-03 12:10:00+00:00,0.1943852142614952,,,,
2020-09-03 15:35:00+00:00,0.1901126272520275,,,,
2020-09-03 23:25:00+00:00,0.1859339517050279,,,,
2020-09-04 10:15:00+00:00,0.1892770441566843,,,,
2020-09-04 14:15:00+00:00,0.1851167347261204,,,,
2020-09-04 18:55:00+00:00,0.188445133616496,,,,
2020-09-05 09:05:00+00:00,0.1843031095796054,,,,
2020-09-05 11:40:00+00:00,,,2.085038506561526,,
2020-09-05 18:50:00+00:00,0.1802521272310457,,,,
2020-09-06 08:40:00+00:00,0.1834930604786598,,,,
2020-09-07 11:00:00+00:00,0.1794598830093389,,,,
2020-09-07 12:15:00+00:00,,,2.044476961244866,,
2020-09-07 23:45:00+00:00,0.1848559861814774,,,,
2020-09-08 09:45:00+00:00,0.1807928516052085,,,,
2020-09-08 10:10:00+00:00,,,2.009094191460078,,
2020-09-08 22:30:00+00:00,0.1840435070770701,,,,
2020-09-08 22:40:00+00:00,0.1799982307915161,,,,
2020-09-09 11:15:00+00:00,0.1832345989811475,,,,
2020-09-10 13:55:00+00:00,0.1865291570708286,,,,
2020-09-11 03:35:00+00:00,0.1824292461984117,,,,
2020-09-13 03:35:00+00:00,0.1857093240450592,,,,
2020-09-13 04:05:00+00:00,,,,1.665588312573585,1.2130310634361152
2020-09-13 11:30:00+00:00,0.1816274331025487,0.6009924550945988,,,
2020-09-13 12:15:00+00:00,,,2.0442903846495435,,
2020-09-14 12:50:00+00:00,0.1848930943497326,,,,
2020-09-14 13:15:00+00:00,,,,1.6569331199795287,1.2067275745143
2020-09-14 13:35:00+00:00,,,,1.6557339382472709,1.2058542226295919
2020-09-14 13:55:00+00:00,,,,1.646955341024281,1.199460859368999
2020-09-14 14:10:00+00:00,,,,1.6397322979294389,1.1942003903920988
2020-09-14 16:10:00+00:00,,,,1.640269623976952,1.1945917194990014
2020-09-15 02:30:00+00:00,,0.6100465043811542,,,
2020-09-15 02:50:00+00:00,,,,1.6418485734561397,1.195741652379409
2020-09-15 03:00:00+00:00,0.1882174721861408,,,,
2020-09-15 11:20:00+00:00,,,,1.6391110156148203,1.1937479167879637
2020-09-15 12:35:00+00:00,,,,1.6350849314841736,1.1908157605776841
2020-09-15 12:50:00+00:00,,,,1.6257021680558417,1.183982389201625
2020-09-15 14:55:00+00:00,,0.6016389664042308,,,
2020-09-16 08:00:00+00:00,,,,1.6161596523612918,1.1770326718714583
2020-09-16 13:00:00+00:00,,,,1.608835544103552,1.1716985981621637
2020-09-16 15:40:00+00:00,,,,1.6082439170719731,1.171267722199685
2020-09-16 16:10:00+00:00,,,,1.6015784642104665,1.1664133405305535
2020-09-16 16:35:00+00:00,0.1922899451957523,,,,
2020-09-16 17:00:00+00:00,,,,1.6000480398975412,1.1652987480362367
2020-09-17 10:20:00+00:00,0.1880634122003496,,,,
2020-09-17 13:45:00+00:00,,,2.1222253629359233,,
2020-09-18 17:50:00+00:00,,,2.1042427982865823,,
2020-09-19 12:05:00+00:00,,,,1.5989603793681502,1.1645066159117108
2020-09-19 12:50:00+00:00,0.1917508343331563,,,,
2020-09-19 18:05:00+00:00,,0.5951955586538007,,,
2020-09-20 03:00:00+00:00,,,2.097194452735361,,
2020-09-21 09:35:00+00:00,,,2.0716003307768194,,
2020-09-21 10:50:00+00:00,0.1875361509945136,,,,
2020-09-23 19:05:00+00:00,0.1834141063956541,,,,
2020-09-23 19:40:00+00:00,,,2.030159617303632,,1.141211589216319
2020-09-24 17:05:00+00:00,0.1898300064670796,,,,
2020-09-27 04:10:00+00:00,,0.6017457553457514,,,
2020-09-27 08:00:00+00:00,,,2.093345524437197,,1.1767302198113565
2020-09-28 01:10:00+00:00,0.1932431499833577,,,,
2020-09-28 23:15:00+00:00,0.1889956655467235,0.5955359214759806,,,
2020-09-29 00:10:00+00:00,,,2.0809900770505942,,1.169784864565708
2020-10-01 16:15:00+00:00,0.1848415408180065,,,,
2020-10-01 16:35:00+00:00,,,2.040070915391973,,1.1467830172686684
2020-10-05 23:40:00+00:00,0.1881649917219143,,,,
2020-10-06 19:45:00+00:00,,,2.0470224673923725,,1.1506906862215325
2020-10-08 09:15:00+00:00,,,2.029841361984498,,1.141032688673017
2020-10-08 16:50:00+00:00,0.1915481982730743,,,,
2020-10-08 18:30:00+00:00,,,,1.5921913653082036,
2020-10-08 18:35:00+00:00,,0.6016740649394532,,,
2020-10-09 00:20:00+00:00,,,,1.5809080163445155,
2020-10-09 11:00:00+00:00,,0.6085729044449883,,,
2020-10-09 17:30:00+00:00,,,,1.591426579258591,
2020-10-10 02:05:00+00:00,0.1949922348780242,0.6153877555977381,,,
2020-10-10 05:00:00+00:00,,,,1.6301550107130345,
2020-10-12 10:40:00+00:00,,0.6066467488010542,,,
2020-10-12 11:35:00+00:00,,,2.14485028688861,,1.2056825402636036
2020-10-12 15:30:00+00:00,0.1984981952611311,,,,
2020-10-12 21:35:00+00:00,,0.614513902213768,,,
2020-10-12 23:05:00+00:00,,,,1.6465985458704888,
2020-10-13 13:30:00+00:00,0.1941352049292914,,,,
2020-10-16 04:55:00+00:00,,,2.10026181646199,,1.1806180681095022
2020-10-19 14:10:00+00:00,0.197806347097084,,,,
2020-10-19 17:45:00+00:00,,,,1.6444063351679876,
2020-10-19 18:20:00+00:00,,0.6220468380110169,,,
2020-10-20 07:40:00+00:00,,,,1.6324026098628568,
2020-10-20 11:25:00+00:00,,,,1.6234350327033842,
2020-10-20 15:30:00+00:00,0.2013629052178896,,,,
2020-10-20 19:10:00+00:00,,,,1.6195195316380655,
2020-10-21 02:55:00+00:00,,0.6299363981351112,,,
2020-10-21 04:20:00+00:00,0.2049834102537072,,,,
2020-10-21 07:05:00+00:00,,,,1.6355673450147783,
2020-10-21 12:45:00+00:00,,0.6396196839472117,,,
2020-10-21 21:20:00+00:00,0.2076451198358516,,,,
2020-10-21 22:30:00+00:00,,0.6537617107060775,,,1.2067215992081213
2020-10-21 23:05:00+00:00,,0.6421256804919246,,,1.1852436680926826
2020-10-22 02:25:00+00:00,0.2030810801018595,,,,
2020-10-22 21:00:00+00:00,0.2072766738778451,,,,
2020-10-23 00:15:00+00:00,0.2027207325860101,,,,
2020-10-25 01:35:00+00:00,0.2053530612986394,,,,
2020-10-25 05:40:00+00:00,,0.6339910346755161,,,1.1702286363956345
2020-10-25 05:45:00+00:00,,,,1.6156621996627136,
2020-10-26 16:30:00+00:00,0.2008394010112953,,,,
2020-10-26 17:25:00+00:00,,,2.0904521342795204,,
2020-10-27 15:30:00+00:00,0.2071406748907586,,,,
2020-10-27 16:45:00+00:00,,0.6443507868781929,,,1.189350797483827
2020-10-27 18:20:00+00:00,,0.6351828819870281,,,1.1724285631735523
2020-10-27 21:45:00+00:00,0.2098303965542151,,,,
2020-10-28 07:20:00+00:00,,,,1.653199623573243,
2020-10-28 11:05:00+00:00,,0.6258159898734047,,,1.1551390357419842
2020-10-28 11:20:00+00:00,0.2052183244379534,,,,
2020-10-28 11:50:00+00:00,,,2.143679692121558,,
2020-10-29 20:00:00+00:00,0.2096227734312854,,,,
2020-10-30 00:10:00+00:00,,0.6136943653944055,,,1.1327647886168346
2020-10-30 05:55:00+00:00,0.2050152648712657,,,,
2020-10-30 06:35:00+00:00,,,2.123125957426568,,
2020-10-30 19:20:00+00:00,0.2079034453485204,,,,
2020-10-31 06:05:00+00:00,,,,1.6250024074692122,
2020-10-31 10:20:00+00:00,,0.6018200646712007,,,1.1108470547949685
2020-10-31 13:20:00+00:00,0.2115650933835027,,,,
2020-10-31 17:05:00+00:00,,,,1.6287030480319764,
2020-11-02 08:35:00+00:00,0.2069148926309333,,,,
2020-11-02 09:20:00+00:00,,,2.132296727604404,,
2020-11-03 17:30:00+00:00,0.2098526095149498,,,,
2020-11-04 07:45:00+00:00,,,,1.6104240377725565,
2020-11-04 20:15:00+00:00,,0.5906981607021942,,,1.0903181043778145
2020-11-04 20:20:00+00:00,0.2127281138266319,,,,
2020-11-05 02:40:00+00:00,0.2154903883846708,,,,
2020-11-05 17:30:00+00:00,,0.5792889129086956,,,1.069258771110556
2020-11-05 17:35:00+00:00,0.2248540718896425,,,,
2020-11-06 03:10:00+00:00,0.232708692100693,,,,
2020-11-06 08:55:00+00:00,,,,1.766450801702105,
2020-11-06 09:20:00+00:00,0.2275937550483198,,,,
2020-11-06 20:15:00+00:00,0.2225912443123577,0.5659091292180494,,,1.0445621978670763
2020-11-07 15:15:00+00:00,0.2176986887623721,,,,
2020-11-07 15:25:00+00:00,,,2.3881462874108403,,
2020-11-08 10:40:00+00:00,0.2205255062359514,,,,
2020-11-08 16:15:00+00:00,0.2233890299344253,,,,
2020-11-09 11:45:00+00:00,0.2262897364881237,,,,
2020-11-09 13:15:00+00:00,0.2213158880801148,,,,
2020-11-09 13:50:00+00:00,,,,1.7088159492325925,
2020-11-09 16:15:00+00:00,,,2.356457347512369,,
2020-11-10 15:25:00+00:00,,0.5533681971261016,,,1.0214139874691146
2020-11-11 15:00:00+00:00,0.2254774506331738,,,,
2020-11-11 22:20:00+00:00,0.2284052753296455,,,,
2020-11-12 00:10:00+00:00,,,,1.682459894317669,
2020-11-12 10:15:00+00:00,,0.5440960499920785,,,1.0042993415141273
2020-11-12 10:20:00+00:00,0.231568367545434,,,,
2020-11-12 20:50:00+00:00,0.2345752827980115,,,,
2020-11-13 04:25:00+00:00,0.2382455462422643,,,,
2020-11-13 11:15:00+00:00,,,,1.6913584136352855,
2020-11-13 16:05:00+00:00,0.2330089091358593,,,,
2020-11-14 08:20:00+00:00,0.2278873733130531,,,,
2020-11-14 08:30:00+00:00,,,2.4345326726099774,,
2020-11-15 21:05:00+00:00,,,2.408123744931859,,
2020-11-16 09:25:00+00:00,0.2313874689995479,,,,
2020-11-16 15:50:00+00:00,0.2343920352845069,,,,
2020-11-16 21:30:00+00:00,0.2391590389060555,,,,
2020-11-17 11:30:00+00:00,,0.553929985289894,,,1.0224509431370987
2020-11-17 20:05:00+00:00,,0.5708568478729383,,,1.0536947592726855
2020-11-17 21:00:00+00:00,0.2525290722176536,,,,
2020-11-18 04:15:00+00:00,,0.5845283236479941,,,1.0789297414391885
2020-11-18 05:30:00+00:00,,0.5732502027280536,,,1.0581124438065777
2020-11-18 05:35:00+00:00,0.2469784832103095,,,1.815427306562125,
2020-11-18 07:55:00+00:00,0.2501854988147953,,,,
2020-11-18 14:30:00+00:00,0.2446864215508461,,,,
2020-11-18 19:50:00+00:00,0.2393082140051584,,,,
2020-11-19 08:45:00+00:00,0.2340482194613251,,,,
2020-11-19 10:40:00+00:00,,,2.6157044129689164,,
2020-11-19 18:10:00+00:00,0.2370873355910303,,,,
2020-11-20 08:50:00+00:00,0.2401659146436798,,,,
2020-11-21 04:00:00+00:00,,,,1.819475034830793,
2020-11-22 08:55:00+00:00,0.2348870678398117,,,,
2020-11-22 20:50:00+00:00,0.2391103373195716,,,,
2020-11-23 00:25:00+00:00,0.2338546921052874,,,,
2020-11-23 01:00:00+00:00,,0.5582926801727208,,,
2020-11-24 06:05:00+00:00,0.2287145659728132,,,,
2020-11-24 14:05:00+00:00,0.237166790780639,,,,
2020-11-24 20:00:00+00:00,,,,1.8126263079593088,
2020-11-25 03:55:00+00:00,0.2319538647192805,,,,
2020-11-25 16:00:00+00:00,,,,1.7721394369503132,
2020-11-25 23:15:00+00:00,0.2268555187727508,,,,
2020-11-25 23:25:00+00:00,,,2.6359903110259904,,1.066318554964076
2020-11-26 00:05:00+00:00,,0.546725243725749,,,
2020-11-26 02:25:00+00:00,0.2218692344701257,,,,
2020-11-26 08:05:00+00:00,0.2169925486964724,,,,
2020-11-26 14:00:00+00:00,0.2122230524761239,,,,
2020-11-27 02:35:00+00:00,0.2160388229596446,,,,
2020-11-27 08:25:00+00:00,0.2112902896309916,,,,
2020-11-27 15:40:00+00:00,0.2066461290649024,,,,
2020-11-28 00:50:00+00:00,0.2103616264654893,,,,
2020-11-28 13:00:00+00:00,,0.5449762520468004,,,
2020-11-28 20:45:00+00:00,0.2183276460907701,,,,
2020-11-29 21:05:00+00:00,,0.5618254332955436,,,
2020-11-29 22:45:00+00:00,0.2222531771674822,,,,
2020-11-30 04:40:00+00:00,0.2262492892929536,,,,
2020-11-30 12:55:00+00:00,,0.5725659957576726,,,
2020-11-30 15:30:00+00:00,,,,1.741070408209633,
2020-11-30 17:30:00+00:00,,0.5839939373245708,,,
2020-11-30 18:10:00+00:00,0.2352996518343248,,,,
2020-12-01 11:20:00+00:00,,,,1.696869989618906,
2020-12-01 11:25:00+00:00,0.2301277654870063,,,,
2020-12-01 12:20:00+00:00,0.2250695572016019,,,,
2020-12-01 12:25:00+00:00,,0.5658208733006193,,,
2020-12-01 13:35:00+00:00,,,2.877315912478177,,1.1639402971760846
2020-12-02 00:00:00+00:00,0.2201225283343107,,,,
2020-12-02 13:20:00+00:00,0.2240803313937616,,,,
2020-12-02 15:00:00+00:00,0.2191550457097267,,,,
2020-12-03 08:15:00+00:00,0.2230954534315876,,,,
2020-12-04 10:15:00+00:00,0.2181918153651613,,,,
2020-12-04 11:30:00+00:00,,,2.8852082420692793,,1.1671329255593084
2020-12-04 21:50:00+00:00,0.2133959592634351,,,,
2020-12-05 19:10:00+00:00,0.2172328186109917,,,,
2020-12-06 13:45:00+00:00,0.2124580412579221,,,,
2020-12-07 19:10:00+00:00,,,2.8843218040873144,,1.1667743410591909
2020-12-08 09:40:00+00:00,0.2077882135110729,,,,
2020-12-08 10:10:00+00:00,,,2.825518671340334,,1.1429871248179768
2020-12-08 22:55:00+00:00,0.2032210285780995,,,,
2020-12-10 15:10:00+00:00,0.1987542303699529,,,,
2020-12-10 15:30:00+00:00,,,2.774896474753741,,1.122509284938393
2020-12-11 01:50:00+00:00,0.1943856123864213,,2.706519463537552,,1.0948492152151361
2020-12-11 02:55:00+00:00,,0.5515184731951499,,,
2020-12-11 10:20:00+00:00,0.1901130166261677,,,,
2020-12-12 04:20:00+00:00,0.1939870258882434,,,,
2020-12-12 22:25:00+00:00,0.198277296419288,,,,
2020-12-13 09:20:00+00:00,,0.5619079747169992,,,
2020-12-13 11:50:00+00:00,0.2027726313044299,,,,
2020-12-13 22:15:00+00:00,0.1983156888683585,,,,
2020-12-14 23:55:00+00:00,,0.5624996180348967,,,
2020-12-15 04:50:00+00:00,,,,1.683190572864296,
2020-12-15 04:55:00+00:00,,0.5519647059024645,,,
2020-12-16 18:15:00+00:00,0.2133562259518294,,,,
2020-12-16 18:45:00+00:00,,0.5772939251666867,,,
2020-12-17 04:20:00+00:00,,0.590123898963865,,,
2020-12-17 07:10:00+00:00,0.2279829654584548,,,,
2020-12-17 08:00:00+00:00,,0.6048955731312721,,,
2020-12-17 09:35:00+00:00,,,,1.960832527104136,
2020-12-17 09:40:00+00:00,,0.5863214392041327,,,
2020-12-17 12:10:00+00:00,0.2320820991773978,,,,
2020-12-17 18:15:00+00:00,0.2269809346374786,,,,
2020-12-17 20:10:00+00:00,0.2219918936941468,,,,
2020-12-18 14:30:00+00:00,0.2171125118707495,,,,
2020-12-19 00:35:00+00:00,,0.5884602484800195,,,
2020-12-19 20:15:00+00:00,0.2270461968343313,,,,
2020-12-20 00:20:00+00:00,0.2220557214279127,,,1.9370859059798529,
2020-12-20 03:15:00+00:00,,0.5664196375949158,,,
2020-12-20 21:10:00+00:00,0.2171749366709272,,,,
2020-12-21 09:45:00+00:00,0.2124014315629002,,,,
2020-12-21 10:15:00+00:00,,,,1.8820330820651467,1.0637331243529171
2020-12-21 22:25:00+00:00,0.2162204093024011,,,,
2020-12-22 22:50:00+00:00,0.2201080522616583,,,,
2020-12-23 07:15:00+00:00,0.2152700772729471,,,,
2020-12-23 11:05:00+00:00,,,,1.8886721011343568,1.0674855262444822
2020-12-23 21:40:00+00:00,0.2105384409744877,,,,
2020-12-23 22:20:00+00:00,,,,1.7974955383363005,1.0159521441072712
2020-12-25 00:00:00+00:00,0.214323922143209,,,,
2020-12-25 14:10:00+00:00,0.2195022224360514,,,,
2020-12-25 14:40:00+00:00,0.214677563586907,,,,
2020-12-26 15:30:00+00:00,,0.5866600232809155,,,
2020-12-26 18:45:00+00:00,0.220756394738889,,,,
2020-12-26 20:35:00+00:00,,0.6041599009404129,,,
2020-12-27 00:55:00+00:00,0.2247255947162943,,,,
2020-12-27 06:00:00+00:00,0.2287661609092932,,,,
2020-12-27 06:15:00+00:00,,0.6233537605309181,,,
2020-12-27 10:05:00+00:00,0.2328793764824423,,,,
2020-12-27 11:35:00+00:00,0.2277606877873582,,,,
2020-12-27 11:40:00+00:00,,0.5981759914540022,,2.0800373673740657,1.1756459908450443
2020-12-28 13:30:00+00:00,0.2318558249537749,,,,
2020-12-28 20:30:00+00:00,0.2267596339212909,,,,
2020-12-29 05:10:00+00:00,,,,2.0181026603105408,1.1406402302777148
2020-12-29 05:20:00+00:00,,,3.053335044044656,,
2020-12-29 23:25:00+00:00,0.2308367721391957,,,,
2020-12-30 05:40:00+00:00,0.2349872173022585,,,,
2020-12-30 08:25:00+00:00,0.2298221982659548,,,,
2020-12-30 20:35:00+00:00,,0.6184019638790645,,,
2020-12-31 01:05:00+00:00,0.2247707063480691,,,,
2020-12-31 13:05:00+00:00,0.2198302462225386,,,,
2020-12-31 13:10:00+00:00,,,,2.117819535679874,1.1970006335023695
2021-01-01 01:10:00+00:00,0.2237827940496198,,,,
2021-01-01 18:45:00+00:00,,,,2.100470993735586,1.1871951636085483
2021-01-02 20:10:00+00:00,0.2391590414396784,,,,
2021-01-02 20:20:00+00:00,0.2339023257088343,0.6522748846826331,,,
2021-01-02 20:55:00+00:00,,,,2.2195284016619627,1.2544869183166627
2021-01-03 04:55:00+00:00,0.2381078895250792,,,,
2021-01-03 07:20:00+00:00,,0.6836696854767799,,,
2021-01-03 09:10:00+00:00,0.2454321186025877,,,,
2021-01-03 15:30:00+00:00,,0.6467622867766475,,,
2021-01-03 18:35:00+00:00,,,,2.211190536399222,1.2497743213113877
2021-01-03 22:50:00+00:00,0.2396683082664753,,,,
2021-01-03 23:55:00+00:00,0.2344003988507782,,,,
2021-01-04 07:05:00+00:00,0.229248278084038,,,,
2021-01-04 09:30:00+00:00,,,3.591317385654968,2.055527981084408,1.1617931811881268
2021-01-04 16:15:00+00:00,0.2242094009317509,,,,
2021-01-05 03:40:00+00:00,0.219281278299271,,,,
2021-01-05 05:45:00+00:00,,,,1.9817226627160869,1.1200781004863316
2021-01-05 12:15:00+00:00,0.2232239556830919,,,,
2021-01-05 14:10:00+00:00,0.2183174931371776,,,,
2021-01-05 16:15:00+00:00,0.222242841663784,,,,
2021-01-05 22:20:00+00:00,,0.6972757888802601,,,
2021-01-05 23:15:00+00:00,0.2316090784782239,,,,
2021-01-06 09:15:00+00:00,0.2265183109332725,,,,
2021-01-06 14:10:00+00:00,0.2215394384589592,,,,
2021-01-06 20:00:00+00:00,0.2166700016016313,,,,
2021-01-07 01:15:00+00:00,0.2223103007581904,,,,
2021-01-07 05:35:00+00:00,0.2263074399658226,,,,
2021-01-07 06:25:00+00:00,0.2213332024353738,,,,
2021-01-07 14:00:00+00:00,0.2253127734151619,,,,
2021-01-07 17:20:00+00:00,,0.742875684147108,,,
2021-01-07 18:25:00+00:00,0.2293638970811665,,,,
2021-01-07 18:45:00+00:00,,,,2.3597494892125166,1.3337404750058173
2021-01-07 23:15:00+00:00,0.2235682608888744,,,,
2021-01-08 01:05:00+00:00,0.2186542305145369,,,,
2021-01-08 09:50:00+00:00,0.2225856335791883,,,,
2021-01-08 14:45:00+00:00,0.233936126638482,,,,
2021-01-08 15:10:00+00:00,0.2287942105749682,,,,
2021-01-09 01:10:00+00:00,0.2231710351928896,,,,
2021-01-10 11:20:00+00:00,0.2182657358393499,,,2.321546531760955,1.3121480005287587
2021-01-10 17:30:00+00:00,,,4.290982460031095,,
2021-01-10 17:35:00+00:00,,0.6871030243545511,,,
2021-01-11 00:45:00+00:00,0.2134682549656009,,,,
2021-01-11 03:35:00+00:00,,,,2.064627157260998,1.1669360743686976
2021-01-11 11:45:00+00:00,0.208776222721457,,,,
2021-01-11 16:10:00+00:00,,,,1.7655449290586946,0.9978935234827319
2021-01-11 19:05:00+00:00,0.2041873213460394,,,,
2021-01-11 20:05:00+00:00,0.1996992840228534,,,,
2021-01-12 01:25:00+00:00,0.2212504834215915,,,,
2021-01-12 01:45:00+00:00,0.2163873977959849,,,,
2021-01-12 09:40:00+00:00,0.2202780432083567,,,,
2021-01-12 10:10:00+00:00,0.215436331818637,,,,
2021-01-12 14:25:00+00:00,,,,1.73091480537394,0.978320429887857
2021-01-12 15:00:00+00:00,,,4.211841576933404,,
2021-01-12 20:20:00+00:00,0.2107010412452634,,,,
2021-01-13 04:35:00+00:00,0.2060698323586924,,,,
2021-01-13 06:20:00+00:00,0.2097749679445017,,,,
2021-01-13 07:25:00+00:00,0.2135467218681438,,,,
2021-01-13 18:30:00+00:00,0.2173862919273331,,,,
2021-01-14 01:50:00+00:00,0.2286742848488938,,,,
2021-01-14 13:30:00+00:00,0.2327858484904769,,,,
2021-01-14 19:20:00+00:00,0.2369713380463357,,,,
2021-01-15 02:00:00+00:00,0.2317627080360772,,,,
2021-01-15 03:45:00+00:00,0.2266685637134443,,,,
2021-01-15 06:05:00+00:00,,,,1.8398341618658385,1.0398821146891157
2021-01-15 06:25:00+00:00,,,4.531285846456487,,
2021-01-15 12:00:00+00:00,0.2216863886830227,,,,
2021-01-15 15:10:00+00:00,,,,1.726654497241332,0.9759124855622278
2021-01-16 02:55:00+00:00,0.2168137218597699,,,,
2021-01-16 18:55:00+00:00,0.2120481562532921,,,,
2021-01-16 22:05:00+00:00,,,,1.677937342925402,0.94837734217718
2021-01-16 22:30:00+00:00,,,4.41651964404662,,
2021-01-17 03:40:00+00:00,0.2073873377788448,,,,
2021-01-17 06:20:00+00:00,,0.6434048394193199,,,
2021-01-17 08:05:00+00:00,,,,1.5759666093609908,0.8907430486885624
2021-01-17 16:30:00+00:00,0.2111161621121084,,,,
2021-01-18 03:20:00+00:00,0.2064758288688843,,,,
2021-01-18 12:05:00+00:00,0.2101882642719469,,,,
2021-01-18 14:30:00+00:00,0.2055683262232495,,,,
2021-01-19 07:50:00+00:00,0.2092644447287435,,,,
2021-01-19 18:55:00+00:00,0.2046648122336058,,,,
2021-01-20 09:35:00+00:00,0.2001662796607111,,,,
2021-01-20 15:50:00+00:00,0.1957666248337687,,,,
2021-01-21 05:05:00+00:00,0.1914636744199224,,,,
2021-01-21 08:30:00+00:00,0.1872553028561726,,,,
2021-01-21 09:20:00+00:00,,,4.1652033168030345,,0.8400564697630231
2021-01-21 16:50:00+00:00,0.1831394312993939,,,,
2021-01-21 22:00:00+00:00,0.1791140265994332,,,,
2021-01-22 08:30:00+00:00,0.182334496797691,,,,
2021-01-22 17:30:00+00:00,0.1874280752597717,,,,
2021-01-22 18:55:00+00:00,,0.670347007248989,,,
2021-01-22 23:00:00+00:00,0.1907980320529424,,,,
2021-01-23 11:15:00+00:00,0.1866042913084187,,,,
2021-01-23 12:55:00+00:00,,,4.156178476154856,,0.8382363003262758
2021-01-24 08:55:00+00:00,0.1899594364661441,,,,
2021-01-24 14:40:00+00:00,0.1857841280526182,,,,
2021-01-24 16:40:00+00:00,,,4.079903569575634,,0.8228528426943381
2021-01-25 03:45:00+00:00,,0.6862996718376968,,,
2021-01-25 06:25:00+00:00,,,,1.5619756613516094,
2021-01-25 07:40:00+00:00,0.1913963284183664,,,,
2021-01-25 13:20:00+00:00,,0.7023879405818335,,,
2021-01-25 16:05:00+00:00,,,,1.5757539614389091,
2021-01-25 17:05:00+00:00,0.1948376344033286,,,,
2021-01-25 20:00:00+00:00,,0.6736290499144959,,,
2021-01-25 21:50:00+00:00,,,4.130936274864823,,0.8331453424805425
2021-01-26 03:25:00+00:00,0.1905551031991434,,,,
2021-01-26 12:50:00+00:00,0.1863667020308263,,,,
2021-01-26 14:30:00+00:00,0.1822703619201887,,,,
2021-01-26 16:15:00+00:00,0.178264059365183,,,,
2021-01-27 08:55:00+00:00,0.1743458153403362,,,,
2021-01-27 09:25:00+00:00,,,3.97638458232922,,0.801974679405442
2021-01-27 17:35:00+00:00,0.1705136943191557,,,,
2021-01-27 18:35:00+00:00,0.1667658033180206,,,,
2021-01-27 19:00:00+00:00,0.1697642524616786,,,,
2021-01-27 20:10:00+00:00,0.1728166137209396,,,,
2021-01-27 23:05:00+00:00,0.1674362573949552,,,,
2021-01-28 17:00:00+00:00,,0.6956569736673549,,,
2021-01-28 21:00:00+00:00,0.1756776884431384,,,,
2021-01-29 03:40:00+00:00,,,,1.6041024567443678,
2021-01-29 04:05:00+00:00,0.1812933163810563,,,,
2021-01-29 13:30:00+00:00,0.2028938255446152,,,,
2021-01-29 14:00:00+00:00,,0.7331506800760681,,,
2021-01-29 14:35:00+00:00,,,,1.7224652058834629,
2021-01-29 14:55:00+00:00,0.1984342192591445,,,,
2021-01-29 16:50:00+00:00,0.1940726351198285,,,,
2021-01-30 03:10:00+00:00,0.1898069185998946,,,,
2021-01-30 04:00:00+00:00,,,4.226989301415862,,0.8525177380774165
2021-01-30 21:55:00+00:00,0.1932196469963208,,,,
2021-01-31 00:35:00+00:00,0.1889726791553416,,,,
2021-01-31 15:10:00+00:00,0.1848190596675072,,,,
2021-01-31 15:50:00+00:00,,,4.024452326338135,,0.8116691927989912
2021-02-01 06:20:00+00:00,0.1909371098383883,,,,
2021-02-01 09:00:00+00:00,,0.7503712343734825,,,
2021-02-01 15:55:00+00:00,0.1867403121641405,,,,
2021-02-02 11:25:00+00:00,,,,1.7293714983481925,
2021-02-02 13:00:00+00:00,0.1907586990751494,,,,
2021-02-02 20:00:00+00:00,,0.7671433774712103,,,
2021-02-03 00:00:00+00:00,,,,1.7143086627423452,
2021-02-03 00:15:00+00:00,0.1941885404845207,,,,
2021-02-03 07:45:00+00:00,,,,1.727564498130589,
2021-02-03 19:25:00+00:00,0.1991806017651331,,,,
2021-02-04 00:10:00+00:00,,0.7825246083661475,,,
2021-02-04 02:25:00+00:00,,,,1.7581823069777718,
2021-02-04 03:20:00+00:00,0.2027618689848702,,,,
2021-02-04 08:50:00+00:00,,,,1.7341007048557484,
2021-02-04 09:10:00+00:00,0.1983051631045827,,,,
2021-02-04 14:45:00+00:00,0.193946415619544,,,,
2021-02-04 14:50:00+00:00,,0.7519612080392298,,,
2021-02-04 15:50:00+00:00,,,4.386984444438713,,0.8847862601168565
2021-02-05 12:20:00+00:00,0.1974335721723834,,,,
2021-02-06 01:50:00+00:00,,,,1.72429901364079,
2021-02-06 05:10:00+00:00,,,,1.6964736608403888,
2021-02-06 05:15:00+00:00,0.2017733079287416,,,,
2021-02-06 11:00:00+00:00,,0.7684045545759498,,,
2021-02-06 15:05:00+00:00,0.207401081197874,,,,
2021-02-06 17:55:00+00:00,,,,1.7222299550110756,
2021-02-06 20:15:00+00:00,0.2028424054331447,,,,
2021-02-06 23:10:00+00:00,0.1983839293617242,,,,
2021-02-07 00:30:00+00:00,,,4.576366041244827,,0.9229815710178229
2021-02-07 15:10:00+00:00,,0.7378855869271497,,,
2021-02-07 15:15:00+00:00,0.1940234505943535,,,,
2021-02-07 15:35:00+00:00,,,4.389873086287019,,0.8853688540718041
2021-02-08 10:30:00+00:00,0.1975119922360399,,,,
2021-02-08 12:40:00+00:00,0.2010632578564439,,,,
2021-02-08 16:30:00+00:00,,,,1.8110704762896428,
2021-02-08 17:00:00+00:00,0.2149567968857512,,,,
2021-02-08 17:55:00+00:00,,0.7768245363252868,,,
2021-02-08 20:45:00+00:00,0.218821720093757,,,,
2021-02-09 02:05:00+00:00,,,,1.842409440081425,
2021-02-09 03:30:00+00:00,0.2287899595183512,,,,
2021-02-09 06:35:00+00:00,,0.8038738787656008,,,
2021-02-09 08:30:00+00:00,,,,1.8078016319685883,
2021-02-09 12:45:00+00:00,0.2237611562081378,,,,
2021-02-09 19:45:00+00:00,0.2277843817967601,,,,
2021-02-09 23:05:00+00:00,0.2227776810848673,,,,
2021-02-10 04:05:00+00:00,0.2178810276546219,,,,
2021-02-10 12:30:00+00:00,0.2130920026667733,,,,
2021-02-10 15:35:00+00:00,,,5.0280014439584155,,1.0140693795031916
2021-02-11 00:45:00+00:00,0.2084082404481576,,,,
2021-02-11 17:05:00+00:00,,,,1.7968176904916595,
2021-02-11 17:15:00+00:00,0.2189854537592695,,,,
2021-02-11 20:25:00+00:00,,0.8269422653220571,,,
2021-02-11 20:45:00+00:00,,,,1.7647846193423082,
2021-02-11 20:50:00+00:00,0.2141721534856407,,,,
2021-02-12 02:45:00+00:00,,,,1.7315294084074448,
2021-02-12 03:40:00+00:00,0.2094646495520263,,,,
2021-02-12 14:35:00+00:00,0.2048606165548728,,,,
2021-02-13 11:10:00+00:00,0.2003577802029967,,,,
2021-02-14 05:25:00+00:00,0.2039602130910466,,,,
2021-02-14 08:50:00+00:00,,,,1.7431067000605327,
2021-02-14 10:00:00+00:00,0.2084901891268727,,,,
2021-02-14 13:45:00+00:00,,,,1.7187669856773913,
2021-02-14 15:25:00+00:00,0.203907574769864,,,,
2021-02-15 02:15:00+00:00,0.1994256862764224,0.7959348750377483,,,
2021-02-15 02:35:00+00:00,,,5.158124942003585,,1.0403132571934028
2021-02-15 15:50:00+00:00,0.2030113601156725,,,,
2021-02-16 00:30:00+00:00,0.19854917042033,,,,
2021-02-16 06:05:00+00:00,,,,1.6910380948888748,
2021-02-16 07:55:00+00:00,0.2021190845044875,,,,
2021-02-16 12:30:00+00:00,,0.813329763608971,,,
2021-02-16 12:35:00+00:00,,,,1.6633636811069028,
2021-02-16 16:55:00+00:00,0.1976765070270789,,,,
2021-02-17 06:05:00+00:00,0.2012307306234258,,,,
2021-02-17 12:00:00+00:00,0.2066826166406213,,,,
2021-02-17 13:05:00+00:00,,,,1.6625591797189472,
2021-02-18 00:00:00+00:00,0.2103987700878196,,,,
2021-02-18 02:05:00+00:00,,,,1.6681980018429814,
2021-02-18 07:10:00+00:00,,0.8175846799579012,,,
2021-02-18 11:35:00+00:00,0.2057742051212893,,,,
2021-02-19 13:10:00+00:00,,,,1.6584583905473105,
2021-02-19 15:35:00+00:00,0.2084461831747892,,,,
2021-02-19 16:00:00+00:00,,0.8311130227234789,,,1.057527026814932
2021-02-19 19:20:00+00:00,,,,1.707553368337673,
2021-02-19 21:05:00+00:00,,0.844393116967494,,,1.074424919397188
2021-02-19 21:50:00+00:00,0.2148802749402782,,,,
2021-02-20 00:15:00+00:00,,,,1.689885553086104,
2021-02-20 00:45:00+00:00,0.2176704953103778,,,,
2021-02-20 03:30:00+00:00,,,,1.6664029101063154,
2021-02-20 09:10:00+00:00,0.2128860978234556,,,,
2021-02-20 12:10:00+00:00,,0.858803795207936,,,1.092761392653331
2021-02-20 14:50:00+00:00,,,,1.6688912332064698,
2021-02-20 15:20:00+00:00,0.2082068613932961,,,,
2021-02-20 22:30:00+00:00,,0.8276377706323865,,,1.053105037373253
2021-02-21 10:15:00+00:00,0.210910427488488,,,,
2021-02-21 12:10:00+00:00,,,,1.6453163890960765,
2021-02-21 18:50:00+00:00,0.213649099389426,,,,
2021-02-21 20:50:00+00:00,,,,1.6354717188250425,
2021-02-21 22:30:00+00:00,0.2089530921848464,,,,
2021-02-22 20:05:00+00:00,0.2116663480868666,,,,
2021-02-23 00:05:00+00:00,0.2070139217559172,,,,
2021-02-23 03:00:00+00:00,,,4.865584042460416,,
2021-02-23 04:40:00+00:00,,0.7807968823565455,,,0.9935036306362999
2021-02-23 14:35:00+00:00,0.2024637557557221,,,,
2021-02-23 17:10:00+00:00,0.1965094240874802,,,,
2021-02-23 18:10:00+00:00,0.1921901469460373,,,,
2021-02-24 00:25:00+00:00,0.1865616457222588,,,,
2021-02-24 06:20:00+00:00,0.194315762998654,,,,
2021-02-24 13:15:00+00:00,0.1900447025279436,,,,
2021-02-25 09:05:00+00:00,0.1858675199663794,,,,
2021-02-25 14:40:00+00:00,,,,1.6102995247382574,
2021-02-25 17:00:00+00:00,0.1817821518775184,,,,
2021-02-25 22:00:00+00:00,,,4.826416430186774,,
2021-02-26 11:40:00+00:00,0.1777865801792505,,,,
2021-02-26 13:55:00+00:00,0.1738788311469106,,,,
2021-02-26 15:45:00+00:00,0.1761366477693532,,,,
2021-02-26 19:35:00+00:00,0.1722651642513828,,,,
2021-02-27 06:40:00+00:00,0.174502027409187,,,,
2021-02-27 15:30:00+00:00,0.170666472846733,,,,
2021-02-27 23:25:00+00:00,,,4.618643878636304,,
2021-02-28 13:05:00+00:00,0.1669152237735619,,,,
2021-02-28 20:55:00+00:00,0.1690826179542616,,,,
2021-03-01 04:05:00+00:00,0.1746970753395043,,,,
2021-03-01 08:20:00+00:00,0.1769655168627877,,,,
2021-03-01 11:05:00+00:00,,0.8059507489127197,,,1.0255099799350773
2021-03-01 13:40:00+00:00,0.179263414099251,,,,
2021-03-01 18:15:00+00:00,,,,1.6241096423428432,
2021-03-01 20:15:00+00:00,0.1815911495313298,,,,
2021-03-02 01:00:00+00:00,,,,1.6102126694357737,
2021-03-02 06:05:00+00:00,0.1775997760646311,,,,
2021-03-03 04:10:00+00:00,0.1799059091568303,,,,
2021-03-03 12:40:00+00:00,,0.8255401146606921,,,1.0504359324231738
2021-03-03 13:35:00+00:00,0.1879568504846358,,,,
2021-03-03 13:40:00+00:00,,,,1.6475509573306617,
2021-03-04 00:05:00+00:00,,0.787592019149753,,,1.0021499165363494
2021-03-04 03:15:00+00:00,0.1838255589109835,,,,
2021-03-04 04:55:00+00:00,,,5.015160789367178,,
2021-03-04 14:50:00+00:00,0.1797850731261201,,,,
2021-03-04 19:35:00+00:00,,,4.82478291273909,,
2021-03-05 08:35:00+00:00,0.175833397218808,,,,
2021-03-05 16:30:00+00:00,0.1719685791479386,,,,
2021-03-06 04:15:00+00:00,0.1681887097782669,,,,
2021-03-06 13:00:00+00:00,,,4.808846181530428,,
2021-03-06 22:30:00+00:00,0.1703726401747376,,,,
2021-03-07 05:05:00+00:00,,,,1.6360654088209263,
2021-03-07 07:55:00+00:00,0.1725849289074066,,,,
2021-03-07 12:20:00+00:00,,,,1.6497619028339556,
2021-03-07 14:20:00+00:00,,,,1.6256989983041086,
2021-03-07 18:15:00+00:00,,,,1.6046230167931714,
2021-03-08 00:15:00+00:00,0.1748259442092693,,,,
2021-03-08 02:25:00+00:00,,,,1.5876587401364273,
2021-03-08 02:45:00+00:00,0.1709832699555495,,,,
2021-03-08 07:10:00+00:00,,0.7592607086563264,,,0.9661005156333239
2021-03-08 08:40:00+00:00,,,4.949128094191446,,
2021-03-08 19:45:00+00:00,0.1732034877159223,,,,
2021-03-09 06:35:00+00:00,0.1805130634144382,,,,
2021-03-09 07:00:00+00:00,,,,1.6374331145544088,
2021-03-09 13:55:00+00:00,,0.7742977510691066,,,0.9852339888434629
2021-03-09 15:50:00+00:00,,,,1.6215098839450337,
2021-03-10 01:40:00+00:00,,,,1.6198257121118576,
2021-03-10 02:05:00+00:00,0.1765453862805888,,,,
2021-03-10 13:20:00+00:00,0.1789842602633529,,,,
2021-03-10 18:20:00+00:00,0.1819945879096597,,,,
2021-03-10 20:15:00+00:00,,,,1.629461451594047,
2021-03-10 21:05:00+00:00,0.1779943468674054,,,,
2021-03-11 08:00:00+00:00,,0.7453797753432244,,,0.9484381018163462
2021-03-11 18:25:00+00:00,0.1803056034614786,,,,
2021-03-11 19:55:00+00:00,,,,1.6057678649670544,
2021-03-12 00:25:00+00:00,,,,1.584907767128181,
2021-03-12 10:10:00+00:00,0.1763424862973953,,,,
2021-03-12 11:55:00+00:00,,0.7364470638085218,,,0.9370719174197476
2021-03-12 20:10:00+00:00,0.1724664784485786,,,,
2021-03-13 10:10:00+00:00,0.1747059556712334,,,,
2021-03-13 15:35:00+00:00,,,,1.6242199626623954,
2021-03-13 17:20:00+00:00,0.1769745125056243,,,,
2021-03-13 20:10:00+00:00,,0.7535590315237907,,,0.9588455725618381
2021-03-13 21:15:00+00:00,,,,1.6288738557518747,
2021-03-14 11:10:00+00:00,0.1730846127207507,,,,
2021-03-15 07:10:00+00:00,,,5.67726112411855,,
2021-03-15 15:35:00+00:00,0.1692802129331486,,,,
2021-03-16 21:15:00+00:00,0.1714783164980855,,,,
2021-03-17 03:50:00+00:00,0.1677092231014575,,,,
2021-03-18 00:00:00+00:00,,0.7719976689646875,,,0.9823073122991033
2021-03-18 00:35:00+00:00,0.1755846924597053,,,,
2021-03-18 03:25:00+00:00,,,,1.6674946287580397,
2021-03-18 11:50:00+00:00,0.171725340919441,,,,
2021-03-18 18:05:00+00:00,,,,1.6503211978748915,
2021-03-18 18:25:00+00:00,0.1679508179260317,,,,
2021-03-19 09:10:00+00:00,0.1701316592968012,,,,
2021-03-22 10:15:00+00:00,0.1731906265309576,,,,
2021-03-22 12:35:00+00:00,,,,1.6179740036365795,
2021-03-22 19:30:00+00:00,,,5.5252415914844715,,0.9560041539179689
2021-03-23 16:25:00+00:00,0.1763045939959843,,,,
2021-03-23 21:20:00+00:00,0.1724294190199525,,,,
2021-03-24 01:05:00+00:00,,,5.403317700045241,,0.9349082896470943
2021-03-24 13:10:00+00:00,0.1756649870294035,,,,
2021-03-24 15:40:00+00:00,,,,1.6250935335774717,
2021-03-24 20:15:00+00:00,,,5.294780068403658,,0.9161285811062604
2021-03-24 20:25:00+00:00,,0.7387791812093863,,,
2021-03-25 12:05:00+00:00,0.1718038706144972,,,,
2021-03-25 22:15:00+00:00,0.1748929042081459,,,,
2021-03-26 09:00:00+00:00,0.1780374786258084,,,,
2021-03-26 11:55:00+00:00,,,,1.6076893758041262,
2021-03-26 21:45:00+00:00,0.1812385924915004,,,,
2021-03-27 01:50:00+00:00,,,,1.6252200526758405,
2021-03-27 20:15:00+00:00,0.1845393970887787,,,,
2021-03-28 00:25:00+00:00,,,,1.622303294214299,
2021-03-28 14:45:00+00:00,,0.7304517861565107,,,
2021-03-28 20:10:00+00:00,,,5.565784461503236,,0.9630190783349267
2021-03-29 13:50:00+00:00,,0.7426868399154978,,,
2021-03-29 14:00:00+00:00,0.1878574154484349,,,,
2021-03-29 15:25:00+00:00,,,,1.6283587997785631,
2021-03-30 20:35:00+00:00,,,,1.621750876311043,
2021-03-31 07:50:00+00:00,0.1837283094568783,,,,
2021-03-31 07:55:00+00:00,,,,1.5837215655064611,
2021-03-31 08:00:00+00:00,,0.7292594308777143,,,
2021-04-01 13:05:00+00:00,,0.7224309720422232,,,
2021-04-01 18:15:00+00:00,0.1796899612150161,,,,
2021-04-02 13:25:00+00:00,,,,1.5572531294040757,
2021-04-02 13:35:00+00:00,0.1757403758675101,,,,
2021-04-02 21:05:00+00:00,,,5.841903660996284,,1.0107945642247549
2021-04-03 08:45:00+00:00,,,,1.5350362425238706,
2021-04-03 17:40:00+00:00,,,5.765797508463033,,0.9976263078226028
2021-04-05 05:25:00+00:00,,,5.696380046699062,,0.9856153612057024
2021-04-06 00:10:00+00:00,0.1789001878256079,,,,
2021-04-06 04:00:00+00:00,,,,1.5312757405331878,
2021-04-06 12:20:00+00:00,,0.7203304579019301,,,
2021-04-06 15:20:00+00:00,,,5.6988627240636305,,0.9860449261096196
2021-04-07 11:40:00+00:00,,,5.472550252462291,,0.9468872423500947
2021-04-08 21:10:00+00:00,,,,1.5269366724396147,
2021-04-09 07:05:00+00:00,,,,1.5088266368202377,
2021-04-09 11:30:00+00:00,0.1821168132027124,,,,
2021-04-09 15:25:00+00:00,,,,1.4970482084686645,
2021-04-10 09:05:00+00:00,,0.7351176828501214,,,
2021-04-10 09:20:00+00:00,0.1853912735040971,,,,
2021-04-10 12:45:00+00:00,,,,1.5246136578540856,
2021-04-10 21:00:00+00:00,,,5.660495899627298,,0.9794065116753432
2021-04-11 13:30:00+00:00,0.1813163733124771,,,,
2021-04-11 23:40:00+00:00,,0.7280360204018813,,,
2021-04-12 09:45:00+00:00,,,,1.513095409846384,
2021-04-12 09:55:00+00:00,0.1773310394270688,,,,
2021-04-13 06:50:00+00:00,,,,1.490077080480399,
2021-04-13 15:40:00+00:00,,0.7381611454049927,,,
2021-04-13 16:00:00+00:00,0.1805194515159676,,,,
2021-04-13 18:55:00+00:00,,,,1.5154289282552968,
2021-04-14 08:45:00+00:00,0.1765516339716466,,,,
2021-04-14 09:20:00+00:00,,,,1.506878094664463,
2021-04-14 19:40:00+00:00,,,5.779228097013911,,0.9999501335289741
2021-04-16 01:40:00+00:00,,,,1.4850348824556674,
2021-04-16 04:35:00+00:00,0.1726710290569498,,,,
2021-04-16 05:55:00+00:00,,,5.643622624774834,,0.9764870156529402
2021-04-17 12:05:00+00:00,,,5.542828407996299,,0.9590471103862278
2021-04-17 15:20:00+00:00,0.168875719838278,,,,
2021-04-18 08:55:00+00:00,0.1651638315162327,,,,
2021-04-19 00:55:00+00:00,0.1681334772068945,,,,
2021-04-19 05:25:00+00:00,,,,1.4603945869389348,
2021-04-19 06:20:00+00:00,,0.7468390004105567,,,
2021-04-19 14:25:00+00:00,0.164437903377887,,,,
2021-04-19 15:40:00+00:00,,,5.452625110488307,,0.9434396974456527
2021-04-20 15:35:00+00:00,0.160823558261641,,,,
2021-04-21 04:15:00+00:00,0.1572886564510501,,,,
2021-04-21 09:45:00+00:00,,0.7419818765224901,,,0.9373039660645993
2021-04-21 11:25:00+00:00,0.153831451782256,,,,
2021-04-21 20:40:00+00:00,0.150450236472082,,,,
2021-04-21 23:00:00+00:00,,,5.160589769359837,,
2021-04-22 11:20:00+00:00,0.1531553317238501,,,,
2021-04-22 17:40:00+00:00,0.1497889775325598,,,,
2021-04-23 21:50:00+00:00,0.1525463785106713,,,,
2021-04-24 02:10:00+00:00,0.1491934091110068,,,,
2021-04-24 10:00:00+00:00,0.1459141379787468,,,,
2021-04-25 20:45:00+00:00,0.142706945225974,,,,
2021-04-25 21:10:00+00:00,,,4.853867721113737,,
2021-04-26 03:35:00+00:00,,0.7708571338148035,,,0.9737804542883661
2021-04-26 05:55:00+00:00,0.1486016141090408,,,,
2021-04-26 13:50:00+00:00,0.1519987228770846,,,,
2021-04-26 21:00:00+00:00,0.1486577909482462,,,1.5067009388915888,
2021-04-27 06:10:00+00:00,0.1513306580294957,,,,
2021-04-28 04:50:00+00:00,,,,1.514360401591752,
2021-04-28 06:35:00+00:00,,,5.059981776672377,,
2021-04-28 20:15:00+00:00,,0.7504172170664833,,,0.9479598572624359
2021-04-28 20:20:00+00:00,,,,1.4773134417357243,
2021-04-29 04:45:00+00:00,0.1480044101660074,,,,
2021-04-29 15:15:00+00:00,0.1447512732305585,,,,
2021-04-30 08:30:00+00:00,0.147353901123244,,,,
2021-04-30 16:50:00+00:00,,0.7641955886872319,,,0.9653652990591644
2021-04-30 18:00:00+00:00,0.1523079155566487,,,,
2021-04-30 23:30:00+00:00,0.1550464118783572,,,,
2021-05-01 09:00:00+00:00,,,,1.4949448346064178,
2021-05-01 15:25:00+00:00,,0.7449676516579116,,,0.9410757278350133
2021-05-02 03:35:00+00:00,0.1516384917452709,,,,
2021-05-02 08:30:00+00:00,,,5.233419383235215,,
2021-05-03 05:00:00+00:00,0.1543649518268509,,,,
2021-05-03 07:30:00+00:00,,0.7549313128402187,,,0.9536622605229411
2021-05-03 13:45:00+00:00,,,,1.4814874051093765,
2021-05-03 13:50:00+00:00,0.1509720101856967,,,,
2021-05-03 21:10:00+00:00,,,5.137592807882084,,
2021-05-04 14:10:00+00:00,0.1476536454018151,,,,
2021-05-04 23:45:00+00:00,0.1444082182758832,,,,
2021-05-05 13:35:00+00:00,0.1470046780404836,,,,
2021-05-05 14:45:00+00:00,,0.77064290376806,,,0.9735098295213515
2021-05-05 18:55:00+00:00,0.150301521760103,,,,
2021-05-06 14:10:00+00:00,,0.7699839938962788,,,0.972677465745845
2021-05-06 16:50:00+00:00,,,,1.4427420734434735,
2021-05-06 18:30:00+00:00,0.1469978943118159,,,,
2021-05-06 19:25:00+00:00,,,5.004490920495785,,
2021-05-07 04:35:00+00:00,0.1437668805948422,,,,
2021-05-07 16:40:00+00:00,0.1470718394075529,,,,
2021-05-07 22:25:00+00:00,0.1438392003773749,,,,
2021-05-07 22:45:00+00:00,,0.7464534762527814,,,0.942952686463942
2021-05-08 12:50:00+00:00,0.1464254292001602,,,,
2021-05-08 15:50:00+00:00,,,,1.4257344111342145,
2021-05-09 04:15:00+00:00,0.1432069982663406,,,1.3885951065101847,
2021-05-09 12:50:00+00:00,,,4.916149444516605,,
2021-05-10 04:50:00+00:00,0.1464445592821738,,,,
2021-05-10 08:05:00+00:00,0.1432257078691516,,,1.3576448188726868,
2021-05-10 19:35:00+00:00,,,4.724522827028339,,
2021-05-11 03:00:00+00:00,0.1400776068101877,,,,
2021-05-11 20:15:00+00:00,0.1425962021806349,,,,
2021-05-11 22:15:00+00:00,,0.7517780977852581,,,0.9496789813211346
2021-05-12 15:10:00+00:00,0.1394619376567045,,,,
2021-05-12 16:20:00+00:00,,,4.530702781669649,,
2021-05-13 09:45:00+00:00,0.1363965642670102,,,,
2021-05-13 16:45:00+00:00,0.1333985677844213,,,,
2021-05-13 17:30:00+00:00,,0.7108860687092002,,,0.8980223812798314
2021-05-14 11:40:00+00:00,0.1365934029999028,,,,
2021-05-14 20:25:00+00:00,0.1335910800019649,,,,
2021-05-15 06:15:00+00:00,0.1306547480635218,,,,
2021-05-15 07:25:00+00:00,,,4.301881724670162,,
2021-05-15 16:30:00+00:00,0.1277829567010855,,,,
2021-05-15 23:20:00+00:00,0.1249742873127957,,,,
2021-05-16 10:15:00+00:00,0.1275249831910229,,,,
2021-05-16 12:45:00+00:00,0.1247219840604842,,,,
2021-05-17 01:15:00+00:00,0.1217167538441258,,,,
2021-05-17 02:40:00+00:00,,0.676835344808548,,,0.8550080172241555
2021-05-17 03:20:00+00:00,0.119041419594632,,,,
2021-05-17 14:35:00+00:00,0.116424889191942,,,,
2021-05-17 16:10:00+00:00,,0.6393302333591351,,,0.807629919697047
2021-05-17 22:35:00+00:00,0.113311813124173,,,,
2021-05-18 12:45:00+00:00,0.1108212194717037,,,,
2021-05-18 23:05:00+00:00,0.1083853690677156,,,,
2021-05-19 01:00:00+00:00,0.1060030586556072,,,,
2021-05-19 10:15:00+00:00,0.103673111426357,,,,
2021-05-19 11:20:00+00:00,0.1013943764372057,,,,
2021-05-19 21:15:00+00:00,0.0991657280431159,,,,
2021-05-19 23:05:00+00:00,0.0969860653407282,,,,
2021-05-20 08:05:00+00:00,0.0953387570209159,,,,
2021-05-20 11:30:00+00:00,0.0937052670202172,,,,
2021-05-20 12:00:00+00:00,0.0949220299124747,,,,
2021-05-20 15:50:00+00:00,0.0933097792344113,,,,
2021-05-20 19:55:00+00:00,0.0945214067177701,,,,
2021-05-20 20:45:00+00:00,0.0929159606246688,,,,
2021-05-20 23:30:00+00:00,0.0913377830334588,,,,
2021-05-21 00:55:00+00:00,0.0929583612815789,,,,
2021-05-21 02:20:00+00:00,0.0913794635152113,,,,
2021-05-21 10:25:00+00:00,0.0925660258489563,,,,
2021-05-21 11:00:00+00:00,0.0909937918999118,,,,
2021-05-21 16:50:00+00:00,0.0894482623444918,,,,
2021-05-21 22:05:00+00:00,0.0879289836085706,,,,
2021-05-21 22:30:00+00:00,0.0890707414607279,,,,
2021-05-22 01:20:00+00:00,0.0902273250385954,,,,
2021-05-22 02:50:00+00:00,0.0886948139228148,,,,
2021-05-22 08:00:00+00:00,0.0898465160816026,,,,
2021-05-22 09:55:00+00:00,0.0910131730929222,,,,
2021-05-22 11:35:00+00:00,0.0924052072557292,,,,
2021-05-22 13:15:00+00:00,0.0936050888719448,,,,
2021-05-22 13:25:00+00:00,,0.6627647027810413,,,
2021-05-22 14:00:00+00:00,0.0920152064374548,,,,
2021-05-22 17:30:00+00:00,0.0904523281561146,,,,
2021-05-22 22:15:00+00:00,0.088915995362383,,,,
2021-05-23 03:10:00+00:00,0.087405757181153,,,,
2021-05-23 12:35:00+00:00,0.0859211703954311,,,,
2021-05-23 15:00:00+00:00,0.0844617993162647,,,,
2021-05-23 15:40:00+00:00,0.0830272156548779,,,,
2021-05-23 19:00:00+00:00,0.0816169983969798,,,,
2021-05-23 22:40:00+00:00,0.0831026369410371,,,,
2021-05-24 00:00:00+00:00,0.0841817246817164,,,,
2021-05-24 04:40:00+00:00,0.0827518980879975,,,,
2021-05-24 08:40:00+00:00,0.0841956659830336,,,,
2021-05-24 10:30:00+00:00,0.0827656025963117,,,,
2021-05-24 13:20:00+00:00,0.0838403139460248,,,,
2021-05-24 19:40:00+00:00,0.084928980422614,,,,
2021-05-24 21:45:00+00:00,0.0825858466986331,,,,
2021-05-25 01:35:00+00:00,0.0811831260924568,,,,
2021-05-25 06:55:00+00:00,0.0822372889847673,,,,
2021-05-25 08:15:00+00:00,0.080840488631361,,,,
2021-05-25 10:30:00+00:00,,,4.158714317007629,,0.7807518488075942
2021-05-25 10:35:00+00:00,,,,1.2693903650596057,
2021-05-25 15:00:00+00:00,0.0794674129319574,,,,
2021-05-25 16:35:00+00:00,0.0781176589233081,,,,
2021-05-26 02:10:00+00:00,0.0791320167244273,,,,
2021-05-26 06:15:00+00:00,0.0801595459615939,,,,
2021-05-26 10:10:00+00:00,0.0787980360734363,,,,
2021-05-26 15:20:00+00:00,,,,1.2155537067023208,
2021-05-26 15:25:00+00:00,,,4.07460081782238,,0.7649604851811037
2021-05-27 01:10:00+00:00,0.0774596514307289,,,,
2021-05-27 08:25:00+00:00,0.0784654650045569,,,,
2021-05-27 11:15:00+00:00,0.0794843390676411,,,,
2021-05-27 12:40:00+00:00,0.0781342975685772,,,,
2021-05-27 21:10:00+00:00,,,3.920888398815246,,0.736102706989006
2021-05-28 14:15:00+00:00,0.0768071865243749,,,,
2021-05-29 01:35:00+00:00,0.0778949690794226,,,,
2021-05-29 04:55:00+00:00,0.0765719230296086,,,,
2021-05-29 06:55:00+00:00,0.0752713489169507,,,,
2021-05-29 08:25:00+00:00,0.0739928650555962,,,,
2021-05-30 00:15:00+00:00,0.0727360962426269,,,,
2021-05-30 04:30:00+00:00,0.0736805744523374,,,,
2021-05-30 06:35:00+00:00,0.074637316711601,,,,
2021-05-30 07:40:00+00:00,0.0756064822691012,,,,
2021-05-30 08:20:00+00:00,0.0743223061677605,,,,
2021-05-31 01:40:00+00:00,,,3.820377131761749,,0.7172328468360545
2021-05-31 09:20:00+00:00,0.0758364377923072,,,,
2021-05-31 11:30:00+00:00,,0.6785193273035969,,,
2021-05-31 12:05:00+00:00,0.0768211739370403,,,,
2021-05-31 17:00:00+00:00,0.0755163662977197,,,,
2021-06-01 02:10:00+00:00,0.0742337208161529,,,,
2021-06-01 08:15:00+00:00,,,,1.203622153583484,
2021-06-01 08:50:00+00:00,,,3.802398236605654,,0.7138575114408741
2021-06-01 14:20:00+00:00,0.0729728610680906,,,,
2021-06-02 14:35:00+00:00,0.0739204136690597,,,,
2021-06-02 22:40:00+00:00,0.0726648754428907,,,,
2021-06-03 07:05:00+00:00,0.0737621485052062,,,,
2021-06-03 10:05:00+00:00,,0.689561736955766,,,
2021-06-03 13:50:00+00:00,,,,1.2065578137103363,
2021-06-04 01:50:00+00:00,,,3.70358692005736,,0.6953067978795483
2021-06-05 09:45:00+00:00,0.0725092984128453,,,,
2021-06-06 01:20:00+00:00,0.0734508316527361,,,,
2021-06-06 14:05:00+00:00,0.0722032692771144,,,,
2021-06-07 01:45:00+00:00,0.0731408287286777,,,,
2021-06-07 05:30:00+00:00,0.0718985317527211,,,,
2021-06-07 14:55:00+00:00,,0.6764936293138419,,,
2021-06-08 18:05:00+00:00,0.0728321341875302,,,,
2021-06-08 20:25:00+00:00,0.0737778594499552,0.6896122302238988,,,
2021-06-08 21:45:00+00:00,0.0747358649549129,,,,
2021-06-09 00:05:00+00:00,0.0734664762886537,,,,
2021-06-09 06:25:00+00:00,,0.7032063359295752,,,
2021-06-09 07:20:00+00:00,0.0744204384832619,,,,
2021-06-09 11:20:00+00:00,0.075386787876967,,,,
2021-06-09 12:00:00+00:00,,0.7184960230903006,,,
2021-06-09 15:00:00+00:00,0.0763656853175494,,,,
2021-06-09 15:15:00+00:00,0.0773572937413978,,,,
2021-06-09 17:20:00+00:00,0.0785124487039244,,,,
2021-06-09 22:45:00+00:00,0.0795821355004397,,,,
2021-06-10 00:00:00+00:00,,0.7370740813517239,,,
2021-06-10 05:20:00+00:00,0.0782304329289647,,,,
2021-06-10 11:50:00+00:00,0.0769016890256663,,,,
2021-06-10 15:45:00+00:00,,,,1.2248833266343688,
2021-06-11 00:00:00+00:00,0.0755955138375653,,,,
2021-06-11 05:15:00+00:00,0.0765771215847461,,,,
2021-06-11 17:00:00+00:00,,,4.0454661289686475,,0.7594907749646652
2021-06-13 03:10:00+00:00,0.0752764591746292,,,,
2021-06-13 18:20:00+00:00,0.0764221960384639,,,,
2021-06-13 19:45:00+00:00,,0.7486289374243635,,,
2021-06-13 22:10:00+00:00,0.0778482302153796,,,,
2021-06-13 22:50:00+00:00,,0.7607718883124442,,,
2021-06-14 01:45:00+00:00,0.0765259780251713,,,,
2021-06-14 18:50:00+00:00,,,,1.2942385761131812,
2021-06-14 19:05:00+00:00,0.0752261842884138,,,,
2021-06-15 02:20:00+00:00,,0.7546980255628618,,,
2021-06-15 18:45:00+00:00,0.0739484675482751,,,,
2021-06-15 19:25:00+00:00,,0.7287200940919537,,,
2021-06-15 19:30:00+00:00,,,,1.2577497869250032,
2021-06-16 11:20:00+00:00,,,4.277152233611917,,0.8029872358308254
2021-06-19 02:30:00+00:00,0.0726924528269676,,,,
2021-06-19 12:45:00+00:00,0.0714577715157016,,,,
2021-06-20 15:15:00+00:00,0.072028719110112,,,,
2021-06-20 18:55:00+00:00,0.0726042285758018,,,,
2021-06-20 19:30:00+00:00,,0.74072202623404,,,0.8162123388484828
2021-06-21 00:10:00+00:00,,,4.265158797492242,,
2021-06-21 02:40:00+00:00,0.0713710457534419,,,,
2021-06-21 03:40:00+00:00,,0.7169314778346975,,,0.7899971886790722
2021-06-21 13:40:00+00:00,0.0719413004090119,,,,
2021-06-21 15:35:00+00:00,0.0707193774215648,,,,
2021-06-21 19:30:00+00:00,0.0695182087960595,,,,
2021-06-22 01:35:00+00:00,0.0701663469663475,,,,
2021-06-22 03:15:00+00:00,0.0707269760786086,,,,
2021-06-22 15:05:00+00:00,0.0712920846174767,,,,
2021-06-22 17:35:00+00:00,0.0749879202536793,,,,
2021-06-22 18:15:00+00:00,0.0755870737365062,0.7405268659593802,,,0.8159972889126246
2021-06-22 19:05:00+00:00,0.0743032272890917,,,,
2021-06-22 19:20:00+00:00,,,,1.2259102059242843,
2021-06-23 02:45:00+00:00,0.0764163307254901,,,,
2021-06-23 02:55:00+00:00,,,,1.2416890476632694,
2021-06-23 11:15:00+00:00,,,,1.225172669673104,
2021-06-23 13:35:00+00:00,0.0751183993481177,,,1.2161568139253116,
2021-06-24 15:20:00+00:00,0.0757185953589092,,,,
2021-06-24 15:45:00+00:00,,,,1.209015349473258,
2021-06-24 15:50:00+00:00,0.0744325150167381,,,,
2021-06-24 19:00:00+00:00,,,,1.215676849209656,
2021-06-25 00:20:00+00:00,0.0750272308117218,,,,
2021-06-25 03:05:00+00:00,,,,1.2044305867467646,
2021-06-25 05:25:00+00:00,0.0737528932963847,,,,
2021-06-25 21:10:00+00:00,0.0725002004037456,,,,
2021-06-26 01:35:00+00:00,0.071268784499888,,,,
2021-06-26 11:35:00+00:00,0.0721243802667073,,,,
2021-06-26 12:25:00+00:00,0.0727006540650383,,,,
2021-06-26 12:55:00+00:00,0.0714658334557436,,,,
2021-06-26 16:10:00+00:00,0.0702519862744978,,,,
2021-06-26 20:05:00+00:00,0.0690587562876254,,,,
2021-06-26 23:55:00+00:00,0.0696105357503635,,,,
2021-06-27 00:10:00+00:00,,0.7577010293576566,,,0.834921748532574
2021-06-27 01:15:00+00:00,0.0701667239310089,,,,
2021-06-27 02:20:00+00:00,0.0707273560552177,,,,
2021-06-27 04:00:00+00:00,0.0712924676300989,,,,
2021-06-27 05:40:00+00:00,,,,1.2097069112311818,
2021-06-27 07:35:00+00:00,,0.7764488025527091,,,0.8555801915999869
2021-06-27 08:45:00+00:00,,,,1.1994813490965086,
2021-06-27 13:05:00+00:00,,,,1.1822769421806891,
2021-06-27 14:10:00+00:00,0.0700815650674017,,,,
2021-06-28 00:20:00+00:00,0.0716337484580996,,,,
2021-06-28 01:20:00+00:00,,,,1.2118007120258747,
2021-06-28 01:25:00+00:00,0.0704170492405388,,,,
2021-06-28 04:40:00+00:00,,,4.267840747832673,,
2021-06-28 07:40:00+00:00,,0.7942074671860148,,,0.8751487216042458
2021-06-28 08:00:00+00:00,,,,1.2060900161925558,
2021-06-28 09:30:00+00:00,0.0692210156591882,,,,
2021-06-29 01:30:00+00:00,0.0680452967082169,,,,
2021-06-29 07:40:00+00:00,,,,1.1948544980283,
2021-06-29 12:00:00+00:00,,,,1.1910654222228974,
2021-06-29 13:10:00+00:00,0.0685889786289156,,,,
2021-06-29 15:40:00+00:00,,,,1.1984754470144052,
2021-06-29 17:50:00+00:00,,,,1.1890906369141667,
2021-06-29 22:20:00+00:00,0.0674239948269034,,,,
2021-06-30 23:45:00+00:00,0.0679627125455704,,,,
2021-07-02 00:10:00+00:00,0.0685057346188095,,,,
2021-07-02 09:15:00+00:00,0.067342164716309,,,,
2021-07-03 02:45:00+00:00,,,4.232036854086549,,
2021-07-03 11:15:00+00:00,,,,1.20828286164436,
2021-07-03 12:00:00+00:00,0.0678802286123923,,,,
2021-07-03 12:40:00+00:00,,,,1.1984358245155506,
2021-07-03 15:55:00+00:00,,,4.237256632657015,,
2021-07-03 18:00:00+00:00,,,,1.1925792711007437,
2021-07-03 22:55:00+00:00,,0.7887595253764937,,,0.869145555546302
2021-07-04 06:05:00+00:00,,,,1.194069003502983,
2021-07-04 08:25:00+00:00,,,,1.195992820685542,
2021-07-04 12:45:00+00:00,,,4.235881868424534,,
2021-07-04 20:05:00+00:00,,0.7894983358615513,,,0.8699596615302168
2021-07-04 21:35:00+00:00,0.0684225916390053,,,,
2021-07-04 22:15:00+00:00,,,,1.1938214477533855,
2021-07-06 04:05:00+00:00,0.068969288146201,,,,
2021-07-06 06:45:00+00:00,,,,1.1961108072400026,
2021-07-06 07:55:00+00:00,0.0695203527584891,,,,
2021-07-06 08:15:00+00:00,,,,1.186861713125504,
2021-07-06 09:10:00+00:00,,,,1.180235428960243,
2021-07-06 10:05:00+00:00,,0.7700398766206817,,,0.8485181032062041
2021-07-07 12:45:00+00:00,,,,1.1705414841081363,
2021-07-09 13:30:00+00:00,0.0700758203770294,,,,
2021-07-09 17:05:00+00:00,,,,1.1737844393785002,
2021-07-09 18:15:00+00:00,,,4.231006195544053,,
2021-07-09 21:35:00+00:00,0.0706357261818419,,,,
2021-07-09 22:40:00+00:00,,0.7797615983689592,,,0.8592306093350397
2021-07-09 23:45:00+00:00,,,,1.1788422495554929,
2021-07-10 01:00:00+00:00,,,,1.1732172227885265,
2021-07-11 22:15:00+00:00,,,,1.1791724839582565,
2021-07-12 04:25:00+00:00,,,,1.1697232564708144,
2021-07-14 13:10:00+00:00,0.0712001056340348,,,,
2021-07-14 16:15:00+00:00,,,,1.1593641323013455,
2021-07-14 18:45:00+00:00,,,,1.154831207457284,
2021-07-15 01:25:00+00:00,,,,1.145842241295426,
2021-07-16 15:45:00+00:00,0.0717689944780508,,,,
2021-07-16 16:10:00+00:00,,,,1.13944105646595,
2021-07-16 17:30:00+00:00,,,,1.1271603699388255,
2021-07-17 00:15:00+00:00,,0.7610021687407751,,,0.8385593218749774
2021-07-18 02:35:00+00:00,,,,1.1328890396035034,
2021-07-18 07:55:00+00:00,0.0705499981068411,0.7438569988160758,,,0.8196668105838768
2021-07-21 06:20:00+00:00,0.0711835348796725,,,,
2021-07-21 07:30:00+00:00,,0.7524267183932374,,,0.8291099088199493
2021-07-21 12:55:00+00:00,,,,1.186765046098586,
2021-07-21 14:30:00+00:00,,,,1.1798703199060776,
2021-07-21 14:40:00+00:00,0.0717522913233611,,,,
2021-07-21 16:30:00+00:00,,0.7619154973469671,,,0.8395657319065344
2021-07-21 16:55:00+00:00,,,,1.187815988190625,
2021-07-21 17:00:00+00:00,0.0705335786552338,,,,
2021-07-21 18:20:00+00:00,0.0693355658217747,,,1.1758540294567583,
2021-07-21 18:30:00+00:00,,0.7412190199236216,,,0.8167599833998791
2021-07-23 02:30:00+00:00,,,,1.1728165915087705,
2021-07-23 05:40:00+00:00,,,,1.1663302137065328,
2021-07-24 00:10:00+00:00,,,,1.181345326494892,
2021-07-24 00:40:00+00:00,0.0702807262876846,,,,
2021-07-24 01:40:00+00:00,,0.7492243075058743,,,0.8255811258382717
2021-07-24 03:00:00+00:00,,,,1.1726964199244256,
2021-07-24 05:00:00+00:00,,,,1.1658702962330163,
2021-07-24 06:20:00+00:00,,,,1.1592240652871528,
2021-07-24 06:35:00+00:00,,,,1.1521524329891344,
2021-07-24 07:30:00+00:00,,,,1.1442827674830545,
2021-07-24 08:20:00+00:00,,,4.344360733170317,,
2021-07-24 11:20:00+00:00,,,,1.1377664258474014,
2021-07-24 17:40:00+00:00,,,,1.1411991071036598,
2021-07-24 19:30:00+00:00,,,4.2961455565734035,,
2021-07-24 19:45:00+00:00,,0.734964872327306,,,0.8098684474980165
2021-07-25 05:25:00+00:00,,,,1.1324474585518152,
2021-07-25 08:20:00+00:00,,,,1.1307957734046663,
2021-07-25 09:25:00+00:00,,,4.242313912838221,,
2021-07-25 23:15:00+00:00,,,,1.1237483626724496,
2021-07-26 01:05:00+00:00,,,,1.2220972121365787,
2021-07-26 03:05:00+00:00,0.0756972695716393,,,,
2021-07-26 04:05:00+00:00,,0.8020959771570252,,,0.8838411850999023
2021-07-26 06:50:00+00:00,0.074411551447965,,,,
2021-07-26 07:50:00+00:00,,,4.56969336461395,,
2021-07-26 18:35:00+00:00,0.0750060997440343,,,,
2021-07-26 19:35:00+00:00,,,,1.2252562711398387,
2021-07-26 20:00:00+00:00,0.0737321211398818,,,,
2021-07-27 14:10:00+00:00,0.0724797810623209,,,,
2021-07-27 16:15:00+00:00,,,4.507735917327632,,
2021-07-27 23:00:00+00:00,,,,1.2256459544051108,
2021-07-28 00:25:00+00:00,,,,1.2114859590602176,
2021-07-28 01:35:00+00:00,0.0730588945130089,,,,
2021-07-28 03:00:00+00:00,,,,1.2137506309443609,
2021-07-28 03:30:00+00:00,0.0736426350801678,,,,
2021-07-28 03:40:00+00:00,,,,1.1990883284848677,
2021-07-28 04:35:00+00:00,0.0723918149233311,,,,
2021-07-28 12:05:00+00:00,,,,1.1995711228352517,
2021-07-28 12:40:00+00:00,0.0711622399468584,,,,
2021-07-28 22:45:00+00:00,0.069953549301361,,,,
2021-07-30 21:50:00+00:00,,,,1.2126697371732922,
2021-07-30 22:50:00+00:00,0.0723547099038056,,,,
2021-07-30 23:50:00+00:00,,0.8380398534037915,,,0.9234482634094433
2021-07-31 00:05:00+00:00,,,,1.2140534707737838,
2021-07-31 04:05:00+00:00,,,4.6736538414703155,,
2021-07-31 05:25:00+00:00,0.0711257651560895,,,,
2021-07-31 13:00:00+00:00,,0.8272910315590127,,,0.9116039807945497
2021-08-01 04:20:00+00:00,,,,1.2173594984688063,
2021-08-04 14:05:00+00:00,,,,1.22088064746932,
2021-08-04 15:05:00+00:00,0.0716940600196867,,,,
2021-08-04 15:10:00+00:00,,0.838390533516637,,,0.9238346829095471
2021-08-04 17:00:00+00:00,,,,1.2205273462058968,
2021-08-04 19:35:00+00:00,,,,1.216878045112412,
2021-08-04 20:40:00+00:00,,,,1.2081844335069485,
2021-08-04 22:35:00+00:00,,,,1.20248958419982,
2021-08-04 23:05:00+00:00,,,4.750284381319352,,
2021-08-05 04:20:00+00:00,,0.8371840045600406,,,0.922505191161396
2021-08-05 16:00:00+00:00,0.072266895559244,,,,
2021-08-05 16:50:00+00:00,0.0728443080547623,,,,
2021-08-05 17:15:00+00:00,0.0734263340761199,,,,
2021-08-05 19:35:00+00:00,,,,1.2269719524311795,
2021-08-05 19:40:00+00:00,0.074276961389806,,,,
2021-08-05 19:55:00+00:00,,0.8706054853821563,,,0.9593328053857091
2021-08-06 00:10:00+00:00,,,4.915027990241479,,
2021-08-06 08:00:00+00:00,0.0730153672006001,,,,
2021-08-06 09:10:00+00:00,,0.8669337085840577,,,0.9552868213026615
2021-08-06 16:30:00+00:00,,,,1.255289628158735,
2021-08-06 18:00:00+00:00,0.0746947683780148,,,,
2021-08-06 18:10:00+00:00,,,,1.239628079764661,
2021-08-06 19:15:00+00:00,,0.8814514432167248,,,0.9712841235559183
2021-08-06 21:10:00+00:00,,,4.895358422940344,,
2021-08-07 04:25:00+00:00,,,,1.2420794548082563,
2021-08-07 10:25:00+00:00,,,,1.231988491247465,
2021-08-07 12:40:00+00:00,,,,1.231913564096273,
2021-08-08 00:25:00+00:00,,,,1.2240715005814125,
2021-08-08 01:35:00+00:00,0.0734260777371142,,,,
2021-08-08 06:10:00+00:00,,,,1.2181279081777114,
2021-08-08 07:00:00+00:00,,,,1.2135504350606616,
2021-08-08 08:55:00+00:00,0.0721789358067493,,,,
2021-08-09 10:20:00+00:00,,,,1.2012736736897671,
2021-08-09 11:50:00+00:00,0.0741689285121054,,,,
2021-08-09 12:05:00+00:00,,,,1.2080468756762337,
2021-08-09 12:20:00+00:00,,0.8957519147492157,,,0.9870420204494591
2021-08-09 13:50:00+00:00,0.0729091692613273,,,,
2021-08-09 14:30:00+00:00,,,,1.196644393784,
2021-08-09 19:50:00+00:00,,,,1.1900329018208915,
2021-08-09 20:40:00+00:00,,,4.957895642646611,,
2021-08-10 00:10:00+00:00,,,,1.1785487673737467,
2021-08-10 04:00:00+00:00,0.0716708070214237,,,,
2021-08-11 06:40:00+00:00,,,,1.170588808451708,
2021-08-11 08:10:00+00:00,,,,1.167083393713414,
2021-08-11 15:00:00+00:00,,,,1.1600325754267466,
2021-08-11 15:55:00+00:00,,,,1.152355035496427,
2021-08-13 08:35:00+00:00,0.0722434567695248,,,,
2021-08-13 09:45:00+00:00,,0.906656444793224,,,0.9990578801863631
2021-08-13 11:45:00+00:00,,,,1.1483122425470615,
2021-08-13 14:30:00+00:00,,,,1.1429273268991154,
2021-08-13 15:10:00+00:00,,,4.957917909786978,,
2021-08-14 00:35:00+00:00,,,,1.163646443394226,
2021-08-14 09:40:00+00:00,0.0728206819891134,,,,
2021-08-14 09:50:00+00:00,,,,1.158208485224985,
2021-08-14 10:20:00+00:00,,0.8828574759555956,,,0.9728334514139355
2021-08-16 03:05:00+00:00,,,,1.165070745230092,
2021-08-16 04:00:00+00:00,,,5.01202800650238,,
2021-08-17 14:25:00+00:00,0.0715838227055283,,,,
2021-08-17 16:45:00+00:00,,0.8653056802241476,,,0.9534928732515824
2021-08-19 16:50:00+00:00,0.0721771133890565,,,,
2021-08-19 18:30:00+00:00,,0.8857336098554692,,,0.9760027050531077
2021-08-19 22:40:00+00:00,,,5.1328554422774975,,
2021-08-19 23:00:00+00:00,0.072753808525035,,,,
2021-08-20 17:15:00+00:00,0.0734056220638346,,,,
2021-08-20 18:35:00+00:00,,,5.195492009633639,,
2021-08-20 21:55:00+00:00,,0.9036746039510132,,,0.995772146535011
2021-08-21 11:05:00+00:00,,,,1.2285240345610913,
2021-08-22 00:00:00+00:00,,,,1.2083652774288522,
2021-08-23 01:50:00+00:00,0.0739921329841246,,,,
2021-08-23 03:40:00+00:00,,0.9185596397277052,,,1.0121741832435813
2021-08-23 06:30:00+00:00,,,5.262018382306691,,
2021-08-23 14:30:00+00:00,,0.9063862698346706,,1.2103662256219652,0.9987601704828455
2021-08-23 19:00:00+00:00,0.0723657859011335,,,,
2021-08-25 22:00:00+00:00,0.0729439885304836,,,,
2021-08-26 03:05:00+00:00,,,,1.201168440093395,
2021-08-26 03:10:00+00:00,,0.8934800512212219,,,0.9845386210930823
2021-08-27 20:25:00+00:00,0.0735268109988422,,,,
2021-08-28 02:20:00+00:00,,,5.347022992694413,,
2021-08-28 14:40:00+00:00,,,,1.2170587644724815,
2021-08-29 02:45:00+00:00,,,,1.2031196150546526,
2021-08-31 09:35:00+00:00,,,5.299577932945066,,
2021-09-01 19:35:00+00:00,,,5.244568668764015,,
2021-09-02 00:05:00+00:00,0.0741142902187229,,,,
2021-09-02 01:35:00+00:00,,0.909234078334665,,,1.0018982119532613
2021-09-02 04:25:00+00:00,,,5.1897376708006275,,
2021-09-02 06:50:00+00:00,0.0747064633975705,,,,
2021-09-02 07:25:00+00:00,,0.9251310329394608,,,1.0194152966881616
2021-09-02 15:05:00+00:00,,,,1.2378885366763723,
2021-09-03 06:55:00+00:00,,,5.142574089989035,,
2021-09-03 08:55:00+00:00,0.0753033680401171,,,,
2021-09-03 10:40:00+00:00,,0.941280029456232,,,1.0372101100596829
2021-09-03 18:05:00+00:00,,0.9274021023402512,,,1.0219178209842608
2021-09-03 22:15:00+00:00,,,,1.2176110846038366,
2021-09-03 22:25:00+00:00,0.0736482000105953,,,,
2021-09-06 01:25:00+00:00,0.07423664912868,,,,
2021-09-06 02:50:00+00:00,,,5.139568537429711,,
2021-09-06 11:40:00+00:00,,,,1.2418716842298694,
2021-09-06 22:00:00+00:00,,0.9407116879166436,,,1.0365838462780446
2021-09-07 04:25:00+00:00,,,5.136717695741641,,
2021-09-07 07:10:00+00:00,,0.9306726108507706,,,1.0255216417240958
2021-09-07 08:15:00+00:00,,,,1.236345161803809,
2021-09-07 18:35:00+00:00,0.0748297999552181,,,,
2021-09-08 08:15:00+00:00,,0.8907205190875469,,,0.9814978526304436
2021-09-08 12:05:00+00:00,0.0754276900568603,,,,
2021-09-09 20:25:00+00:00,0.0737697894294105,,,1.2150418293604497,
2021-09-11 13:35:00+00:00,,,5.107765539043127,,
2021-09-11 16:35:00+00:00,0.0743592100469515,,,,
2021-09-11 20:05:00+00:00,,,,1.1948382387700884,
2021-09-12 20:30:00+00:00,,,,1.1793121018813446,
2021-09-13 01:10:00+00:00,0.0727247946101195,0.8790979989615614,,1.1542759148816943,0.9686908292136095
2021-09-13 14:00:00+00:00,,,,1.1170961179446353,
2021-09-13 14:05:00+00:00,0.070737113633679,0.8550708926860404,,,0.9422150124910923
2021-09-14 07:00:00+00:00,0.0713023031716121,,,,
2021-09-15 00:25:00+00:00,0.0718720085739533,,,,
2021-09-15 18:05:00+00:00,,,5.064193175445205,,
2021-09-16 02:30:00+00:00,,,,1.1381037171207724,
2021-09-16 10:25:00+00:00,,0.8438259959873614,,,0.9298240978031599
2021-09-16 10:30:00+00:00,,,,1.1170399265030984,
2021-09-16 14:10:00+00:00,0.0702922618254978,,,,
2021-09-18 20:00:00+00:00,,,,1.1124537025347028,
2021-09-18 20:15:00+00:00,,,5.023379386654673,,0.9223303780682784
2021-09-19 01:30:00+00:00,0.0687472379105734,,,,
2021-09-19 02:55:00+00:00,,0.8363747522835927,,,
2021-09-20 19:15:00+00:00,0.067236173621299,,,,
2021-09-21 08:40:00+00:00,0.0677733906485331,,,,
2021-09-21 14:05:00+00:00,0.0662837315220784,,,,
2021-09-22 01:05:00+00:00,0.0668133385369398,,,,
2021-09-22 07:40:00+00:00,0.0673471771118499,,,,
2021-09-22 16:10:00+00:00,0.0678852810569736,,,,
2021-09-22 18:00:00+00:00,0.0684276844526189,,,,
2021-09-22 19:05:00+00:00,0.0669236439483503,,,,
2021-09-23 17:15:00+00:00,0.0674583638634976,,,,
2021-09-24 04:30:00+00:00,,,4.938312850328297,,0.906711519811364
2021-09-24 05:20:00+00:00,,,,1.127119269618798,
2021-09-24 09:05:00+00:00,0.0659756290257779,,,1.1004976618634803,
2021-09-24 14:25:00+00:00,0.0665027743016939,,,,
2021-09-24 15:40:00+00:00,0.0650410433225427,,,,
2021-09-24 20:30:00+00:00,0.0655607212586898,,,,
2021-09-25 08:30:00+00:00,0.0641196966054238,,,,
2021-09-26 22:55:00+00:00,,,,1.100958910750437,
2021-09-26 23:00:00+00:00,0.0627103456740366,,,,
2021-09-27 09:35:00+00:00,0.0613319722761212,,,,
2021-09-27 10:25:00+00:00,,0.8453371960736714,,,
2021-09-27 12:30:00+00:00,,,,1.083439787976355,
2021-09-29 03:45:00+00:00,0.0618220147346074,,,,
2021-09-29 16:35:00+00:00,0.0604631668507408,,,,
2021-09-30 04:15:00+00:00,0.0623587432993413,,,,
2021-09-30 10:55:00+00:00,,,,1.0843149908508138,
2021-09-30 18:40:00+00:00,,0.8619828271784332,,,
2021-10-01 07:20:00+00:00,0.062856989658303,,,,
2021-10-01 10:25:00+00:00,0.0633592170056729,0.8758470015371459,,,
2021-10-01 13:30:00+00:00,0.0643385117623156,,,,
2021-10-01 16:25:00+00:00,,0.8937362886611394,,,
2021-10-02 23:30:00+00:00,,,,1.173463010888882,
2021-10-02 23:50:00+00:00,,,5.5236766516121305,,1.0141887327767876
2021-10-03 21:00:00+00:00,,0.8758427916313165,,1.1709796475048833,
2021-10-03 21:05:00+00:00,0.0629243512737799,,,,
2021-10-05 00:40:00+00:00,0.0634271168404574,,,,
2021-10-05 08:40:00+00:00,,0.8883732112268719,,,
2021-10-05 09:40:00+00:00,0.0639338995040127,,,,
2021-10-05 21:35:00+00:00,0.0644447313610497,,,,
2021-10-06 08:20:00+00:00,0.0630282361657339,,,,
2021-10-06 08:30:00+00:00,,,,1.203626437096859,
2021-10-06 08:40:00+00:00,,,5.457416625934398,,1.0020228918497587
2021-10-06 12:25:00+00:00,,0.9029917613361638,,,
2021-10-06 16:15:00+00:00,0.0665697874616041,,,,
2021-10-07 09:20:00+00:00,,,,1.250187132979612,
2021-10-07 09:25:00+00:00,,,5.61517451700472,,1.0309884316018822
2021-10-07 11:00:00+00:00,,0.8893596207626084,,,
2021-10-08 10:30:00+00:00,0.0671016800634223,,,,
2021-10-08 12:15:00+00:00,,,,1.2431694912064688,
2021-10-08 14:00:00+00:00,,,5.487042083929165,,1.0074623495871835
2021-10-09 20:00:00+00:00,,,,1.218894574859608,
2021-10-10 09:35:00+00:00,,,,1.2011956108184696,
2021-10-10 20:25:00+00:00,0.0676378224871291,,,,
2021-10-10 21:00:00+00:00,0.066151143148862,,,1.1750142738822604,
2021-10-11 04:15:00+00:00,0.0668882850180409,,,,
2021-10-11 13:35:00+00:00,0.067422722415335,0.9012617042802468,,,
2021-10-11 19:45:00+00:00,0.0679614299674335,,,,
2021-10-12 03:05:00+00:00,,,,1.1727547544379142,
2021-10-12 03:15:00+00:00,,,5.481478784038581,,1.0064408857286062
2021-10-13 05:40:00+00:00,0.0664676377367493,,,,
2021-10-13 05:55:00+00:00,,0.8795012236625959,,,
2021-10-13 17:45:00+00:00,0.0670077319125903,,,,
2021-10-13 21:20:00+00:00,0.0675431236905719,,,,
2021-10-14 01:00:00+00:00,,0.8941189306815079,,,
2021-10-14 09:20:00+00:00,0.0660585258318531,,,,
2021-10-14 15:00:00+00:00,,,,1.180369357036593,
2021-10-15 01:20:00+00:00,,,5.4587363299106135,,1.002265199462549
2021-10-15 05:30:00+00:00,0.0670582449443979,,,,
2021-10-15 16:15:00+00:00,,0.9101460735316316,,,
2021-10-15 20:15:00+00:00,0.0675940403215036,0.924201898148805,,,
2021-10-15 21:50:00+00:00,0.0661083233152369,,,,
2021-10-15 21:55:00+00:00,,0.8991533128277169,,1.2247983056144232,
2021-10-16 13:00:00+00:00,,,5.5691237861385,,1.022533169766991
2021-10-18 01:20:00+00:00,0.0670630596611514,,,,
2021-10-18 07:55:00+00:00,,,5.513234551954094,,1.0122714844496934
2021-10-18 09:50:00+00:00,0.0655890136097993,,,,
2021-10-18 09:55:00+00:00,,0.8786599850939327,,,
2021-10-18 10:05:00+00:00,,,,1.2069119410014073,
2021-10-19 03:20:00+00:00,0.0664406869515225,,,,
2021-10-19 06:15:00+00:00,,,5.455986284302557,,1.0017602703281656
2021-10-19 19:55:00+00:00,0.067303419271588,,,,
2021-10-20 00:40:00+00:00,,,5.457638770199676,,1.0020636792138833
2021-10-20 13:40:00+00:00,,0.8935172582107206,,,
2021-10-20 19:45:00+00:00,,,5.396475863055232,,0.990833707728919
2021-10-21 01:55:00+00:00,,,,1.2534184304539548,
2021-10-21 02:00:00+00:00,0.0658240901159985,0.8712449527375686,,,
2021-10-21 11:00:00+00:00,,,5.346119489547843,,0.9815878974007949
2021-10-21 11:30:00+00:00,0.0643772766152489,,,,
2021-10-21 14:25:00+00:00,,,,1.2059628282699295,
2021-10-22 14:05:00+00:00,,,,1.1764542327489156,
2021-10-23 10:55:00+00:00,,,,1.1493712324208325,
2021-10-24 08:20:00+00:00,0.0629622640752457,,,,
2021-10-24 12:20:00+00:00,,,,1.1177841486751228,
2021-10-24 23:45:00+00:00,,,5.296714233440765,,0.972516719407578
2021-10-25 01:00:00+00:00,0.0637798290742627,,,,
2021-10-25 03:00:00+00:00,,0.8822847588268639,,,
2021-10-25 06:00:00+00:00,,,5.27726283224641,,0.9689452953050686
2021-10-25 10:40:00+00:00,,,5.251705243564703,,0.9642527290828286
2021-10-25 11:20:00+00:00,0.064608010154792,,,,
2021-10-26 14:05:00+00:00,,,,1.1272939729379856,
2021-10-28 12:40:00+00:00,0.065446945166652,,,,
2021-10-28 15:55:00+00:00,,,5.2825819811021555,,0.9699219311904956
2021-10-28 18:35:00+00:00,,0.855649179119737,,,
2021-10-28 18:40:00+00:00,,,,1.096656409108818,
2021-10-29 01:25:00+00:00,0.066296773749641,,,,
2021-10-29 05:40:00+00:00,0.0648395706626238,,,,
2021-10-29 18:30:00+00:00,,,5.2180832850589125,,0.9580794836810527
2021-10-30 14:20:00+00:00,0.0634143968994594,,,,
2021-10-30 14:40:00+00:00,,,,1.076710865437645,
2021-10-31 02:50:00+00:00,,,5.180862333613699,,0.9512454360059502
2021-10-31 08:45:00+00:00,,,,1.047143913119595,
2021-11-01 02:00:00+00:00,,,5.156632922071908,,0.946796733133322
2021-11-01 03:55:00+00:00,,,,1.02731392856812,
2021-11-01 09:40:00+00:00,0.0642378328431988,,,,
2021-11-01 11:50:00+00:00,,,5.1300797663452595,,0.9419213732858598
2021-11-01 17:00:00+00:00,0.0628258852773053,,,,
2021-11-01 17:05:00+00:00,,0.8362117808909953,,,
2021-11-01 21:15:00+00:00,,,,0.9997834137125552,
2021-11-02 15:45:00+00:00,0.0636416793976311,,,,
2021-11-02 17:35:00+00:00,,,5.133775328880876,,0.9425999064660743
2021-11-03 07:50:00+00:00,,0.8331362278084052,,,
2021-11-03 13:45:00+00:00,,,,1.0043684559327049,
2021-11-05 15:05:00+00:00,0.0622428352844712,,,,
2021-11-05 15:10:00+00:00,,,,0.9830352402901044,
2021-11-06 10:55:00+00:00,,,,0.9641709178611128,
2021-11-08 03:40:00+00:00,0.06305105850064,,,,
2021-11-08 05:15:00+00:00,,0.8499246742913272,,,
2021-11-08 10:25:00+00:00,,,5.286582249604566,,0.9706564106865107
2021-11-09 03:40:00+00:00,0.0638697764952709,,,,
2021-11-09 06:15:00+00:00,,,5.29016629151793,,0.9713144678385841
2021-11-09 15:10:00+00:00,,,,1.0467897046208987,
2021-11-09 16:10:00+00:00,,0.832638818674198,,,
2021-11-10 18:25:00+00:00,,,5.269805167304798,,0.9675760117221133
2021-11-10 19:35:00+00:00,,0.8135697164384847,,,
2021-11-10 19:50:00+00:00,0.0624659188079048,,,,
2021-11-10 20:00:00+00:00,,,,1.033553496499433,
2021-11-11 07:40:00+00:00,0.0632770387636254,,,,
2021-11-12 09:55:00+00:00,,,,1.0050168867923717,
2021-11-12 20:05:00+00:00,0.0640986911119711,,,,
2021-11-14 02:45:00+00:00,,,5.221814838710969,,0.9587646251019512
2021-11-14 16:45:00+00:00,,,,0.9941190254949356,
2021-11-15 01:15:00+00:00,0.064940956118744,,,,
2021-11-15 06:05:00+00:00,,,5.219797331423128,,0.958394195533264
2021-11-15 09:10:00+00:00,,0.8217695417979568,,,
2021-11-15 14:55:00+00:00,,,,0.9911884228147386,
2021-11-15 15:05:00+00:00,0.063513553903254,,,,
2021-11-16 18:55:00+00:00,0.0624347761902072,,,,
2021-11-17 03:05:00+00:00,,0.803435912064546,,,
2021-11-17 14:50:00+00:00,0.0613743215166165,,,,
2021-11-18 15:10:00+00:00,,,,0.9537034955941168,
2021-11-18 22:05:00+00:00,0.0603318786656568,,,,
2021-11-19 14:55:00+00:00,0.0611152881101303,,,,
2021-11-20 01:20:00+00:00,0.0619088701262404,,,,
2021-11-22 00:00:00+00:00,0.0608573479671462,,,,
2021-11-22 00:05:00+00:00,,0.7866821461069385,,0.9526954476059448,
2021-11-22 15:35:00+00:00,0.0598236859119242,,,,
2021-11-22 16:10:00+00:00,,0.7696956500236529,,,
2021-11-22 18:35:00+00:00,,0.75293472474175,,,
2021-11-23 11:00:00+00:00,,0.7341506904835209,,,
2021-11-24 02:05:00+00:00,0.0588075806067102,,,,
2021-11-24 02:40:00+00:00,,0.7151537604515112,,,
2021-11-25 04:30:00+00:00,,,5.144297452309615,,0.944531847761588
2021-11-25 19:50:00+00:00,,,5.0907031223900665,,0.934691524192093
2021-11-26 04:35:00+00:00,0.0578087338501052,,,,
2021-11-26 05:10:00+00:00,,,,0.9495377434602896,
2021-11-26 05:15:00+00:00,,0.7017317905411053,,,
2021-11-29 02:05:00+00:00,0.0600537104367125,,,,
2021-11-29 02:10:00+00:00,,0.7336465615143967,,,
2021-11-29 08:45:00+00:00,,,5.21077249886008,,0.956737168144094
2021-11-29 09:40:00+00:00,0.059033698164945,,,,
2021-11-29 23:05:00+00:00,,,5.125702121819986,,0.9411176047031463
2021-11-30 00:00:00+00:00,0.0580310108016134,,,,
2021-11-30 01:10:00+00:00,,0.7187948683684813,,,
2021-11-30 01:20:00+00:00,,,,0.9848983825686954,
2021-11-30 15:45:00+00:00,0.0588656680413354,,,,
2021-11-30 15:55:00+00:00,,,,0.9541813541765312,
2021-11-30 16:10:00+00:00,,0.7038737482947278,,,
2021-12-01 18:10:00+00:00,,,5.049205107955062,,0.9270721754635054
2021-12-01 19:00:00+00:00,0.0578658346696534,,,,
2021-12-01 19:10:00+00:00,,0.6879592795513673,,,
2021-12-01 20:25:00+00:00,,,,0.9206106569294752,
2021-12-03 15:50:00+00:00,,,,0.8928706104123671,
2021-12-04 00:50:00+00:00,0.0568829834677893,,,,
2021-12-04 11:30:00+00:00,0.0559168259935889,,,,
2021-12-04 19:10:00+00:00,0.0566429059791157,,,,
2021-12-04 21:45:00+00:00,0.0556808262210604,,,,
2021-12-05 00:45:00+00:00,,,4.95026807855477,,0.9089065899665889
2021-12-05 20:35:00+00:00,,0.7011185407065806,,,
2021-12-06 00:15:00+00:00,0.0547350873876957,,,,
2021-12-06 09:35:00+00:00,,,,0.8483687972779793,
2021-12-06 17:30:00+00:00,0.0554458224974249,,,,
2021-12-06 21:45:00+00:00,0.0561657865025539,,,,
2021-12-07 03:35:00+00:00,0.0568950992402896,,,,
2021-12-08 09:55:00+00:00,,,,0.8565896447065469,
2021-12-08 10:45:00+00:00,,0.6800871466355665,,,
2021-12-08 22:55:00+00:00,0.0559287359796933,,,,
2021-12-09 07:05:00+00:00,,0.6638585750968293,,,
2021-12-10 01:00:00+00:00,0.0549787863990782,,,,
2021-12-10 14:45:00+00:00,,0.6473890819970767,,,
2021-12-10 14:55:00+00:00,,,,0.8324133821974672,
2021-12-10 15:00:00+00:00,0.0540449717120898,,,,
2021-12-11 07:30:00+00:00,0.05312701786756,,,,
2021-12-12 04:50:00+00:00,,,4.872047696538288,,0.8945447373242081
2021-12-12 10:10:00+00:00,0.0522246554690795,,,,
2021-12-12 14:10:00+00:00,,0.666743159040029,,,
2021-12-12 18:10:00+00:00,0.0529027926203455,,,,
2021-12-13 01:10:00+00:00,,,,0.8343879468732834,
2021-12-14 00:15:00+00:00,,0.653027901706047,,,
2021-12-15 08:20:00+00:00,0.0535897353825207,,,,
2021-12-15 15:10:00+00:00,,0.6369663369950906,,0.8177537441601224,
2021-12-16 00:45:00+00:00,0.0542855980964627,,,,
2021-12-17 22:05:00+00:00,0.0530924006503024,,,,
2021-12-18 10:45:00+00:00,0.0535166089314983,,,,
2021-12-18 19:10:00+00:00,0.052340313867184,,,,
2021-12-19 14:00:00+00:00,0.0527585129749828,,,,
2021-12-19 16:30:00+00:00,,0.6299929479170365,,,
2021-12-19 17:25:00+00:00,0.0515988808597927,,,,
2021-12-20 00:25:00+00:00,,,4.780895477884019,,
2021-12-21 03:30:00+00:00,,0.6369555368320278,,,
2021-12-21 03:50:00+00:00,0.0520111559178624,,,,
2021-12-21 06:50:00+00:00,,0.6442047703122991,,,
2021-12-21 07:55:00+00:00,0.0526143361310339,,,,
2021-12-22 05:45:00+00:00,,,,0.8076656246740399,0.8835092951018784
2021-12-23 00:20:00+00:00,,,4.886824965412815,,
2021-12-23 21:05:00+00:00,,0.6632870273186693,,,
2021-12-23 21:50:00+00:00,0.0536141388005892,,,,
2021-12-23 23:30:00+00:00,,,,0.8228402311177828,0.9001088697686479
2021-12-24 03:50:00+00:00,,,,0.8132378636782571,0.8896047940365298
2021-12-24 11:30:00+00:00,,,,0.805053543970975,0.880651927510376
2021-12-24 19:55:00+00:00,,,,0.7970401974021465,0.8718860893192434
2021-12-24 22:45:00+00:00,0.0524357000297522,,,,
2021-12-25 17:30:00+00:00,,,4.997233366344905,,
2021-12-27 10:55:00+00:00,,0.6610689154485961,,,
2021-12-27 17:45:00+00:00,,0.6660337885532793,,,
2021-12-27 19:30:00+00:00,,,,0.7893160220295453,0.8634365768846336
2021-12-28 00:10:00+00:00,,,4.944992017461587,,
2021-12-29 23:20:00+00:00,0.0512831633430983,0.6496455367045983,,,
2021-12-31 17:05:00+00:00,0.050155959412817,,,,
2021-12-31 17:10:00+00:00,,0.6334066584822541,,,
2021-12-31 17:45:00+00:00,,,4.874527570713105,,
2022-01-01 05:20:00+00:00,0.0505567055285254,,,,
2022-01-02 04:50:00+00:00,,0.618591836734159,,,
2022-01-03 03:50:00+00:00,,,4.751949928318634,,
2022-01-03 15:50:00+00:00,,0.6075465423505485,,,
2022-01-03 16:05:00+00:00,,,4.666893859022303,,
2022-01-04 12:45:00+00:00,,0.6063854588876669,,,
2022-01-04 16:15:00+00:00,,0.5943794818480689,,,
2022-01-04 18:55:00+00:00,,,4.548150577843701,,
2022-01-05 12:50:00+00:00,,,4.4583462080291465,,
2022-01-06 09:35:00+00:00,,0.5779526297288072,,,
2022-01-07 13:35:00+00:00,0.0494454691410084,,,,
2022-01-07 13:40:00+00:00,,0.5600143888277875,,,
2022-01-09 11:05:00+00:00,,0.5586396061762252,,,
2022-01-09 19:25:00+00:00,0.049840538439445,0.5643785808694839,,,
2022-01-10 00:05:00+00:00,0.048745043404546,0.5516126626414227,,,
2022-01-10 11:45:00+00:00,,,4.391557539318052,,
2022-01-10 17:30:00+00:00,0.0476736273505141,,,,
2022-01-10 17:40:00+00:00,,0.5341923787062165,,,
2022-01-10 21:00:00+00:00,0.0480545396330447,,,,
2022-01-11 02:25:00+00:00,0.0484384954047128,,,,
2022-01-12 05:45:00+00:00,,0.5334355055952855,,,
2022-01-12 11:40:00+00:00,0.0488255189829964,,,,
2022-01-12 21:20:00+00:00,0.0492156348796705,,,,
2022-01-13 01:25:00+00:00,,,,0.7788835501994134,0.8520244459838912
2022-01-13 02:50:00+00:00,,0.527948960568882,,,
2022-01-13 15:10:00+00:00,,,,0.7699568517392776,0.842259487784408
2022-01-13 17:10:00+00:00,,,4.47869819082425,,
2022-01-14 19:35:00+00:00,0.0496088678023591,0.5330643178604269,,,
2022-01-16 18:25:00+00:00,,0.5274530326817057,,,
2022-01-18 03:40:00+00:00,,0.5214367494889679,,,
2022-01-19 03:35:00+00:00,0.0490140574774088,,,,
2022-01-19 03:40:00+00:00,,0.514842848771884,,,
2022-01-20 21:15:00+00:00,0.0484263789282547,,,,
2022-01-20 21:25:00+00:00,,0.5079806526069224,,,
2022-01-20 21:45:00+00:00,,,4.343847348675777,,
2022-01-21 17:35:00+00:00,0.0478457466449049,,,,
2022-01-22 03:40:00+00:00,0.0472720761426325,,,,
2022-01-22 14:00:00+00:00,0.0467052839496823,,,,
2022-01-22 14:55:00+00:00,,0.4928976259074963,,,
2022-01-22 22:45:00+00:00,0.0461452875951257,,,,
2022-01-23 10:05:00+00:00,0.0455920055968601,,,,
2022-01-24 00:20:00+00:00,0.0461194485735877,,,,
2022-01-24 16:50:00+00:00,0.0454448299083173,,,,
2022-01-24 20:45:00+00:00,,0.5074502142531434,,,
2022-01-24 21:50:00+00:00,0.0487503645801443,,,,
2022-01-24 22:30:00+00:00,0.0481658477088284,0.4946926675186873,,,
2022-01-25 14:20:00+00:00,0.0485506928320219,,,,
2022-01-25 19:35:00+00:00,0.047968570024966,,,,
2022-01-26 04:45:00+00:00,0.0483518388994655,,,,
2022-01-26 06:30:00+00:00,0.0477721003510609,,,,
2022-01-26 19:15:00+00:00,0.0465094544356558,,,,
2022-01-26 20:40:00+00:00,,,4.4343157771433885,,
2022-01-27 14:30:00+00:00,0.0468810649765967,,,,
2022-01-28 02:00:00+00:00,0.0463189610075273,,,,
2022-01-28 10:05:00+00:00,,0.4827719415652587,,,
2022-01-28 15:30:00+00:00,0.0457635966650471,,,,
2022-01-28 20:30:00+00:00,0.0461292478024008,,,,
2022-01-29 13:30:00+00:00,0.046497820492342,,,,
2022-01-29 16:15:00+00:00,,,4.368058617310535,,
2022-01-29 20:50:00+00:00,0.0459403116246388,,,,
2022-01-29 22:00:00+00:00,0.0453894872882594,,,,
2022-01-31 16:50:00+00:00,,0.4876615191363965,,,
2022-01-31 18:10:00+00:00,0.0460964011554759,,,,
2022-01-31 19:15:00+00:00,,0.4926912084087904,,,
2022-01-31 20:10:00+00:00,0.0455437053056217,,,,
2022-02-01 09:15:00+00:00,,,,0.7679852683111326,
2022-02-01 17:10:00+00:00,,,,0.763154017120848,
2022-02-02 05:45:00+00:00,,,4.369133390912752,,
2022-02-04 02:40:00+00:00,0.0459075995110136,,,,
2022-02-04 06:05:00+00:00,,0.4981071906774185,,,
2022-02-04 13:30:00+00:00,0.0453571673928766,0.4906676747359675,,,
2022-02-04 15:40:00+00:00,,,,0.7616841514999131,
2022-02-04 18:15:00+00:00,,,,0.7694076163577656,
2022-02-04 18:20:00+00:00,,0.5024067793069172,,,
2022-02-04 18:35:00+00:00,0.0472614595311291,,,,
2022-02-04 19:55:00+00:00,0.0476390785927828,,,,
2022-02-04 20:20:00+00:00,,,,0.7670466570328011,
2022-02-05 00:00:00+00:00,,,,0.776678148142281,
2022-02-05 00:50:00+00:00,,,,0.7718122986390934,
2022-02-05 13:20:00+00:00,,0.4979258522903622,,,
2022-02-05 15:15:00+00:00,0.0480197148307391,,,,
2022-02-06 14:35:00+00:00,,,,0.7674032845848039,
2022-02-06 23:25:00+00:00,,,,0.7659629757217463,
2022-02-06 23:55:00+00:00,,,,0.7610285153605599,
2022-02-07 00:10:00+00:00,0.0474439584499186,0.4909985076961488,,,
2022-02-07 02:55:00+00:00,,,,0.7556391934715034,
2022-02-07 05:30:00+00:00,,,,0.7554003871353465,
2022-02-07 09:35:00+00:00,0.046875105388104,0.4845600189854936,,,
2022-02-07 15:15:00+00:00,,,,0.7570028965514723,
2022-02-07 16:40:00+00:00,,,,0.7592197381382635,
2022-02-07 17:45:00+00:00,0.047249637480155,0.4890357155572716,,,
2022-02-07 18:25:00+00:00,,,,0.7592008336565585,
2022-02-07 18:45:00+00:00,0.0466831143267679,,,,
2022-02-07 18:50:00+00:00,,0.4825446357527216,,,
2022-02-07 20:45:00+00:00,0.04612338378599,,,,
2022-02-07 20:50:00+00:00,,0.4759632595252721,,,
2022-02-08 06:00:00+00:00,,,,0.7625536063962264,
2022-02-08 06:20:00+00:00,,,,0.764524496712424,
2022-02-08 08:05:00+00:00,0.045570364414396,,,,
2022-02-08 08:10:00+00:00,,0.4690998566433371,,,
2022-02-08 10:15:00+00:00,,,5.014332313183997,,
2022-02-09 00:50:00+00:00,0.045934471626067,,,,
2022-02-09 02:10:00+00:00,,0.4610046315853879,,,
2022-02-10 12:20:00+00:00,0.0453837173112704,,,,
2022-02-10 14:10:00+00:00,,,4.8147732946860184,,
2022-02-10 15:50:00+00:00,,,,0.7557666439539862,
2022-02-10 17:45:00+00:00,,,,0.7492341840529654,
2022-02-10 19:05:00+00:00,0.0448395665407083,,,,
2022-02-10 19:50:00+00:00,,0.4522863959258382,,,
2022-02-12 21:20:00+00:00,0.0443019401378852,,,,
2022-02-15 06:35:00+00:00,,0.4623341858639828,,,0.8609707434907473
2022-02-15 08:35:00+00:00,0.0450984890215644,,,,
2022-02-16 04:55:00+00:00,,,4.949191708522248,,
2022-02-16 14:50:00+00:00,,0.4510976511140127,,,0.8400457762836121
2022-02-17 09:15:00+00:00,,0.4408026670990661,,,0.8208741893393978
2022-02-21 10:35:00+00:00,0.0441072242328704,,,,
2022-02-21 10:55:00+00:00,,,4.8294392025071655,,
2022-02-21 11:35:00+00:00,,0.4299163745205447,,,0.8006014522116596
2022-02-21 18:10:00+00:00,0.0429332034834046,,,,
2022-02-21 18:25:00+00:00,,0.4151300762353604,,,0.7730660230409161
2022-02-23 08:25:00+00:00,0.0437051424820362,,,,
2022-02-23 18:05:00+00:00,0.042744503450281,,,,
2022-02-23 18:20:00+00:00,,,4.718902772001438,,
2022-02-24 10:20:00+00:00,0.0418049792644438,,,,
2022-02-24 14:30:00+00:00,0.0425566327916185,,,,
2022-02-24 18:45:00+00:00,0.0433218010492118,,,,
2022-02-25 00:40:00+00:00,,0.4393451339480791,,,0.8181599332038223
2022-02-25 01:05:00+00:00,0.0454038056505542,,,,
2022-02-25 09:25:00+00:00,0.044405830002355,,,,
2022-02-25 18:05:00+00:00,0.0434297898589033,,,,
2022-02-26 05:55:00+00:00,0.0424752030778046,,,,
2022-02-26 09:30:00+00:00,,,4.912100104864332,,
2022-02-27 13:45:00+00:00,0.0415415981141544,,,,
2022-02-27 19:30:00+00:00,,0.4245495181394322,,,0.790607152698593
2022-02-27 19:40:00+00:00,,,4.75223218298143,,
2022-02-28 14:15:00+00:00,0.0422885160482469,,,,
2022-02-28 19:05:00+00:00,,,,0.7600501072134735,
2022-02-28 20:20:00+00:00,,0.4456678537233195,,,0.8299342663857814
2022-02-28 21:05:00+00:00,0.0446839544303634,,,,
2022-02-28 21:40:00+00:00,,,,0.7596651624562032,
2022-02-28 22:55:00+00:00,,,,0.781792601583306,
2022-03-01 03:35:00+00:00,0.0460769384122007,,,,
2022-03-01 14:30:00+00:00,,,,0.7832333706403732,
2022-03-01 15:00:00+00:00,0.0450641673059006,,,,
2022-03-02 13:50:00+00:00,,,5.197061210496052,,
2022-03-02 14:40:00+00:00,0.0458744210340607,,,,
2022-03-02 15:05:00+00:00,,,,0.7703506780706386,
2022-03-02 15:25:00+00:00,0.044866101259732,,,,
2022-03-03 10:40:00+00:00,,0.4415341031715996,,,0.8222362886139915
2022-03-06 23:15:00+00:00,0.0438799443540431,,,,
2022-03-06 23:25:00+00:00,,0.428662912447078,,,0.7982672225433229
2022-03-07 18:35:00+00:00,0.0429154631771412,,,,
2022-03-07 19:05:00+00:00,,,5.046572261879967,,
2022-03-07 19:30:00+00:00,,0.4158033645439008,,,0.7743198380373227
2022-03-08 08:30:00+00:00,0.0436870832050662,,,,
2022-03-08 16:30:00+00:00,0.0427268411162189,,,,
2022-03-09 03:10:00+00:00,,0.429679009355574,,,0.8001594246289887
2022-03-09 08:35:00+00:00,,0.4522716786101556,,,0.8422320808164337
2022-03-09 09:05:00+00:00,0.0455849160681864,,,,
2022-03-10 01:35:00+00:00,0.0445829596130077,,,,
2022-03-10 02:00:00+00:00,,,5.2212662743936225,,
2022-03-10 04:20:00+00:00,,0.4335098290807875,,,0.8072932767382212
2022-03-10 13:40:00+00:00,0.0436030261607137,,,,
2022-03-11 12:05:00+00:00,0.0443870085710834,,,,
2022-03-11 13:15:00+00:00,0.043411382122691,,,,
2022-03-11 17:10:00+00:00,,,5.033189721885324,,
2022-03-11 19:05:00+00:00,,0.4156795906769595,,,0.774089343123679
2022-03-13 12:25:00+00:00,0.0424571999436342,,,,
2022-03-13 22:45:00+00:00,,0.4068546300092566,,,0.7576552718833056
2022-03-14 22:45:00+00:00,0.0432205803986208,0.4153107897099646,,,0.7734025523726116
2022-03-15 01:15:00+00:00,0.0422705920414591,,,,
2022-03-15 03:40:00+00:00,,0.4030898770050274,,,0.7506444509398943
2022-03-15 07:30:00+00:00,,,4.930867343505336,,
2022-03-16 02:05:00+00:00,0.0430306172863645,,,,
2022-03-16 03:10:00+00:00,,0.3877231744601409,,,0.7220281778638549
2022-03-16 03:15:00+00:00,0.0413106682990805,,,,
2022-03-18 00:55:00+00:00,0.0404026598098667,,,,
2022-03-18 20:50:00+00:00,,,,0.7706742791426457,
2022-03-19 20:35:00+00:00,0.0411290996332481,,,,
2022-03-19 21:55:00+00:00,,,,0.7658687937892692,
2022-03-19 22:25:00+00:00,,,4.962683118862193,,
2022-03-20 08:30:00+00:00,,0.3890500861090549,,,0.7244991872415781
2022-03-22 05:10:00+00:00,,,,0.7727195334865217,
2022-03-22 10:30:00+00:00,0.0418686008446539,,,,
2022-03-22 14:30:00+00:00,,0.395631105674479,,,0.7367545330096658
2022-03-23 01:00:00+00:00,0.0409483289980884,,,,
2022-03-24 06:30:00+00:00,,,,0.7670580150205858,
2022-03-24 15:35:00+00:00,0.0416845799534741,,,,
2022-03-24 17:55:00+00:00,,,,0.7715959426833228,
2022-03-25 02:05:00+00:00,,,,0.766324094985935,
2022-03-25 08:05:00+00:00,,,4.9568845871151765,,
2022-03-25 12:40:00+00:00,0.0424340687010375,0.40170564504114,,,0.7480666981810653
2022-03-25 14:10:00+00:00,,,,0.7717142663385854,
2022-03-25 15:30:00+00:00,,0.3961277425139526,,,0.7376793830467172
2022-03-25 15:35:00+00:00,,,4.923524802309494,,
2022-03-27 12:55:00+00:00,,,4.877620534706533,,
2022-03-27 20:35:00+00:00,0.0431970332562822,,,,
2022-03-27 21:05:00+00:00,,,,0.7835618942971726,
2022-03-28 00:45:00+00:00,,,,0.7883570626752924,
2022-03-28 04:55:00+00:00,,0.4027692454364743,,,0.7500473624952058
2022-03-28 05:00:00+00:00,0.0439737159142302,,,,
2022-03-28 14:15:00+00:00,,,,0.7838803852179921,
2022-03-28 15:50:00+00:00,,,,0.7777008388229318,
2022-03-28 19:50:00+00:00,,,,0.7754515614945999,
2022-04-01 18:35:00+00:00,0.0449198846127007,,,,
2022-04-02 00:55:00+00:00,,0.4096340226788886,,,0.7628311291882416
2022-04-02 15:15:00+00:00,,,4.874889563147619,,
2022-04-03 22:20:00+00:00,0.045727544138037,,,,
2022-04-03 22:55:00+00:00,,0.4031474528523146,,,0.7507516701799193
2022-04-03 23:00:00+00:00,0.044722452717883,,,,
2022-04-05 14:10:00+00:00,,0.3969883917358897,,,0.739282106408199
2022-04-05 14:15:00+00:00,,,4.841103620797701,,
2022-04-05 16:00:00+00:00,0.0437394532071439,,,,
2022-04-10 21:50:00+00:00,,0.3925996611413571,,,0.731109298170162
2022-04-12 19:55:00+00:00,0.0427780600256509,,,,
2022-04-14 09:20:00+00:00,,,4.890204799013998,,
2022-04-14 13:45:00+00:00,,0.3846558878741601,,,0.7163161970214778
2022-04-14 15:35:00+00:00,0.0418377982662871,,,,
2022-04-17 00:05:00+00:00,,,4.85069348240598,,
2022-04-18 15:25:00+00:00,,,4.809177366146945,,
2022-04-18 22:50:00+00:00,,0.3912667312384661,,,0.7286270814433835
2022-04-18 23:00:00+00:00,0.0425900418791149,,,,
2022-04-19 01:40:00+00:00,,,4.862416489385296,,
2022-04-19 16:50:00+00:00,,,4.82200225066527,,
2022-04-20 13:45:00+00:00,,,4.763080585897288,,
2022-04-20 15:00:00+00:00,,,,0.7863230437589983,
2022-04-20 18:40:00+00:00,,0.3834597864061669,,,0.7140887857642632
2022-04-21 13:00:00+00:00,0.0435891086430406,,,,
2022-04-21 16:05:00+00:00,,,,0.7813373946345583,
2022-04-21 16:55:00+00:00,0.0426310200350665,,,,
2022-04-21 17:00:00+00:00,,0.3773904979572598,,,0.7027863989884502
2022-04-25 18:45:00+00:00,0.043397525775297,0.3848317477605087,,,0.7166436878749103
2022-04-26 14:00:00+00:00,,,,0.7755486109977151,
2022-04-26 14:40:00+00:00,,0.376585104417392,,,0.7012865741949907
2022-04-26 14:50:00+00:00,0.042443648158756,,,,
2022-04-27 11:25:00+00:00,,,4.712112898040268,,
2022-04-28 15:05:00+00:00,0.0432067849526504,,,,
2022-04-29 02:55:00+00:00,0.0422570998193912,,,,
2022-04-29 09:05:00+00:00,,0.3671236347877696,,,0.6836671794139012
2022-04-29 10:40:00+00:00,,,,0.756991725029518,
2022-05-01 18:10:00+00:00,,,4.6726369261053975,,
2022-05-01 18:50:00+00:00,,0.3610678451652396,,,0.6723899305035923
2022-05-02 18:10:00+00:00,,,,0.7440386015978407,
2022-05-03 18:00:00+00:00,,0.3551617547162984,,,0.6613914552871295
2022-05-03 18:05:00+00:00,0.041328288765361,,,,
2022-05-04 12:40:00+00:00,,,4.727659330544689,,
2022-05-04 16:20:00+00:00,,0.3611906950482361,,,0.6726187047503064
2022-05-04 18:50:00+00:00,0.0420713713973622,,,,
2022-05-05 13:55:00+00:00,,0.3547926152395524,,,0.6607040341544007
2022-05-05 14:00:00+00:00,,,,0.7381437654715157,
2022-05-05 14:05:00+00:00,0.0411466426540481,,,,
2022-05-10 07:45:00+00:00,0.0419714086593669,,,,
2022-05-10 08:00:00+00:00,,,4.620935660773393,,
2022-05-10 13:30:00+00:00,0.0427260545870624,,,,
2022-05-11 06:45:00+00:00,0.0417869359072387,,,,
2022-05-11 12:35:00+00:00,0.0398137747596251,,,,
2022-05-11 13:55:00+00:00,0.0389386679904085,,,,
2022-05-11 19:35:00+00:00,0.0380827960679793,,,,
2022-05-12 01:20:00+00:00,0.0372457362104051,,,,
2022-05-12 02:40:00+00:00,0.0364270749285004,,,,
2022-05-12 14:25:00+00:00,0.0370820337357149,,,,
2022-05-12 16:25:00+00:00,0.037748768702283,,,,
2022-05-12 17:40:00+00:00,0.0368632858592326,,,,
2022-05-12 18:25:00+00:00,0.0360530308360466,,,,
2022-05-13 06:55:00+00:00,,,4.571370366445812,,
2022-05-13 07:30:00+00:00,0.0376048995063819,,,,
2022-05-14 19:40:00+00:00,,,4.473977462134873,,
2022-05-15 11:45:00+00:00,0.0382810355995066,,,,
2022-05-15 20:10:00+00:00,0.0389693286195858,,,,
2022-05-16 04:30:00+00:00,0.0381127827765273,,,,
2022-05-16 06:05:00+00:00,,0.3456329009368908,,,0.643646575990047
2022-05-16 13:45:00+00:00,0.0372750638110992,,,,
2022-05-17 08:40:00+00:00,0.0379452694584228,,,,
2022-05-18 03:20:00+00:00,0.0371112324357266,,,,
2022-05-19 15:30:00+00:00,,0.3512441882924071,,,0.654096061219851
2022-05-19 17:25:00+00:00,0.0379672196523075,,,,
2022-05-20 01:35:00+00:00,0.038649870261656,,,,
2022-05-20 09:00:00+00:00,,0.3468083300794518,,,0.6458354907052768
2022-05-22 14:25:00+00:00,,,4.441906859618536,,
2022-05-22 22:20:00+00:00,,0.3506513138505089,,,0.6529919950169942
2022-05-23 06:40:00+00:00,0.0393447949289606,,,,
2022-05-24 23:10:00+00:00,,0.3549500365335071,,,0.660997188181599
2022-05-25 05:50:00+00:00,,,4.398825392509214,,
2022-05-25 11:25:00+00:00,0.038479996336422,,,,
2022-05-27 00:50:00+00:00,0.0376342060169475,,,,
2022-05-27 01:00:00+00:00,,0.3464641062830713,,,0.6451944682004342
2022-05-30 06:05:00+00:00,,0.3571524222893736,,,0.6650985282071875
2022-05-30 06:25:00+00:00,,,,0.736222010619417,
2022-05-30 07:05:00+00:00,0.0387125348007716,,,,
2022-05-30 11:00:00+00:00,,,4.442026744648948,,
2022-05-30 12:15:00+00:00,,0.3599595749871978,,,0.6703260809584972
2022-05-30 12:20:00+00:00,,,,0.7314198743791905,
2022-05-30 21:35:00+00:00,,,,0.7463126303099652,
2022-05-31 00:25:00+00:00,,0.3638558652139952,,,0.6775818539382794
2022-05-31 13:25:00+00:00,0.0394085861764895,,,,
2022-05-31 16:10:00+00:00,,,,0.7366291801811233,
2022-05-31 17:15:00+00:00,,,,0.7299694621661587,
2022-06-01 04:10:00+00:00,,0.3551755519113074,,,0.6614171487824586
2022-06-03 11:10:00+00:00,0.0385423854523303,,,,
2022-06-05 16:25:00+00:00,,0.3507674249961682,,,0.6532082202118045
2022-06-06 00:45:00+00:00,,0.3528367572651084,,,0.6570617845741054
2022-06-06 05:55:00+00:00,,0.3614726815732478,,,0.6731438273899832
2022-06-06 06:55:00+00:00,0.0392929027217065,,,,
2022-06-06 11:50:00+00:00,,,4.546605778849297,,
2022-06-07 22:50:00+00:00,0.0399993891126427,0.3660546596945267,,,0.6816765061975512
2022-06-08 01:00:00+00:00,,,4.634909335778144,,
2022-06-08 01:05:00+00:00,0.0391202025399469,,,,
2022-06-08 03:15:00+00:00,,0.3543681236296668,,,0.6599135348399584
2022-06-10 00:15:00+00:00,0.0382603404881188,,,,
2022-06-12 19:25:00+00:00,0.0374185609743055,0.3453100492201968,,,0.6430453531277579
2022-06-13 22:40:00+00:00,0.0365961010040902,,,,
2022-06-14 09:35:00+00:00,0.0356624313832585,,,,
2022-06-14 11:15:00+00:00,0.0348785711414545,,,,
2022-06-14 11:45:00+00:00,,0.3262966026192151,,,0.6076380184402363
2022-06-14 20:20:00+00:00,0.0341119401477653,,,,
2022-06-15 03:40:00+00:00,0.0333621597033174,,,,
2022-06-15 15:45:00+00:00,0.033795367347065,,,,
2022-06-15 16:55:00+00:00,,0.3117327348478031,,,
2022-06-15 17:40:00+00:00,,,4.430266606065247,,0.5808092945618504
2022-06-15 18:50:00+00:00,0.0330525451727765,,,,
2022-06-15 23:35:00+00:00,0.0339454272750969,,,,
2022-06-16 04:50:00+00:00,0.0331993067835903,,,,
2022-06-16 05:50:00+00:00,,,,0.7104158127028756,
2022-06-16 05:55:00+00:00,,,4.330456741106146,,0.5677241910202611
2022-06-16 09:35:00+00:00,,0.2963969719892586,,,
2022-06-17 06:45:00+00:00,0.0336303997821752,,,,
2022-06-17 12:40:00+00:00,0.032891203594963,,,,
2022-06-17 13:15:00+00:00,,,4.200985393830073,,0.5507504581585776
2022-06-18 16:45:00+00:00,0.0321682549399457,,,,
2022-06-19 01:40:00+00:00,,0.2858395736068163,,,
2022-06-19 01:55:00+00:00,0.0314611966963657,,,,
2022-06-19 13:35:00+00:00,0.0326167941345924,,,,
2022-06-19 15:30:00+00:00,0.0330403232064301,,,,
2022-06-19 19:00:00+00:00,,0.3021303674365083,,,
2022-06-19 23:50:00+00:00,0.0334693518032656,,,,
2022-06-20 00:45:00+00:00,0.0327336954506298,,,,
2022-06-20 01:20:00+00:00,,0.2892621022637376,,,
2022-06-20 01:40:00+00:00,,,,0.7165754765349841,
2022-06-20 01:50:00+00:00,,,4.338025099298326,,0.5687164050727005
2022-06-20 14:45:00+00:00,0.0331587424860562,,,,
2022-06-20 17:40:00+00:00,,,4.283401938030789,,0.5615552920780327
2022-06-20 17:55:00+00:00,,,,0.6884009327715921,
2022-06-21 01:00:00+00:00,0.0335893087572377,,,,
2022-06-21 13:40:00+00:00,0.0340254659314504,,,,
2022-06-21 18:35:00+00:00,0.0332775861902771,,,,
2022-06-21 19:05:00+00:00,,,4.2739150945179905,,0.5603115640187002
2022-06-21 20:10:00+00:00,,,,0.6787999079997881,
2022-06-22 13:55:00+00:00,0.0337096956469579,,,,
2022-06-22 15:40:00+00:00,0.0329687565366377,,,,
2022-06-23 06:30:00+00:00,0.033396855840266,,,,
2022-06-23 15:30:00+00:00,0.0326627929488969,,,,
2022-06-23 15:50:00+00:00,,,4.181152520473094,,0.5481503624515085
2022-06-23 23:35:00+00:00,0.0332216489662902,,,,
2022-06-24 06:55:00+00:00,,,4.149863882179162,,0.5440484124897568
2022-06-24 07:15:00+00:00,,,,0.675138216527835,
2022-06-24 15:15:00+00:00,0.0324914371220112,,,,
2022-06-25 12:20:00+00:00,,,,0.6673178071193967,
2022-06-25 12:40:00+00:00,,,4.073751395720475,,0.5340700424506044
2022-06-25 15:50:00+00:00,0.0317772753340694,,,,
2022-06-25 20:20:00+00:00,,0.2901024351363125,,,
2022-06-26 15:05:00+00:00,,,,0.6568721520281081,
2022-06-26 15:30:00+00:00,,,4.027874967381087,,0.5280556287933454
2022-06-27 12:55:00+00:00,,,3.990356515606951,,0.5231369483965144
2022-06-28 14:30:00+00:00,0.0310788108222265,,,,
2022-06-28 14:55:00+00:00,,,3.918161530178573,,0.5136721639295585
2022-07-01 03:55:00+00:00,0.0316313371197564,,,,
2022-07-01 04:00:00+00:00,,,,0.6384534642781015,
2022-07-01 04:45:00+00:00,,0.2837321328128029,,,
2022-07-01 05:35:00+00:00,,,3.718942936946857,,0.487554545987535
2022-07-04 01:05:00+00:00,,0.2789226178763355,,,
2022-07-04 02:40:00+00:00,,,3.698261411338853,0.6282446851695928,0.48484319171318896
2022-07-04 15:00:00+00:00,0.0320420700322565,,,,
2022-07-04 15:05:00+00:00,,0.2848602352077155,,,
2022-07-04 22:50:00+00:00,0.0324581363116253,,,,
2022-07-05 05:20:00+00:00,,0.2914002054092241,,,
2022-07-05 08:25:00+00:00,,,,0.6388000180780362,
2022-07-05 08:35:00+00:00,,,3.780644917877448,,0.4956436943851286
2022-07-05 08:45:00+00:00,0.0317447064754958,,,,
2022-07-05 22:55:00+00:00,0.0324438890865663,,,,
2022-07-06 01:40:00+00:00,,,,0.6203668693992369,
2022-07-06 02:10:00+00:00,,,3.742551464446675,,0.4906496310968693
2022-07-06 22:05:00+00:00,,0.2982508029626677,,,
2022-07-07 06:00:00+00:00,,,3.682323154260575,,0.4827536813804459
2022-07-07 18:40:00+00:00,0.0328651729863553,,,,
2022-07-07 20:45:00+00:00,,0.3074140836425603,,,
2022-07-07 23:00:00+00:00,0.0332919272575831,,,,
2022-07-08 01:25:00+00:00,,0.3157890828949637,,,
2022-07-08 02:25:00+00:00,0.0325601706964614,0.3087818329007781,,,
2022-07-08 08:35:00+00:00,0.0318444981445532,,,0.6545537413150323,
2022-07-08 08:55:00+00:00,,,3.790724781443416,,0.4969651675531349
2022-07-10 02:25:00+00:00,0.0311445560753359,,,,
2022-07-13 12:30:00+00:00,0.0304599987328,0.3038987680803947,,0.6368533926807592,
2022-07-13 13:20:00+00:00,,,3.643677518649691,,0.47768722684104575
2022-07-13 21:40:00+00:00,0.0308555218163455,,,,
2022-07-14 07:15:00+00:00,,,3.5980610727466287,,0.4717068969599717
2022-07-14 08:40:00+00:00,,,,0.627410214052407,
2022-07-14 08:50:00+00:00,0.0301773174468222,,,,
2022-07-14 17:25:00+00:00,0.030719905614516,,,,
2022-07-15 08:55:00+00:00,0.031272249517465,,,,
2022-07-15 16:15:00+00:00,,,3.656875086683592,,
2022-07-17 10:20:00+00:00,,,3.6493946939836626,,
2022-07-17 17:55:00+00:00,0.0305848854730712,0.2962722813265954,,,
2022-07-18 05:35:00+00:00,0.031134801713877,,,,
2022-07-18 08:00:00+00:00,0.0318301091130154,,,,
2022-07-18 10:40:00+00:00,,0.3081931489742336,,,
2022-07-18 17:50:00+00:00,,,3.688300233131407,,
2022-07-18 17:55:00+00:00,0.0311304833147113,,,0.6301569014292024,
2022-07-19 04:00:00+00:00,,,,0.6015288532472712,
2022-07-19 04:05:00+00:00,,0.2983270375401043,,,
2022-07-19 14:50:00+00:00,0.0316902094047098,,,,
2022-07-19 17:10:00+00:00,0.0323144791258588,,,,
2022-07-19 20:00:00+00:00,,0.3082964849333226,,,
2022-07-19 21:55:00+00:00,0.0328954934605418,,,,
2022-07-20 01:05:00+00:00,,,3.720335393661129,,
2022-07-20 20:15:00+00:00,,,,0.6024519279730395,
2022-07-21 02:30:00+00:00,0.032172450514279,,,,
2022-07-22 10:35:00+00:00,0.0327509111745258,,,,
2022-07-22 15:45:00+00:00,,,3.658169272906336,,
2022-07-22 19:30:00+00:00,,,,0.5850169217353419,
2022-07-25 01:05:00+00:00,,,,0.5687639111680376,
2022-07-25 02:20:00+00:00,,0.3001779847887182,,,
2022-07-25 22:25:00+00:00,0.0320310461469097,,,,
2022-07-27 18:35:00+00:00,0.0326069643566311,,,,
2022-07-27 22:30:00+00:00,0.0331932375757634,,,,
2022-07-27 23:40:00+00:00,,0.3112861110015593,,,
2022-07-28 07:30:00+00:00,0.0324636502138481,,,,
2022-07-28 12:30:00+00:00,,0.3026674644763266,,0.6027159423849073,
2022-07-28 14:05:00+00:00,,,3.851391584817997,,
2022-07-28 20:35:00+00:00,0.0330473466446931,,,,
2022-07-29 06:35:00+00:00,,0.3105187603924145,,,
2022-07-29 11:30:00+00:00,,,3.8576728224316494,,
2022-07-29 13:05:00+00:00,,,,0.6004738088565665,
2022-07-29 16:10:00+00:00,0.0323209659654427,,,,
2022-07-30 19:50:00+00:00,,,3.792542705541373,,
2022-07-30 19:55:00+00:00,,0.301439798467996,,,
2022-07-30 20:05:00+00:00,0.0316105511335223,,,,
2022-07-30 22:00:00+00:00,,,,0.5869836947822172,
2022-08-03 00:20:00+00:00,0.0309157512196075,,,,
2022-08-03 00:25:00+00:00,,0.2929808442492247,,,
2022-08-03 20:35:00+00:00,,,3.767738653143744,,
2022-08-03 23:00:00+00:00,,0.285435007609373,,0.5711031524998268,
2022-08-04 16:45:00+00:00,0.0302362230078005,,,,
2022-08-05 11:40:00+00:00,,0.2903388898596836,,,
2022-08-05 12:55:00+00:00,,,3.7450393619843463,,
2022-08-05 18:55:00+00:00,,,,0.5599730725963853,
2022-08-07 14:10:00+00:00,,0.2881769775867251,,,
2022-08-08 06:10:00+00:00,0.0307798702974808,,,,
2022-08-08 12:40:00+00:00,,0.2968834671176937,,,
2022-08-08 16:40:00+00:00,,,3.7879211404435704,,
2022-08-08 21:15:00+00:00,,0.2922849660397389,,,
2022-08-08 22:40:00+00:00,,,,0.5703019963500069,
2022-08-10 14:45:00+00:00,0.0313332923654295,,,,
2022-08-10 18:45:00+00:00,,,,0.5737405398493112,
2022-08-10 21:25:00+00:00,,0.2974533170412166,,,
2022-08-11 07:30:00+00:00,,0.3031435880716366,,,
2022-08-11 12:30:00+00:00,0.0318966649621599,,,,
2022-08-11 15:20:00+00:00,,,3.867717361024751,,
2022-08-11 18:20:00+00:00,,,,0.5709803866577777,
2022-08-13 08:50:00+00:00,,,3.869002566005336,,
2022-08-14 08:55:00+00:00,,,3.8254135289498055,,0.4663925429216474
2022-08-14 12:50:00+00:00,,,,0.5669239236910516,
2022-08-15 05:45:00+00:00,,,3.827256602888289,,0.46661724959308476
2022-08-15 06:25:00+00:00,,,,0.5629696946818304,
2022-08-15 06:35:00+00:00,,0.2972509062898343,,,
2022-08-17 07:35:00+00:00,,,3.747716672536702,,0.45691978026075053
2022-08-17 07:40:00+00:00,,0.2903325362832479,,0.5573711827617419,
2022-08-18 23:20:00+00:00,,,,0.5482575452779441,
2022-08-20 20:50:00+00:00,,,,0.535379483857668,
2022-08-21 22:05:00+00:00,,,,0.5332034264220754,
2022-08-23 02:15:00+00:00,,,3.7190202268304944,,0.4534211236620728
2022-08-23 05:30:00+00:00,,,,0.5215253989458912,
2022-08-23 12:40:00+00:00,,,3.697149073770766,,0.4507546033983262
2022-08-24 23:30:00+00:00,,,,0.5195918553435136,
2022-08-25 09:55:00+00:00,,0.2921551770598075,,,
2022-08-26 05:10:00+00:00,,,,0.5113008522584723,
2022-08-26 14:00:00+00:00,,0.2859582605697869,,,
2022-08-26 14:55:00+00:00,0.0311955762662916,,,0.5003413907672153,
2022-08-28 23:25:00+00:00,,,,0.4914345192581609,
2022-08-29 14:05:00+00:00,,0.2900873148792766,,,
2022-08-29 18:15:00+00:00,,,3.676224032954471,,0.44820343267568535
2022-08-30 04:30:00+00:00,,0.2943764563291378,,,
2022-08-30 08:50:00+00:00,,,3.6642493818404,,0.4467434890796724
2022-08-30 14:05:00+00:00,,0.2885471597773931,,0.4951027380146878,
2022-08-31 06:10:00+00:00,,0.2943152677800781,,,
2022-08-31 06:30:00+00:00,,,3.6708168931952887,,0.4475441968458506
2022-08-31 15:05:00+00:00,,,,0.484663039768211,
2022-09-02 17:20:00+00:00,,,,0.4788680292074894,
2022-09-03 21:00:00+00:00,,0.2889971821772958,,,
2022-09-05 05:20:00+00:00,,,,0.4744099423954508,
2022-09-05 18:30:00+00:00,,0.2847332834724951,,,
2022-09-06 01:55:00+00:00,,,3.62803279198304,,0.4423279801911048
2022-09-06 02:00:00+00:00,,0.2803908514408789,,0.4693788247988908,
2022-09-08 07:20:00+00:00,,,,0.4739508577590038,
2022-09-09 03:30:00+00:00,0.0317564727275595,0.2863932848712514,,,
2022-09-09 05:05:00+00:00,0.0325703625594421,,,,
2022-09-09 08:15:00+00:00,,0.2980326331092909,,,
2022-09-09 10:45:00+00:00,,0.3045334705183545,,,
2022-09-09 18:10:00+00:00,,,3.8434977967739488,,0.4685973679931198
2022-09-10 07:45:00+00:00,,,3.798428263743769,,0.4631025126110384
2022-09-10 12:20:00+00:00,,,,0.5177518013673741,
2022-09-10 20:50:00+00:00,,,3.7517752212679,,0.4574145965332894
2022-09-10 21:45:00+00:00,,0.311489680173362,,,
2022-09-11 06:30:00+00:00,,,,0.5129293182141743,
2022-09-12 02:10:00+00:00,0.0318544659903855,,,,
2022-09-12 03:30:00+00:00,,0.3038275749925443,,,
2022-09-12 10:10:00+00:00,,,3.717274283501393,,0.4532082591069354
2022-09-13 12:35:00+00:00,,,3.5882020832502928,,
2022-09-17 19:10:00+00:00,,,3.5543368532573347,,
2022-09-18 10:00:00+00:00,,,,0.5089851962643803,
2022-09-18 14:45:00+00:00,,0.2975387424040807,,,0.4438274421442141
2022-09-19 17:30:00+00:00,,,3.604484378629395,,
2022-09-19 20:00:00+00:00,0.0324272092888927,0.3053340109421692,,,0.4554553534142982
2022-09-20 00:35:00+00:00,,,3.59611211906954,,
2022-09-20 12:25:00+00:00,,,,0.4928954464912702,
2022-09-20 13:15:00+00:00,,0.295487633731008,,,0.44076787985469756
2022-09-21 15:05:00+00:00,,,3.5854900554864253,,
2022-09-21 18:05:00+00:00,0.0308328896455312,0.2867898214435921,,0.4819847746825996,0.4277936777437951
2022-09-21 19:30:00+00:00,0.0301551827311225,,,,
2022-09-22 11:30:00+00:00,,,3.5549723351992295,,
2022-09-23 08:45:00+00:00,0.0294923718146924,,,,
2022-09-23 11:50:00+00:00,,,,0.469349715971589,
2022-09-24 00:45:00+00:00,,,3.510753500778653,,
2022-09-25 22:00:00+00:00,,0.278137021746156,,,0.41488661923413783
2022-09-26 11:15:00+00:00,,,3.4818035856667264,,
2022-09-26 11:30:00+00:00,,0.2723935248092807,,,0.40631925911874633
2022-09-26 11:40:00+00:00,,,,0.4592541339235662,
2022-09-27 03:10:00+00:00,0.0300226446599206,,,,
2022-09-27 05:20:00+00:00,,0.2776912503930309,,,0.4142216787365068
2022-09-27 08:50:00+00:00,,,3.5686696853866624,,
2022-09-27 16:10:00+00:00,0.0293627469302955,0.270441749384568,,0.4689478938226134,0.4034078685301091
2022-09-28 14:35:00+00:00,0.0298906891201022,,,,
2022-09-28 21:25:00+00:00,,0.2783096645426045,,,0.4151441440530345
2022-09-29 13:40:00+00:00,,,,0.4544738792738407,
2022-09-30 00:30:00+00:00,0.0304281237104817,,,,
2022-09-30 16:15:00+00:00,,,3.499191546338778,,
2022-09-30 19:55:00+00:00,,,,0.4497034006900954,
2022-09-30 20:00:00+00:00,0.0297593135513253,0.2692806019631164,,,0.4016758282389817
2022-10-04 06:35:00+00:00,,0.2728874215492722,,,0.4070559864606131
2022-10-04 11:35:00+00:00,,,3.508700639558752,,
2022-10-04 14:00:00+00:00,,0.276995480576942,,,0.4131838248580478
2022-10-05 08:20:00+00:00,,0.2710694498166375,,,0.40434418584780435
2022-10-05 11:40:00+00:00,,,,0.4640616127804835,
2022-10-06 14:05:00+00:00,,,,0.4536082578164641,
2022-10-06 22:00:00+00:00,,0.2651346606911631,,,0.39549148231097414
2022-10-10 08:10:00+00:00,,,,0.446357857099622,
2022-10-10 16:20:00+00:00,,0.2616150131238199,,,0.3902413553377898
2022-10-13 16:40:00+00:00,0.0302943860089781,,,,
2022-10-13 17:40:00+00:00,,0.2692292729788275,,,0.40159926270798324
2022-10-13 18:55:00+00:00,,0.2730288302404877,,,0.4072669205299448
2022-10-13 23:40:00+00:00,,,3.4846844290262964,,
2022-10-14 03:35:00+00:00,,0.2780903779459338,,,0.4148170424174273
2022-10-14 07:10:00+00:00,,,3.459176424856228,,
2022-10-14 14:10:00+00:00,0.0296285154045008,,,,
2022-10-14 14:15:00+00:00,,,,0.4535779817646294,
2022-10-15 23:00:00+00:00,,,,0.4471086272842335,
2022-10-16 21:50:00+00:00,,0.275811963562751,,0.4464812294649643,0.41141841667994505
2022-10-17 12:40:00+00:00,,0.2773484926549441,,,0.4137103998054303
2022-10-18 12:50:00+00:00,,0.2774010459963348,,,0.41378879166424204
2022-10-18 15:10:00+00:00,,,,0.4483972453989238,
2022-10-19 12:30:00+00:00,,0.2738739834327229,,,0.40852760401774535
2022-10-20 00:45:00+00:00,,,,0.440489443205187,
2022-10-20 17:05:00+00:00,,0.2706630056334347,,,0.4037379082224176
2022-10-20 20:30:00+00:00,,,,0.4350946661720219,
2022-10-21 12:10:00+00:00,,,,0.4285989429175271,
2022-10-22 14:20:00+00:00,,0.2717750972185885,,,0.4053967737526033
2022-10-23 12:25:00+00:00,,,,0.4294407288995043,
2022-10-23 19:55:00+00:00,,0.274379401422856,,,0.40928151717863986
2022-10-24 00:45:00+00:00,,,3.459045718420336,,
2022-10-24 01:10:00+00:00,,0.2722695973276717,,,0.4061344011176352
2022-10-24 04:10:00+00:00,,,,0.4303630038403248,
2022-10-25 10:00:00+00:00,,0.2694522789477695,,,0.4019319123924535
2022-10-25 19:10:00+00:00,,0.2795998059778194,,,0.4170685999022766
2022-10-25 20:00:00+00:00,,0.2755312086830623,,,0.4109996250996791
2022-10-25 20:20:00+00:00,,,3.493441539875379,,
2022-10-26 08:35:00+00:00,0.0301612361114737,,,,
2022-10-26 13:30:00+00:00,,0.2706891530418743,,,0.40377691133613874
2022-10-27 09:40:00+00:00,,0.2656549847455536,,,0.3962676302918398
2022-10-27 20:15:00+00:00,,,,0.4527404520393854,
2022-10-27 20:20:00+00:00,0.0294982921417435,,,,
2022-10-29 03:15:00+00:00,,0.2689557357829824,,,0.4011912374774458
2022-10-30 08:25:00+00:00,,0.2673754945465821,,,0.3988340505771602
2022-10-30 13:55:00+00:00,,,,0.4597554175345836,
2022-10-31 13:55:00+00:00,,0.2642300057001772,,0.4528153995525416,0.3941420422097352
2022-11-01 14:10:00+00:00,,,,0.4491334983189506,
2022-11-02 18:50:00+00:00,,0.2614215478993526,,,0.38995277047981325
2022-11-02 19:25:00+00:00,,,,0.4439501110070101,
2022-11-03 06:30:00+00:00,,,3.485031889018687,,
2022-11-03 11:40:00+00:00,,0.2579740490707171,,,0.3848102650885978
2022-11-04 06:05:00+00:00,,0.2603958759576849,,,0.388422813907868
2022-11-04 10:15:00+00:00,,,3.4791431965513926,,
2022-11-04 13:15:00+00:00,,0.2629312879649391,,,0.3922047934136935
2022-11-04 15:30:00+00:00,,0.2657206072913347,,,0.3963655169952845
2022-11-04 16:00:00+00:00,0.028849919680468,0.2614886646708008,,,0.3900528860639424
2022-11-04 16:05:00+00:00,,,3.394738138910274,,
2022-11-05 00:40:00+00:00,,0.2644585286679847,,,0.39448292139559754
2022-11-06 01:05:00+00:00,,0.2626149477270069,,,0.39173292048207353
2022-11-06 22:10:00+00:00,,,,0.462681246921975,
2022-11-07 21:35:00+00:00,,0.2597653959554749,,,0.38748235040908796
2022-11-07 22:25:00+00:00,,,,0.4545108931013792,
2022-11-08 03:50:00+00:00,,,,0.4444864387003729,
2022-11-08 14:35:00+00:00,,0.2553863749037185,,,0.3809503280687594
2022-11-08 17:10:00+00:00,0.0293708937867579,,,,
2022-11-08 17:50:00+00:00,,0.2495380428637992,,0.4353683514079583,0.3722265893411072
2022-11-08 21:40:00+00:00,0.0298989824570438,,,,
2022-11-09 00:55:00+00:00,0.029241802822638,,,,
2022-11-09 09:50:00+00:00,,0.2403107377062391,,,0.35846256246892855
2022-11-09 10:10:00+00:00,,,,0.4087048742771232,
2022-11-09 12:55:00+00:00,0.0285990679965964,,,,
2022-11-09 20:40:00+00:00,0.0279704604820312,,,,
2022-11-10 03:05:00+00:00,0.0284733693614981,,,,
2022-11-10 10:35:00+00:00,0.0278475247029324,,,,
2022-11-10 13:30:00+00:00,0.0283482231970911,0.2521719585719044,,,0.37615550314273966
2022-11-10 15:00:00+00:00,0.0288579242501748,,,,
2022-11-10 15:30:00+00:00,0.028223627075156,,,,
2022-11-10 17:35:00+00:00,0.0276032717520441,,,,
2022-11-10 22:10:00+00:00,0.0269965518389341,,,,
2022-11-11 20:35:00+00:00,0.0264031676295143,,,,
2022-11-14 08:55:00+00:00,0.0269764982761693,,,,
2022-11-14 13:10:00+00:00,,0.2569985031616567,,,0.38335507964950444
2022-11-14 13:50:00+00:00,0.0263835548440591,,,,
2022-11-14 19:05:00+00:00,,,,0.3982069304092273,
2022-11-15 13:30:00+00:00,0.0268579311601553,,,,
2022-11-15 19:05:00+00:00,,,3.343084325999696,,
2022-11-18 07:45:00+00:00,,,3.304466510098784,,
2022-11-23 02:15:00+00:00,0.0273408367624149,,,,
2022-11-23 02:25:00+00:00,,0.260811634281603,,,0.38904298508948887
2022-11-23 14:10:00+00:00,,,3.3590096598772616,,
2022-11-23 14:25:00+00:00,,,,0.3984286786188173,
2022-11-24 08:25:00+00:00,,,,0.3944183848336366,
2022-11-28 01:30:00+00:00,0.026739885170377,,,,
2022-11-29 14:25:00+00:00,,,3.3434208858102563,,
2022-11-30 00:40:00+00:00,,0.2628410018696933,,,0.3920701170136041
2022-11-30 06:05:00+00:00,,,,0.4008673313883448,
2022-11-30 18:10:00+00:00,,,3.3142874119038925,,
2022-11-30 19:10:00+00:00,,0.2654503482774739,,,0.3959623817065182
2022-11-30 22:55:00+00:00,0.0272206683057404,,,,
2022-12-01 05:45:00+00:00,,,,0.3977793405795416,
2022-12-01 13:45:00+00:00,,,,0.3916730463094102,
2022-12-01 20:50:00+00:00,,0.2614761183569005,,,0.39003417119554673
2022-12-05 00:35:00+00:00,,0.2624251035597275,,,0.39144973702001823
2022-12-05 04:55:00+00:00,,0.2635743127731682,,,0.3931639695316192
2022-12-05 12:05:00+00:00,,,,0.3920624630898019,
2022-12-05 14:25:00+00:00,,0.260620868468371,,,0.38875842684254874
2022-12-08 23:30:00+00:00,,0.2622955988356306,,,0.39125655965435113
2022-12-09 09:05:00+00:00,,,,0.3926443560213107,
2022-12-09 13:30:00+00:00,,,,0.3883195180664368,
2022-12-09 14:20:00+00:00,,,3.339262417469724,,
2022-12-11 20:15:00+00:00,,,,0.3853523603755427,
2022-12-13 09:55:00+00:00,,0.263195992324753,,,0.3925996430322388
2022-12-13 15:30:00+00:00,,0.2677261453364815,,,0.3993571032791696
2022-12-13 22:30:00+00:00,,,,0.3948838723432495,
2022-12-14 13:20:00+00:00,,0.2692865056596522,,,0.40168463456286263
2022-12-14 18:10:00+00:00,0.0275741286836904,,,,
2022-12-14 19:00:00+00:00,,0.264534001279996,,0.3905221254279046,0.3945955010753741
2022-12-14 20:30:00+00:00,,,3.4444138556027686,,
2022-12-19 03:00:00+00:00,,,,0.3862675953312681,
2022-12-20 07:00:00+00:00,,0.2664084419392417,,,0.397391534279394
2022-12-21 00:50:00+00:00,,,,0.3845910600233952,
2022-12-23 13:30:00+00:00,,0.267759453350332,,,0.39940678760085063
2022-12-23 20:25:00+00:00,,,,0.3817613397503275,
2022-12-26 08:15:00+00:00,,,,0.3800835764316222,
2022-12-26 15:50:00+00:00,,0.2658834906021257,,,0.3966084839535108
2022-12-27 00:45:00+00:00,,0.2639047584477381,,,0.39365688301685803
2022-12-27 06:10:00+00:00,,,,0.3780480127168981,
2022-12-31 01:55:00+00:00,,,,0.375053695494737,
2023-01-02 01:40:00+00:00,,,3.4284412204852215,,
2023-01-02 14:35:00+00:00,,,,0.3750972793685141,
2023-01-02 21:55:00+00:00,,0.2644569291200982,,,0.3944805354096878
2023-01-02 23:00:00+00:00,,,,0.3724424503008675,
2023-01-04 12:35:00+00:00,,,,0.3721292379496357,
2023-01-04 14:25:00+00:00,,,3.41759757889357,,
2023-01-04 17:30:00+00:00,,0.265306278072057,,,0.39574747755574213
2023-01-04 22:30:00+00:00,,,,0.3693367236589161,
2023-01-06 20:40:00+00:00,,0.2664415727967899,,,0.39744095434362786
2023-01-07 02:45:00+00:00,,,,0.3700587236923311,
2023-01-07 10:30:00+00:00,,,3.3982890098184653,,
2023-01-09 05:00:00+00:00,,0.26883004001035,,,0.4010037417825828
2023-01-09 15:45:00+00:00,,0.2693877330500709,,,0.40183563168478853
2023-01-09 20:55:00+00:00,,,3.4051349344721737,,
2023-01-09 23:05:00+00:00,,,,0.372624643429552,
2023-01-10 22:25:00+00:00,,,,0.37240523879679,
2023-01-11 01:25:00+00:00,,,,0.3706704495962711,
2023-01-11 15:45:00+00:00,,,3.393597378268283,,
2023-01-11 16:25:00+00:00,,0.2677243897741044,,,0.39935448457226436
2023-01-11 23:25:00+00:00,,0.2688203590515223,,,0.40098930105745473
2023-01-12 04:35:00+00:00,,0.271443721786941,,,0.40490247338341717
2023-01-12 05:25:00+00:00,,,,0.3838906911892568,
2023-01-12 12:30:00+00:00,0.0279321787446482,,,,
2023-01-12 21:10:00+00:00,,,,0.3922272714520769,
2023-01-13 14:55:00+00:00,0.0282948780856474,,,,
2023-01-13 15:00:00+00:00,,,,0.3887872583541208,
2023-01-13 15:10:00+00:00,,0.275564200645303,,,0.4110488379789645
2023-01-13 16:15:00+00:00,,,,0.3867033856341441,
2023-01-13 21:35:00+00:00,0.0286622870775895,,,,
2023-01-13 23:20:00+00:00,,,,0.3943002606203284,
2023-01-14 04:40:00+00:00,0.0303924220989739,,,,
2023-01-14 05:10:00+00:00,,,,0.4091571889969719,
2023-01-14 05:15:00+00:00,,0.2887598844018232,,,0.430732347163952
2023-01-15 09:10:00+00:00,,,3.9758594846963926,,
2023-01-16 01:10:00+00:00,0.0307870676999291,,,,
2023-01-16 01:20:00+00:00,,,,0.4041024846556011,
2023-01-16 03:05:00+00:00,,,,0.398821375567039,
2023-01-16 08:05:00+00:00,0.0301103679518846,,,,
2023-01-16 08:30:00+00:00,,,3.902933625863976,,
2023-01-16 20:35:00+00:00,,,,0.3944358150523112,
2023-01-17 01:10:00+00:00,0.0294485420643022,,,,
2023-01-17 02:20:00+00:00,,,3.8368252199769146,,
2023-01-17 14:25:00+00:00,,,,0.3910494989542151,
2023-01-18 14:25:00+00:00,,,,0.3871177209934369,
2023-01-20 06:45:00+00:00,,,3.7964684520124545,,
2023-01-21 00:10:00+00:00,,,,0.4005516154733783,
2023-01-21 00:40:00+00:00,0.0307307864381933,,,,
2023-01-21 01:40:00+00:00,,0.3047222678226555,,,0.45454283902444326
2023-01-21 09:40:00+00:00,0.0311298257000933,,,,
2023-01-21 10:25:00+00:00,,,,0.4041848664545344,
2023-01-21 10:30:00+00:00,,0.2984772046055043,,,0.4452273112000604
2023-01-21 18:10:00+00:00,,,,0.3993377025288405,
2023-01-22 02:45:00+00:00,,,4.0418494792384605,,
2023-01-22 20:05:00+00:00,0.0304455921312052,,,,
2023-01-25 21:35:00+00:00,,0.3015044337477976,,,0.44974291597862665
2023-01-25 22:10:00+00:00,,,,0.398538226855476,
2023-01-25 22:55:00+00:00,,0.295743900614741,,,0.4411501436049392
2023-01-26 10:45:00+00:00,,,3.981311332595309,,
2023-01-27 20:00:00+00:00,0.0308409281450289,,,,
2023-01-29 20:00:00+00:00,,,,0.3960725797179047,
2023-01-30 09:05:00+00:00,,,3.9823735153567976,,
2023-02-02 00:40:00+00:00,0.0312413975969921,,,,
2023-02-02 01:30:00+00:00,,0.3014370651027679,,,0.4496424246840724
2023-02-02 02:05:00+00:00,,,,0.3949433732584048,
2023-02-02 06:25:00+00:00,0.0305547116778102,,,,
2023-02-02 21:55:00+00:00,,,3.979734315384979,,
2023-02-06 22:05:00+00:00,,0.2974931748147887,,,0.4437594706711996
2023-02-08 15:15:00+00:00,,0.2925504722834908,,,0.43638662569638803
2023-02-12 10:10:00+00:00,,,,0.393223039427474,
2023-02-12 17:50:00+00:00,,,,0.3918967683940589,
2023-02-12 22:10:00+00:00,,,3.941258676350498,,
2023-02-13 09:15:00+00:00,,,3.8973665259344106,,
2023-02-14 15:40:00+00:00,,0.2864242701147986,,0.3865349100886208,
2023-02-15 12:00:00+00:00,,0.291593277629818,,,
2023-02-15 12:10:00+00:00,0.0309514646089466,,,,0.4420531060310555
2023-02-15 14:20:00+00:00,,,,0.3902249067530273,
2023-02-15 18:45:00+00:00,0.0313533693768937,,,,0.4477931656128688
2023-02-15 19:10:00+00:00,,0.2966249897168884,,,
2023-02-16 00:55:00+00:00,,,,0.4170262077672255,
2023-02-16 01:35:00+00:00,0.0332076857699382,0.3141681307556315,,,0.47427676926349044
2023-02-16 15:50:00+00:00,0.0336388875696608,,,,0.4804352531123768
2023-02-16 16:10:00+00:00,0.0328990387840685,,,0.412666573943456,0.4698686302466587
2023-02-16 20:25:00+00:00,0.0321759179115947,,,,0.45954091775383715
2023-02-17 22:35:00+00:00,0.0325937222056768,,,,0.46550805657087063
2023-02-19 16:35:00+00:00,,,,0.408146718313347,
2023-02-20 00:55:00+00:00,,,4.3221060769268655,,
2023-02-20 01:10:00+00:00,,0.3021628959721973,,,
2023-02-20 09:45:00+00:00,0.0330169516885175,,,,0.47155267868544337
2023-02-20 14:20:00+00:00,,0.3077152170197436,,,
2023-02-21 15:15:00+00:00,0.0322912390904039,,,,0.4611879508079373
2023-02-21 16:20:00+00:00,,,4.286159097291517,,
2023-02-23 11:25:00+00:00,0.0315814776551968,,,,0.45105103964917875
2023-02-23 11:35:00+00:00,,0.2994038131758377,4.208494104997988,,
2023-02-26 19:10:00+00:00,,,,0.4065538137787223,
2023-02-26 22:20:00+00:00,,,,0.404170231666964,
2023-02-27 15:40:00+00:00,,,,0.4023688473931225,
2023-02-27 16:10:00+00:00,0.0308873167763355,0.2943514107716721,,,0.44113693779768975
2023-02-28 21:15:00+00:00,,,4.184050105115905,,
2023-03-01 09:10:00+00:00,,,,0.3994985449863684,
2023-03-02 13:10:00+00:00,0.0302084135535917,,,,0.4314407479048965
2023-03-02 14:10:00+00:00,,0.2874921760731169,,,
2023-03-02 14:15:00+00:00,,,4.146289563766813,,
2023-03-03 01:30:00+00:00,,,4.028276196628448,,
2023-03-05 02:35:00+00:00,,0.2825463181914298,,,
2023-03-07 14:50:00+00:00,,,3.978322547264987,,
2023-03-11 01:10:00+00:00,0.0306006698035851,,,,0.4370430060164415
2023-03-11 07:20:00+00:00,,,3.8860941865779632,,
2023-03-11 07:35:00+00:00,0.0299280670813023,,,,0.4274368007442002
2023-03-12 19:30:00+00:00,,0.2776033200773942,,,0.41995902041610367
2023-03-12 22:05:00+00:00,0.0303493680013107,,,,
2023-03-12 23:45:00+00:00,,0.2888400099984874,,,0.4369579139836093
2023-03-13 02:25:00+00:00,0.0317531883220534,,,,
2023-03-13 06:05:00+00:00,0.0320068962967466,,,,
2023-03-13 09:55:00+00:00,,,4.188545325626629,,
2023-03-13 14:05:00+00:00,,0.29780660640989,,,0.45052260421984036
2023-03-13 15:50:00+00:00,,,,0.4164256403303289,
2023-03-13 19:05:00+00:00,0.0344662716391902,,,,
2023-03-13 19:25:00+00:00,,0.3112986453236758,,,0.47093339557518066
2023-03-14 05:20:00+00:00,,,,0.4107128196774194,
2023-03-14 05:25:00+00:00,0.0337087029885608,,,,
2023-03-14 12:30:00+00:00,0.0339780355254394,,,,
2023-03-14 13:20:00+00:00,,,,0.4195082237164144,
2023-03-14 16:45:00+00:00,0.0348540270171716,,,,
2023-03-14 18:50:00+00:00,,0.3013279528151071,,,0.45584970616685055
2023-03-14 19:25:00+00:00,,,4.410831317699142,,
2023-03-15 11:20:00+00:00,0.0340879355033342,,,,
2023-03-17 01:25:00+00:00,0.0343602981080058,,,,
2023-03-17 05:30:00+00:00,0.0347765190149871,,,,
2023-03-17 10:00:00+00:00,0.0350543834019169,,,,
2023-03-17 10:35:00+00:00,0.0353344679252982,,,,
2023-03-17 10:45:00+00:00,,0.312056730143682,,,0.4720802282510773
2023-03-17 12:25:00+00:00,,,,0.4214047042753942,
2023-03-17 21:35:00+00:00,0.0356167903240213,,,,
2023-03-17 21:50:00+00:00,,,,0.4165615197161035,
2023-03-17 23:30:00+00:00,0.0359013684787103,,,,
2023-03-17 23:45:00+00:00,,,,0.4098819809493234,
2023-03-18 16:30:00+00:00,0.0351122563995482,0.3044765663002844,,,0.4606129367886434
2023-03-18 16:40:00+00:00,,,4.8080564376785295,,
2023-03-19 16:30:00+00:00,0.0353928033281806,,,,
2023-03-19 20:20:00+00:00,,,,0.4126265720641844,
2023-03-19 21:05:00+00:00,0.0356755918267728,,,,
2023-03-20 01:40:00+00:00,,,4.840567302778603,,
2023-03-20 02:05:00+00:00,,0.297850178836714,,,0.45058852069980565
2023-03-20 09:25:00+00:00,,,,0.4077785174121267,
2023-03-20 11:05:00+00:00,0.0359606398054687,,,,
2023-03-20 15:55:00+00:00,,0.2915443318159724,,,0.4410490190217056
2023-03-20 16:15:00+00:00,,,4.72229115746421,,
2023-03-21 16:35:00+00:00,0.0362479653175144,,,,
2023-03-22 15:50:00+00:00,,,,0.4039313212535168,
2023-03-22 18:35:00+00:00,0.0354512350398354,,,,
2023-03-22 19:20:00+00:00,,,4.5771631591703015,,
2023-03-23 05:30:00+00:00,0.0357344904078037,,,,
2023-03-23 13:25:00+00:00,,,4.511187616466028,,
2023-03-24 09:10:00+00:00,,,4.418198400756611,,
2023-03-24 17:20:00+00:00,0.0349490463086402,,,,
2023-03-27 06:10:00+00:00,,,4.386897076648318,,
2023-03-29 10:30:00+00:00,0.0353759613433721,,,,
2023-03-30 02:25:00+00:00,,0.2987827456930315,,,0.4519993102513947
2023-03-30 03:05:00+00:00,0.0345983977130448,,,,
2023-03-30 03:10:00+00:00,,,,0.3985417229060112,
2023-03-30 14:40:00+00:00,,,4.54648965724563,,
2023-04-01 02:00:00+00:00,0.034874838910772,,,,
2023-04-01 07:35:00+00:00,,,4.52849947958142,,
2023-04-02 15:10:00+00:00,,0.2934915493286431,,,0.4439947747098231
2023-04-03 17:00:00+00:00,,0.2903692349569406,4.448178959688673,,0.4392713294548971
2023-04-03 20:10:00+00:00,0.0341082899515133,,,,
2023-04-04 16:10:00+00:00,,,4.40511953735357,,
2023-04-05 14:15:00+00:00,,,4.323959166466229,,
2023-04-07 06:35:00+00:00,,,4.289068717464975,,
2023-04-08 12:35:00+00:00,,,4.268591894156234,,
2023-04-09 06:50:00+00:00,,,4.241541841721398,,
2023-04-10 16:05:00+00:00,,,,0.3957162308101279,0.43615708169114253
2023-04-10 21:30:00+00:00,0.0343808151882259,,,,
2023-04-10 21:55:00+00:00,,0.2965927508539386,,,
2023-04-11 02:05:00+00:00,0.0348094433947238,,,,
2023-04-11 03:00:00+00:00,,,,0.4141496275817499,0.45647430882409584
2023-04-11 03:05:00+00:00,,0.3000835524355265,,,
2023-04-11 19:15:00+00:00,,0.3042564609988607,,,
2023-04-11 19:40:00+00:00,,,,0.4105792865980028,0.45253909115327806
2023-04-12 02:15:00+00:00,,,4.362780308362985,,
2023-04-12 15:10:00+00:00,0.0340443318289078,,,,
2023-04-13 15:10:00+00:00,,,,0.4066595071565412,0.44821872360464154
2023-04-14 02:45:00+00:00,,,,0.4060531756540492,0.44755042708791054
2023-04-14 07:55:00+00:00,,,,0.4030706670962082,0.44426311631462323
2023-04-14 15:25:00+00:00,,0.2977064489408258,,,
2023-04-16 12:20:00+00:00,,0.2947727073261643,,,
2023-04-17 00:25:00+00:00,,0.2911852449520066,,,
2023-04-18 11:15:00+00:00,,0.2942424171295917,,,
2023-04-18 18:05:00+00:00,,,4.315042918181356,,
2023-04-19 08:05:00+00:00,0.0332960374153084,,,,
2023-04-19 08:10:00+00:00,,0.2888047488718598,,,
2023-04-23 00:55:00+00:00,,,4.271370813869946,,
2023-04-24 01:30:00+00:00,,,,0.3998453576406501,0.44070819121891225
2023-04-24 08:00:00+00:00,,0.2855934632033944,,,
2023-04-24 16:55:00+00:00,,0.2795716951249025,,,
2023-04-25 22:30:00+00:00,0.0335971165051896,,,,
2023-04-26 01:15:00+00:00,,0.2841166349804275,,,
2023-04-26 06:10:00+00:00,0.033865557466066,,,,
2023-04-26 08:25:00+00:00,,0.2879890590522415,,,
2023-04-26 14:20:00+00:00,,,,0.4212091497035636,0.4642552900602729
2023-04-26 16:20:00+00:00,0.0347020353819094,,,,
2023-04-26 17:25:00+00:00,,0.297883499887626,,,
2023-04-26 19:25:00+00:00,,,4.444042673296653,,
2023-04-27 01:25:00+00:00,0.0349793046446109,,,,
2023-04-27 04:55:00+00:00,0.0352587892887213,,,,
2023-04-28 03:25:00+00:00,,,4.353664487274656,,
2023-04-28 13:40:00+00:00,0.0344838011001552,,,,
2023-04-28 15:10:00+00:00,,0.2957862677414619,,,
2023-04-30 15:45:00+00:00,,,,0.4235999162432143,0.4668903847967311
2023-04-30 19:15:00+00:00,0.0337258471519738,0.2918740925548712,,,
2023-05-03 21:20:00+00:00,0.0339953166707181,,,,
2023-05-03 22:45:00+00:00,,0.2976770698558151,,,
2023-05-04 12:15:00+00:00,,,,0.4261249843930816,0.46967350631050553
2023-05-04 13:30:00+00:00,,,4.330435861264004,,
2023-05-05 03:50:00+00:00,,,,0.4219364211333359,0.46505688615290075
2023-05-05 07:40:00+00:00,,,4.271296224666403,,
2023-05-05 13:30:00+00:00,,0.2960672976024069,,,
2023-05-05 16:00:00+00:00,0.0342669392509171,,,,
2023-05-06 00:35:00+00:00,0.0345407320955319,,,,
2023-05-06 01:20:00+00:00,,,,0.4211231318297795,0.4641604814527863
2023-05-06 13:35:00+00:00,,0.288915444141724,,,
2023-05-10 13:15:00+00:00,,,,0.419588418495688,0.4624689256435655
2023-05-11 14:00:00+00:00,,0.2814047547545436,,,
2023-05-13 14:55:00+00:00,,0.2807102997956876,,,
2023-05-13 18:45:00+00:00,0.0348167125449752,,,,
2023-05-14 16:55:00+00:00,,,,0.4176071392109242,0.46028516636462824
2023-05-15 06:15:00+00:00,,0.2827385947621008,,,
2023-05-15 11:45:00+00:00,,,,0.4187726888031092,0.4615698311549832
2023-05-15 16:45:00+00:00,,,,0.4151862257910269,0.45761684383944995
2023-05-15 17:05:00+00:00,,0.2844417645279485,,,
2023-05-15 17:45:00+00:00,,,,0.4119487957886293,0.45404855951829803
2023-05-17 21:50:00+00:00,,0.287008832595871,,,
2023-05-18 01:40:00+00:00,,,4.300029452735258,,
2023-05-18 05:45:00+00:00,,,,0.4085793553664371,0.4503347737621089
2023-05-18 17:35:00+00:00,0.0340514412032367,,,,
2023-05-19 15:25:00+00:00,,0.2881240054573596,,,
2023-05-21 04:55:00+00:00,,,,0.4068302178999459,0.448406880404539
2023-05-21 10:45:00+00:00,,0.2841793886335929,,,
2023-05-22 13:30:00+00:00,,0.2853299128088977,,,
2023-05-23 06:35:00+00:00,,,,0.4073662593721255,0.448997703489285
2023-05-23 06:50:00+00:00,,,4.285001952373838,,
2023-05-23 08:55:00+00:00,,0.2868272104612118,,,
2023-05-24 03:30:00+00:00,0.0333029905255895,,,,
2023-05-25 13:50:00+00:00,,,4.249843302531041,,
2023-05-25 19:10:00+00:00,,0.2888502847731012,,,
2023-05-26 14:50:00+00:00,,,,0.4084726029202294,0.4502171115795242
2023-05-27 07:55:00+00:00,,0.2876250285282219,,,
2023-05-28 04:45:00+00:00,,0.2891273723274289,,,
2023-05-28 05:25:00+00:00,,,,0.4108404592092619,0.45282695471578904
2023-05-28 11:25:00+00:00,,,,0.4084390987935044,0.45018018344517113
2023-05-28 17:40:00+00:00,,0.2903400178337651,,,
2023-05-28 18:30:00+00:00,,,,0.4108034861182761,0.452786203100844
2023-05-29 00:45:00+00:00,,,,0.4172045323134718,0.45984141441363524
2023-05-29 02:05:00+00:00,,0.2977033114262024,,,
2023-05-29 02:45:00+00:00,,,4.247324943463268,,
2023-05-31 04:45:00+00:00,0.0325709907938371,,,,
2023-06-02 22:05:00+00:00,,0.2990352643455376,,,
2023-06-03 17:20:00+00:00,,,,0.4147961773107009,0.4571869337330365
2023-06-04 12:05:00+00:00,,,4.242956051213211,,
2023-06-04 22:15:00+00:00,,0.3001250811609332,,,
2023-06-04 22:25:00+00:00,,,,0.4131333521560408,0.4553541735115657
2023-06-04 23:25:00+00:00,,0.2971698167201105,,,
2023-06-06 12:10:00+00:00,,0.2908849923491909,,,
2023-06-06 21:20:00+00:00,0.0335764999369423,,,,
2023-06-06 21:30:00+00:00,,0.2996063699140189,,,
2023-06-06 23:25:00+00:00,0.0338447761714385,,,,
2023-06-07 01:25:00+00:00,,,4.325258027236172,,
2023-06-07 02:00:00+00:00,,,,0.409788890701614,0.45166791948856294
2023-06-10 18:20:00+00:00,0.0331008679911903,0.2958395983771475,,,0.4459893691168345
2023-06-11 00:40:00+00:00,,,,0.409248407367108,
2023-06-11 22:40:00+00:00,,,,0.4083869269476745,
2023-06-13 12:55:00+00:00,,,,0.4078663416139353,
2023-06-14 05:35:00+00:00,,,,0.4049438675219055,
2023-06-14 18:05:00+00:00,,,,0.4011895659071983,
2023-06-15 21:15:00+00:00,0.0335306827620559,,,,
2023-06-16 00:15:00+00:00,,,4.337514954222494,,
2023-06-16 03:25:00+00:00,,,,0.4072105202900667,
2023-06-16 12:25:00+00:00,,0.2968320309431169,,,0.4474854986965653
2023-06-16 17:05:00+00:00,0.0339660786777212,,,,
2023-06-16 21:10:00+00:00,,0.3004367974815683,,,0.4529198204138625
2023-06-16 21:45:00+00:00,,,4.341193285760232,,
2023-06-17 01:05:00+00:00,,,,0.4171198820991748,
2023-06-17 05:40:00+00:00,0.0344071282093514,0.3030140824287979,,,0.4568051748219762
2023-06-17 10:10:00+00:00,,,,0.4173486663369658,
2023-06-17 12:00:00+00:00,,0.2990840438188627,,,0.45088049317061957
2023-06-18 11:15:00+00:00,,,,0.4146992125803034,
2023-06-18 20:20:00+00:00,,,,0.4110405082237205,
2023-06-19 16:30:00+00:00,,,,0.4083763903822677,
2023-06-19 18:55:00+00:00,,0.2958378715396936,,,0.44598676584414615
2023-06-20 00:55:00+00:00,,0.2976034687727529,,,0.44864847036377803
2023-06-20 01:10:00+00:00,0.0348539047691498,,,,
2023-06-20 05:30:00+00:00,,,,0.4126511235592354,
2023-06-20 05:55:00+00:00,,0.2945285433145192,,,0.4440129040882632
2023-06-20 17:45:00+00:00,0.0353064827225772,,,,
2023-06-20 21:40:00+00:00,0.0357649374007299,,,,
2023-06-20 21:50:00+00:00,,0.3045022515556059,,,0.45904864599231676
2023-06-21 01:00:00+00:00,,0.3074690168634514,,,0.4635211567556559
2023-06-21 08:40:00+00:00,,,4.584215489961083,,
2023-06-21 10:30:00+00:00,0.0362293451128784,0.3107087426454542,,,0.46840516574415164
2023-06-21 17:10:00+00:00,0.0372321157211688,,,,
2023-06-21 19:05:00+00:00,,0.3162824923640426,,,0.47680780397866995
2023-06-21 19:25:00+00:00,,,4.607785146281612,,
2023-06-21 21:00:00+00:00,,,,0.4544074328359925,
2023-06-22 12:35:00+00:00,,0.314615271966445,,,0.47429440625442293
2023-06-22 14:40:00+00:00,0.0364137538176175,,,,
2023-06-23 16:25:00+00:00,0.0373135861459484,,,,
2023-06-23 18:50:00+00:00,,,4.600019606632563,,
2023-06-23 21:30:00+00:00,,,,0.4634287608680069,
2023-06-24 08:45:00+00:00,,0.312585116877887,,,0.47123387077464907
2023-06-24 15:30:00+00:00,,,,0.4572338047878159,
2023-06-25 06:15:00+00:00,,,4.566642269571377,,
2023-06-25 09:20:00+00:00,,0.3082585699658973,,0.4550202540766992,0.46471143788088626
2023-06-26 01:10:00+00:00,0.0364934335224605,,,,
2023-06-26 07:35:00+00:00,,0.304945683797077,,,0.4597171368458218
2023-06-26 09:25:00+00:00,,,4.520884147549775,,
2023-06-26 10:05:00+00:00,,,,0.4479464862031472,
2023-06-26 14:40:00+00:00,,0.3015216649405851,,,0.45455529908634706
2023-06-26 16:45:00+00:00,,,,0.4399312511647161,
2023-06-27 14:05:00+00:00,0.0369673007567496,,,,
2023-06-27 20:25:00+00:00,,,,0.4405890056815096,
2023-06-28 02:50:00+00:00,0.0361547594861163,0.2980498605690524,,,0.4493214228579763
2023-06-29 14:05:00+00:00,,,4.495114066940053,,
2023-06-29 20:20:00+00:00,,0.2944649061911201,,0.4422852602109113,0.44391696872101394
2023-06-30 04:35:00+00:00,0.0366242290380435,,,,
2023-06-30 05:55:00+00:00,,,4.4665608311168095,,
2023-06-30 10:25:00+00:00,,,,0.4431029444722784,
2023-06-30 13:35:00+00:00,0.0358192284837873,0.2910190779976588,,,0.43872225256226755
2023-07-01 11:15:00+00:00,,0.2902465937183903,,,0.43755770333270694
2023-07-01 22:35:00+00:00,,,,0.4426344176365795,
2023-07-02 15:20:00+00:00,,,,0.4391489460063824,
2023-07-02 22:25:00+00:00,,0.2915042305569915,,,0.4394536383708245
2023-07-02 22:40:00+00:00,,,,0.4360255278448928,
2023-07-02 22:45:00+00:00,,0.2891015772102376,,,0.4358315476966776
2023-07-03 12:05:00+00:00,,,,0.4322482684423873,
2023-07-03 15:00:00+00:00,0.0362843411656493,,,,
2023-07-03 19:05:00+00:00,,0.2909402972632701,,,0.4386034876294414
2023-07-03 21:25:00+00:00,,0.2881358772780543,,,0.4343757185721344
2023-07-04 00:55:00+00:00,,,,0.4355596930785526,
2023-07-05 10:55:00+00:00,0.0354868113468283,,,,
2023-07-06 01:20:00+00:00,,0.2855759528900234,,,0.4305165358627623
2023-07-06 11:45:00+00:00,,0.2880455743819844,,,0.4342395835453546
2023-07-06 11:50:00+00:00,,,,0.4384546753851163,
2023-07-06 11:55:00+00:00,,,4.487584768942754,,
2023-07-06 12:30:00+00:00,0.034706811233425,,,,
2023-07-07 00:00:00+00:00,0.0339439555225143,,,,
2023-07-08 01:05:00+00:00,,,,0.4369854129517245,
2023-07-08 19:15:00+00:00,,,,0.4341779498300475,
2023-07-09 02:45:00+00:00,,,4.46158890721915,,
2023-07-09 05:25:00+00:00,,,,0.4325545064716199,
2023-07-10 20:40:00+00:00,,,,0.4370832386797689,
2023-07-10 21:55:00+00:00,,,4.4597392624161944,,
2023-07-11 06:50:00+00:00,,0.2890409370601975,,,
2023-07-12 08:45:00+00:00,,0.2878949350230978,,,
2023-07-13 12:35:00+00:00,,,4.434524426247692,,
2023-07-13 15:25:00+00:00,,0.2894125145422502,,,
2023-07-13 16:00:00+00:00,,,,0.4339153254749193,
2023-07-13 18:05:00+00:00,0.0343847177849742,,,,0.4398781845376909
2023-07-13 18:30:00+00:00,,,,0.4332418147518022,
2023-07-13 19:25:00+00:00,0.0348312033454121,,,,0.4455900027639128
2023-07-13 20:30:00+00:00,,,,0.4323546727660415,
2023-07-13 21:05:00+00:00,0.0340656134958799,,,,0.435795934503162
2023-07-13 21:10:00+00:00,,,4.343162591431534,,
2023-07-13 21:15:00+00:00,,0.2910749235499015,,,
2023-07-16 16:25:00+00:00,,,4.325926715159075,,
2023-07-17 17:15:00+00:00,,0.2881050912677413,,,
2023-07-18 11:55:00+00:00,,0.2839770128756855,,,
2023-07-18 16:45:00+00:00,0.0333168513112405,,,,0.42621713986278253
2023-07-19 06:25:00+00:00,,,4.322833613836873,,
2023-07-20 12:30:00+00:00,,,,0.4322497353270695,
2023-07-20 14:35:00+00:00,,0.2800150134619639,,,
2023-07-23 07:25:00+00:00,,,4.304102665409789,,
2023-07-23 17:15:00+00:00,,0.2807385149910146,,,
2023-07-23 19:20:00+00:00,,,,0.4331990252929964,
2023-07-23 20:00:00+00:00,,,4.276009601932229,,
2023-07-24 01:35:00+00:00,,0.2781626646948463,,,
2023-07-26 18:15:00+00:00,,,,0.430711318556665,
2023-07-26 19:05:00+00:00,,,,0.4281476132249686,
2023-07-26 21:25:00+00:00,,,,0.4277486202271172,
2023-07-26 23:45:00+00:00,,0.2749509416995832,,,
2023-07-28 16:10:00+00:00,,,4.249164036735799,,
2023-07-29 07:55:00+00:00,,0.2730882112907822,,,
2023-07-30 19:50:00+00:00,,0.2711750447530225,,,
2023-07-30 20:00:00+00:00,0.0325845469194194,,,,0.4168488871285986
2023-07-31 00:50:00+00:00,,,,0.4264628923550283,
2023-07-31 04:00:00+00:00,,0.2718722412346402,,,
2023-08-01 23:05:00+00:00,,0.273084311049953,,,
2023-08-02 00:45:00+00:00,0.0330487143718594,,,,0.4227869069657146
2023-08-02 01:55:00+00:00,,,,0.4302163352565871,
2023-08-02 03:30:00+00:00,,,4.319491297632879,,
2023-08-02 03:35:00+00:00,,0.274539105968969,,,
2023-08-05 18:15:00+00:00,,0.2733481760152132,,,
2023-08-06 21:35:00+00:00,,,,0.4293105745650661,
2023-08-06 21:50:00+00:00,,0.2715347011629977,,,
2023-08-07 05:25:00+00:00,,,,0.4275532874877463,
2023-08-07 06:35:00+00:00,,0.2697680165610806,,,
2023-08-07 21:50:00+00:00,,,,0.4259114428016728,
2023-08-07 23:40:00+00:00,,0.2704645940217224,,,
2023-08-08 07:25:00+00:00,,,,0.4240125036557662,
2023-08-08 13:00:00+00:00,0.033477851927978,,,,0.4282767949526644
2023-08-08 13:05:00+00:00,,,,0.4265750620529829,
2023-08-08 17:45:00+00:00,,0.2718287220905358,,,0.43043687213145204
2023-08-08 18:45:00+00:00,,,,0.4277915078732533,
2023-08-08 19:40:00+00:00,0.0338064301033996,,,,
2023-08-08 21:15:00+00:00,,0.2733218403801704,,,0.43280120346983986
2023-08-08 21:20:00+00:00,0.0340765434799258,,,,
2023-08-08 21:25:00+00:00,,,,0.4277290154613059,
2023-08-09 16:45:00+00:00,0.033327541054237,,,,
2023-08-13 19:45:00+00:00,,0.2732892453585079,,,0.4327495897218019
2023-08-13 20:05:00+00:00,,0.2724457344150938,,,0.43141390227384013
2023-08-13 21:40:00+00:00,,,4.298387047764158,,
2023-08-14 04:45:00+00:00,,0.272684389180805,,,0.4317918086631355
2023-08-14 08:55:00+00:00,,,,0.4260741797694523,
2023-08-14 12:20:00+00:00,,0.2716370478904806,,,0.43013335879222303
2023-08-14 15:00:00+00:00,,,,0.4253023898097829,
2023-08-14 16:45:00+00:00,,0.2728471311222054,,,0.43204950818687315
2023-08-14 17:05:00+00:00,,,,0.4248565740234685,
2023-08-14 17:15:00+00:00,,0.2716324491243335,,,0.430126076712166
2023-08-16 16:10:00+00:00,0.0325950017018649,,,,
2023-08-16 20:25:00+00:00,,0.2701857237782617,,,0.4278352079327108
2023-08-17 00:35:00+00:00,0.0318785635644579,,,,
2023-08-17 15:35:00+00:00,0.0311778727373111,,,,
2023-08-17 21:40:00+00:00,0.030492583094545,,,,
2023-08-18 04:25:00+00:00,0.0298223561181269,,,,
2023-08-18 14:50:00+00:00,0.0291668607306505,0.2631478334258655,,,0.41669080977496
2023-08-20 21:35:00+00:00,,,,0.4218155573763785,
2023-08-21 21:30:00+00:00,,0.2644777489017563,,,0.41879671180488226
2023-08-22 17:40:00+00:00,0.0285257731317908,,,,
2023-08-23 06:45:00+00:00,,0.266352824017644,,,0.42176586628453805
2023-08-23 16:15:00+00:00,,0.2684011444896533,,,0.42500935229408804
2023-08-23 19:25:00+00:00,0.0290300853202251,,,,
2023-08-23 19:40:00+00:00,0.0292620357019337,0.2704749790986143,,,0.42829323957257004
2023-08-23 20:00:00+00:00,,,,0.4263925970429445,
2023-08-23 21:55:00+00:00,,,4.2385076574009535,,
2023-08-24 14:30:00+00:00,0.0286188561572052,,,,
2023-08-27 15:55:00+00:00,,,,0.4246284882308582,
2023-08-28 12:35:00+00:00,,,,0.4226047939278873,
2023-08-28 14:35:00+00:00,,0.2709907937742101,,,0.42911002469319837
2023-08-28 19:25:00+00:00,,,4.192151489824601,,
2023-08-29 03:20:00+00:00,,0.2695692730505978,,,0.426859067070928
2023-08-29 14:50:00+00:00,,,,0.439612684383884,
2023-08-29 16:45:00+00:00,,0.2866991591943369,,,0.45398399542645024
2023-08-29 17:50:00+00:00,,,,0.4406632921065146,
2023-08-29 19:25:00+00:00,0.0304632643217043,,,,
2023-08-29 20:50:00+00:00,,0.2836518733984423,4.206578433075785,,0.4491586621931261
2023-08-30 13:35:00+00:00,0.0297936817719132,,,,
2023-08-31 11:40:00+00:00,0.0300317332892708,,,,
2023-08-31 15:40:00+00:00,0.0293716357915726,,,,
2023-09-01 17:25:00+00:00,0.0287260472368738,,,,
2023-09-02 20:40:00+00:00,,0.2832481715948376,,,0.4485194061929469
2023-09-03 12:35:00+00:00,0.0289555683542965,,,,
2023-09-03 21:20:00+00:00,,,,0.4380410933083561,
2023-09-04 03:30:00+00:00,,0.2817573432452308,,,0.44615870094166027
2023-09-06 17:05:00+00:00,0.028319124961869,,,,
2023-09-06 18:10:00+00:00,,,,0.43517879466475,
2023-09-06 18:25:00+00:00,,0.278912091239613,,,0.4416532853096949
2023-09-07 21:00:00+00:00,,0.2803884131922849,,,
2023-09-07 21:10:00+00:00,,,,0.436292186882287,0.4427832423221736
2023-09-07 21:25:00+00:00,,,,0.4333044993063351,0.43975110461331607
2023-09-07 23:30:00+00:00,,0.2784501730030014,,,
2023-09-08 01:05:00+00:00,,,,0.4299920171845261,0.4363893401395816
2023-09-08 10:15:00+00:00,,,4.186328030977757,,
2023-09-10 13:25:00+00:00,,,4.155189296358094,,
2023-09-10 20:35:00+00:00,,0.2771752865710452,,,
2023-09-10 22:30:00+00:00,,0.277863592463891,,,
2023-09-10 22:50:00+00:00,,,,0.4276777826532799,0.43404067495590826
2023-09-11 07:10:00+00:00,,0.2764268027390982,,,
2023-09-11 12:00:00+00:00,,,4.103349549469408,,
2023-09-12 07:45:00+00:00,,0.2786233072565634,,,
2023-09-12 10:20:00+00:00,0.0286868487994989,,,,
2023-09-12 10:35:00+00:00,,0.2759813027960553,,0.4272718151453711,0.4336286675562025
2023-09-12 14:25:00+00:00,,,,0.4231812742034301,0.4294772684810389
2023-09-12 16:30:00+00:00,,0.2789082147438108,,,
2023-09-12 16:45:00+00:00,,,,0.4189758929014565,0.4252093204772134
2023-09-12 23:50:00+00:00,,,4.10286094983767,,
2023-09-14 12:25:00+00:00,,,,0.4155180243209226,0.42170000651824974
2023-09-14 21:45:00+00:00,,,,0.4139240326739195,0.4200822998278365
2023-09-15 12:40:00+00:00,,,4.139745674625258,,
2023-09-15 23:15:00+00:00,,,,0.4107929734245388,0.4169046573945613
2023-09-16 04:25:00+00:00,,0.276824837999524,,,
2023-09-16 06:50:00+00:00,,,4.133438541005506,,
2023-09-18 02:35:00+00:00,,,,0.408624229907699,0.4147036478073541
2023-09-18 04:40:00+00:00,,0.2754002126153933,,,
2023-09-18 13:15:00+00:00,,0.2794489490001814,,,
2023-09-18 13:40:00+00:00,,,,0.4154034115307218,0.42158368854515166
2023-09-18 13:50:00+00:00,,0.2777609030256644,,,
2023-09-18 17:20:00+00:00,0.0283428934823929,,,,
2023-09-18 18:25:00+00:00,,,4.154384147467371,,
2023-09-19 09:45:00+00:00,,,,0.4123530934004574,0.41848798847890917
2023-09-19 10:25:00+00:00,0.028003062189539,,,,
2023-09-19 13:55:00+00:00,,0.2756670195495915,,,
2023-09-19 15:45:00+00:00,,,,0.4087949601859702,0.4148769181716842
2023-09-19 16:50:00+00:00,,0.2732829559003674,,0.4051361188367554,0.4111636414171204
2023-09-21 00:55:00+00:00,,0.2708577327249971,,,
2023-09-21 09:35:00+00:00,,,4.14345278500946,,
2023-09-24 18:15:00+00:00,,,,0.4046110560100002,0.4106307668256342
2023-09-24 18:20:00+00:00,,0.2697485761058212,,,
2023-09-24 23:55:00+00:00,,,4.067567967327091,,
2023-09-25 17:20:00+00:00,,0.2681679891929361,,,
2023-09-27 12:40:00+00:00,,,,0.4078479948470139,0.41391586409884806
2023-09-27 13:30:00+00:00,,0.2708677000078739,,,
2023-09-27 14:15:00+00:00,0.0276673054738864,,,,
2023-09-27 15:55:00+00:00,,,4.061280888014258,,
2023-09-28 01:00:00+00:00,,0.2691314774306459,,,
2023-09-28 16:50:00+00:00,,0.2719182239078817,,,
2023-09-28 16:55:00+00:00,,,,0.4103477240285054,0.4164527836797774
2023-09-28 18:45:00+00:00,,0.2699105784846975,,,
2023-09-29 14:05:00+00:00,0.0273355744812545,,,,
2023-10-01 10:40:00+00:00,,,,0.409687690418075,0.41578293024014473
2023-10-01 22:35:00+00:00,,,,0.4181987667182064,0.42442063238822453
2023-10-02 03:40:00+00:00,,0.2722203935750268,,,
2023-10-02 05:40:00+00:00,,,,0.4161888994257873,0.42238086274959313
2023-10-02 07:30:00+00:00,0.0276905269158936,,,,
2023-10-02 09:15:00+00:00,,,,0.4162724240372473,0.4224656300211324
2023-10-02 14:05:00+00:00,,,,0.4129830699006538,0.4191273376254915
2023-10-02 15:45:00+00:00,,0.2697498984879225,,,
2023-10-02 22:10:00+00:00,,,4.210930846918838,,
2023-10-05 02:25:00+00:00,,,,0.4097660358146826,0.41586244124165683
2023-10-05 15:00:00+00:00,,0.2676432070920493,,0.4091030296031158,0.41518957097520737
2023-10-05 17:05:00+00:00,,,4.1952550852144315,,
2023-10-06 17:35:00+00:00,,0.2702380282312733,,,
2023-10-06 23:00:00+00:00,,,,0.4058562096083566,0.41189444553464155
2023-10-10 01:05:00+00:00,,0.2683578303610032,,,
2023-10-10 13:10:00+00:00,,,4.153811609896425,,
2023-10-11 02:30:00+00:00,0.0270818891342823,,,,0.4028410056217901
2023-10-11 15:55:00+00:00,,,4.080651097972821,,
2023-10-13 22:50:00+00:00,,0.2666768358951077,,,
2023-10-15 21:10:00+00:00,,0.2653641855638942,,,
2023-10-15 22:45:00+00:00,,0.2640944844916376,,,
2023-10-15 22:50:00+00:00,,,,0.4041024347173729,
2023-10-16 05:15:00+00:00,0.0275688215009167,0.2647910533608809,,,0.4100840869028699
2023-10-16 09:05:00+00:00,,,,0.4043145831423835,
2023-10-16 13:05:00+00:00,,0.2664088247996403,,,
2023-10-16 13:25:00+00:00,0.0280645089115031,,,,0.41745739878538357
2023-10-16 13:40:00+00:00,,,,0.4157602540911163,
2023-10-16 13:45:00+00:00,,0.2559784647915198,,,
2023-10-16 13:50:00+00:00,0.0266060477119819,,,,0.39576290127960323
2023-10-18 04:55:00+00:00,0.0270844244498433,,,,0.4028787182446105
2023-10-18 14:30:00+00:00,0.0264891088004358,,,,0.3940234440175939
2023-10-19 15:20:00+00:00,,0.2538831441161505,,,
2023-10-19 16:35:00+00:00,,0.2518015338878534,,,
2023-10-20 04:50:00+00:00,,0.2539800361866758,,,
2023-10-20 05:30:00+00:00,,0.2517899370601913,,,
2023-10-20 07:45:00+00:00,0.0269653829766676,,,,0.40110798554103033
2023-10-20 10:30:00+00:00,,0.2541373802693053,,,
2023-10-20 12:20:00+00:00,,,,0.4270392140530317,
2023-10-21 18:00:00+00:00,0.0274502205625881,,,,0.40831990712105803
2023-10-23 03:15:00+00:00,,,,0.4246114799553314,
2023-10-23 03:45:00+00:00,,0.2558183597097613,,,
2023-10-23 05:45:00+00:00,0.0279437755283034,,,,0.4156614990510946
2023-10-23 06:10:00+00:00,,0.2577397612208257,,,
2023-10-23 07:50:00+00:00,,,,0.4241253914808197,
2023-10-23 17:05:00+00:00,,0.2601926026915739,,,
2023-10-23 17:25:00+00:00,,0.257779285638336,,,
2023-10-23 18:45:00+00:00,,,,0.4209111582285606,
2023-10-23 21:05:00+00:00,0.0285322729911518,,,,0.42441535328054786
2023-10-23 22:25:00+00:00,0.0290452832595327,0.2607688514179973,,,0.43204634133253217
2023-10-23 22:55:00+00:00,,,,0.4442472490629976,
2023-10-24 00:45:00+00:00,0.0302200719770239,0.2713161165894756,,,0.4495212326150679
2023-10-24 02:55:00+00:00,,0.2785314639633523,,,
2023-10-24 04:00:00+00:00,,,,0.4321390382297446,
2023-10-24 04:15:00+00:00,0.0307634288711708,,,,0.45760362437748675
2023-10-24 05:55:00+00:00,,0.2731631913179403,,,
2023-10-24 15:30:00+00:00,0.0300872487045824,,,,0.44754549671366955
2023-10-25 14:30:00+00:00,0.0306282174362908,,,,0.45559236474458126
2023-10-26 11:45:00+00:00,0.0299550092170411,,5.16124463535658,,0.4455784445674953
2023-10-27 17:55:00+00:00,,,5.0598766102887485,,
2023-10-28 11:20:00+00:00,0.0304936002827635,,,,0.4535899450008189
2023-10-28 12:15:00+00:00,,,,0.4282836699790081,
2023-10-29 17:05:00+00:00,,,,0.4255086503129745,
2023-10-29 19:25:00+00:00,,0.2714242751475104,,,
2023-10-29 20:40:00+00:00,,,,0.4236884082606303,
2023-10-30 13:05:00+00:00,,,,0.4192834251246169,
2023-10-30 16:40:00+00:00,,0.2695979770614285,,,
2023-10-31 05:20:00+00:00,,,5.094856997254444,,
2023-10-31 13:35:00+00:00,,0.2675296449849365,,,
2023-11-01 13:35:00+00:00,,0.2654616275417656,,0.4133451493552909,
2023-11-01 22:40:00+00:00,0.0310418752158476,,,,0.46174549221193356
2023-11-01 23:05:00+00:00,,0.2676864565800707,,,
2023-11-02 03:30:00+00:00,,0.2650907854454605,,,
2023-11-02 04:05:00+00:00,,,,0.4143720178702769,
2023-11-02 13:40:00+00:00,0.0303595747986033,,,,0.4515963262931153
2023-11-02 15:20:00+00:00,,,5.1425581679184305,,
2023-11-03 10:15:00+00:00,0.02969227134453,,,,0.4416702390411926
2023-11-05 00:10:00+00:00,,0.2630825546352036,,,
2023-11-05 00:15:00+00:00,,,,0.412656855398764,
2023-11-05 03:55:00+00:00,0.0302261383833047,,,,0.4496114699391533
2023-11-05 06:25:00+00:00,,,,0.4098331336480329,
2023-11-05 18:15:00+00:00,,0.2612865855340963,,,
2023-11-06 00:15:00+00:00,,,,0.4043757101879234,
2023-11-06 05:15:00+00:00,,0.2592579378898149,,,
2023-11-06 11:10:00+00:00,,0.2572263084028748,,,
2023-11-08 15:20:00+00:00,0.0295617678616396,,,,0.43972900982989066
2023-11-08 21:00:00+00:00,,0.2611274315682122,,,
2023-11-09 02:20:00+00:00,,0.2650079518388485,,,
2023-11-09 04:25:00+00:00,0.0301313637320954,,,,0.4482017043348669
2023-11-09 10:20:00+00:00,,0.2695000224773383,,,
2023-11-09 15:55:00+00:00,,,,0.416820595156456,
2023-11-09 16:10:00+00:00,,0.2632755287035059,,,
2023-11-09 16:35:00+00:00,0.0294690763572639,,,,0.4383502308735865
2023-11-09 20:35:00+00:00,,,5.276345978470226,,
2023-11-10 13:05:00+00:00,0.0300408528243614,,,,0.44685536158490285
2023-11-11 22:40:00+00:00,,,5.2929494016814855,,
2023-11-13 05:25:00+00:00,,,5.246511545335548,,
2023-11-13 14:45:00+00:00,0.029380554879282,,,,0.43703348073726667
2023-11-14 11:45:00+00:00,,,5.180964016191806,,
2023-11-14 15:30:00+00:00,0.0287347702830354,,,,0.4274274848306616
2023-11-15 15:45:00+00:00,0.0292514214527243,,,,0.43511263100791686
2023-11-15 18:10:00+00:00,,0.268376287492246,,,
2023-11-15 22:40:00+00:00,0.0297773620104443,,,,0.44293595611343917
2023-11-15 23:55:00+00:00,,0.2741752867610874,,,
2023-11-16 01:50:00+00:00,,,,0.410554028200857,
2023-11-16 13:45:00+00:00,,,5.314326842380531,,
2023-11-17 16:40:00+00:00,,,5.220588044288,,
2023-11-17 17:00:00+00:00,0.0303127589793921,,,,0.4508999446043587
2023-11-19 14:20:00+00:00,,,5.208054419827259,,
2023-11-19 23:00:00+00:00,0.0308577823858416,,,,0.45900712560834517
2023-11-20 00:40:00+00:00,,0.2765346897508826,,,
2023-11-20 14:10:00+00:00,,0.2726511393792315,,,
2023-11-21 12:05:00+00:00,,,5.285156619495694,,
2023-11-21 14:30:00+00:00,,0.2673512042161672,,,
2023-11-21 14:45:00+00:00,0.0301795283290008,,,,0.44891814898747373
2023-11-21 22:55:00+00:00,0.0295161822963293,,,,0.439050928072729
2023-11-22 21:10:00+00:00,0.0300468832540173,,,,0.4469450637594766
2023-11-23 15:30:00+00:00,0.029386452760094,,,,0.4371212112580433
2023-11-23 15:50:00+00:00,,,5.3275301180333035,,
2023-11-24 15:25:00+00:00,,0.2728290026532901,,,
2023-11-24 16:50:00+00:00,,,,0.4086439943612469,
2023-11-24 16:55:00+00:00,,0.2671419848757504,,,
2023-11-25 12:20:00+00:00,,,5.370065468744474,,
2023-11-26 12:15:00+00:00,,,5.340679315973196,,
2023-11-26 16:40:00+00:00,0.0287405385284272,,,,0.42751328703459157
2023-11-27 02:45:00+00:00,,0.2641091424195155,,,
2023-11-27 03:45:00+00:00,,,5.267327943923558,,
2023-11-27 13:15:00+00:00,0.0281088214915723,,,,0.41811654498557127
2023-11-29 08:45:00+00:00,,0.267689906934794,,,
2023-11-29 10:25:00+00:00,,,,0.4049358271149861,
2023-11-29 16:30:00+00:00,,,5.318817377511741,,
2023-11-30 09:40:00+00:00,,,5.261297053592312,,
2023-12-01 09:15:00+00:00,0.0286142181019908,,,,0.4256342804644119
2023-12-01 12:40:00+00:00,,,,0.4037028696917913,
2023-12-01 16:25:00+00:00,,0.2710568150692726,,,
2023-12-01 23:30:00+00:00,,,,0.4011908038836824,
2023-12-02 21:10:00+00:00,0.0291814872750084,,,,0.4340723655250064
2023-12-03 02:25:00+00:00,,,,0.4046226785968953,
2023-12-03 17:45:00+00:00,,,,0.4012104427800712,
2023-12-03 22:20:00+00:00,,0.2743464809144066,,,
2023-12-04 01:15:00+00:00,0.0297061704162131,,,,0.441876986657146
2023-12-04 07:10:00+00:00,0.030252325669505,,,,0.45000100379534513
2023-12-04 08:10:00+00:00,,0.2828384623873023,,,
2023-12-04 11:10:00+00:00,,,,0.4178225059617822,
2023-12-04 15:30:00+00:00,0.0295873795512892,,,,0.44010998173192345
2023-12-04 22:10:00+00:00,,0.2874535919142779,,,
2023-12-04 22:45:00+00:00,,,,0.4140471910216031,
2023-12-05 07:20:00+00:00,,0.2808080158569344,,,
2023-12-05 16:40:00+00:00,0.0301193606356214,,,,0.4480231592034635
2023-12-05 19:30:00+00:00,0.0309294755953502,,,,0.4600735565530812
2023-12-05 22:05:00+00:00,,0.2879096313719319,,,
2023-12-06 02:35:00+00:00,,,,0.4244404869648741,
2023-12-08 21:25:00+00:00,,0.2922582268345691,,,
2023-12-08 21:50:00+00:00,0.031603068374856,,,,0.47009319703422414
2023-12-09 08:40:00+00:00,,0.2866570372291044,,0.4260753039411573,
2023-12-09 08:45:00+00:00,,,5.253909898039347,,
2023-12-09 23:30:00+00:00,0.0309084329319766,,,,0.4597605485634119
2023-12-11 01:05:00+00:00,,,,0.42055462190045,
2023-12-11 02:00:00+00:00,0.0302290655761318,,,,0.4496550117059881
2023-12-11 17:50:00+00:00,0.0295646307147684,,,,0.43977159454869047
2023-12-12 00:20:00+00:00,0.0300962027750199,,,,0.44767868781867587
2023-12-12 16:10:00+00:00,,,,0.4116200544847727,
2023-12-12 17:30:00+00:00,0.029434688238025,,,,0.4378387102604213
2023-12-13 16:05:00+00:00,0.0299639239325447,,,,0.44571105027090374
2023-12-13 19:35:00+00:00,,0.2944604279833167,,,
2023-12-13 21:50:00+00:00,0.0305026752848518,,,,0.4537249349547746
2023-12-14 13:25:00+00:00,0.0298322264820908,,,,0.44375206088446867
2023-12-14 13:30:00+00:00,,0.2862021658333015,,0.4210950405972205,
2023-12-14 14:25:00+00:00,,,5.32334700071658,,
2023-12-15 15:30:00+00:00,0.0291765141440144,,,,0.433998390586228
2023-12-17 01:50:00+00:00,,,,0.4162317717002231,
2023-12-17 23:35:00+00:00,,,,0.4072901032426383,
2023-12-18 00:10:00+00:00,0.028535214363129,,,,0.4244591059611427
2023-12-18 20:40:00+00:00,0.0290482775173781,,,,0.432090880686324
2023-12-18 22:10:00+00:00,0.0295705655471405,,,,0.43985987472106414
2023-12-19 10:45:00+00:00,,0.2914925723826496,,,
2023-12-19 14:15:00+00:00,,,5.33424800643157,,
2023-12-19 14:55:00+00:00,,,,0.4150320436962471,
2023-12-19 18:00:00+00:00,0.0289206045164144,,,,0.43019175467469517
2023-12-20 06:20:00+00:00,0.0294405969856195,,,,0.43792660242374626
2023-12-20 15:00:00+00:00,0.0299869701224108,,,,0.44605386056214297
2023-12-20 22:10:00+00:00,,,5.270681252818162,,
2023-12-22 07:55:00+00:00,,,,0.423093518707024,
2023-12-23 02:05:00+00:00,,0.2897672553870901,,,
2023-12-23 04:10:00+00:00,,,,0.4158684514581179,
2023-12-24 05:50:00+00:00,,,,0.4124442349933613,
2023-12-24 22:10:00+00:00,0.0293278565191203,,,,0.43624959670698704
2023-12-26 05:35:00+00:00,,,,0.4043008974107517,
2023-12-26 09:45:00+00:00,0.02868323023283,,,,0.42666083057136744
2023-12-26 17:35:00+00:00,0.0280527728323124,,,,0.4172828255154088
2023-12-27 10:25:00+00:00,0.0285571616878374,,,,0.4247855707181759
2023-12-28 06:00:00+00:00,,,5.263065253841336,,
2023-12-28 07:15:00+00:00,,,,0.4066508305122218,
2023-12-28 16:00:00+00:00,,0.2838419175651151,,,
2023-12-29 01:00:00+00:00,0.0279294752739387,,,,0.4154487838737904
2023-12-29 15:55:00+00:00,,,,0.3996276367640218,
2023-12-29 22:20:00+00:00,0.0273155854074175,,,,0.40631721960424444
2023-12-31 02:50:00+00:00,,,5.196067533970644,,
2023-12-31 23:25:00+00:00,,,,0.3963774050354064,
2024-01-01 15:40:00+00:00,0.0278067196330429,,,,0.4136228032127287
2024-01-02 01:15:00+00:00,0.0289338785398919,,,,0.4303892047469488
2024-01-02 05:05:00+00:00,,0.2947547788947725,,,
2024-01-02 16:20:00+00:00,,,5.404833350507344,,
2024-01-02 21:10:00+00:00,,,,0.4132205211508207,
2024-01-03 11:25:00+00:00,,,,0.4037144372894456,
2024-01-03 11:50:00+00:00,0.0282979118895851,,,,0.42092925002661086
2024-01-04 14:45:00+00:00,0.0288067083453598,,,,0.42849755794208927
2024-01-04 20:35:00+00:00,0.0293246529614094,,,,0.436201944033888
2024-01-05 01:45:00+00:00,0.0286800970893176,,,,0.42661422530402315
2024-01-05 02:10:00+00:00,,,5.336584024144936,,
2024-01-07 05:35:00+00:00,,,,0.4010301337347677,
2024-01-07 15:45:00+00:00,,,,0.3974631627172943,
2024-01-07 15:55:00+00:00,,,5.2809648967565614,,0.4221679520259258
2024-01-08 12:00:00+00:00,0.0290525081500224,,,,
2024-01-08 17:55:00+00:00,0.0294297549683504,,,,
2024-01-08 18:00:00+00:00,,0.2989261599045328,,,
2024-01-08 21:05:00+00:00,0.0298604808331743,,,,
2024-01-08 22:05:00+00:00,,0.3044317455643541,,,
2024-01-09 00:35:00+00:00,,,,0.4146109778592109,
2024-01-09 01:35:00+00:00,,,5.453467810865689,,0.4359580838279156
2024-01-09 12:55:00+00:00,0.0293533005662228,,,,
2024-01-09 21:20:00+00:00,0.0284425368192169,,,0.4071818314553571,
2024-01-10 20:10:00+00:00,0.0279594403313425,,,,
2024-01-10 23:40:00+00:00,0.0274278909284533,,,,
2024-01-11 02:20:00+00:00,,,,0.4055921151784652,
2024-01-11 06:05:00+00:00,0.0269620282010335,,,,
2024-01-11 15:10:00+00:00,0.0273121301372239,,,,
2024-01-11 15:40:00+00:00,0.0268482336068431,0.291546298562894,,0.3979783372945785,
2024-01-11 16:10:00+00:00,,,5.3667214742151526,,0.4290234565381185
2024-01-12 00:30:00+00:00,0.0263922163590309,,,,
2024-01-15 21:30:00+00:00,,,,0.395208876879989,
2024-01-15 22:00:00+00:00,,,5.277333721829021,,0.421877670663982
2024-01-15 22:05:00+00:00,0.0259439445641728,,,,
2024-01-16 16:00:00+00:00,,0.2961740887800778,,,
2024-01-17 00:15:00+00:00,,,,0.3915986623483878,
2024-01-17 12:35:00+00:00,0.0255032866657503,,,,
2024-01-18 10:40:00+00:00,,,,0.3880469071356858,
2024-01-19 23:35:00+00:00,,,,0.3876345097756479,
2024-01-20 00:50:00+00:00,,,5.222765942293135,,0.41751544364985893
2024-01-20 23:50:00+00:00,,,,0.3849886435488492,
2024-01-21 15:35:00+00:00,,,,0.3820648051765014,
2024-01-21 19:40:00+00:00,,0.2949086519939454,,,
2024-01-22 03:10:00+00:00,0.0250701133417325,,,,
2024-01-23 19:10:00+00:00,0.0246442974666232,,,,
2024-01-24 03:05:00+00:00,,,,0.3765893501782655,
2024-01-24 03:45:00+00:00,,,5.181510199256741,,0.4142174000370943
2024-01-24 10:45:00+00:00,0.0249643036692273,,,,
2024-01-24 12:55:00+00:00,,,,0.3733954754588096,
2024-01-25 12:30:00+00:00,,,,0.3689095023288227,
2024-01-26 01:00:00+00:00,,0.2920434191045025,,,
2024-01-26 09:55:00+00:00,,,,0.3658042570687126,
2024-01-26 14:55:00+00:00,0.0252884651523722,,,,
2024-01-26 15:05:00+00:00,,0.2968027178335807,,,
2024-01-26 23:55:00+00:00,,,,0.378150658040489,
2024-01-27 00:05:00+00:00,,,5.296854900792989,,0.4234382218710941
2024-01-28 00:45:00+00:00,,,,0.3764651089287389,
2024-01-28 00:50:00+00:00,,,5.273465063159369,,0.4215684045091061
2024-01-28 04:40:00+00:00,0.0256168358723758,,,,
2024-01-28 04:55:00+00:00,,0.3012460011690817,,,
2024-01-28 07:45:00+00:00,,,,0.3776857428240713,
2024-01-28 11:55:00+00:00,,,5.2602938627450415,,0.42051547974756204
2024-01-28 18:15:00+00:00,,0.2961078526729672,,,
2024-01-29 06:00:00+00:00,,,5.210151754457645,,0.41650704727739857
2024-01-29 14:30:00+00:00,,0.2917629522650269,,,
2024-01-30 02:35:00+00:00,0.0259494704861786,0.2955484110963303,,,
2024-01-30 05:00:00+00:00,,,,0.385075019897901,
2024-01-30 06:10:00+00:00,,,5.231212577807763,,0.4181906798777894
2024-01-30 12:30:00+00:00,,,,0.3804729192796006,
2024-01-31 20:05:00+00:00,0.0255087187299708,,,,
2024-01-31 20:10:00+00:00,,,5.149509153501295,,0.41165919027554815
2024-01-31 20:50:00+00:00,,0.289717889831376,,,
2024-02-02 03:15:00+00:00,,,,0.377717514897384,
2024-02-02 03:30:00+00:00,,,5.174272093687397,,0.4136387754363826
2024-02-02 17:55:00+00:00,,,,0.3723459954145707,
2024-02-03 17:20:00+00:00,,0.2903966005798473,,,
2024-02-05 10:00:00+00:00,,0.2923745017078137,,,
2024-02-05 15:05:00+00:00,,,5.154735776251172,,0.41207701403796004
2024-02-05 15:20:00+00:00,,,,0.3687123281757405,
2024-02-05 15:45:00+00:00,,0.2883711346288052,,,
2024-02-07 17:20:00+00:00,,0.2911044101992303,,,
2024-02-08 01:20:00+00:00,,0.2981704877688105,,,
2024-02-08 07:00:00+00:00,,,5.171023138652862,,0.413379049284066
2024-02-08 14:00:00+00:00,0.0259673654927357,,,,
2024-02-09 02:15:00+00:00,,0.3013822308061002,,,
2024-02-09 11:00:00+00:00,,0.3050988389697255,,,
2024-02-09 11:50:00+00:00,0.0264342587242951,,,,
2024-02-09 15:15:00+00:00,,,5.260736249447567,,0.4205508447787372
2024-02-09 17:25:00+00:00,,0.3091261867236176,,,
2024-02-09 22:40:00+00:00,,0.3016487931268205,,,
2024-02-11 01:30:00+00:00,,,5.2475391998739775,,0.4194958535981125
2024-02-11 03:35:00+00:00,0.0269095466961579,,,,
2024-02-11 08:55:00+00:00,,,5.2178603796554475,,0.4171232858959682
2024-02-12 10:00:00+00:00,,,,0.4064044598448849,
2024-02-12 12:00:00+00:00,,0.2999737871212623,,,
2024-02-12 19:05:00+00:00,0.0273933803457548,,,,
2024-02-12 20:00:00+00:00,,0.3053956684991101,,,
2024-02-13 03:00:00+00:00,,,5.330223765730436,,0.4261057770712287
2024-02-13 14:10:00+00:00,,,,0.4101797210694501,
2024-02-13 14:20:00+00:00,0.0269281037805822,0.2985995570420197,,,
2024-02-14 08:55:00+00:00,0.0274122710865571,0.3037512532895304,,,
2024-02-14 13:35:00+00:00,0.0279051437206934,,,,
2024-02-14 14:30:00+00:00,,0.3091878024035803,,,
2024-02-14 18:30:00+00:00,,,5.371623221966737,,0.42941530932451083
2024-02-15 22:00:00+00:00,,,,0.413955080662801,
2024-02-16 14:55:00+00:00,,0.3054839334670654,,,
2024-02-18 22:10:00+00:00,,0.309058891124214,,,
2024-02-20 00:45:00+00:00,,,,0.4081309282359652,
2024-02-20 13:30:00+00:00,,0.3122506728390256,,,
2024-02-20 14:10:00+00:00,0.0274311748545974,,,,
2024-02-20 15:15:00+00:00,,0.3064999674753059,,,
2024-02-20 15:20:00+00:00,,,,0.4006471480750435,
2024-02-21 09:25:00+00:00,0.0269652563496921,,,,
2024-02-21 09:55:00+00:00,,0.2995867431945352,,,
2024-02-22 13:45:00+00:00,,,,0.3929897250765462,
2024-02-23 14:20:00+00:00,,0.2947048606567651,,,
2024-02-25 00:30:00+00:00,,,5.353625602004336,,0.4279765536218296
2024-02-26 07:55:00+00:00,,,,0.3930161517113364,
2024-02-26 20:15:00+00:00,0.0281335136431154,,,,
2024-02-27 00:20:00+00:00,,0.311356613111927,,,
2024-02-27 01:50:00+00:00,0.0286393542184186,,,,
2024-02-27 02:05:00+00:00,0.0291542898072658,,,,
2024-02-27 09:30:00+00:00,,0.3155263630746594,,,
2024-02-27 16:10:00+00:00,,,5.794950567363509,,0.46325670799627433
2024-02-28 07:35:00+00:00,0.0296784839380004,,,,
2024-02-28 07:50:00+00:00,,0.3210600619304006,,,
2024-02-28 13:05:00+00:00,0.0302121030792057,0.3280487633375247,,,
2024-02-28 17:40:00+00:00,,0.3354888152694718,,,
2024-02-28 17:45:00+00:00,0.0307553166925698,,,,
2024-02-28 18:20:00+00:00,,,,0.4524990676924837,
2024-02-28 18:25:00+00:00,,,5.981843636555571,,0.47819720955444817
2024-02-28 23:15:00+00:00,0.0313082972867022,,,,
2024-02-29 00:50:00+00:00,0.0307042493797645,,,,
2024-02-29 04:50:00+00:00,0.0312563117836127,,,,
2024-02-29 06:05:00+00:00,,0.3449144788883732,,,
2024-02-29 10:20:00+00:00,,,5.8621148501,,0.4686259176476336
2024-02-29 16:40:00+00:00,0.030725423327968,,,,
2024-02-29 17:40:00+00:00,,0.3302931316273114,,,
2024-03-02 14:00:00+00:00,0.0302035520127425,,,,
2024-03-03 08:10:00+00:00,,,,0.4417919811339921,
2024-03-03 11:25:00+00:00,,0.3242302304368751,,,
2024-03-04 00:25:00+00:00,,0.3285809571415716,,,
2024-03-04 00:50:00+00:00,0.0293230816027614,0.321046397911815,,0.4420635712947142,
2024-03-04 05:40:00+00:00,,,5.794126927289997,,0.46319086502063656
2024-03-04 14:35:00+00:00,0.0298503106099791,,,,
2024-03-04 14:55:00+00:00,,0.327310909216577,,,
2024-03-04 20:35:00+00:00,0.0303870191947465,,,,
2024-03-04 23:00:00+00:00,,0.3343222954999186,,,
2024-03-05 05:00:00+00:00,0.0298708956737238,0.3226600466815229,,,
2024-03-05 08:10:00+00:00,,,,0.4467102335962323,
2024-03-05 15:30:00+00:00,,,,0.433804886765805,
2024-03-05 16:05:00+00:00,,0.3089696905649372,,,0.4435378340448463
2024-03-06 02:55:00+00:00,0.0292143333868153,,,,
2024-03-06 10:15:00+00:00,0.0297396071011102,,,,
2024-03-06 12:45:00+00:00,0.0290859305370278,,,,
2024-03-06 13:45:00+00:00,,,5.748427022342957,,
2024-03-07 00:25:00+00:00,0.028446621783824,,,,
2024-03-07 22:25:00+00:00,,0.3133395655146676,,,0.4498109570385818
2024-03-08 14:45:00+00:00,0.0289580920434971,,,,
2024-03-08 15:35:00+00:00,0.028321593180381,0.3039278955218477,,0.4347454364928594,0.4363001440014601
2024-03-08 16:30:00+00:00,,,5.572036664105061,,
2024-03-10 11:35:00+00:00,,0.305013343199194,,,0.437858345749013
2024-03-10 14:15:00+00:00,,,5.538118437434722,,
2024-03-11 00:50:00+00:00,0.0276990845622763,,,,
2024-03-11 12:15:00+00:00,0.0283820634455427,0.3125340853396496,,,0.4486546593721656
2024-03-11 21:10:00+00:00,,,5.593631488693551,,
2024-03-12 03:30:00+00:00,,,,0.4433782438795268,
2024-03-12 15:00:00+00:00,,,,0.4338575889841907,
2024-03-13 06:35:00+00:00,0.0288923729462936,,,,
2024-03-13 13:25:00+00:00,,,5.56393319568473,,
2024-03-13 13:35:00+00:00,,,,0.4293271930273764,
2024-03-13 13:55:00+00:00,0.028257318588934,,,,
2024-03-14 04:50:00+00:00,,,,0.423442445835741,
2024-03-14 11:15:00+00:00,,,,0.4169205940089985,
2024-03-15 02:35:00+00:00,0.0276362227263493,,,,
2024-03-15 02:45:00+00:00,,0.3025116396308319,,,0.4342670543828446
2024-03-15 18:50:00+00:00,0.028133122010969,,,,
2024-03-15 19:50:00+00:00,0.0275147559891679,,,,
2024-03-16 10:20:00+00:00,0.026909981652526,,,,
2024-03-17 06:55:00+00:00,0.0263185002558035,,,,
2024-03-17 22:35:00+00:00,0.0267917068904028,,,,
2024-03-18 00:35:00+00:00,,,5.4966355731758165,,
2024-03-18 08:25:00+00:00,0.0262028251729518,,,,
2024-03-19 02:40:00+00:00,,0.2974373575512728,,,0.4269827279533329
2024-03-19 22:15:00+00:00,0.0256268870756503,,,,
2024-03-19 22:35:00+00:00,,0.2849815376039669,,,0.4091019209700359
2024-03-20 17:15:00+00:00,0.0260876585052705,,,,
2024-03-21 01:25:00+00:00,0.027062177004826,,,,
2024-03-21 04:05:00+00:00,,,5.4794591065715945,,
2024-03-21 15:10:00+00:00,,,,0.4042194363309124,
2024-03-22 11:00:00+00:00,,0.2749130901454068,,,0.3946482787056484
2024-03-22 21:30:00+00:00,0.0264673503542599,,,,
2024-03-23 14:30:00+00:00,0.0269432333136295,,,,
2024-03-23 23:05:00+00:00,0.0263510210453959,,,,
2024-03-24 21:55:00+00:00,0.0268248124037922,,,,
2024-03-25 08:50:00+00:00,,,5.413950931775763,,
2024-03-25 14:00:00+00:00,0.0273071225308123,0.2801449283766075,,,0.4021587830301885
2024-03-25 19:25:00+00:00,,0.287755951410582,,,0.41308469833658007
2024-03-25 20:05:00+00:00,0.0282306948391142,,,,
2024-03-26 00:00:00+00:00,,,5.45784948100488,,
2024-03-26 08:00:00+00:00,,,,0.4303930654041067,
2024-03-26 14:30:00+00:00,0.0276101841665505,,,,
2024-03-27 10:20:00+00:00,,0.2837297496373629,,,0.40730493136119844
2024-03-27 13:45:00+00:00,0.0270033123185697,0.275578050163953,,0.422301450813426,0.39560285430111597
2024-03-28 17:30:00+00:00,,,5.468146903717217,,
2024-03-29 15:40:00+00:00,0.0264097795138075,,,,
2024-04-01 03:25:00+00:00,,,,0.4210095400082716,
2024-04-02 02:30:00+00:00,0.025829292560094,0.2700944719415357,,,0.3877309675696397
2024-04-04 19:00:00+00:00,0.0255195993422985,,,,
2024-04-05 12:30:00+00:00,,0.2627584766219148,,,
2024-04-06 22:50:00+00:00,0.025978441738473,,,,
2024-04-07 16:40:00+00:00,,0.2691132311900487,,,
2024-04-07 18:40:00+00:00,,,,0.421410896846106,
2024-04-07 18:45:00+00:00,,,5.445047849170941,,0.38609307836752577
2024-04-08 12:10:00+00:00,0.0264455341209308,,,,
2024-04-08 13:05:00+00:00,,0.2753114839243785,,,
2024-04-08 17:30:00+00:00,,,,0.4263023595443556,
2024-04-08 17:35:00+00:00,,,5.4665966812730025,,0.38762104564200556
2024-04-10 18:15:00+00:00,0.0261284521668208,,,,
2024-04-11 07:20:00+00:00,,0.2821942732956833,,,
2024-04-11 11:05:00+00:00,,,5.40752775349622,,0.3834326335668611
2024-04-11 11:55:00+00:00,,,,0.4186075049083723,
2024-04-13 07:15:00+00:00,0.0258151720253406,,,,
2024-04-14 00:25:00+00:00,0.0255056481127568,,,,
2024-04-14 17:15:00+00:00,0.0251998353918848,,,,
2024-04-14 21:20:00+00:00,0.0248976893655361,,,,
2024-04-15 09:20:00+00:00,0.0253453498203285,,,,
2024-04-16 13:40:00+00:00,0.0250414590759827,,,,
2024-04-17 07:05:00+00:00,0.0247412119816617,,,,
2024-04-17 14:05:00+00:00,,0.2712069042164284,,,
2024-04-17 19:05:00+00:00,0.0244445648500016,,,,
2024-04-18 12:25:00+00:00,0.0241514745174501,,,,
2024-04-18 17:50:00+00:00,0.0238618983379858,,,,
2024-04-18 18:20:00+00:00,,,5.370621146773024,,0.3808156895478975
2024-04-19 01:35:00+00:00,,0.2608597858456965,,,
2024-04-19 06:40:00+00:00,0.0242909352701028,,,,
2024-04-19 11:35:00+00:00,0.0247276862862593,,,,
2024-04-19 23:05:00+00:00,,,,0.4082539000858897,
2024-04-21 09:20:00+00:00,,,5.3149519697038565,,0.3768683442645876
2024-04-21 16:05:00+00:00,0.024431201327687,,,,
2024-04-21 16:10:00+00:00,,,,0.4008498719945477,
2024-04-21 18:50:00+00:00,,0.2650250230691371,,,
2024-04-23 04:55:00+00:00,,,,0.4018501989210149,
2024-04-24 14:40:00+00:00,,0.2590465757651738,,,
2024-04-26 00:30:00+00:00,0.024138271223768,,,,
2024-04-27 00:40:00+00:00,,0.2528136296887729,,,
2024-04-30 02:05:00+00:00,,,,0.393688381338664,
2024-04-30 05:05:00+00:00,,,5.24891532788597,,0.3721858711200397
2024-04-30 08:10:00+00:00,,0.2477486830231478,,,
2024-05-01 13:30:00+00:00,0.0238488533517951,,,,
2024-05-01 19:30:00+00:00,0.023562905600107,0.2388167400286691,,,
2024-05-02 13:10:00+00:00,0.0232803863619618,,,,
2024-05-03 14:55:00+00:00,0.0236989677087498,,,,
2024-05-03 21:25:00+00:00,0.0234148170859219,,,,
2024-05-03 23:30:00+00:00,,0.246555780003896,,,
2024-05-06 03:10:00+00:00,,,,0.3880119980852474,
2024-05-06 10:30:00+00:00,,0.2431198443228352,,,
2024-05-06 10:35:00+00:00,,,,0.3865508257640645,
2024-05-06 11:10:00+00:00,,,5.14730483648082,,
2024-05-09 22:45:00+00:00,,0.2466073002779526,,,
2024-05-10 14:00:00+00:00,,,,0.384019340574468,
2024-05-10 14:15:00+00:00,,,5.085897054047368,,
2024-05-12 17:00:00+00:00,,0.243996845938451,,0.3814137480940034,
2024-05-13 01:40:00+00:00,,0.241631389017798,,,
2024-05-13 10:55:00+00:00,,0.2446794860902038,,,
2024-05-14 02:05:00+00:00,,,5.056861839945818,,
2024-05-14 06:05:00+00:00,,,,0.3835762506495063,
2024-05-14 06:15:00+00:00,0.0229001594063733,,,,0.3640052256728212
2024-05-15 12:30:00+00:00,,0.2480775177526942,,,
2024-05-15 15:20:00+00:00,0.0233119042724999,,,,0.37055003963041855
2024-05-15 16:05:00+00:00,,0.2520931978647164,,,
2024-05-15 22:25:00+00:00,,0.2563969926600441,,,
2024-05-16 13:10:00+00:00,,,,0.3969421755671868,
2024-05-16 14:55:00+00:00,,,5.298159405206626,,
2024-05-17 18:00:00+00:00,,0.2524343808262705,,,
2024-05-17 18:05:00+00:00,,,,0.3933766313187369,
2024-05-18 06:35:00+00:00,,,5.250211490371897,,
2024-05-19 11:00:00+00:00,,,,0.3902870961978524,
2024-05-20 06:55:00+00:00,,0.2497319293419555,,,
2024-05-20 19:05:00+00:00,,0.252287536225226,,,
2024-05-20 21:50:00+00:00,,0.255176136340795,,,
2024-05-20 23:20:00+00:00,,0.2586068597932295,,,
2024-05-20 23:25:00+00:00,0.0237310523113195,,,,0.3772125293429735
2024-05-21 14:15:00+00:00,,,5.407018422356169,,
2024-05-21 14:25:00+00:00,,,,0.4058616100393085,
2024-05-21 15:50:00+00:00,0.0232094437815167,0.2547564320405636,,,0.368921397948015
2024-05-24 06:55:00+00:00,0.022699300207199,,,,0.36081250562111755
2024-05-25 16:45:00+00:00,,,5.397738207889879,,
2024-05-26 05:00:00+00:00,,0.2564200629115642,,,
2024-05-27 05:00:00+00:00,,0.2541730127747454,,,
2024-05-27 18:05:00+00:00,,0.2576418325911297,,,
2024-05-27 19:45:00+00:00,,,,0.4057606081937284,
2024-05-27 23:25:00+00:00,,,5.350250206547002,,
2024-05-28 13:35:00+00:00,,0.2541466655615551,,,
2024-05-29 15:15:00+00:00,,0.2502664634121848,,,
2024-05-30 19:45:00+00:00,,0.2467936536755574,,0.4020951136923271,
2024-05-30 21:10:00+00:00,,,5.269943131550301,,
2024-05-31 13:55:00+00:00,,0.2435131030875171,,,
2024-06-02 07:50:00+00:00,,0.2426802147741464,,,
2024-06-02 18:00:00+00:00,,,,0.3982737946303673,
2024-06-02 18:25:00+00:00,,0.2401799117029516,,,
2024-06-03 08:15:00+00:00,,0.2417004383332679,,,
2024-06-03 13:30:00+00:00,,0.2435070176099419,,,
2024-06-04 17:30:00+00:00,,,,0.3986009985832804,
2024-06-04 19:00:00+00:00,,,,0.3958031723519083,
2024-06-05 00:35:00+00:00,,0.2465479301403589,,,
2024-06-05 02:00:00+00:00,,,,0.3941504821134989,
2024-06-05 08:05:00+00:00,,,,0.3922473697688651,
2024-06-05 14:10:00+00:00,,,5.2908270314382095,,
2024-06-05 16:45:00+00:00,,,,0.3909711377122574,
2024-06-07 12:20:00+00:00,,,,0.3899041730826575,
2024-06-07 12:35:00+00:00,,,,0.3835290760505999,
2024-06-07 15:50:00+00:00,,,5.236476060235176,,
2024-06-10 00:40:00+00:00,,,5.206873139738507,,
2024-06-10 06:45:00+00:00,,0.2448182341009283,,,
2024-06-10 19:05:00+00:00,,0.2431920479835972,,,
2024-06-10 20:15:00+00:00,,,5.155833425901228,,
2024-06-12 12:30:00+00:00,,0.2463039052595625,,,
2024-06-12 19:35:00+00:00,,0.2424302147407697,,,
2024-06-12 19:45:00+00:00,0.0222003695886447,,,,0.3528818467475654
2024-06-12 19:55:00+00:00,,,5.1012240041245605,,
2024-06-16 12:10:00+00:00,,0.2421415363067313,,,
2024-06-16 21:50:00+00:00,,,5.07257917097792,,
2024-06-18 00:45:00+00:00,,0.2395180635067079,,,
2024-06-18 00:55:00+00:00,,,4.9505586223300755,,
2024-06-20 14:05:00+00:00,,,4.901317531862652,,
2024-06-25 09:50:00+00:00,,0.2433239674633661,,,
2024-06-26 05:25:00+00:00,,,4.91367437738775,,
2024-06-28 05:40:00+00:00,,,4.88312215976935,,
2024-06-28 14:35:00+00:00,,0.2399819081397914,,,
2024-07-01 02:10:00+00:00,,,,0.3831029228508226,
2024-07-01 03:30:00+00:00,,0.2462184769125011,,,
2024-07-01 08:40:00+00:00,,0.2436399025807554,,,
2024-07-01 10:05:00+00:00,,,4.980916338600734,,
2024-07-01 18:25:00+00:00,,,,0.3802685290135772,
2024-07-01 22:20:00+00:00,,0.2408652505577214,,,
2024-07-01 22:30:00+00:00,,,4.91095139895094,,
2024-07-04 01:55:00+00:00,,,4.784345276771366,,
2024-07-04 23:30:00+00:00,,,,0.3728230317682168,
2024-07-04 23:40:00+00:00,,0.2368129824321604,,,0.3469450341257648
2024-07-04 23:55:00+00:00,,,4.69395311480857,,
2024-07-05 15:00:00+00:00,0.0224886413877533,,,,
2024-07-06 15:30:00+00:00,0.0227806563961732,,,,
2024-07-06 16:20:00+00:00,,0.243454433641422,,,0.3566751531959975
2024-07-07 04:50:00+00:00,,,,0.3833499539229525,
2024-07-07 07:35:00+00:00,,,4.8192184205708735,,
2024-07-07 13:20:00+00:00,,,4.7420323034438425,,
2024-07-07 21:30:00+00:00,,,4.651406728594447,,
2024-07-08 13:15:00+00:00,,0.2500333828367457,,,0.3663137031168707
2024-07-08 14:25:00+00:00,0.0222799375685854,,,0.3759440871982454,
2024-07-10 12:30:00+00:00,0.0217902245408278,0.2446524840622355,,0.3810639939586651,0.35843036796448086
2024-07-10 13:50:00+00:00,,,4.7811487616824415,,
2024-07-11 03:15:00+00:00,,,,0.3762915203206083,
2024-07-11 14:15:00+00:00,,,,0.3740313282008112,
2024-07-12 01:25:00+00:00,,,4.6678132076267245,,
2024-07-12 20:15:00+00:00,,,,0.3732117308104652,
2024-07-13 22:25:00+00:00,,,,0.3729272270290138,
2024-07-13 22:50:00+00:00,,0.2490132784402449,,,0.36481918980505434
2024-07-14 14:30:00+00:00,,,,0.3753781713700923,
2024-07-14 21:20:00+00:00,,0.2523690439181089,,,0.36973558482815694
2024-07-15 02:25:00+00:00,,0.2555641437828641,,,0.3744165952196809
2024-07-15 15:00:00+00:00,,0.2593859788179821,,,0.38001580972668914
2024-07-15 22:40:00+00:00,,0.263579613797479,,,0.38615973315575775
2024-07-16 05:35:00+00:00,,,,0.3965345200054395,
2024-07-16 05:50:00+00:00,,0.2591658347004776,,,0.379693285566165
2024-07-16 07:00:00+00:00,,,5.107223773423196,,
2024-07-16 19:55:00+00:00,,0.2640114160559437,,,0.3867923490189591
2024-07-17 08:20:00+00:00,,,,0.3947912117642408,
2024-07-17 16:10:00+00:00,,0.2592120811204855,,,0.37976103930839245
2024-07-17 16:40:00+00:00,,,5.132991455505089,,
2024-07-18 14:50:00+00:00,,,5.0619561133379785,,
2024-07-19 07:35:00+00:00,,,,0.3916341187183889,
2024-07-19 08:05:00+00:00,,0.2553135048921262,,,0.3740493944116542
2024-07-19 17:20:00+00:00,0.0220731706064905,,,,
2024-07-19 21:00:00+00:00,,0.2629501912272854,,,0.3852375918404779
2024-07-21 06:15:00+00:00,,0.2593359647456469,,0.4048789441583057,0.37994253615082824
2024-07-21 17:50:00+00:00,,,,0.40028869272876,
2024-07-22 06:35:00+00:00,,0.2559635152075599,,0.3970587577048352,0.375001697992117
2024-07-22 14:50:00+00:00,,,5.270269624858049,,
2024-07-23 01:25:00+00:00,,,,0.3919638392495296,
2024-07-23 04:35:00+00:00,,0.2524228145510561,,,0.36981436198763196
2024-07-23 05:05:00+00:00,,,5.219240688967974,,
2024-07-23 17:05:00+00:00,,,5.104149994798959,,
2024-07-24 16:05:00+00:00,,,,0.3907368176500779,
2024-07-24 21:45:00+00:00,,,5.040216222375188,,
2024-07-25 21:45:00+00:00,,0.256432786526421,,,0.37568920824626095
2024-07-26 09:20:00+00:00,,0.2606194254450393,,,0.38182288203210757
2024-07-26 14:30:00+00:00,,,,0.4054484329726756,
2024-07-27 15:35:00+00:00,,,,0.4085168527506407,
2024-07-27 19:00:00+00:00,,0.2570478938421509,,,0.3765903768665585
2024-07-27 20:40:00+00:00,,,5.1922203921637164,,
2024-07-28 00:05:00+00:00,0.0215880023165598,,,,
2024-07-28 05:05:00+00:00,,0.25240260670351,,,0.36978475629505353
2024-07-29 13:45:00+00:00,,,,0.413683595607991,
2024-07-29 14:55:00+00:00,,0.2478838879245924,5.136141482173153,,0.3631645658610033
2024-07-30 14:35:00+00:00,,,5.059691874075597,,
2024-07-31 04:55:00+00:00,,,4.989805642406895,,
2024-07-31 14:25:00+00:00,,,,0.410453768463868,
2024-07-31 19:50:00+00:00,,,4.914813972891966,,
2024-08-01 14:25:00+00:00,,,,0.4053087790429863,
2024-08-01 15:10:00+00:00,,,4.837088766150855,,
2024-08-02 02:20:00+00:00,,,,0.3999047640527227,
2024-08-02 13:30:00+00:00,,0.2519114685854108,,,0.36906520988592373
2024-08-03 15:30:00+00:00,,,,0.3959255517458983,
2024-08-04 14:45:00+00:00,,,4.725836900897145,,
2024-08-04 21:25:00+00:00,0.0212213300972131,,,,
2024-08-05 00:05:00+00:00,,0.2477180047089128,,,0.3629215371328746
2024-08-05 09:45:00+00:00,0.0208608858055119,,,,
2024-08-05 12:30:00+00:00,,0.2396855132521709,,,0.3511534617767333
2024-08-05 14:00:00+00:00,0.0211317644076965,,,,
2024-08-05 16:05:00+00:00,0.0214686627421032,,,,
2024-08-05 17:05:00+00:00,0.0211040175054285,,,,
2024-08-06 00:15:00+00:00,0.0213780531727365,,,,
2024-08-06 08:35:00+00:00,0.0210149469395976,,,,
2024-08-07 00:15:00+00:00,0.0206580080658285,,,,
2024-08-07 08:50:00+00:00,,0.2547543400960559,,,0.3732301848934002
2024-08-07 14:15:00+00:00,,,,0.4080332203838236,
2024-08-07 14:25:00+00:00,0.0203071317988304,,,,
2024-08-07 18:30:00+00:00,,,4.738168976589096,,
2024-08-08 12:30:00+00:00,0.0205708199052382,,,,
2024-08-08 13:45:00+00:00,,,,0.4056468346969903,
2024-08-08 16:35:00+00:00,,0.2639337070764078,,,0.3866785007650329
2024-08-08 21:40:00+00:00,0.0208379320017078,,,,
2024-08-09 10:20:00+00:00,0.0204839997266587,,,0.4186043953455207,
2024-08-10 17:00:00+00:00,,0.268585953031322,,,0.39349431641420884
2024-08-11 11:00:00+00:00,,,,0.4164343323157615,
2024-08-11 19:30:00+00:00,,,4.919692936528754,,
2024-08-12 13:45:00+00:00,0.0201360789913014,0.2647290426898849,,0.4113781286719086,0.3878437145076464
2024-08-12 18:35:00+00:00,0.0197940676896342,,,,
2024-08-12 18:50:00+00:00,,0.2604192228813062,,,0.38152957342802213
2024-08-13 10:20:00+00:00,,,,0.3997387488154514,
2024-08-14 11:40:00+00:00,0.0200510936585841,,,,
2024-08-14 13:10:00+00:00,,,,0.4068259311874234,
2024-08-14 14:00:00+00:00,,0.2551881380437003,,,0.37386572455935696
2024-08-14 14:15:00+00:00,,,4.881678458005995,,
2024-08-15 18:00:00+00:00,,0.2510505796421819,,0.4029097042179721,0.36780395663570287
2024-08-15 18:35:00+00:00,,,4.744219472836483,,
2024-08-16 12:30:00+00:00,,,,0.3973790178384594,
2024-08-16 15:35:00+00:00,,,,0.3897251185893555,
2024-08-17 21:30:00+00:00,,,,0.3904084878265889,
2024-08-18 02:55:00+00:00,0.0203114571097408,,,,
2024-08-18 03:25:00+00:00,,,,0.3887132854263602,
2024-08-18 17:20:00+00:00,,,,0.3836264084510691,
2024-08-18 18:10:00+00:00,,0.2512782040283687,,,0.36813743983253744
2024-08-18 23:35:00+00:00,,,4.796719643435019,,
2024-08-19 13:50:00+00:00,,,,0.3786753903440199,
2024-08-20 00:25:00+00:00,,0.2549633353766747,,,0.37353637534808604
2024-08-20 05:15:00+00:00,0.0205752013803108,,,,
2024-08-20 13:35:00+00:00,,,,0.3866275606197916,
2024-08-20 14:40:00+00:00,,0.2516377004367296,,,0.3686641233461942
2024-08-20 15:15:00+00:00,,,4.755075111947764,,
2024-08-21 09:15:00+00:00,,,,0.3825417185205622,
2024-08-22 02:45:00+00:00,,,,0.3849210181296078,
2024-08-22 02:50:00+00:00,0.0202257315848662,0.2479012937137295,,,0.3631900663721836
2024-08-22 13:30:00+00:00,,,,0.3800142194822899,
2024-08-23 11:40:00+00:00,,,,0.3777392235742349,
2024-08-23 14:45:00+00:00,0.0198821975338973,0.2445090065567189,,0.3761052653331311,0.3582201649277364
2024-08-23 21:15:00+00:00,0.0201403678688749,,,,
2024-08-23 23:00:00+00:00,,0.2511297856411558,,,0.367919998111701
2024-08-24 21:35:00+00:00,,,,0.384271462430635,
2024-08-25 23:40:00+00:00,,0.2488687214490423,,0.3823728004032388,0.3646074052578946
2024-08-26 22:50:00+00:00,,,5.006215294770722,,
2024-08-28 14:45:00+00:00,0.0197982837206221,0.2445609451218592,,,0.3582962579994505
2024-08-29 18:10:00+00:00,,,,0.3832270377813697,
2024-08-30 13:50:00+00:00,,,,0.3780570946555135,
2024-08-30 15:20:00+00:00,,,4.891457249653472,,
2024-09-01 02:25:00+00:00,0.0194620098716273,,,,
2024-09-01 02:30:00+00:00,,,4.794758798234855,,
2024-09-01 05:20:00+00:00,,0.2408649288958513,,,0.35288137549388926
2024-09-01 22:20:00+00:00,,0.2373236963234572,,,0.3476932602011455
2024-09-01 23:45:00+00:00,,,4.682496848956903,,
2024-09-03 02:00:00+00:00,,0.2413510940361611,,,0.3535936361962511
2024-09-03 05:05:00+00:00,,,,0.3766555701669086,
2024-09-03 14:35:00+00:00,,,4.630841536438239,,
2024-09-04 16:00:00+00:00,0.0196175113305016,,,,
2024-09-05 03:05:00+00:00,,,,0.3699954044018602,
2024-09-05 05:20:00+00:00,,,4.590085255421964,,
2024-09-05 12:20:00+00:00,,0.2354420438209906,,,0.3449365279266887
2024-09-06 14:05:00+00:00,,0.2296978735806304,,,0.3365209785780086
2024-09-06 15:10:00+00:00,,,4.407902335017445,,
2024-09-07 21:15:00+00:00,,,,0.3638918757735445,
2024-09-07 23:10:00+00:00,,,4.34708764843086,,
2024-09-08 16:10:00+00:00,,,4.2831712078878095,,
2024-09-08 23:00:00+00:00,,,,0.3604774026038483,
2024-09-09 01:00:00+00:00,,0.2327816233741664,,,0.34103885452537197
2024-09-09 14:35:00+00:00,,,,0.3563148641066394,
2024-09-09 16:30:00+00:00,,0.2365010698139311,,,0.34648806368071383
2024-09-09 21:10:00+00:00,0.0197742552460323,,,,
2024-09-09 22:10:00+00:00,,0.2411647044459915,,,0.3533205644159039
2024-09-09 23:05:00+00:00,,,,0.3628138191093181,
2024-09-11 01:35:00+00:00,,0.2358231932793701,,,0.3454949344400748
2024-09-11 05:05:00+00:00,,,4.37435180715196,,
2024-09-11 16:55:00+00:00,0.0199322515454481,,,,
2024-09-12 13:50:00+00:00,,,,0.3574884258762695,
2024-09-12 15:00:00+00:00,,,,0.3509207750119752,
2024-09-13 15:30:00+00:00,,0.2415035072287672,,,0.3538169305434057
2024-09-13 21:10:00+00:00,0.0200915102352962,,,,
2024-09-14 10:45:00+00:00,,,,0.359047274964908,
2024-09-15 17:10:00+00:00,,,,0.3554379562545838,
2024-09-15 22:35:00+00:00,,,4.497549222852481,,
2024-09-16 02:10:00+00:00,,0.2367061482687006,,,0.3467885157537282
2024-09-16 13:30:00+00:00,,0.2334411591625323,,,0.3420051134874089
2024-09-17 15:25:00+00:00,0.0203268525091715,,,,
2024-09-17 19:15:00+00:00,,0.240465248429052,,,0.3522958199564819
2024-09-17 19:25:00+00:00,,,,0.3626082056838084,
2024-09-18 19:35:00+00:00,,,,0.3569071779066018,
2024-09-18 20:00:00+00:00,,0.2353030607057146,,,0.34473290943762996
2024-09-19 14:30:00+00:00,,0.2410034912400629,,,0.3530843775284369
2024-09-19 22:20:00+00:00,,,,0.3635646036341801,
2024-09-20 13:10:00+00:00,,,,0.3582450859644803,
2024-09-22 02:10:00+00:00,,,,0.3555391986001885,
2024-09-22 02:40:00+00:00,,0.2383471837969416,,,0.3491927299209573
2024-09-22 10:40:00+00:00,,,4.8105294412065795,,
2024-09-22 22:00:00+00:00,,0.2357589394404571,,,0.3454007987634517
2024-09-23 00:10:00+00:00,,0.232926011760613,,0.3514910017850264,0.3412503920565858
2024-09-23 00:15:00+00:00,0.0199816009193032,,,,
2024-09-23 04:25:00+00:00,,,,0.349929648359724,
2024-09-23 13:10:00+00:00,,0.2299127201343984,,,0.336835741494143
2024-09-24 14:05:00+00:00,,,,0.3456312310641452,
2024-09-25 06:20:00+00:00,,,,0.3451934395677842,
2024-09-25 18:10:00+00:00,,,4.796643945875931,,
2024-09-26 01:20:00+00:00,,0.2257034071816049,,,0.3306688489063546
2024-09-26 15:00:00+00:00,,,,0.3463576842473645,
2024-09-26 15:20:00+00:00,,0.2293639836498913,,,0.3360318100694885
2024-09-26 19:55:00+00:00,,,,0.3429374907709293,
2024-09-27 18:30:00+00:00,,,,0.3406336286804545,
2024-09-29 03:40:00+00:00,,0.2303784199127123,,,0.33751801923001734
2024-09-29 22:20:00+00:00,,,,0.3377978841570779,
2024-09-30 01:45:00+00:00,,,4.8954887611861695,,
2024-10-01 13:35:00+00:00,,0.2269635788722183,,,0.33251507501150257
2024-10-02 19:25:00+00:00,,0.2223743477347882,,,
2024-10-02 19:50:00+00:00,,,4.739969604475638,,
2024-10-04 14:30:00+00:00,,,,0.3346102876527643,
2024-10-05 02:55:00+00:00,,,,0.3319224674181781,
2024-10-06 21:50:00+00:00,,,,0.3310561012856545,
2024-10-07 06:55:00+00:00,,0.2269715018250844,,,
2024-10-07 09:30:00+00:00,,,,0.3299308141661437,
2024-10-07 18:15:00+00:00,,0.2239740931263002,,,
2024-10-07 18:50:00+00:00,,,,0.3226338167571392,
2024-10-09 18:35:00+00:00,,,4.734401081353527,,
2024-10-10 17:10:00+00:00,,,4.629893944721622,,
2024-10-11 12:30:00+00:00,,0.2277800764135737,,,
2024-10-11 20:15:00+00:00,,0.2318695654166877,,,
2024-10-11 22:40:00+00:00,,,,0.3270829115298702,
2024-10-13 01:20:00+00:00,,,,0.3234750183159372,
2024-10-13 15:15:00+00:00,,,4.747777148560687,,
2024-10-14 07:50:00+00:00,0.0201412539106484,,,,0.33517187046084446
2024-10-14 08:40:00+00:00,,0.2366020044907481,,,
2024-10-14 14:20:00+00:00,,0.2396973306890855,,,
2024-10-15 03:40:00+00:00,,,,0.3336456593147628,
2024-10-15 13:45:00+00:00,0.0203021825293945,,,,0.3378498937058266
2024-10-15 14:35:00+00:00,0.0199573499591327,,,,0.3321115132612331
2024-10-15 14:40:00+00:00,,,,0.3283827988485079,
2024-10-15 15:05:00+00:00,,0.2361011663542964,,,
2024-10-15 16:40:00+00:00,0.0201168091853062,,,,0.33476508425219037
2024-10-17 04:55:00+00:00,,,,0.3236115137735085,
2024-10-18 04:45:00+00:00,,0.2384605109067095,,,
2024-10-19 11:25:00+00:00,,,,0.3242296985272542,
2024-10-20 13:00:00+00:00,,,,0.3225613371808508,
2024-10-21 03:50:00+00:00,,0.2382855968083745,,,
2024-10-21 07:50:00+00:00,,,,0.3220007370650531,
2024-10-21 13:30:00+00:00,,,5.129197233124443,,
2024-10-22 00:25:00+00:00,,0.2349526114288949,,,
2024-10-22 13:50:00+00:00,,0.231344049034967,,,
2024-10-23 09:10:00+00:00,,,5.031785802242946,,
2024-10-24 08:55:00+00:00,,,,0.3187902514269585,
2024-10-24 13:20:00+00:00,,0.2351024699729209,,,
2024-10-25 04:25:00+00:00,,,,0.3185232363504995,
2024-10-25 17:55:00+00:00,,0.231359225423542,,,
2024-10-28 12:10:00+00:00,,0.2367773383867688,,,
2024-10-28 15:30:00+00:00,,0.2342959257786847,,,
2024-10-29 04:05:00+00:00,,0.2379310538915626,,,
2024-10-29 15:40:00+00:00,,0.2414235733205232,,,
2024-10-29 15:45:00+00:00,0.0202775424906968,,,,0.33743985727536535
2024-10-29 20:25:00+00:00,,,,0.3387644319768145,
2024-11-01 15:45:00+00:00,,,,0.3308691117500071,
2024-11-01 15:50:00+00:00,,0.235556244815362,,,
2024-11-01 19:15:00+00:00,,,4.8796074530392906,,0.327234526115841
2024-11-04 16:50:00+00:00,,,4.770982744497887,,0.31994997395337604
2024-11-04 17:00:00+00:00,,0.231505159556406,,,
2024-11-05 19:55:00+00:00,,0.2263351620382635,,,
2024-11-06 02:15:00+00:00,0.0204395600551975,,,,
2024-11-06 03:35:00+00:00,0.0207399694672252,,,,
2024-11-06 04:30:00+00:00,0.0209056818232684,,,,
2024-11-06 07:30:00+00:00,,0.2347085673390907,,,
2024-11-06 08:05:00+00:00,,,,0.3475644003933598,
2024-11-09 08:05:00+00:00,,0.2362870978105346,,,
2024-11-09 17:00:00+00:00,,,5.270756317310998,,0.3534656142663802
2024-11-10 09:55:00+00:00,,0.2398889190272795,,,
2024-11-10 11:10:00+00:00,0.0210727182210363,,,,
2024-11-10 20:40:00+00:00,,,,0.3634690074665654,
2024-11-10 23:40:00+00:00,0.020714798102052,,,,
2024-11-11 15:10:00+00:00,,0.2442520310239703,,,
2024-11-11 16:00:00+00:00,0.0208803093388874,,,,
2024-11-11 18:40:00+00:00,0.0210471430105051,,,,
2024-11-11 20:10:00+00:00,0.021215309683159,,,,
2024-11-11 22:35:00+00:00,,0.2520368746392631,,,
2024-11-12 00:10:00+00:00,0.0208549676481906,,,,
2024-11-12 02:30:00+00:00,0.020500746022686,,,,
2024-11-12 07:10:00+00:00,,0.2588605929273434,,,
2024-11-12 10:45:00+00:00,,,,0.3850722502440408,
2024-11-12 13:00:00+00:00,0.0201525408514907,,,,
2024-11-12 13:45:00+00:00,,,5.868542812840313,,0.39355416287722056
2024-11-12 19:30:00+00:00,0.0203135596528941,,,,
2024-11-13 14:30:00+00:00,0.0204758649945208,,,,
2024-11-13 14:50:00+00:00,0.020639467155827,,,,
2024-11-13 15:45:00+00:00,0.020804376498402,,,,
2024-11-13 18:50:00+00:00,,0.2709428767830728,,,
2024-11-13 19:10:00+00:00,0.0204510141635767,,,,
2024-11-13 21:00:00+00:00,,0.2582572679719139,,,
2024-11-13 21:05:00+00:00,,,,0.3765378454926409,
2024-11-14 15:50:00+00:00,,,5.7976458760252285,,0.38879969732952596
2024-11-17 02:05:00+00:00,,,5.8168152205792945,,0.39008522520066524
2024-11-17 22:00:00+00:00,,,,0.368983565863296,
2024-11-18 08:35:00+00:00,,0.2601753886562432,,,
2024-11-18 11:40:00+00:00,,0.2547244747552001,,,
2024-11-18 11:50:00+00:00,,,,0.3625736329523954,
2024-11-18 13:20:00+00:00,,,5.71619487382926,,0.38333745874542496
2024-11-18 16:45:00+00:00,0.0201036536880083,,,,
2024-11-18 19:15:00+00:00,,,,0.352064535863391,
2024-11-18 23:25:00+00:00,0.0197621931301175,,,,
2024-11-21 04:00:00+00:00,,0.2611810316665412,,,
2024-11-21 11:00:00+00:00,0.0199200930532271,,,,
2024-11-21 15:40:00+00:00,,,,0.3628393180818147,
2024-11-21 19:15:00+00:00,,0.2672742718119789,,,
2024-11-22 14:55:00+00:00,,,6.027353277159975,,0.40420425461800435
2024-11-24 08:35:00+00:00,,0.2656411418580667,,,
2024-11-24 12:35:00+00:00,,,,0.3551613515670183,
2024-11-25 14:40:00+00:00,,,5.962734121387279,,0.39987078742401666
2024-11-25 14:45:00+00:00,,,,0.3475558796824091,
2024-11-25 14:50:00+00:00,,0.2611252666675355,,,
2024-11-26 20:05:00+00:00,,0.2530383243509302,,,
2024-11-30 01:50:00+00:00,,,,0.3535036732034739,
2024-11-30 02:05:00+00:00,,,6.113512138309267,,0.40998220999048185
2024-11-30 04:45:00+00:00,,0.2538435855041732,,,
2024-12-02 03:55:00+00:00,,,,0.3504425985670465,
2024-12-02 04:20:00+00:00,,,6.042633207952545,,0.4052289519855919
2024-12-02 17:30:00+00:00,,0.2494083064405994,,,
2024-12-02 17:55:00+00:00,0.0194822494079172,,5.890598856379813,,0.3950332775447627
2024-12-04 16:25:00+00:00,,,5.790161223157398,0.3446391216500601,0.388297764160123
2024-12-05 00:10:00+00:00,0.0199609866605365,,,,
2024-12-05 02:40:00+00:00,,0.2531563405913133,,,
2024-12-05 06:45:00+00:00,0.0203593702310347,,,,
2024-12-05 14:40:00+00:00,,0.2577150253651643,,,
2024-12-05 16:35:00+00:00,0.0199118712733566,,,,
2024-12-05 16:40:00+00:00,,,,0.3567211725284817,
2024-12-05 20:05:00+00:00,,,5.8740898840057145,,0.3939261586210606
2024-12-06 16:30:00+00:00,0.0201704269218411,,,,
2024-12-08 09:00:00+00:00,,,5.757761838341384,,0.38612500796226346
2024-12-08 23:45:00+00:00,0.0204323399154212,,,,
2024-12-09 00:40:00+00:00,,,,0.3516438194004558,
2024-12-09 03:15:00+00:00,,,5.692905773921378,,0.3817756532835382
2024-12-09 03:45:00+00:00,0.0199832370840803,,,,
2024-12-09 15:45:00+00:00,0.0195440055329722,,,,
2024-12-10 03:25:00+00:00,0.0191144282913575,,,,
2024-12-10 16:10:00+00:00,0.0186942931575134,,,,
2024-12-10 16:30:00+00:00,,0.2499289150213199,,,
2024-12-11 08:10:00+00:00,0.0189370385541637,,,,
2024-12-11 19:00:00+00:00,0.0192700601733864,,,,
2024-12-12 16:40:00+00:00,0.0195202819047379,,,,
2024-12-12 19:25:00+00:00,0.0190912261084717,,,,
2024-12-12 19:30:00+00:00,,,,0.3561982253394431,
2024-12-12 20:05:00+00:00,,,5.768385067001276,,0.3868374192022649
2024-12-15 11:55:00+00:00,0.0193391256794902,,,,
2024-12-15 23:20:00+00:00,0.0195902442264384,,,,
2024-12-16 02:25:00+00:00,,,,0.3653573708396937,
2024-12-16 12:45:00+00:00,,0.2454302583997751,,,
2024-12-16 19:05:00+00:00,0.0198802482443416,,,,
2024-12-17 14:55:00+00:00,0.0201383932677944,,,,
2024-12-17 15:25:00+00:00,,,,0.360050110473384,
2024-12-17 23:10:00+00:00,,,6.019736007360557,,0.40369342793837953
2024-12-18 03:40:00+00:00,,0.240150433339591,,,
2024-12-18 20:00:00+00:00,0.0196957513837683,,,,
2024-12-19 14:30:00+00:00,0.0199515007154865,,,,
2024-12-20 02:00:00+00:00,0.0195129667297601,,,,
2024-12-20 08:40:00+00:00,0.01908407172104,,,,
2024-12-20 18:35:00+00:00,0.0193466856513139,,,,
2024-12-21 06:40:00+00:00,0.0195979023644962,,,,
2024-12-21 13:25:00+00:00,0.0191671404705245,,,,
2024-12-22 04:50:00+00:00,,,5.871255509799006,,0.3937360808106439
2024-12-22 05:00:00+00:00,,,,0.3512907874623761,
2024-12-22 07:10:00+00:00,,0.237767360734482,,,
2024-12-22 15:00:00+00:00,0.0187458467229824,,,,
2024-12-23 14:40:00+00:00,0.0183338130120113,,,,
2024-12-24 19:30:00+00:00,0.0189659455354979,,,,
2024-12-25 10:20:00+00:00,,0.2424428017003759,,,
2024-12-26 08:05:00+00:00,0.0185490740526276,,5.9361502798544254,0.3551735915469387,0.398088031153136
2024-12-27 15:20:00+00:00,,,,0.3453480415259477,
2024-12-27 15:30:00+00:00,0.0181413654049509,,,,
2024-12-29 14:40:00+00:00,,,5.856423991034437,,0.3927414546934387
2024-12-30 21:40:00+00:00,,0.2377980871292774,,,0.38521732139480014
2024-12-30 21:50:00+00:00,0.0177426181933501,,,,
2024-12-30 22:15:00+00:00,,,5.731459554329719,,
2024-12-31 17:40:00+00:00,,,,0.337372073788136,
2025-01-01 09:30:00+00:00,,,5.645719860692882,,
2025-01-02 08:10:00+00:00,,0.2421440039583611,,,0.39225742192762775
2025-01-03 07:35:00+00:00,,,5.635253841877449,,
2025-01-04 09:50:00+00:00,,,5.562381795416521,,
2025-01-05 07:10:00+00:00,,0.2441618910368222,,,0.39552626678935854
2025-01-05 08:35:00+00:00,,,5.5145893694083465,,
2025-01-05 14:20:00+00:00,,,,0.3399665279345503,
2025-01-06 06:55:00+00:00,,0.2461772712653464,,,0.3987910507184322
2025-01-06 20:00:00+00:00,,0.2494097694062917,,,0.40402748592403454
2025-01-07 11:10:00+00:00,,,5.589376003039448,,
2025-01-07 11:45:00+00:00,,,,0.3454037862307285,
2025-01-07 15:00:00+00:00,0.0173526354454602,,,,
2025-01-09 13:35:00+00:00,,0.2427086156901301,,,0.39317205594157534
2025-01-09 19:45:00+00:00,0.016971224518369,,,,
2025-01-11 04:35:00+00:00,0.0165981970034553,,,,
2025-01-12 08:55:00+00:00,,,5.554452128995896,,
2025-01-12 22:00:00+00:00,,,5.5072930964693425,,
2025-01-12 22:20:00+00:00,,,,0.3379590326878749,
2025-01-13 01:50:00+00:00,,,,0.3314663421122219,
2025-01-13 08:15:00+00:00,,0.237460805993406,,,0.3846709480522478
2025-01-13 20:45:00+00:00,0.0168137245915451,,,,
2025-01-14 01:10:00+00:00,0.0170320508053663,,,,
2025-01-14 01:45:00+00:00,,0.2435368939948621,,,0.39451381252914974
2025-01-15 13:30:00+00:00,0.017253211985074,,,,
2025-01-15 19:55:00+00:00,,0.24958298472403,,,0.4043080833902682
2025-01-15 20:15:00+00:00,0.0174772449427002,,,,
2025-01-16 09:10:00+00:00,,,5.746587360570536,,
2025-01-16 14:45:00+00:00,,,,0.3380462180903759,
2025-01-17 10:30:00+00:00,,0.2548174108476222,,,0.4127875107679702
2025-01-18 03:45:00+00:00,,,,0.3444707975259363,
2025-01-18 04:15:00+00:00,,,5.8303229377269234,,
2025-01-18 04:20:00+00:00,0.0170930950988597,,,,
2025-01-19 19:55:00+00:00,,0.2599022545059964,,,0.42102462435217386
2025-01-19 21:55:00+00:00,,,,0.3360208027512823,
2025-01-20 06:35:00+00:00,0.0173150489387183,,,,
2025-01-20 08:50:00+00:00,0.0178417323041654,,,,
2025-01-20 11:50:00+00:00,,0.273702498420376,,,0.4433801153465237
2025-01-20 16:15:00+00:00,,,,0.3243784838168479,
2025-01-20 16:25:00+00:00,,,5.612389772707114,,
2025-01-21 00:55:00+00:00,0.0174495710281198,,,,
2025-01-21 12:15:00+00:00,0.0176761537079199,,,,
2025-01-21 18:30:00+00:00,0.0179056785638173,,,,
2025-01-22 08:10:00+00:00,,,5.629472172449721,,
2025-01-23 16:35:00+00:00,0.0181951431855301,,,,
2025-01-24 18:25:00+00:00,,0.2808503237889873,,,0.4549591241414824
2025-01-26 23:10:00+00:00,,,,0.3132669584126947,
2025-01-27 14:55:00+00:00,0.0184370894303053,,,,
2025-01-28 00:05:00+00:00,0.0186764950365578,,,,
2025-01-28 03:45:00+00:00,,0.2858549739324611,,,0.463066329485565
2025-01-30 14:45:00+00:00,0.0189190093246075,,,,
2025-01-30 14:50:00+00:00,,0.2919440283410786,,,0.4729301986925517
2025-01-31 03:30:00+00:00,,,5.607059124175189,,
2025-02-03 17:10:00+00:00,0.0192299352406932,,,,
2025-02-03 20:45:00+00:00,,0.3081401629695462,,,0.4991668756727834
2025-02-03 22:05:00+00:00,0.0194796359497936,,,,
2025-02-04 08:55:00+00:00,,,5.557444326723673,,
2025-02-04 21:25:00+00:00,,0.2957925215550065,,,0.4791645055583988
2025-02-06 17:05:00+00:00,,,5.444191418751262,,
2025-02-07 15:20:00+00:00,0.0190514735516172,,,,
2025-02-07 20:05:00+00:00,,0.2881773870393959,,,0.46682848656187165
2025-02-07 20:55:00+00:00,,,5.268242917975853,,
2025-02-09 13:55:00+00:00,,,5.178414544898589,,
2025-02-11 05:55:00+00:00,,0.2919974384662838,,,0.473016719596127
2025-02-11 14:05:00+00:00,,,5.118787917784784,,
2025-02-13 07:30:00+00:00,,,5.008055139283461,,
2025-02-13 16:55:00+00:00,0.0186327221629526,,,,
2025-02-14 21:10:00+00:00,,,,0.3070909801237863,
2025-02-15 06:40:00+00:00,,0.2940761526686494,,,0.47638410041338863
2025-02-16 09:05:00+00:00,,,4.9344509510299,,
2025-02-18 08:45:00+00:00,,0.2901082828260236,,,0.46995641123021803
2025-02-18 16:35:00+00:00,,0.285689710357816,,,0.4627986133221701
2025-02-20 01:00:00+00:00,,0.2899646235352275,,,0.46972369259121627
2025-02-21 09:30:00+00:00,,,,0.3049480681742592,
2025-02-21 15:20:00+00:00,,,,0.3025133454515027,
2025-02-21 17:50:00+00:00,,0.2846586246320582,,,0.4611283219998143
2025-02-21 18:45:00+00:00,,,4.95506514851506,,
2025-02-24 03:25:00+00:00,,0.281624815762311,,,0.45621375039608036
2025-02-24 14:40:00+00:00,,0.2784016287557418,,,0.45099239861813223
2025-02-25 14:45:00+00:00,0.0182231749298109,,,,
2025-02-26 13:55:00+00:00,0.0178226295448537,,,,
2025-02-26 14:20:00+00:00,,0.2689591131613545,,,0.4356961419980316
2025-02-27 06:25:00+00:00,0.0180540563894936,,,,
2025-02-28 13:10:00+00:00,0.0182884883117112,,,,
2025-02-28 16:10:00+00:00,0.0185820661298359,,,,0.44269019861731074
2025-02-28 18:35:00+00:00,0.0188233542585318,,,,0.44843853084635654
2025-03-02 14:15:00+00:00,,,,0.2973813858393331,
2025-03-02 14:55:00+00:00,,,4.957953182126593,,
2025-03-02 18:40:00+00:00,0.0199338576938421,,,,0.47489463012550853
2025-03-02 20:55:00+00:00,0.0201926988359966,,,,0.48106113689768826
2025-03-02 21:40:00+00:00,,0.2857281724798616,,,
2025-03-03 06:40:00+00:00,,,,0.3161861064827703,
2025-03-03 06:55:00+00:00,,,5.138468497618086,,
2025-03-03 14:50:00+00:00,,0.2752728877011935,,,
2025-03-03 14:55:00+00:00,,,4.987523639288737,,
2025-03-04 20:55:00+00:00,0.020875845132412,,,,0.4973360854169614
2025-03-05 10:30:00+00:00,,0.2872878252347144,,,
2025-03-05 14:55:00+00:00,0.020521268902838,,,,0.4888888320061543
2025-03-06 01:45:00+00:00,0.0207877375795413,,,,0.4952370534897541
2025-03-06 09:30:00+00:00,,,5.3560774361824794,,
2025-03-06 12:35:00+00:00,0.0204346578567528,,,0.3138094124591018,0.4868254521362307
2025-03-07 00:35:00+00:00,,0.2730932349956999,,,
2025-03-07 00:40:00+00:00,,,5.0720395460598935,,
2025-03-07 09:30:00+00:00,0.0207000018890228,,,,0.4931468806322197
2025-03-07 15:15:00+00:00,0.0203484123569377,,,,0.4847707808646814
2025-03-07 16:40:00+00:00,,,4.980780736628087,,
2025-03-07 19:45:00+00:00,0.0200027945730551,,,,0.4765369491516948
2025-03-09 09:10:00+00:00,,,4.932236057491105,,
2025-03-09 12:05:00+00:00,,0.2609101521633114,,,
2025-03-10 09:15:00+00:00,0.0202625308605862,,,,0.4827247814364296
2025-03-10 14:15:00+00:00,,0.2540018795540639,4.781026238776325,,
2025-03-11 00:15:00+00:00,0.0199183717739192,,,,0.47452570102373176
2025-03-11 07:20:00+00:00,0.0201770118314035,,,,0.4806874172515249
2025-03-11 14:45:00+00:00,,,4.775464887393388,,
2025-03-11 18:20:00+00:00,0.0204390103300343,,,,0.48692914336453597
2025-03-11 18:50:00+00:00,,0.2638007315808207,,,
2025-03-12 04:00:00+00:00,0.0200918537395787,,,,0.4786586518644893
2025-03-12 04:20:00+00:00,,,4.738038845925962,,
2025-03-12 13:55:00+00:00,0.0197505936038119,,,,0.47052863466257094
2025-03-12 14:35:00+00:00,,,,0.3055169064620454,
2025-03-12 14:50:00+00:00,,,4.669493747436591,,
2025-03-13 00:20:00+00:00,0.0200070550617574,,,,0.4766384489836643
2025-03-13 06:15:00+00:00,,,4.66277379018663,,
2025-03-14 07:10:00+00:00,,0.2591955263654958,,,
2025-03-14 20:20:00+00:00,0.0196672352315335,,,,0.4685427449276768
2025-03-15 06:00:00+00:00,,,,0.3044786626502171,
2025-03-15 07:25:00+00:00,,,4.8080765318330645,,
2025-03-16 01:40:00+00:00,,,4.783130389151663,,
2025-03-16 09:55:00+00:00,,,4.746122963963854,,
2025-03-16 19:10:00+00:00,0.0193331872411259,,,0.2973233599474276,0.4605845464050802
2025-03-16 22:05:00+00:00,,0.2524826461141754,,,
2025-03-16 22:20:00+00:00,,,4.616434208195406,,
2025-03-18 01:25:00+00:00,,,4.6030536422193435,,
2025-03-18 13:35:00+00:00,,0.2473399287277492,,,
2025-03-19 15:00:00+00:00,,0.2517882099778425,,,
2025-03-20 00:00:00+00:00,,0.25729903099586,,,
2025-03-20 04:45:00+00:00,,0.2513074765759734,,0.2991602006802366,
2025-03-20 10:35:00+00:00,,,4.76032302990452,,
2025-03-20 16:10:00+00:00,,,4.674017179344815,,
2025-03-21 07:25:00+00:00,,,4.6280635982117335,,
2025-03-22 13:40:00+00:00,,,4.603828179091656,,
2025-03-22 21:10:00+00:00,,,4.58055130877375,,
2025-03-24 05:25:00+00:00,,0.2562566313897623,,,
2025-03-24 14:00:00+00:00,,0.2585479409452565,,,
2025-03-24 22:50:00+00:00,,,4.746179225185522,,
2025-03-24 23:20:00+00:00,,0.2548069028583893,,,
2025-03-25 01:25:00+00:00,,,,0.307337186339388,
2025-03-25 23:15:00+00:00,,,4.740294598908623,,
2025-03-26 13:30:00+00:00,,,4.716007037741506,,
2025-03-26 19:05:00+00:00,,0.2498975179023874,,,
2025-03-27 11:40:00+00:00,,,4.696299487288474,,
2025-03-28 03:30:00+00:00,,,4.660678131761992,,
2025-03-28 06:50:00+00:00,,0.2451585391419559,,,
2025-03-29 06:20:00+00:00,,,4.618963948288032,,
2025-03-31 13:45:00+00:00,,0.2416375136818138,,,0.4539695212049942
2025-04-01 08:20:00+00:00,,0.2451966871505184,,,0.4606562158777468
2025-04-01 14:05:00+00:00,,0.2410944761069206,,,0.4529493049971947
2025-04-01 14:15:00+00:00,,,,0.3078569671962582,
2025-04-01 15:10:00+00:00,0.0195842286774519,,,,
2025-04-02 05:20:00+00:00,,,4.657317540525308,,
2025-04-02 15:05:00+00:00,0.0198385298868286,,,,
2025-04-02 19:55:00+00:00,,0.2453952231235837,,,0.4610292096205689
2025-04-02 20:15:00+00:00,0.0200961331974091,,,,
2025-04-02 21:20:00+00:00,,,,0.3075584554546413,
2025-04-02 22:20:00+00:00,,,4.555851408757286,,
2025-04-04 10:20:00+00:00,0.01965442018973,,,,
2025-04-04 10:30:00+00:00,,,,0.3089272008708508,
2025-04-04 10:45:00+00:00,,0.2396883641432834,,,0.4503076126325996
2025-04-04 11:40:00+00:00,,,4.4905937785652155,,
2025-04-05 13:20:00+00:00,,,,0.3062828561067073,
2025-04-05 13:45:00+00:00,,0.2334135323724071,,,0.4385189531183422
2025-04-05 15:40:00+00:00,0.0192224160339597,,,,
2025-04-06 08:15:00+00:00,,,4.446068171934945,,
2025-04-06 08:25:00+00:00,,,,0.3049279243803695,
2025-04-07 13:40:00+00:00,,0.228059273634206,,,0.4284597936825706
2025-04-07 13:50:00+00:00,0.0194720191061607,,,,
2025-04-07 22:10:00+00:00,0.0197248632742542,,,,
2025-04-08 01:55:00+00:00,,0.234379287995286,,,0.4403333386872018
2025-04-08 08:20:00+00:00,0.0192913107794861,,,,
2025-04-08 15:15:00+00:00,,,,0.3097198423665609,
2025-04-08 15:55:00+00:00,,,4.343691629419441,,
2025-04-09 21:35:00+00:00,,0.2498417159005987,,,0.46938292989465286
2025-04-09 22:55:00+00:00,0.0206860921133388,,,,
2025-04-10 15:15:00+00:00,,,,0.3228463996833556,
2025-04-10 15:45:00+00:00,,,4.413660359592782,,
2025-04-11 09:25:00+00:00,0.0209547010194305,,,,
2025-04-11 17:35:00+00:00,0.0212267978121678,,,,
2025-04-12 14:30:00+00:00,0.0215024277817588,,,,
2025-04-13 01:30:00+00:00,,0.2556639846496006,,,0.4803213496625025
2025-04-13 06:00:00+00:00,,,4.619034299781255,,
2025-04-13 12:30:00+00:00,,,,0.33956327496193,
2025-04-13 13:55:00+00:00,0.0210298044191157,,,,
2025-04-13 19:35:00+00:00,,0.2517173531721265,,,0.47290672941210243
2025-04-15 17:25:00+00:00,,,,0.3390322967734799,
2025-04-15 18:05:00+00:00,,,4.55393561131901,,
2025-04-15 23:05:00+00:00,,0.2472783328351676,,,0.4645670477696154
2025-04-15 23:40:00+00:00,0.0205675693179836,,,,
2025-04-16 17:45:00+00:00,,0.2433431458818059,,,0.45717392858936196
2025-04-18 22:05:00+00:00,,0.2428884625385713,,,0.4563197053502507
2025-04-19 16:50:00+00:00,,,,0.3414851411055247,
2025-04-20 07:10:00+00:00,,,,0.3386726079233403,
2025-04-20 07:25:00+00:00,,,4.540756886365431,,
2025-04-20 10:30:00+00:00,,0.240429505689568,,,0.4517000109725155
2025-04-21 00:05:00+00:00,,0.241845393116217,,,0.45436006870677276
2025-04-21 04:35:00+00:00,,0.2440436217985014,,,0.458489927548599
2025-04-21 11:25:00+00:00,,,,0.3465687997892732,
2025-04-21 14:20:00+00:00,0.0208346392055776,,,,
2025-04-21 14:25:00+00:00,,0.2464708588932958,,,0.4630500293514415
2025-04-21 16:45:00+00:00,,0.2433250397346372,,,0.4571399121867108
2025-04-22 13:30:00+00:00,,0.2467230121487221,,,0.4635237550196624
2025-04-22 17:55:00+00:00,,0.2504517035925022,,,0.47052892670704755
2025-04-22 18:55:00+00:00,0.021105176995662,,,,
2025-04-22 21:45:00+00:00,,0.2544969132970073,,,0.47812874796305554
2025-04-23 15:20:00+00:00,,,,0.3639524862141683,
2025-04-24 04:10:00+00:00,,,,0.3574091517091551,
2025-04-24 04:15:00+00:00,,,4.938289656541781,,
2025-04-24 08:30:00+00:00,,0.2495639155760802,,,0.4688610205338474
2025-04-25 12:10:00+00:00,0.0213792277189507,,,,
2025-04-26 09:45:00+00:00,,,4.966071784584758,,
2025-04-26 11:40:00+00:00,,0.24579046215649,,,0.46177175357326944
2025-04-26 11:45:00+00:00,,,,0.3619605612520516,
2025-04-27 05:30:00+00:00,,,,0.3591630319339993,
2025-04-27 23:10:00+00:00,,,,0.3563407420528477,
2025-04-28 00:15:00+00:00,,,4.884894892085111,,
2025-04-28 10:35:00+00:00,,0.2479384324104816,,,0.46580719084006383
2025-04-28 13:35:00+00:00,,0.2451748225827905,,,0.4606151384506885
2025-04-28 15:50:00+00:00,,,4.838131861311204,0.3541471952159291,
2025-05-02 13:00:00+00:00,,0.2441753480840042,,,
2025-05-02 22:45:00+00:00,,,4.915863292191912,,
2025-05-03 01:15:00+00:00,,,,0.3581730124280127,
2025-05-06 08:25:00+00:00,,,,0.3536753105121852,
2025-05-06 11:30:00+00:00,,,4.858684558059007,,
2025-05-07 03:15:00+00:00,,,,0.3569568259806628,
2025-05-07 10:50:00+00:00,,0.2460042548837544,,,
2025-05-08 01:00:00+00:00,0.0216568369908812,,,,0.4665962260234706
2025-05-08 15:20:00+00:00,,0.2481252870954068,,,
2025-05-08 20:55:00+00:00,,0.2503836624522076,,,
2025-05-08 21:15:00+00:00,0.0219380510192078,,,,0.4726549780183853
2025-05-09 09:25:00+00:00,,,,0.373439243688195,
2025-05-09 19:10:00+00:00,,0.2488130274857986,,,
2025-05-11 02:50:00+00:00,,,,0.370526370540273,
2025-05-11 21:10:00+00:00,,0.2461422518754761,,,
2025-05-12 07:00:00+00:00,0.0222229166116922,,,,0.47879240290795394
2025-05-12 08:10:00+00:00,,,,0.3669412543149156,
2025-05-12 15:40:00+00:00,,,5.237041366770158,,
2025-05-14 03:40:00+00:00,,,5.2343353387295055,,
2025-05-14 08:55:00+00:00,,,,0.3635118299518792,
2025-05-17 01:10:00+00:00,,,,0.3594874461442551,
2025-05-17 01:20:00+00:00,,,5.180694962900418,,
2025-05-18 14:45:00+00:00,0.0225114811838951,,,,0.4850095222597136
2025-05-18 18:00:00+00:00,,,,0.3627222262854448,
2025-05-18 19:55:00+00:00,,0.2427383834444487,,,
2025-05-19 00:40:00+00:00,,,,0.3601748487397423,
2025-05-19 03:10:00+00:00,0.0220166788274731,0.2388695520879824,,,0.4743490129604451
2025-05-19 04:00:00+00:00,,,5.168023239817313,,
2025-05-20 00:15:00+00:00,0.0223025654020478,0.2410453337717677,,,0.4805084348937365
2025-05-20 08:30:00+00:00,,,5.175666839650877,,
2025-05-20 12:20:00+00:00,,,,0.3539551301797336,
2025-05-21 10:00:00+00:00,,,5.165009287005727,,
2025-05-21 14:50:00+00:00,,0.243736288570003,,,
2025-05-21 17:25:00+00:00,,,,0.3553436659289311,
2025-05-21 17:30:00+00:00,0.0218123550145108,0.2380231027534291,,,0.46994685949477216
2025-05-21 23:25:00+00:00,0.0220955884443742,,,,0.4760491194653118
2025-05-22 03:45:00+00:00,,0.2412314740360922,,,
2025-05-23 01:45:00+00:00,,0.2396111826344409,,,
2025-05-23 06:20:00+00:00,,,5.228665761599446,,
2025-05-23 11:45:00+00:00,,,,0.3546530260952311,
2025-05-24 23:10:00+00:00,,,5.144585032754663,,
2025-05-26 07:05:00+00:00,,0.2413314718943999,,,
2025-05-27 01:10:00+00:00,,,,0.3539341334926449,
2025-05-27 02:05:00+00:00,,,5.123397710311547,,
2025-05-27 14:30:00+00:00,,,,0.3485157557642549,
2025-05-27 22:00:00+00:00,,,5.080901808699822,,
2025-05-30 07:35:00+00:00,,,,0.3445063934458858,
2025-05-30 16:35:00+00:00,,,,0.3381948168548649,
2025-06-01 01:40:00+00:00,,,,0.3385777406986051,
2025-06-01 02:25:00+00:00,,,5.068621113890395,,
2025-06-01 09:55:00+00:00,,,,0.3355761444322762,
2025-06-02 03:50:00+00:00,,,5.072020923843332,,
2025-06-02 10:20:00+00:00,,,,0.3354377741545283,
2025-06-02 11:40:00+00:00,,0.238274832179257,,,0.47001960896055195
2025-06-03 08:45:00+00:00,,,5.032278275949904,,
2025-06-04 12:50:00+00:00,,,4.955169873781789,,
2025-06-04 13:00:00+00:00,,0.2361971540857227,,,0.46592119270677723
2025-06-04 13:55:00+00:00,,,,0.3352132075520717,
2025-06-05 06:45:00+00:00,,,,0.3324121298518151,
2025-06-05 13:50:00+00:00,,0.2333549570002492,,,0.4603146905408326
2025-06-05 14:10:00+00:00,,,,0.3298452915326399,
2025-06-05 16:55:00+00:00,,,4.853564765024361,,
2025-06-06 13:40:00+00:00,,0.2361213935191905,,,0.4657717478345243
2025-06-08 09:10:00+00:00,,,,0.3402163121952836,
2025-06-08 09:50:00+00:00,,,4.9589001350637565,,
2025-06-08 22:40:00+00:00,,,,0.3396559997619546,
2025-06-08 23:45:00+00:00,,,4.939601924474727,,
2025-06-09 14:50:00+00:00,,0.2394550078392809,,,0.4723476169048063
2025-06-09 19:25:00+00:00,,0.2410231039909773,,,0.47544083465378945
2025-06-10 01:05:00+00:00,,0.2431345742274888,,,0.4796059091008899
2025-06-10 14:45:00+00:00,,,,0.3482448632311081,
2025-06-11 18:00:00+00:00,,0.2395508461663131,,,0.47253666705577313
2025-06-11 18:05:00+00:00,,,,0.3461207359020525,
2025-06-11 19:05:00+00:00,,,5.02195959397753,,
2025-06-12 20:40:00+00:00,,,,0.3421491118189407,
2025-06-12 20:55:00+00:00,,,4.897657511274578,,
2025-06-14 07:15:00+00:00,,,4.847387186359875,0.3422343538950342,
2025-06-15 06:35:00+00:00,,,,0.3421489651523814,
2025-06-15 09:20:00+00:00,,,4.8130530410573105,,
2025-06-15 20:40:00+00:00,,,,0.3398958265979216,
2025-06-16 07:15:00+00:00,,0.2410738430399993,,,0.47554092221974104
2025-06-16 14:40:00+00:00,,0.2426685213011626,,,0.4786865756900411
2025-06-16 22:05:00+00:00,,0.2445347757364298,,,0.48236793881120066
2025-06-16 23:45:00+00:00,,,,0.3444343610063624,
2025-06-17 00:10:00+00:00,,,4.81581002483183,,
2025-06-18 10:05:00+00:00,,,,0.3428990495214873,
2025-06-18 10:50:00+00:00,,,4.758307992628045,,
2025-06-19 14:55:00+00:00,,,,0.3393696647556369,
2025-06-20 14:45:00+00:00,,0.2410811949821444,,0.3393552781701414,0.4755554246199338
2025-06-20 15:20:00+00:00,,,4.694334929815032,,
2025-06-21 17:35:00+00:00,,,,0.3378505438007027,
2025-06-21 19:05:00+00:00,,,4.62789111878687,,
2025-06-22 13:30:00+00:00,,,,0.3304684388398056,
2025-06-23 13:55:00+00:00,0.022492867124604,,,,
2025-06-23 16:25:00+00:00,,,,0.3322521206093836,
2025-06-23 18:15:00+00:00,,0.2450446397495768,,,0.48337369372828787
2025-06-23 22:10:00+00:00,0.0228972888755044,,,,
2025-06-24 16:55:00+00:00,,0.2497382238585991,,,0.49263223164171077
2025-06-25 13:45:00+00:00,0.023308982129486,,,,
2025-06-26 11:45:00+00:00,,,4.9095472713282176,,
2025-06-26 13:55:00+00:00,,,,0.3446696512947357,
2025-06-27 08:20:00+00:00,,,,0.3414543944854709,
2025-06-28 13:25:00+00:00,,,,0.3410654846377817,
2025-06-29 16:25:00+00:00,,,,0.3408852976896105,
2025-06-29 16:45:00+00:00,,0.2475598192426338,,,
2025-06-30 06:40:00+00:00,,,,0.3406066606977274,
2025-06-30 08:55:00+00:00,,0.2458063001758117,,,
2025-06-30 14:05:00+00:00,,,,0.3382636886527113,
2025-07-01 09:35:00+00:00,,,,0.3347376173404195,
2025-07-01 15:10:00+00:00,,,,0.3306967450085532,
2025-07-02 10:50:00+00:00,,0.2479511779746946,,,
2025-07-02 16:05:00+00:00,,0.2499140969417559,,,
2025-07-03 12:45:00+00:00,,,,0.3393313444256681,
2025-07-04 04:45:00+00:00,,,,0.3348989827030094,
2025-07-04 06:40:00+00:00,,0.2480829248877276,,,
2025-07-04 13:45:00+00:00,,,,0.3316625259874587,
2025-07-04 14:20:00+00:00,,,4.929281733678216,,
2025-07-06 09:45:00+00:00,,,,0.3310715195248592,
2025-07-06 21:30:00+00:00,,0.2491263701010328,,,
2025-07-07 12:05:00+00:00,,,,0.3317453458905754,
2025-07-07 12:10:00+00:00,,0.2471529662557465,,,
2025-07-07 17:15:00+00:00,,,4.89007055736247,,
2025-07-08 02:10:00+00:00,,,,0.3288864599918651,
2025-07-08 16:05:00+00:00,,,,0.3285626987601068,
2025-07-09 04:25:00+00:00,,,,0.3256026080126888,
2025-07-09 14:35:00+00:00,,,,0.3243998627291765,
2025-07-10 01:50:00+00:00,,0.2488432878826284,,,
2025-07-10 13:40:00+00:00,,,,0.3268873597996929,
2025-07-10 17:05:00+00:00,0.0236116492624374,,,,0.4990290611695783
2025-07-10 21:15:00+00:00,0.0239182465281101,,,,0.5055089535288653
2025-07-11 00:20:00+00:00,,0.2546259297745344,,,
2025-07-11 05:25:00+00:00,,0.2583028518994396,,,
2025-07-11 05:35:00+00:00,0.0242288249592776,,,,0.5120729872904376
2025-07-11 16:05:00+00:00,,,,0.342532729130631,
2025-07-12 15:25:00+00:00,,,,0.3397463517517146,
2025-07-12 20:05:00+00:00,,0.2571715921299249,,,
2025-07-14 08:45:00+00:00,,0.2639711509846034,,,
2025-07-14 14:25:00+00:00,,0.2603532527408336,,,
2025-07-14 15:10:00+00:00,,,,0.3475544975329457,
2025-07-14 15:45:00+00:00,0.0236962753866727,,,,0.5008176230297938
2025-07-15 02:50:00+00:00,,,5.321924334417312,,
2025-07-17 01:45:00+00:00,,,,0.3484409963239937,
2025-07-18 08:30:00+00:00,,,,0.3486520618431383,
2025-07-18 14:20:00+00:00,,0.2561884032305845,,0.3443305953844859,
2025-07-18 15:30:00+00:00,,,5.2881064532604904,,
2025-07-19 14:35:00+00:00,,,,0.3433566472463536,
2025-07-20 22:05:00+00:00,,,,0.3412847891996378,
2025-07-20 23:15:00+00:00,,,5.225258631145159,,
2025-07-21 11:55:00+00:00,,,,0.3415143283707518,
2025-07-21 17:45:00+00:00,,0.2533639529156906,,,
2025-07-21 19:30:00+00:00,,,5.155041884025955,,
2025-07-22 01:15:00+00:00,,,,0.3344547700357477,
2025-07-22 14:00:00+00:00,,,,0.3349025583744643,
2025-07-22 18:55:00+00:00,,0.2560658694689195,,,
2025-07-23 03:45:00+00:00,,,,0.3323381713897974,
2025-07-23 10:10:00+00:00,,0.2519008107786121,,,
2025-07-23 13:50:00+00:00,,,,0.3282372536050163,
2025-07-24 04:40:00+00:00,,,,0.3260548296906404,
2025-07-24 07:05:00+00:00,,,5.102635523977119,,
2025-07-25 01:15:00+00:00,,,,0.32242830939793,
2025-07-25 01:35:00+00:00,,,5.038251689837007,,
2025-07-27 11:15:00+00:00,,0.2535845345988547,,,
2025-07-28 10:40:00+00:00,,,,0.3291169169359204,
2025-07-28 13:25:00+00:00,,0.2512445218969042,,,
2025-07-31 07:15:00+00:00,,0.2528823065065801,,,
2025-07-31 19:10:00+00:00,,,4.992805464671644,,
2025-08-05 03:50:00+00:00,,,4.989978710938224,,
2025-08-07 04:45:00+00:00,,,4.949756074584569,,
2025-08-07 13:25:00+00:00,,0.2544608702543974,,,
2025-08-07 19:45:00+00:00,,0.2559578340664238,,,
2025-08-08 00:15:00+00:00,,,,0.3278930836660397,
2025-08-08 01:00:00+00:00,,,,0.3254688725580219,
2025-08-08 16:30:00+00:00,,,4.929197456716404,,
2025-08-09 11:10:00+00:00,,,,0.3240219646723314,
2025-08-09 19:05:00+00:00,,,4.8709365412518855,,
2025-08-10 05:15:00+00:00,,,,0.3239605712693615,
2025-08-10 12:15:00+00:00,,0.2569233658645132,,,
2025-08-10 17:25:00+00:00,,,,0.3225490957263857,
2025-08-11 07:10:00+00:00,,0.2613473872045249,,,
2025-08-11 07:55:00+00:00,,,,0.3283637585906619,
2025-08-11 13:00:00+00:00,0.0232937941492301,,,,0.4923112357026328
2025-08-11 13:20:00+00:00,,,4.92305045015086,,
2025-08-13 13:50:00+00:00,,0.2631858012298184,,,
2025-08-13 15:20:00+00:00,,0.2593428434023486,,,
2025-08-14 00:25:00+00:00,,0.261403670929223,,,
2025-08-14 04:10:00+00:00,,,,0.3300350119655075,
2025-08-14 05:40:00+00:00,,0.2573248047220841,,,
2025-08-14 07:35:00+00:00,,,4.9552711749104565,,
2025-08-17 19:30:00+00:00,,,4.922724520920012,,
2025-08-19 03:30:00+00:00,,0.2545295302653288,,,
2025-08-22 18:15:00+00:00,0.0236936284861463,,,,0.500761681139838
2025-08-22 19:10:00+00:00,,0.2575103293724388,,,
2025-08-23 11:30:00+00:00,,,4.8625816150904075,,
2025-08-28 08:45:00+00:00,0.0239294202007509,,,,
2025-08-29 07:05:00+00:00,0.0235229789986412,,,,
2025-08-29 13:55:00+00:00,0.0231234412003492,,,,
2025-08-31 03:45:00+00:00,0.02330819749554,,,,
2025-08-31 12:05:00+00:00,,,4.81427153478796,,
2025-09-01 00:00:00+00:00,,,4.762113956406234,,
2025-09-01 00:25:00+00:00,0.0229123077610783,,,,
2025-09-01 13:00:00+00:00,0.0230953771000893,,,,
2025-09-01 13:25:00+00:00,,0.2586546487544791,,,0.5029869561371862
2025-09-01 21:50:00+00:00,,,4.666990045663817,,
2025-09-02 06:20:00+00:00,,0.260332696880902,,,0.50625013475557
2025-09-02 07:00:00+00:00,0.0233298255986903,,,,
2025-09-02 12:55:00+00:00,,,4.5887081832994445,,
2025-09-03 14:40:00+00:00,0.0235162309052239,0.2624792064620739,,,0.5104242964253949
2025-09-04 05:00:00+00:00,0.0231168077232987,,4.556240481872769,,
2025-09-05 09:15:00+00:00,,,,0.3287467015101809,
2025-09-05 10:55:00+00:00,0.0233500724459989,,,,
2025-09-05 12:40:00+00:00,,,,0.3271090316873761,
2025-09-05 13:35:00+00:00,,,,0.3246178792063054,
2025-09-05 14:15:00+00:00,0.0229534714655036,,,,
2025-09-05 15:10:00+00:00,,,4.512554749146091,,
2025-09-08 13:05:00+00:00,0.023136869702513,,,,
2025-09-08 14:30:00+00:00,,0.2632948997541826,,,0.5120105160743164
2025-09-09 01:30:00+00:00,,,4.510744534156223,,
2025-09-09 14:35:00+00:00,,0.2599276197000507,,,0.5054624105094442
2025-09-09 15:20:00+00:00,,,4.452325659149374,,
2025-09-09 15:35:00+00:00,0.0227438899706158,,,,
2025-09-10 12:30:00+00:00,0.0229256136514811,,,,
2025-09-10 12:45:00+00:00,,,,0.3227847621941506,
2025-09-10 16:15:00+00:00,,,,0.3225599808686347,
2025-09-11 09:10:00+00:00,,,,0.3207654212182714,
2025-09-11 11:35:00+00:00,,0.2588167968165943,,,0.503302273726101
2025-09-11 12:10:00+00:00,0.0231087893045564,,,,
2025-09-11 12:35:00+00:00,,,,0.3181713445110473,
2025-09-11 14:15:00+00:00,,,,0.3164673961399121,
2025-09-12 01:25:00+00:00,,,,0.3186746451806743,
2025-09-12 18:05:00+00:00,0.0233097976253921,,,,
2025-09-12 20:20:00+00:00,,,,0.3173872674321803,
2025-09-12 22:35:00+00:00,,0.257806760519887,,,0.5013381293161117
2025-09-13 17:00:00+00:00,,,4.561907065304448,,
2025-09-15 06:30:00+00:00,,,,0.3159545390756361,
2025-09-15 08:45:00+00:00,,0.255297939952335,,,0.49645940772017716
2025-09-15 09:10:00+00:00,,,4.499502687072856,,
2025-09-16 17:40:00+00:00,,,,0.3142228791273341,
2025-09-17 03:25:00+00:00,,,,0.3128080952024878,
2025-09-17 05:55:00+00:00,0.023496042908419,,,,
2025-09-17 08:30:00+00:00,,,,0.3114214492041124,
2025-09-17 14:25:00+00:00,,,4.4857708811674035,,
2025-09-17 14:30:00+00:00,0.0230969626196195,,,,
2025-09-17 16:40:00+00:00,,0.252760331216043,,,0.49152470385817076
2025-09-18 03:10:00+00:00,0.0232815073509502,,,,
2025-09-18 04:35:00+00:00,,,,0.3106610906350086,
2025-09-18 19:35:00+00:00,,,,0.30846761182143,
2025-09-19 10:20:00+00:00,,,4.432156409107873,,
2025-09-19 15:00:00+00:00,0.0228860709485943,,,,
2025-09-21 02:00:00+00:00,,,4.400547529124152,,
2025-09-24 04:10:00+00:00,0.0224973510335325,,,,
2025-09-25 03:55:00+00:00,,,4.36556647232036,,
2025-09-25 12:30:00+00:00,0.0221152335262279,,,,
2025-09-28 20:20:00+00:00,,0.2532499309298338,,,0.49247679295052266
2025-09-29 02:10:00+00:00,,0.2550773428062582,,,0.49603042843226564
2025-09-29 13:40:00+00:00,0.022402399833566,,,,
2025-09-29 17:45:00+00:00,,0.2559599392399375,,,0.49774674977352734
2025-09-30 04:25:00+00:00,,,,0.3083582456170926,
2025-09-30 05:05:00+00:00,,,4.510911067852328,,
2025-10-01 08:25:00+00:00,0.0226932949954048,,,,
2025-10-01 08:30:00+00:00,,0.2571667537197251,,,0.5000935544597515
2025-10-01 14:00:00+00:00,,0.2585261455359804,,,0.5027370652381141
2025-10-01 14:15:00+00:00,0.0229879674309202,,,,
2025-10-01 17:10:00+00:00,,,,0.3139249396856191,
2025-10-02 00:45:00+00:00,,,,0.3139152817449129,
2025-10-02 12:40:00+00:00,0.0232864661880107,,,,
2025-10-02 14:45:00+00:00,,,,0.3118651997408181,
2025-10-02 16:00:00+00:00,,0.2599339863513148,,,0.5054747912748995
2025-10-02 17:25:00+00:00,,,,0.3101251847500568,
2025-10-02 21:55:00+00:00,,,,0.3089205494970332,
2025-10-03 05:50:00+00:00,,,4.727309502030501,,
2025-10-03 12:25:00+00:00,,0.2589667492717625,,,0.5035938754017468
2025-10-03 15:30:00+00:00,0.023588840951462,,,,
2025-10-03 17:00:00+00:00,,,,0.3115924346703693,
2025-10-04 01:45:00+00:00,,,4.703404924998477,,
2025-10-04 09:20:00+00:00,,0.2591594651324228,,,0.503968635973883
2025-10-04 11:20:00+00:00,,,4.665857150561463,,
2025-10-05 02:30:00+00:00,0.0238951420512167,,,,
2025-10-05 02:45:00+00:00,,,,0.3098192332520652,
2025-10-05 07:35:00+00:00,,,,0.3075854582207851,
2025-10-05 16:50:00+00:00,,0.2548976760427285,,,0.49568104349392406
2025-10-06 18:55:00+00:00,0.0242054204707518,,,,
2025-10-06 20:20:00+00:00,,,,0.3055435914165678,
2025-10-07 15:05:00+00:00,0.0236733853288046,,,,
2025-10-09 01:10:00+00:00,,,4.6088412595966695,,
2025-10-09 14:20:00+00:00,,0.2503045436578792,,,0.4867491117133997
2025-10-09 14:40:00+00:00,,,4.552300712360942,,
2025-10-09 16:50:00+00:00,0.0231530443192775,,,,
2025-10-10 15:30:00+00:00,0.0226441404051398,,,,
2025-10-11 18:45:00+00:00,,0.2505023391917814,,,0.4871337503580715
2025-10-11 20:55:00+00:00,0.0221464221990348,,,,
2025-10-12 15:05:00+00:00,0.0224339934912893,,,,
2025-10-12 21:10:00+00:00,0.0227252988967737,,,,
2025-10-14 04:45:00+00:00,0.0222257968270226,,,,
2025-10-14 21:55:00+00:00,0.0225143987988215,,,,
2025-10-15 10:50:00+00:00,,0.2489201987863624,,,0.4840570765362964
2025-10-15 13:45:00+00:00,0.0220195323132234,,,,
2025-10-17 07:05:00+00:00,0.0215355429929787,,,,
2025-10-19 09:45:00+00:00,0.0218151820187425,,,,
2025-10-20 00:25:00+00:00,,0.2449779915675357,,,0.476390951767196
2025-10-20 03:50:00+00:00,0.0220984521572559,,,,
2025-10-20 08:30:00+00:00,,0.246645674179671,,,0.4796339733209166
2025-10-20 17:40:00+00:00,,,4.5085850064304065,,
2025-10-21 04:10:00+00:00,0.0216127281788394,,,,
2025-10-21 17:20:00+00:00,,,,0.3000206234688566,
2025-10-21 18:15:00+00:00,,0.249954516218438,,,0.48606843871109007
2025-10-21 19:55:00+00:00,0.0222185710468147,,,,
2025-10-21 20:35:00+00:00,,,4.4288521138893175,,
2025-10-23 06:15:00+00:00,0.0225070791918575,,,,
2025-10-23 21:40:00+00:00,,,4.389748571201732,,
2025-10-24 07:05:00+00:00,0.0227993336151638,,,,
2025-10-26 22:00:00+00:00,,0.2515716378550613,,,0.48921313799882965
2025-10-27 06:45:00+00:00,0.022981500290749,0.2535380681122745,,,0.49303711245393633
2025-10-27 13:35:00+00:00,,,,0.3016243838855053,
2025-10-28 14:45:00+00:00,,,,0.297460700337169,
2025-10-28 19:15:00+00:00,,0.2491256400250931,,,0.4844565832292238
2025-10-28 20:00:00+00:00,0.0224763669143583,,4.328320220648902,,
2025-10-30 04:20:00+00:00,0.0219823363695807,,,,
2025-10-30 12:20:00+00:00,0.0214991646161773,,,,
2025-10-31 00:50:00+00:00,0.0216709429414606,,,,
2025-10-31 09:15:00+00:00,0.0218440937755629,,,,
2025-11-01 00:20:00+00:00,,,,0.2940499175334547,
2025-11-01 15:30:00+00:00,,0.2503184353547665,,,0.4867761258898955
2025-11-02 16:00:00+00:00,,,,0.2919895750838794,
2025-11-02 16:20:00+00:00,,,4.3342591288314445,,
2025-11-04 05:40:00+00:00,0.021363960594376,,,,
2025-11-05 01:25:00+00:00,0.0208943807405116,,,,
2025-11-05 14:40:00+00:00,0.0210613268426283,,,,
2025-11-05 16:55:00+00:00,0.0212296068441009,,,,
2025-11-05 19:15:00+00:00,,0.2560997212069996,,,0.4980185736377957
2025-11-06 12:40:00+00:00,,,,0.2878933585531901,
2025-11-06 15:40:00+00:00,0.0207629800856675,,,,
2025-11-06 15:50:00+00:00,,,4.260324207415355,,
2025-11-07 11:10:00+00:00,0.0203066097833846,,,,
2025-11-07 20:25:00+00:00,0.0206846992745981,,,,
2025-11-08 06:00:00+00:00,,,,0.2864487172201387,
2025-11-08 14:15:00+00:00,0.0202300495845424,,,,
2025-11-08 14:20:00+00:00,,,4.206613196169172,,
2025-11-09 08:00:00+00:00,,0.2546040519675308,,,0.49511005402768604
2025-11-09 16:45:00+00:00,0.0203916876807229,,,,
2025-11-10 00:20:00+00:00,,0.2581499949893072,,,0.5020055925217659
2025-11-10 01:55:00+00:00,0.0205577496554812,,,,
2025-11-10 14:50:00+00:00,,,,0.2933514400545666,
2025-11-11 01:15:00+00:00,0.0207220060752285,,,,
2025-11-11 05:15:00+00:00,0.0202665363816949,,,,
2025-11-11 06:05:00+00:00,,,,0.2885636739288697,
2025-11-11 12:45:00+00:00,,0.2532802847653526,,,0.49253581985534806
2025-11-11 13:20:00+00:00,,,4.26653118221476,,
2025-11-12 15:15:00+00:00,,,,0.2833627239085233,
2025-11-12 15:40:00+00:00,0.0198210779120253,,,,
2025-11-12 15:45:00+00:00,,,4.20279397852395,,
2025-11-13 14:35:00+00:00,,0.2475410069039483,,,0.4813750620037717
2025-11-13 16:05:00+00:00,,,4.099899610167208,,
2025-11-13 16:10:00+00:00,0.019385410619519,,,,
2025-11-14 04:30:00+00:00,0.0189593192941019,,,,
2025-11-14 20:40:00+00:00,0.0185425934560176,,,,
2025-11-15 06:10:00+00:00,0.0186907487777311,,,,
2025-11-16 13:40:00+00:00,,,,0.2791034456335042,
2025-11-16 16:00:00+00:00,,,4.009073141491081,,
2025-11-17 07:35:00+00:00,0.0188400878604652,,,,
2025-11-17 13:40:00+00:00,0.0184259827292922,,,,
2025-11-17 16:05:00+00:00,,,,0.2711240192764928,
2025-11-17 17:40:00+00:00,,0.2414017943285634,,,0.46943658008882594
2025-11-18 14:30:00+00:00,0.0185732063312992,,,,
2025-11-18 17:35:00+00:00,0.0187263077315758,,,,
2025-11-19 04:30:00+00:00,0.0183147034876357,,,,
2025-11-19 04:50:00+00:00,,,3.944249778911667,,
2025-11-19 15:50:00+00:00,0.0179121463049775,,,,
2025-11-20 03:20:00+00:00,0.0183039098682556,,,,
2025-11-20 14:00:00+00:00,,,,0.2662843551882725,
2025-11-20 15:20:00+00:00,,,3.886220029198801,,
2025-11-20 16:10:00+00:00,,0.2337910445624829,,,0.4546365064106746
2025-11-21 02:50:00+00:00,0.0179015899293513,,,,
2025-11-21 14:30:00+00:00,0.0180446236328868,,,,
2025-11-21 15:40:00+00:00,0.017618164936554,,,,
2025-11-23 01:55:00+00:00,0.0177601921216328,,,,
2025-11-23 04:45:00+00:00,0.0179020960566847,,,,
2025-11-23 05:25:00+00:00,,0.2358347769821715,,,0.45861080478067545
2025-11-23 21:40:00+00:00,0.0180451338041776,,,,
2025-11-24 00:15:00+00:00,0.0176485017631618,,,,
2025-11-24 00:20:00+00:00,,,,0.268127505545531,
2025-11-24 09:20:00+00:00,0.0172605876944075,,,,
2025-11-24 10:00:00+00:00,,,3.897263182177883,,
2025-11-24 19:50:00+00:00,0.0174662936254146,,,,
2025-11-25 07:50:00+00:00,,,,0.2659419308423894,
2025-11-25 09:00:00+00:00,,,3.848419547437416,,
2025-11-26 22:30:00+00:00,0.0177607555219916,0.2398106837886356,,,0.46634246269634966
2025-11-28 16:30:00+00:00,,,,0.270376190756782,
2025-11-28 17:45:00+00:00,,,3.8910974373473186,,
2025-11-30 23:20:00+00:00,,,3.860263888211041,,
2025-12-02 01:05:00+00:00,0.0179913789324447,,,,
2025-12-02 13:55:00+00:00,,0.2438943717053025,,,0.4742837147283911
2025-12-02 20:05:00+00:00,0.0186211766562365,0.2512434631237636,,,0.4885749603748379
2025-12-03 04:25:00+00:00,0.0188629726351178,,,,
2025-12-04 17:45:00+00:00,,,3.989262462136949,,
2025-12-04 19:15:00+00:00,0.0184483644965979,,,0.268677149567288,
2025-12-04 20:05:00+00:00,,0.246832318782431,,,0.4799969275576711
2025-12-07 21:55:00+00:00,,,,0.2670452965211417,
2025-12-07 22:05:00+00:00,0.0180428694449626,0.2423584597301653,,,0.47129693798577693
2025-12-07 22:30:00+00:00,,,3.920837090595571,,
2025-12-08 15:15:00+00:00,,,,0.2619966483238773,
2025-12-08 15:30:00+00:00,,,3.8424186890044454,,
2025-12-09 05:15:00+00:00,,0.237338515724476,,,0.4615350165683214
2025-12-09 20:35:00+00:00,0.0183270318817141,,,,
2025-12-09 21:55:00+00:00,,,,0.2599941129936436,
2025-12-10 20:10:00+00:00,,0.2411987375877116,,,0.4690417103561688
2025-12-10 20:50:00+00:00,0.017924203720954,,,,
2025-12-10 21:05:00+00:00,,0.2350171924171735,,,0.4570209073103869
2025-12-11 00:30:00+00:00,,,3.791432114938365,,
2025-12-12 15:35:00+00:00,,,3.6932652138003226,,
2025-12-12 15:55:00+00:00,0.0175302297231675,,,,
2025-12-12 16:00:00+00:00,,0.2288106684349022,,,0.44495152977911995
2025-12-15 14:50:00+00:00,,0.2255392275542297,,,0.43858979571141266
2025-12-17 15:55:00+00:00,0.0171449152738522,,,0.2547107607421469,
2025-12-17 16:10:00+00:00,,0.2193673061089384,,,0.4265877072268881
2025-12-17 16:35:00+00:00,,,3.5566094066257397,,
2025-12-18 17:05:00+00:00,0.016768070036133,0.2130878920790236,,,0.4143765857007866
2025-12-18 17:25:00+00:00,,,3.4229495164198664,,
2025-12-19 15:10:00+00:00,0.0169858034255522,,,,
2025-12-20 21:40:00+00:00,,0.2133356202468307,,,0.41485832472103923
2025-12-21 14:00:00+00:00,,,3.4059346667063948,,
2025-12-22 02:00:00+00:00,,0.2105792107330476,,,0.4094981348389644
2025-12-22 02:15:00+00:00,,,,0.250508541942423,
2025-12-22 19:00:00+00:00,,0.2071848053303908,,,0.40289728057402285
2025-12-22 19:05:00+00:00,,,,0.2467786753855543,
2025-12-22 19:40:00+00:00,,,3.3597914252743655,,
2025-12-25 20:25:00+00:00,,,,0.2452792461393304,
2025-12-25 22:45:00+00:00,,,3.326753603450575,,
2025-12-26 07:45:00+00:00,,,,0.2448677999956458,
2025-12-26 07:55:00+00:00,,0.2051038932111583,,,0.39885068153595465
2025-12-26 14:55:00+00:00,0.0166972995543692,,3.2640029070213954,,
2025-12-28 05:35:00+00:00,,,3.2568835153817757,,
2025-12-29 01:15:00+00:00,,0.2039874616589543,,,0.396679637980841
2025-12-29 06:15:00+00:00,,0.207661206907506,,,0.403823704206175
2025-12-29 07:05:00+00:00,,0.2062007892417606,,,0.40098373577754043
2025-12-29 08:50:00+00:00,,,,0.2482006646685078,
2025-12-29 09:40:00+00:00,,,3.263344878608754,,
2025-12-29 09:45:00+00:00,0.0164136959214382,,,,
2025-12-30 20:50:00+00:00,,,3.2618470516797355,,
2025-12-31 15:10:00+00:00,,,3.2327168952110816,,
2026-01-02 14:10:00+00:00,,0.2046320355057413,,0.247756819706782,0.3979330940418947
2026-01-02 14:30:00+00:00,,,3.2586875711374623,,
2026-01-02 15:20:00+00:00,,,,0.244470292730642,
2026-01-02 16:40:00+00:00,,0.2027161752453258,,,0.39420745939581003
2026-01-02 18:45:00+00:00,,0.2007760362017257,,,0.39043461155904197
2026-01-03 03:25:00+00:00,,,,0.2441679084366107,
2026-01-03 05:55:00+00:00,,,3.230201879242755,,
2026-01-04 12:35:00+00:00,,,,0.2442753373570909,
2026-01-04 12:55:00+00:00,,,3.2535435661494487,,
2026-01-04 17:40:00+00:00,,0.2004156525351471,,,0.3897337995521176
2026-01-05 04:15:00+00:00,,0.2011944001167685,,,0.3912481735545379
2026-01-05 04:30:00+00:00,,,,0.2452767122404611,
2026-01-05 18:55:00+00:00,,0.2022468250651015,,,0.39329474810432435
2026-01-05 20:25:00+00:00,0.0166268277629781,,,,
2026-01-06 00:25:00+00:00,,,,0.2455594811710848,
2026-01-06 00:35:00+00:00,,,3.3096738560674988,,
2026-01-06 16:30:00+00:00,,,3.2639743880810146,,
2026-01-07 01:15:00+00:00,,0.1998798234623496,,,0.38869181157458066
2026-01-09 08:05:00+00:00,,,3.236994852514278,,
2026-01-09 08:35:00+00:00,,0.197505326176903,,,0.3840742987337561
2026-01-09 18:30:00+00:00,,,,0.2417910108517038,
2026-01-11 19:55:00+00:00,,,3.2291003464076895,,
2026-01-12 00:35:00+00:00,,0.1963052243160581,,,0.38174054759126674
2026-01-12 01:35:00+00:00,,0.1949701845483514,,,0.3791443924774326
2026-01-12 05:05:00+00:00,,0.1959781264447892,,,0.3811044640589553
2026-01-12 07:35:00+00:00,,0.1945555549409673,,,0.3783380923194931
2026-01-12 07:40:00+00:00,,,,0.2421570070086535,
2026-01-12 08:00:00+00:00,,,3.2104267637941315,,
2026-01-12 08:35:00+00:00,0.0163444210934239,,,,
2026-01-12 17:30:00+00:00,,0.1928666017327255,,,0.3750537073785596
2026-01-12 21:50:00+00:00,,0.1910268328355518,,,0.3714760420938207
2026-01-12 22:00:00+00:00,,,3.1826692509089427,,
2026-01-13 14:00:00+00:00,,,,0.2401286751082586,
2026-01-13 20:20:00+00:00,,0.1924533866581336,,,0.3742501579600596
2026-01-13 22:10:00+00:00,0.016556653401322,,,,
2026-01-14 04:40:00+00:00,,,,0.2464661347202771,
2026-01-14 06:15:00+00:00,,,3.272288657941516,,
2026-01-14 06:35:00+00:00,,0.1900377577655189,,,0.369552659462723
2026-01-14 15:10:00+00:00,0.0167716415457382,,,,
2026-01-15 00:35:00+00:00,,,3.289478535441329,0.2460090866652422,
2026-01-15 03:25:00+00:00,,0.1876670840970606,,,0.3649425821328378
2026-01-15 15:00:00+00:00,,,3.2457838097054115,,
2026-01-15 19:30:00+00:00,0.0164867752140838,,,,
2026-01-17 22:25:00+00:00,,,3.2273345685620005,,
2026-01-18 23:35:00+00:00,,,3.1897194380749574,,
2026-01-21 08:45:00+00:00,,,3.1491860617618603,,
2026-01-21 17:00:00+00:00,,,3.04740279423167,,
2026-01-22 14:00:00+00:00,,,3.018376204659798,,
2026-01-22 14:25:00+00:00,,0.1856378856576431,,,0.36099654694129657
2026-01-22 15:20:00+00:00,0.0162067473370726,,,,
2026-01-23 19:15:00+00:00,,0.1832298041421385,,,0.3563137252814253
2026-01-23 19:30:00+00:00,0.0159314757335524,,,0.2434074047364809,
2026-01-23 20:55:00+00:00,,,2.9812256518042823,,
2026-01-26 08:20:00+00:00,,0.184106064044168,,,
2026-01-28 03:15:00+00:00,,,,0.2429943802035165,
2026-01-28 13:10:00+00:00,,0.1856154440841873,,,
2026-01-28 14:35:00+00:00,,,,0.2433323812425649,
2026-01-28 18:45:00+00:00,,,,0.2403135648964914,
2026-01-29 02:45:00+00:00,0.015660879618218,,,,
2026-01-31 08:15:00+00:00,0.0153948795779026,,,,
2026-02-01 14:30:00+00:00,0.0151333975482719,,,,
2026-02-02 14:35:00+00:00,0.0154054960361898,,,,
2026-02-03 02:55:00+00:00,0.0151438336860151,,,,
2026-02-04 14:55:00+00:00,0.0148866156708582,,,,
2026-02-06 02:25:00+00:00,0.0146337665036886,,,,
2026-02-06 03:50:00+00:00,0.0143852119796235,,,,
2026-02-06 05:50:00+00:00,,0.1915196134801492,,,
2026-02-06 09:35:00+00:00,0.0146438580910171,,,,
2026-02-06 21:05:00+00:00,0.0154682560272741,,,,
2026-02-07 00:00:00+00:00,0.0152055276986509,,,,
2026-02-07 00:10:00+00:00,,,2.9977123436262416,,
2026-02-07 07:15:00+00:00,,0.1821597742934693,,,
2026-02-07 12:50:00+00:00,0.0149472618106893,,,,
2026-02-08 11:15:00+00:00,0.0152160135780455,,,,
2026-02-08 23:05:00+00:00,0.0154895975021787,,,,
2026-02-08 23:20:00+00:00,,,,0.2372349049788549,
2026-02-10 03:25:00+00:00,0.0152265066886042,,,,
2026-02-10 06:40:00+00:00,,0.1778472352822404,,,
2026-02-11 14:35:00+00:00,0.0149678844724983,,,,
2026-02-12 14:50:00+00:00,,,2.9677885411003264,,
2026-02-12 16:10:00+00:00,0.0147136549547329,,,,
2026-02-13 20:15:00+00:00,,,,0.237943938706471,
2026-02-14 08:05:00+00:00,0.014978206470819,,,,
2026-02-14 08:55:00+00:00,,0.1798124956486871,,,
2026-02-14 12:45:00+00:00,,,,0.2389067439068996,
2026-02-14 13:05:00+00:00,,,2.9550319571124506,,
2026-02-14 13:15:00+00:00,0.0147238016339122,,,,
2026-02-15 08:30:00+00:00,,,,0.2376489153290776,
2026-02-21 16:15:00+00:00,,,,0.2369903202337798,
2026-02-25 05:35:00+00:00,0.0145472632523215,,,,
2026-02-25 14:35:00+00:00,,,,0.2361127021618741,
2026-02-25 15:30:00+00:00,,0.1833214866884779,,,
2026-02-25 19:10:00+00:00,,,,0.2429054285408816,
2026-02-25 19:30:00+00:00,,0.1876619720441544,,,
2026-02-25 21:45:00+00:00,,,,0.241273783043752,
2026-02-25 22:30:00+00:00,,,3.0746745282836643,,
2026-03-01 02:00:00+00:00,,0.1910430344143701,,,
2026-03-01 04:10:00+00:00,0.0143728415659262,,,,
2026-03-02 16:15:00+00:00,0.0149150096548893,,,,
2026-03-02 17:35:00+00:00,,,,0.2442129057638445,
2026-03-02 19:15:00+00:00,,,3.082911961813166,,
2026-03-03 09:25:00+00:00,,0.1860722505425012,,,
2026-03-04 07:45:00+00:00,0.0151831815284842,,,,
2026-03-04 11:05:00+00:00,,,,0.2476673950298829,
2026-03-04 11:40:00+00:00,,0.1919039343814992,,,
2026-03-04 12:15:00+00:00,,,3.1283329257927845,,
2026-03-04 14:30:00+00:00,0.0154561751323663,,,,
2026-03-04 14:35:00+00:00,,,,0.2471422703835787,
2026-03-04 16:20:00+00:00,0.0152708555925293,,,,
2026-03-04 18:10:00+00:00,,,,0.2480794105262303,
2026-03-04 20:05:00+00:00,,,,0.2462993693977231,
2026-03-05 16:05:00+00:00,,0.1867693987850906,,,
2026-03-08 11:20:00+00:00,,,3.101088991973559,,
2026-03-09 07:15:00+00:00,0.0150877580339748,0.1831939414403583,,,
2026-03-09 10:00:00+00:00,,,,0.2446573514763031,
2026-03-09 15:35:00+00:00,,,,0.2454063381402504,
2026-03-09 19:40:00+00:00,,,,0.2428210339128773,
2026-03-10 03:40:00+00:00,0.0149068558151475,,,0.2441837691564031,
2026-03-10 08:05:00+00:00,,0.1863057768288958,,,
2026-03-10 10:15:00+00:00,,,,0.2445735999477041,
2026-03-10 17:25:00+00:00,,,,0.2433944189923035,
2026-03-10 17:35:00+00:00,0.0147281226139238,,,,
2026-03-11 13:50:00+00:00,0.0145515324237829,,,,
2026-03-13 00:45:00+00:00,,,,0.2429002306179491,
2026-03-13 02:55:00+00:00,,,3.0593509724944505,,
2026-03-13 08:55:00+00:00,,,,0.241438422074567,
2026-03-13 13:15:00+00:00,,0.1891954303239099,,,
2026-03-13 14:40:00+00:00,,,,0.2445487448703861,
2026-03-13 15:00:00+00:00,,,3.045094200112937,,
2026-03-15 01:25:00+00:00,,,3.0270608464289195,,
2026-03-15 18:10:00+00:00,,,,0.2433912893286605,
2026-03-15 22:05:00+00:00,,,,0.2427337834064537,
2026-03-15 23:20:00+00:00,,,,0.2431765741565042,
2026-03-16 01:15:00+00:00,,,2.9950905726421215,,
2026-03-16 03:30:00+00:00,,0.1906570916835412,,,
2026-03-16 03:45:00+00:00,,,,0.2441339437547752,
2026-03-16 05:30:00+00:00,,,,0.2418123958546109,
2026-03-16 08:30:00+00:00,0.0143770595500217,,,,
2026-03-16 13:50:00+00:00,,,,0.2396674881205436,
2026-03-16 21:35:00+00:00,,0.1925382115445592,,,
2026-03-16 23:00:00+00:00,,,,0.2389175049756059,
2026-03-17 00:25:00+00:00,,,,0.2384532231156016,
2026-03-17 02:05:00+00:00,,,,0.2372980786108318,
2026-03-21 02:35:00+00:00,,0.1926892824691761,,,
2026-03-23 11:15:00+00:00,,,,0.2355109797124163,
2026-03-23 12:05:00+00:00,0.0140868963093947,,,,
2026-03-23 15:20:00+00:00,,,,0.2337169515258218,
2026-03-24 12:10:00+00:00,,,2.9941523266313,,
2026-03-24 14:50:00+00:00,,0.1878801180474056,,,
2026-03-25 11:45:00+00:00,,,,0.2327514695380145,
2026-03-28 23:15:00+00:00,,,2.9663964846515634,0.2304095525849789,
2026-03-30 14:45:00+00:00,,,,0.2292442137894641,
2026-03-30 17:05:00+00:00,,,2.9431832570426675,,
2026-03-31 01:30:00+00:00,,0.190895079821254,,,0.3620315855445851
2026-03-31 07:20:00+00:00,,,,0.2247827829238695,
2026-03-31 08:35:00+00:00,,,2.900797995631279,,
2026-03-31 08:40:00+00:00,0.0137772663285142,,,,
2026-03-31 09:15:00+00:00,,0.1864323784472266,,,0.3535680942080668
2026-04-01 13:45:00+00:00,,,,0.2232209575115878,
2026-04-01 13:55:00+00:00,,,2.864214450669832,,
2026-04-04 17:25:00+00:00,,0.1862174177285154,,,0.3531604222560308
2026-04-05 01:10:00+00:00,,,2.8504270448898335,,
2026-04-05 01:30:00+00:00,,,,0.222410105203175,
2026-04-05 22:40:00+00:00,,0.1873985691347615,,,0.3554004701230155
2026-04-06 03:10:00+00:00,,0.1898671309920646,,,0.3600820856159405
2026-04-06 09:15:00+00:00,0.0139561641317899,,,,
2026-04-06 22:30:00+00:00,,,2.8881935834185155,,
2026-04-06 22:50:00+00:00,,0.1869921528684961,,,0.3546297036611195
2026-04-06 22:55:00+00:00,,,,0.2251699986689707,
2026-04-07 22:30:00+00:00,0.0141373849230412,,,,
2026-04-08 00:35:00+00:00,0.0143209588662669,,,,
2026-04-08 02:05:00+00:00,,0.1922509300071832,,,0.36460294879309046
2026-04-08 13:45:00+00:00,,,,0.2304504238884061,
2026-04-08 15:00:00+00:00,,,2.9208313510967847,,
2026-04-10 04:25:00+00:00,,,2.8958389888513256,,
2026-04-10 07:55:00+00:00,,,,0.2275539859147497,
2026-04-10 20:30:00+00:00,0.0145069165171454,,,,
2026-04-11 05:05:00+00:00,,,2.879123046890286,,
2026-04-11 23:10:00+00:00,,,,0.2262582442780573,
2026-04-12 00:15:00+00:00,,,2.8525246355842273,,
2026-04-13 19:30:00+00:00,,0.1949821757118761,,,0.3697827429182594
2026-04-13 23:50:00+00:00,,0.1982662179253525,,,0.3760109129195684
2026-04-14 14:25:00+00:00,0.0146952888281205,,,,
2026-04-14 15:10:00+00:00,,,,0.2355203610556829,
2026-04-14 17:30:00+00:00,0.0143722863796784,,,,
2026-04-14 18:45:00+00:00,,,2.9397693688115822,,
2026-04-16 13:55:00+00:00,,,,0.2303021161318622,
2026-04-17 10:30:00+00:00,,,,0.2288589748634761,
2026-04-17 16:20:00+00:00,0.0145589105183186,,,,
2026-04-17 16:55:00+00:00,,0.2019209087677026,,,0.38294201623333735
2026-04-18 04:45:00+00:00,,,2.982190307044425,,
2026-04-18 08:45:00+00:00,,,,0.2282297470226107,
2026-04-18 10:05:00+00:00,,0.1974016735636432,,,0.3743713087645722
2026-04-19 17:10:00+00:00,,,2.9394696228606993,,
2026-04-21 03:00:00+00:00,,,2.9072790439669793,,
2026-04-21 12:45:00+00:00,,,,0.2276953191683218,
2026-04-21 13:40:00+00:00,,,2.8753395793119827,,
2026-04-21 17:15:00+00:00,,0.1937689783839224,,,0.36748192011743724
2026-04-22 12:10:00+00:00,,0.1970035018318111,,,0.3736161780219195
2026-04-22 23:30:00+00:00,,,2.9153390418511105,,
2026-04-23 00:10:00+00:00,,,,0.2305788711236113,
2026-04-26 12:45:00+00:00,,,,0.2298480846664045,
2026-04-26 21:45:00+00:00,,,,0.2284889612509295,
2026-04-27 05:10:00+00:00,,0.1945315145380441,,,0.3689280662054885
2026-04-27 05:15:00+00:00,,,,0.2272073079238462,
2026-04-28 02:35:00+00:00,,,2.89127543803982,,
2026-04-29 12:10:00+00:00,,,,0.2269129120536225,
2026-04-29 12:25:00+00:00,,,2.8787222757113633,,
2026-04-29 15:10:00+00:00,,0.1916674018030055,,,0.3634962904068909
2026-05-01 04:25:00+00:00,,,,0.2265146489339466,
2026-05-01 20:20:00+00:00,,,2.8788327406125696,,
2026-05-01 20:50:00+00:00,,,,0.227265227537998,
2026-05-03 01:00:00+00:00,,,,0.2263357018008972,
2026-05-03 14:00:00+00:00,,0.1910128031345981,,,0.36225484723276186
2026-05-03 21:40:00+00:00,,,,0.2247511776375969,
2026-05-03 23:20:00+00:00,,,,0.2226777561484339,
2026-05-04 06:25:00+00:00,,,2.858503291176708,,
2026-05-04 10:00:00+00:00,,,,0.2217317279651112,
2026-05-04 10:05:00+00:00,0.0142389056651259,0.1886470124500903,,,0.3577681367665679
2026-05-05 13:05:00+00:00,0.0144237978551876,,,,
2026-05-05 13:20:00+00:00,,0.1911675857006492,,,0.36254839161250507
2026-05-05 16:45:00+00:00,,,2.8348686165946315,,
2026-05-05 22:35:00+00:00,,,,0.2221034474383515,
2026-05-06 13:20:00+00:00,,,2.803941953218253,,
2026-05-06 13:35:00+00:00,,,,0.2217320100850379,
2026-05-09 23:20:00+00:00,,,2.7927115159320905,,
2026-05-10 01:00:00+00:00,,,,0.2215594919449441,
2026-05-10 20:30:00+00:00,,,2.775965773943119,0.2208809663725371,
2026-05-10 20:40:00+00:00,,0.1893930024062602,,,0.3591829030711024
2026-05-11 00:55:00+00:00,,0.1869810825038028,,,0.35460870876860484
2026-05-11 01:00:00+00:00,,,2.739152521799188,,
2026-05-11 02:20:00+00:00,,,,0.2193465506878197,
2026-05-11 03:10:00+00:00,0.0141067627783305,0.1845744546128859,,,0.3500445507401197
2026-05-12 01:35:00+00:00,,0.1817694041244154,,,0.34472478620336766
2026-05-13 10:50:00+00:00,,,,0.2175985889494125,
2026-05-14 19:00:00+00:00,,0.1836627854486036,,,0.34831557462744944
2026-05-14 20:40:00+00:00,,,2.740562833751883,,
2026-05-15 02:30:00+00:00,,,,0.2191185838433443,
2026-05-15 13:35:00+00:00,0.0137966961324628,,,,
2026-05-17 13:20:00+00:00,,,2.726931728098386,,
2026-05-17 14:05:00+00:00,,,,0.2179624734054407,
2026-05-20 13:35:00+00:00,,,,0.2170101888767579,
2026-05-21 06:45:00+00:00,,,,0.2160251010089436,
2026-05-21 10:00:00+00:00,,,,0.2140618031260635,
2026-05-22 14:05:00+00:00,,0.1810340052310671,,,0.34333010579769185
2026-05-23 22:35:00+00:00,,,,0.2145525979356081,
2026-05-24 05:25:00+00:00,,,2.7680736141697104,,
2026-05-24 13:25:00+00:00,,,,0.2129179363662586,
2026-05-25 20:40:00+00:00,,,,0.2125320526073661,
2026-05-26 15:20:00+00:00,,,,0.2101941230430163,
2026-05-26 18:00:00+00:00,,,2.7145975894677585,,0.3366973597881287
2026-05-27 13:25:00+00:00,,,,0.207514859115583,
2026-05-27 13:40:00+00:00,,,2.6722243568066033,,0.3314417168825088
2026-05-29 13:05:00+00:00,,,,0.2058633058306071,
2026-05-29 13:25:00+00:00,,,2.650265396285083,,0.3287180999235999
2026-05-29 23:20:00+00:00,,,,0.2037325383148975,
2026-05-30 10:50:00+00:00,,0.1791086752005125,,,
2026-05-31 10:20:00+00:00,,,,0.2032397267041241,
2026-05-31 16:50:00+00:00,,,2.62362293186173,,0.3254135779331597
2026-06-01 01:50:00+00:00,,,,0.201071972836289,
2026-06-01 06:40:00+00:00,,,2.593155065911873,,0.32163458318878335
2026-06-03 16:20:00+00:00,0.0134934447514713,0.1746369379981957,,,
2026-06-03 16:25:00+00:00,,,2.5274364872466744,,0.3134833669601049
2026-06-04 09:15:00+00:00,0.013196858835834,,,,
2026-06-04 23:30:00+00:00,,0.1724098536290748,,,
2026-06-05 02:20:00+00:00,0.0129067918786223,,,,
2026-06-05 03:15:00+00:00,,,2.466222930830212,,0.3058909183008156
2026-06-06 04:10:00+00:00,0.0126231005931302,,,,
2026-06-06 04:45:00+00:00,,,2.380164465759792,,0.29521690234756687
2026-06-06 16:20:00+00:00,,0.1687646222566906,,,
2026-06-07 07:50:00+00:00,0.012787011554332,,,,
2026-06-07 19:15:00+00:00,,,,0.2022220659280047,
2026-06-08 17:00:00+00:00,,0.1692259934619626,,,
2026-06-09 00:25:00+00:00,,,,0.2018736775970395,
2026-06-09 00:55:00+00:00,,,2.4343739733336456,,0.3019406238105001
2026-06-09 13:20:00+00:00,0.0125059530403678,,,,
2026-06-09 14:10:00+00:00,,,2.3847424730469857,,0.29578472240777376
2026-06-10 09:20:00+00:00,0.0122310721925405,,,,
2026-06-10 21:50:00+00:00,,0.1650815595002257,,,
2026-06-10 21:55:00+00:00,0.0119622332257485,,,,
2026-06-12 06:30:00+00:00,,,,0.204656422065541,
2026-06-13 02:45:00+00:00,,,,0.2033661772008087,
2026-06-14 06:35:00+00:00,,,,0.2042801351541052,
2026-06-14 14:45:00+00:00,,,2.4481173984931353,,0.30364525030232326
2026-06-15 01:20:00+00:00,,0.1666541522513967,,,
2026-06-15 11:15:00+00:00,0.0121175628241848,,,,
2026-06-15 22:25:00+00:00,,,,0.2084437871467946,
2026-06-16 02:25:00+00:00,,0.1640346428956867,,,
2026-06-16 03:10:00+00:00,,,2.4820618516511335,,0.30785545361278543
2026-06-16 14:15:00+00:00,,0.1610560989855871,,0.2056663846050543,
2026-06-16 14:45:00+00:00,,,2.4481462548951587,,0.30364882942374144
2026-06-17 08:40:00+00:00,,,2.4027080725493186,,0.29801303423672243
2026-06-17 18:05:00+00:00,0.0118512187933092,0.158185206454172,,0.2016309854058064,
2026-06-17 20:25:00+00:00,,,2.35699049957289,,0.2923425856307091
2026-06-18 15:35:00+00:00,,,2.3065969278984526,,0.2860921628796878
2026-06-20 14:05:00+00:00,,,,0.2017363959623329,
2026-06-21 08:20:00+00:00,,,,0.2019037235366379,
2026-06-21 23:45:00+00:00,,,2.3234983040083215,,0.2881884767993118
2026-06-22 12:45:00+00:00,,0.1590956994348598,,,
2026-06-22 18:55:00+00:00,,,,0.2014527624447921,
2026-06-22 21:35:00+00:00,0.0115907290042323,0.1564791802721849,,,
2026-06-22 23:05:00+00:00,,,2.3060809861220997,,0.28602816951486043
2026-06-23 18:40:00+00:00,0.0114517561634715,,,,
2026-06-24 13:10:00+00:00,,,,0.1976125107596559,
2026-06-25 05:50:00+00:00,0.0116004572172542,,,,
2026-06-25 13:45:00+00:00,,0.1527776416330251,,,
2026-06-25 13:55:00+00:00,,,2.1885857910583733,,0.271454988532443
2026-06-25 15:10:00+00:00,0.0114613677352193,,,,
2026-06-25 16:35:00+00:00,0.0113239459360741,,,,
2026-06-26 01:05:00+00:00,0.0111881718243005,,,,
2026-06-26 06:35:00+00:00,0.0113334502354391,,,,
2026-06-26 09:50:00+00:00,0.0111975621671161,,,,
2026-06-26 13:15:00+00:00,,0.1475270602834113,,,
2026-06-26 14:40:00+00:00,0.0110633033967324,,,,
2026-06-26 18:25:00+00:00,0.0109306543890056,,,,
2026-06-28 06:15:00+00:00,,,2.1556143637191125,,0.26736547170068603
2026-06-28 16:45:00+00:00,,,,0.1939905186941851,
2026-06-29 00:30:00+00:00,0.0107995958428814,,,,
2026-06-29 05:05:00+00:00,0.0106701086887253,,,,
2026-06-29 13:40:00+00:00,0.0105421740855475,,,0.1903274159667579,
2026-06-30 00:30:00+00:00,0.0104157734182617,,,,
2026-06-30 04:55:00+00:00,,,2.116067546915129,,0.26246039521436354
2026-06-30 12:20:00+00:00,,0.144574715637818,,,
2026-06-30 14:55:00+00:00,0.0102908882949768,,,,
2026-07-01 14:45:00+00:00,0.0104245154794871,,,,
2026-07-01 22:20:00+00:00,0.0105598778129882,0.1473755865523929,,,
2026-07-02 00:40:00+00:00,,,,0.1903810496828833,
2026-07-02 06:00:00+00:00,0.0104332648780105,,,,
2026-07-02 13:40:00+00:00,0.0105687408224514,,,,
2026-07-03 00:35:00+00:00,0.0104420216199902,,,,
2026-07-03 20:35:00+00:00,,0.150451416369182,,,
2026-07-05 09:40:00+00:00,,,,0.1937039609812793,
2026-07-06 03:30:00+00:00,,,,0.1928146589534797,
2026-07-06 07:00:00+00:00,0.0103168217807666,,,,
2026-07-06 10:00:00+00:00,,,2.218378435132086,,0.27515023405967903
2026-07-06 11:55:00+00:00,,0.1483695447692182,,,
2026-07-06 16:55:00+00:00,0.0105691245765184,,,,
2026-07-07 01:35:00+00:00,0.0104424007728459,,,,
2026-07-07 03:25:00+00:00,,,,0.1901919860378986,
2026-07-07 13:20:00+00:00,0.0103171963875795,,,,
2026-07-08 01:35:00+00:00,0.0101934932028924,,,,
2026-07-08 02:35:00+00:00,,,2.1771721522630343,,0.2700393304390018
2026-07-08 06:20:00+00:00,,0.145253849859687,,,
2026-07-10 08:15:00+00:00,0.010325855712132,0.1479535448358468,,,
2026-07-12 00:30:00+00:00,,,2.2050977566373517,,0.27350300302892844
2026-07-12 06:25:00+00:00,,,,0.192075067161768,
2026-07-13 00:40:00+00:00,,,,0.1896986995073361,
2026-07-14 15:25:00+00:00,0.010459936948554,,,,
2026-07-14 17:50:00+00:00,,0.1500100660506013,,,
2026-07-16 00:35:00+00:00,,,,0.1939782668948995,
2026-07-16 07:40:00+00:00,0.0103345223045408,,,,
2026-07-16 08:10:00+00:00,,,2.221080732494667,,0.27548540579595165
2026-07-17 18:45:00+00:00,0.0104687160766653,,,,
2026-07-20 00:10:00+00:00,,0.1521012422953256,,,
2026-07-20 00:50:00+00:00,,0.1505209602261919,,,
2026-07-20 05:10:00+00:00,,,,0.1938053638903757,
2026-07-20 06:30:00+00:00,,,2.219964781625698,,0.2753469920167997
2026-07-20 13:50:00+00:00,0.0103431961709061,,,,
2026-07-20 18:10:00+00:00,,0.1522412644041361,,,
2026-07-21 06:35:00+00:00,0.0104775025731853,,,,
2026-07-21 13:55:00+00:00,,0.1543373380571079,,,
2026-07-22 06:05:00+00:00,,,,0.1958733247258495,
2026-07-22 07:35:00+00:00,,,2.22381552164738,,0.2758246075586248
2026-07-24 10:50:00+00:00,,,,0.1930118057515514,
2026-07-27 00:55:00+00:00,,,,0.1950396404631107,
2026-07-27 06:05:00+00:00,,0.1550496288136929,,,
2026-07-27 08:00:00+00:00,,0.1537693336034376,,,
2026-07-27 08:15:00+00:00,,,,0.1934287917535315,
2026-07-27 15:05:00+00:00,,,2.2280213493487246,,
2026-07-29 16:40:00+00:00,,,,0.1922357840290992,
2026-07-29 16:50:00+00:00,,,2.196090096563034,,
2026-07-31 02:15:00+00:00,,,,0.1909765910133347,
2026-07-31 03:25:00+00:00,,,2.1842628288996404,,
2026-08-02 11:50:00+00:00,,,,0.190404166058265,
2026-08-02 13:35:00+00:00,,,2.166625955508028,,
2026-08-03 00:30:00+00:00,,,,0.1888552871450838,
2026-08-03 03:05:00+00:00,,,2.1519810633863568,,
2026-08-03 03:45:00+00:00,,0.1520746361646307,,,
2026-08-04 04:45:00+00:00,,0.1535431815186795,,,
2026-08-04 10:15:00+00:00,,,,0.1875280709933122,
2026-08-05 15:05:00+00:00,0.010561217818745,,,,
2026-08-06 13:05:00+00:00,,,2.1677590606369375,0.1873142379963059,
2026-08-07 17:15:00+00:00,,,,0.1860221821921425,
2026-08-07 17:30:00+00:00,,0.1517486346617237,,,
2026-08-09 00:45:00+00:00,,,2.166162607957707,,
2026-08-09 22:30:00+00:00,,,,0.185672607613728,
2026-08-09 23:30:00+00:00,,0.1506864252378838,,,
2026-08-10 00:40:00+00:00,,,2.150888493183732,,
2026-08-12 13:30:00+00:00,,,,0.1839377284083711,
2026-08-12 15:00:00+00:00,,,2.1185858537758664,,
2026-08-16 17:30:00+00:00,,,,0.1835141531212516,
2026-08-16 20:40:00+00:00,,0.1497859558347355,,,
2026-08-16 21:55:00+00:00,,,2.102310001454234,,
2026-08-17 09:35:00+00:00,,,,0.1829634751401977,
2026-08-17 14:50:00+00:00,,0.1504262306233405,,,
2026-08-17 20:25:00+00:00,,0.151319050931513,,,
2026-08-18 02:45:00+00:00,,,,0.1836041111859048,
2026-08-19 00:50:00+00:00,,,,0.1829980119826575,
2026-08-19 01:40:00+00:00,,0.1496242879570378,,,
2026-08-19 03:50:00+00:00,,,2.126854023963225,,
2026-08-19 15:30:00+00:00,,,,0.191717717425136,
2026-08-19 17:25:00+00:00,0.0107700711103784,,,,
2026-08-19 20:30:00+00:00,,0.1569143449450166,,,
2026-08-20 08:05:00+00:00,0.0108561239785504,,,,
2026-08-20 10:10:00+00:00,0.010942864409139,,,,
2026-08-20 20:35:00+00:00,,0.1602946568589112,,,
2026-08-21 05:15:00+00:00,0.011030297895768,,,,
2026-08-21 09:05:00+00:00,,,,0.2129064209118819,
2026-08-21 09:20:00+00:00,0.0111184299759552,,,,
2026-08-21 10:10:00+00:00,,0.1646456632306378,,,
2026-08-21 11:30:00+00:00,0.0109295834428136,,,,
2026-08-22 05:10:00+00:00,0.0107439444680374,,,,
2026-08-24 13:45:00+00:00,0.0106151245738656,0.1625181055687431,,,
2026-08-24 15:55:00+00:00,0.010487849230225,,,,
2026-08-24 16:40:00+00:00,,0.1647867268945215,,,
2026-08-24 16:50:00+00:00,0.0103620999179546,,,,
2026-08-25 07:45:00+00:00,0.0102378583399383,0.1621097405431623,,,
2026-08-25 09:45:00+00:00,,,2.1383835856652325,,
2026-08-25 09:50:00+00:00,,,,0.215848874634033,0.27963661632611825
2026-08-27 10:25:00+00:00,0.0101151064184424,0.1598670471909448,,,
2026-08-27 13:45:00+00:00,,,,0.2125917119522271,0.2754168956872769
2026-08-28 02:30:00+00:00,,,,0.2104228630193998,0.27260710769126995
2026-08-28 03:30:00+00:00,,,2.1384466525359955,,
2026-08-30 20:40:00+00:00,,0.1583651811128417,,0.2088133189953879,0.27052191060388303
2026-08-30 21:55:00+00:00,,,2.1261319265427874,,
2026-08-31 12:25:00+00:00,,0.1567278459713364,,,
2026-08-31 23:00:00+00:00,,0.1549229343372696,,,
2026-09-03 18:30:00+00:00,0.010295001525506,,,,
2026-09-03 19:50:00+00:00,,0.1586808767646716,,,
2026-09-04 02:20:00+00:00,,0.1564727379305221,,,
2026-09-04 02:25:00+00:00,,,2.1701767204938114,,
2026-09-04 02:45:00+00:00,,,,0.2143724803776408,0.2777239174764216
2026-09-07 00:15:00+00:00,,0.155404908753977,,,
2026-09-07 03:10:00+00:00,,,,0.2128066312668617,0.2756953280396784
2026-09-09 09:55:00+00:00,,0.1539154303623967,,,
2026-09-09 15:00:00+00:00,,,,0.2099116820330653,0.2719448623050422
2026-09-09 15:20:00+00:00,,,2.135713213584166,,
2026-09-11 15:50:00+00:00,,,,0.2070151657907084,0.2681923664788785
2026-09-11 15:55:00+00:00,0.0101368874330817,0.1515515454691746,,,
2026-09-13 22:15:00+00:00,,0.1504193457255854,,,
2026-09-14 09:50:00+00:00,,0.1509313435808098,,,
2026-09-14 13:05:00+00:00,,,,0.2065512324291951,0.26759133135356533
2026-09-14 18:50:00+00:00,,0.1517808687592981,,,
2026-09-14 22:25:00+00:00,,0.1501792787489753,,,
2026-09-14 23:05:00+00:00,,,,0.2062479237795072,0.26719838881613045
2026-09-18 09:00:00+00:00,,0.1514812581133601,,,
2026-09-18 18:50:00+00:00,,0.1545002894882703,,,
2026-09-18 19:10:00+00:00,0.0102685149164002,,,,
2026-09-19 20:30:00+00:00,,,2.239456639413948,,
2026-09-20 02:30:00+00:00,,,,0.2158952652725189,0.279696716343769
2026-09-20 21:00:00+00:00,,0.1530422754225874,,,
2026-09-21 01:50:00+00:00,,,,0.2128349338766254,0.2757319946474655
2026-09-21 12:50:00+00:00,0.0104636746801171,,,,
2026-09-21 19:30:00+00:00,0.0105472794408112,,,,0.27793509328469873
2026-09-22 00:55:00+00:00,,0.1504744469078642,,,
2026-09-23 11:25:00+00:00,,,,0.2095949120454545,
2026-09-24 14:50:00+00:00,,0.1480201080156578,,,
2026-09-25 13:50:00+00:00,,,,0.206399829015492,
2026-09-27 22:35:00+00:00,,,,0.2058207916698685,
2026-09-28 14:50:00+00:00,,0.1463081823995212,,,
2026-09-29 01:15:00+00:00,,0.1442306630767101,,,
2026-09-29 15:20:00+00:00,,,2.2124506445609393,,
2026-09-29 15:25:00+00:00,,,,0.2020247918516421,
2026-09-30 13:40:00+00:00,,,,0.2001830840590323,
2026-09-30 14:20:00+00:00,,0.1419984245316744,,,
2026-09-30 14:30:00+00:00,0.0103681338995091,,,,0.2732143657252581
2026-09-30 20:00:00+00:00,,,2.1565671344307,,
