exit_time,accurate,vol_adjusted,trend_reversal,donchian_breakout,hybrid
2018-04-03 09:05:00+00:00,0.0190542678581142,,,,
2018-04-04 01:25:00+00:00,-0.02198,,,,
2018-04-04 14:00:00+00:00,,-0.0542436043240427,,,
2018-04-05 12:00:00+00:00,-0.02198,,,,
2018-04-07 06:10:00+00:00,0.012985,,,,
2018-04-07 23:15:00+00:00,-0.02198,,,,
2018-04-08 12:10:00+00:00,0.0129849999999998,,,,
2018-04-08 17:00:00+00:00,-0.02198,,,,
2018-04-09 09:00:00+00:00,,0.0431543771634239,,,
2018-04-09 10:15:00+00:00,-0.02198,,,0.0115799482453722,
2018-04-09 10:25:00+00:00,,,0.0062467313879608,,
2018-04-12 06:55:00+00:00,,,,-0.0040257832234738,
2018-04-12 07:05:00+00:00,,,-0.0155031715990492,,
2018-04-12 16:15:00+00:00,,0.0589433438533255,,,
2018-04-12 16:25:00+00:00,0.059223008977741,,,,
2018-04-12 22:05:00+00:00,-0.0219800000000001,,,,
2018-04-13 07:45:00+00:00,0.012985,,,,
2018-04-13 20:35:00+00:00,-0.0219800000000001,,,,
2018-04-13 21:05:00+00:00,,,,0.1144910242997112,
2018-04-13 22:20:00+00:00,,,0.0814876921662735,,
2018-04-14 07:30:00+00:00,0.0129849999999998,,,,
2018-04-16 02:10:00+00:00,-0.02198,,,0.0021738952634047,
2018-04-16 03:00:00+00:00,,,0.0041367940486503,,
2018-04-17 18:55:00+00:00,,,,-0.0290927853281197,
2018-04-17 19:05:00+00:00,,,-0.031185643503522,,
2018-04-18 14:55:00+00:00,-0.02198,,,,
2018-04-19 02:45:00+00:00,0.012985,,,,
2018-04-20 22:20:00+00:00,0.0129849999999998,,,,
2018-04-20 22:25:00+00:00,,0.0255776596353625,,,
2018-04-21 03:30:00+00:00,0.0153099980408801,,,,
2018-04-21 07:05:00+00:00,,0.0240893224082223,,,
2018-04-21 07:55:00+00:00,-0.0219800000000001,,,,
2018-04-21 08:45:00+00:00,,,,0.0708345066409303,
2018-04-22 11:40:00+00:00,0.012985,,,,
2018-04-22 23:10:00+00:00,,,,-0.0234499468856859,
2018-04-22 23:25:00+00:00,,,0.0829575822747501,,
2018-04-24 05:35:00+00:00,0.012985,,,,
2018-04-24 13:30:00+00:00,,0.0266423498257522,,,
2018-04-25 03:55:00+00:00,-0.02198,-0.0295680818038274,,,
2018-04-25 04:35:00+00:00,,,,0.0338812371049095,
2018-04-25 04:55:00+00:00,,,0.0197494341517856,,
2018-04-25 22:20:00+00:00,0.0129849999999998,,,,
2018-04-26 06:35:00+00:00,-0.0219800000000001,,,,
2018-04-27 01:15:00+00:00,0.0203073603799817,,,,
2018-04-27 19:50:00+00:00,-0.0219799999999998,,,,
2018-04-27 20:25:00+00:00,,,-0.0044634260837062,-0.0140031946471594,
2018-04-28 08:30:00+00:00,0.012985,,,,
2018-04-29 01:30:00+00:00,0.0129849999999998,,,,
2018-04-29 08:45:00+00:00,-0.02198,,,,
2018-04-29 09:00:00+00:00,,,,-0.0160550082183076,
2018-04-29 09:10:00+00:00,,,-0.0060852060247444,,
2018-04-29 11:55:00+00:00,,-0.005837802510635,,,
2018-04-30 07:15:00+00:00,,,-0.0246835184676373,,
2018-05-03 16:55:00+00:00,,0.0184161071368276,,,
2018-05-03 21:55:00+00:00,0.0194033773087072,,,,
2018-05-03 23:05:00+00:00,,0.0198146471039732,,,
2018-05-04 15:40:00+00:00,-0.02198,,,,
2018-05-06 05:55:00+00:00,-0.02198,,,,
2018-05-06 06:00:00+00:00,,,,0.0462070103903606,
2018-05-07 01:00:00+00:00,-0.02198,,,,
2018-05-08 11:15:00+00:00,-0.0219800000000001,,,,
2018-05-09 17:05:00+00:00,0.012985,,,,
2018-05-10 17:15:00+00:00,,,,-0.0233484744743308,
2018-05-10 17:35:00+00:00,,,-0.0199504077967388,,
2018-05-10 18:15:00+00:00,,-0.0291495347978253,,,
2018-05-11 20:35:00+00:00,-0.0219800000000001,,,,
2018-05-12 15:20:00+00:00,-0.0219800000000001,,,,
2018-05-13 04:55:00+00:00,-0.02198,,,,
2018-05-13 20:40:00+00:00,0.0129849999999998,,,,
2018-05-14 03:10:00+00:00,-0.0219800000000001,,,,
2018-05-14 03:30:00+00:00,,,,-0.0334271826327817,
2018-05-14 03:45:00+00:00,,,-0.0213575112852995,,
2018-05-14 10:25:00+00:00,,-0.0188964059196616,,,
2018-05-14 19:00:00+00:00,0.012985,,,,
2018-05-15 14:35:00+00:00,,,,-0.0313371073622433,
2018-05-15 15:05:00+00:00,,,-0.0273477611940298,,
2018-05-16 00:45:00+00:00,,-0.0399439965657316,,,
2018-05-16 13:15:00+00:00,-0.0219800000000001,,,,
2018-05-19 11:50:00+00:00,0.012985,,,,
2018-05-19 22:40:00+00:00,-0.0219800000000001,,,,
2018-05-21 14:40:00+00:00,,,,-0.0002080630692237,
2018-05-21 14:55:00+00:00,,,0.0165728566556753,,
2018-05-21 18:00:00+00:00,-0.02198,-0.0231573600370901,,,
2018-05-24 07:50:00+00:00,-0.02198,,,,
2018-05-24 19:05:00+00:00,0.012985,,,,
2018-05-25 19:25:00+00:00,-0.02198,,,,
2018-05-26 22:35:00+00:00,-0.02198,,,,
2018-05-26 22:45:00+00:00,,,-0.0289915602537221,,
2018-05-29 16:05:00+00:00,0.0179814806174316,,,,
2018-05-29 16:10:00+00:00,,0.0214418113780932,,,
2018-05-30 01:15:00+00:00,0.012985,,,,
2018-05-30 15:00:00+00:00,,,,-0.0187454918528182,
2018-05-30 15:25:00+00:00,,,0.0041680708810474,,
2018-05-31 17:45:00+00:00,0.012985,,,,
2018-06-01 11:50:00+00:00,,-0.0286314675984186,,-0.0235550455579217,
2018-06-02 16:10:00+00:00,,,-0.0122682222800624,,
2018-06-03 06:45:00+00:00,,,,0.0021120028575138,
2018-06-03 14:30:00+00:00,,,-0.0100688664343396,,
2018-06-04 06:35:00+00:00,,-0.0156146163777329,,,
2018-06-04 11:00:00+00:00,-0.016985,,,,
2018-06-06 04:05:00+00:00,,,-0.0036934495142557,,
2018-06-06 18:00:00+00:00,,-0.013893648295613,,,
2018-06-07 00:55:00+00:00,0.0179799999999998,,,,
2018-06-07 09:25:00+00:00,,,-0.0059066627314985,,
2018-06-08 10:20:00+00:00,,-0.0145756024031566,,,
2018-06-11 14:10:00+00:00,-0.0169849999999999,,,,
2018-06-12 03:40:00+00:00,-0.016985,,,,
2018-06-14 13:05:00+00:00,-0.016985,,,,
2018-06-14 18:10:00+00:00,0.0186169455398386,,,,
2018-06-15 11:25:00+00:00,,-0.0271025863947488,,,
2018-06-18 00:15:00+00:00,,-0.0168406623694373,,,
2018-06-18 00:55:00+00:00,-0.016985,,,,
2018-06-19 03:15:00+00:00,,,-0.0092767950052029,,
2018-06-19 12:55:00+00:00,0.0179800000000001,,,,
2018-06-19 13:10:00+00:00,,0.0230923280965829,,,
2018-06-19 13:20:00+00:00,,,,-0.0015912474721755,
2018-06-20 21:55:00+00:00,,,-0.0074707738295386,,
2018-06-21 09:50:00+00:00,,-0.0147299854274048,,,
2018-06-22 01:40:00+00:00,-0.016985,,,,
2018-06-25 12:00:00+00:00,0.0179799999999998,,,,
2018-06-26 00:55:00+00:00,-0.016985,,,,
2018-06-27 02:50:00+00:00,,-0.0138724611197702,,,
2018-06-29 23:35:00+00:00,0.0306395227898439,,,,
2018-06-30 01:40:00+00:00,,,,0.0149908661417321,
2018-06-30 02:35:00+00:00,,0.0552888956867543,,,
2018-06-30 03:55:00+00:00,-0.016985,,,,
2018-06-30 14:30:00+00:00,,,0.0186822339913337,,
2018-07-02 13:35:00+00:00,,,,0.0077436693883741,
2018-07-02 13:50:00+00:00,,,,-0.0061509043286445,
2018-07-02 19:20:00+00:00,,,,-0.0062808349976829,
2018-07-03 00:25:00+00:00,,,-0.0036607223817439,,
2018-07-03 06:55:00+00:00,,0.0031962171501318,,,0.0031962171501318526
2018-07-03 10:30:00+00:00,-0.0119899999999999,,,,
2018-07-04 13:20:00+00:00,,,,0.0057454255796558,
2018-07-04 14:45:00+00:00,-0.0119899999999999,,,,
2018-07-05 00:20:00+00:00,,-0.0326340325790739,,,-0.032634032579073935
2018-07-07 23:35:00+00:00,,,,-0.0044942165861942,
2018-07-08 03:25:00+00:00,,0.0095814999999999,,,0.00958149999999991
2018-07-08 23:00:00+00:00,,,-0.0056251867555614,,
2018-07-08 23:05:00+00:00,-0.01199,,,,
2018-07-13 04:00:00+00:00,,0.0096698974763276,,,0.009669897476327627
2018-07-13 19:10:00+00:00,-0.0119899999999999,,,,
2018-07-16 04:15:00+00:00,,-0.0049897787514792,,,-0.0049897787514792125
2018-07-16 11:30:00+00:00,0.0179799999999998,,,,
2018-07-16 13:40:00+00:00,,0.0161452937392132,,,0.01614529373921325
2018-07-16 23:30:00+00:00,,,,-0.0055236101162251,
2018-07-17 00:00:00+00:00,,,,-0.0011483971418385,
2018-07-17 04:05:00+00:00,,0.0080690307188731,,,0.008069030718873105
2018-07-17 04:20:00+00:00,,,,-0.0044486967997098,
2018-07-17 05:45:00+00:00,,,0.0209485419714599,,
2018-07-17 15:45:00+00:00,,,,-0.0031919988038471,
2018-07-17 16:00:00+00:00,,,,-0.0055792914692701,
2018-07-17 17:35:00+00:00,,0.0077515332977189,,,0.007751533297718938
2018-07-17 17:50:00+00:00,,,,0.0476030331125827,
2018-07-17 18:10:00+00:00,,,,0.0095323188268257,
2018-07-17 18:25:00+00:00,,,,-0.0063689772088724,
2018-07-17 18:45:00+00:00,0.0482571739717629,,,,
2018-07-17 19:35:00+00:00,-0.0119899999999999,,,,
2018-07-17 21:45:00+00:00,,0.0503302235046454,,,0.050330223504645444
2018-07-18 03:05:00+00:00,,0.0202864614578386,,,0.020286461457838634
2018-07-18 03:15:00+00:00,,,,0.0028217965213503,
2018-07-18 04:10:00+00:00,-0.01199,,,,
2018-07-18 08:30:00+00:00,,,-0.0024492463503077,,
2018-07-18 18:10:00+00:00,,,,-0.0070792625471773,
2018-07-19 16:45:00+00:00,,,-0.014742074500497,,
2018-07-20 16:45:00+00:00,-0.01199,,,-0.0004306860233418,
2018-07-20 17:00:00+00:00,,-0.0303102009206853,,,-0.03031020092068537
2018-07-23 04:50:00+00:00,,,,-0.0067032724167926,
2018-07-23 06:00:00+00:00,,0.0163166264309839,,,0.01631662643098397
2018-07-23 06:30:00+00:00,,,,-0.006912073929961,
2018-07-23 07:05:00+00:00,,,,-0.0067218218121389,
2018-07-23 07:25:00+00:00,0.0179800000000001,0.0105949231415722,,,0.010594923141572288
2018-07-23 07:30:00+00:00,,,,0.0026049883268481,
2018-07-23 18:35:00+00:00,,,,-0.0162322233632862,
2018-07-23 23:25:00+00:00,,,0.0107039086173434,,
2018-07-24 04:40:00+00:00,,,,-0.0065863063547324,
2018-07-24 04:55:00+00:00,,,,-0.0018621246198602,
2018-07-24 05:35:00+00:00,,,,0.0080235941365971,
2018-07-24 05:50:00+00:00,,,,-0.0067516991158381,
2018-07-24 07:35:00+00:00,,,,-0.0063382814473056,
2018-07-24 09:45:00+00:00,,0.0125783063640376,,,0.012578306364037672
2018-07-24 10:35:00+00:00,0.0179800000000001,,,,
2018-07-24 11:00:00+00:00,,,,0.005230558287685,
2018-07-24 11:35:00+00:00,,,,-0.0003051021337419,
2018-07-24 12:15:00+00:00,,,,0.0090926893523601,
2018-07-24 12:30:00+00:00,-0.0119899999999999,,,,
2018-07-24 22:40:00+00:00,,0.0134713759905593,,,0.013471375990559364
2018-07-24 23:50:00+00:00,,,,0.0061029246489165,
2018-07-25 00:35:00+00:00,,,,-0.0068661705435321,
2018-07-25 03:40:00+00:00,,,0.0446112262009215,,
2018-07-25 09:20:00+00:00,,-0.0281827401625857,,,-0.028182740162585707
2018-07-26 16:00:00+00:00,,-0.014815855999307,,,-0.014815855999307015
2018-07-27 16:25:00+00:00,0.0179800000000001,,,,
2018-07-28 00:25:00+00:00,,,-0.0055709934036071,,
2018-07-28 08:50:00+00:00,,0.0048741457019974,,,0.004874145701997401
2018-07-31 08:55:00+00:00,-0.0119899999999999,,,,
2018-07-31 10:15:00+00:00,,-0.0225196747892708,,,-0.02251967478927086
2018-08-01 11:30:00+00:00,-0.0169849999999999,,,,
2018-08-02 08:55:00+00:00,,,,-0.0043445143175582,
2018-08-02 10:10:00+00:00,-0.016985,,,,
2018-08-02 12:40:00+00:00,,-0.0191179824341765,,,
2018-08-03 18:55:00+00:00,,,,0.0018628789375814,
2018-08-03 19:10:00+00:00,,,-0.0057810577957152,,
2018-08-05 13:15:00+00:00,,,,-0.0062463569067193,
2018-08-06 07:35:00+00:00,,,,-0.0064199268537714,
2018-08-07 13:55:00+00:00,,,,0.0090712011720799,
2018-08-07 14:35:00+00:00,,,-0.0033396440731431,,
2018-08-09 08:30:00+00:00,,,,-0.0151051914873565,
2018-08-09 21:00:00+00:00,0.0079899999999999,,,,
2018-08-09 21:35:00+00:00,,0.0212874918310967,,,
2018-08-09 23:55:00+00:00,-0.0169849999999999,,,0.015751971158411,
2018-08-10 01:35:00+00:00,,,-0.0048138862382847,,
2018-08-10 16:45:00+00:00,-0.016985,,,,
2018-08-11 23:25:00+00:00,,,,0.0247806077712913,
2018-08-11 23:40:00+00:00,,,-0.0156647681384027,,
2018-08-11 23:45:00+00:00,-0.016985,-0.0273595546999823,,,
2018-08-12 12:45:00+00:00,,,,-0.014598841898493,
2018-08-12 19:40:00+00:00,,,,-0.0169788420626927,
2018-08-13 13:10:00+00:00,-0.016985,,-0.0112638117593175,-0.0092550370124279,
2018-08-14 14:50:00+00:00,-0.016985,,,,
2018-08-15 02:10:00+00:00,0.0079900000000001,,,,
2018-08-15 04:10:00+00:00,0.0079899999999999,,,,
2018-08-15 07:35:00+00:00,0.0079900000000001,,,,
2018-08-15 09:25:00+00:00,-0.0169849999999999,,,0.0247105333051917,
2018-08-15 10:40:00+00:00,,,0.0130863645195842,,
2018-08-15 19:05:00+00:00,-0.0169849999999999,,,,
2018-08-15 19:20:00+00:00,,,,-0.0013146636594447,
2018-08-15 19:45:00+00:00,,-0.0245400370128421,,,
2018-08-15 19:50:00+00:00,,,-0.025113805950282,,
2018-08-16 10:40:00+00:00,0.0079899999999999,,,,
2018-08-16 12:25:00+00:00,,,,-0.0126219715010339,
2018-08-17 04:20:00+00:00,0.0079899999999999,,,,
2018-08-17 05:40:00+00:00,-0.016985,,,,
2018-08-17 10:25:00+00:00,,,,-0.0084306483969145,
2018-08-17 10:35:00+00:00,,,-0.0041706589990674,,
2018-08-17 22:00:00+00:00,,-0.0030350107058164,,,
2018-08-18 02:55:00+00:00,,,,-0.0096007317562573,
2018-08-19 15:05:00+00:00,,,,-0.0074231355802046,
2018-08-20 04:10:00+00:00,,,-0.0044533293121648,,
2018-08-20 04:50:00+00:00,,,,-0.0048414824607742,
2018-08-20 06:50:00+00:00,,-0.016731413695963,,,
2018-08-20 09:20:00+00:00,-0.016985,,,,
2018-08-20 22:05:00+00:00,,,,-0.0141924377498985,
2018-08-21 13:35:00+00:00,,,,-0.0135380992558965,
2018-08-21 13:40:00+00:00,,,-0.0019125874999998,,
2018-08-22 01:00:00+00:00,0.0079899999999999,0.0117042499635982,,,
2018-08-22 02:05:00+00:00,,,,0.0340570519574112,
2018-08-22 04:05:00+00:00,0.0079899999999999,,,,
2018-08-22 07:55:00+00:00,,,-0.0186971258154486,,
2018-08-22 15:55:00+00:00,,-0.0196002013376351,,,
2018-08-23 14:05:00+00:00,0.0079899999999999,,,,
2018-08-23 19:30:00+00:00,,,,-0.0077082576193234,
2018-08-24 12:10:00+00:00,,,,0.0009416486998763,
2018-08-24 21:35:00+00:00,0.0079899999999999,,,,
2018-08-25 04:00:00+00:00,,,,0.0155652572987812,
2018-08-25 04:25:00+00:00,,,-0.0003870716976618,,
2018-08-25 18:10:00+00:00,,-0.0030542344616015,,,
2018-08-26 02:15:00+00:00,,,,-0.0099395353518083,
2018-08-26 15:50:00+00:00,,,-0.005433736771501,-0.0105249319414211,
2018-08-27 12:45:00+00:00,,,,-0.0070848078366041,
2018-08-28 11:05:00+00:00,0.0079899999999999,0.0087521618357857,,,
2018-08-28 16:25:00+00:00,-0.016985,-0.01254363608673,,0.0344516805731347,
2018-08-28 17:05:00+00:00,,,0.0164069720543302,,
2018-08-28 21:55:00+00:00,,,,-0.0088134979870935,
2018-08-29 14:45:00+00:00,,,-0.0104015090695754,-0.0093535444369313,
2018-08-31 04:55:00+00:00,,0.0087703433411983,,,
2018-08-31 21:15:00+00:00,,,,-0.0112141123801347,
2018-09-01 10:35:00+00:00,,0.0082707110691497,,,
2018-09-01 12:00:00+00:00,,,,-0.0065026862577817,
2018-09-01 19:50:00+00:00,,0.0081412948455619,,,
2018-09-01 20:20:00+00:00,,,,0.0091731513854871,
2018-09-02 11:35:00+00:00,,,,-0.0076253524940427,
2018-09-03 00:05:00+00:00,0.0179799999999998,,,,
2018-09-04 12:00:00+00:00,0.0179800000000001,,,,
2018-09-04 13:15:00+00:00,,,,-0.002325962583516,
2018-09-05 09:50:00+00:00,-0.0219800000000001,,,,
2018-09-05 16:50:00+00:00,-0.02198,,,,
2018-09-05 23:40:00+00:00,-0.0219800000000001,,,,
2018-09-06 09:35:00+00:00,-0.0219800000000001,,,,
2018-09-08 17:45:00+00:00,-0.02198,,,,
2018-09-09 13:35:00+00:00,0.0311294597563733,,,,
2018-09-09 22:00:00+00:00,-0.02198,-0.0200965428340498,,,
2018-09-09 22:35:00+00:00,,,-0.025411878374005,,
2018-09-11 14:55:00+00:00,-0.0219800000000001,,,,
2018-09-11 15:05:00+00:00,,,-0.0179498001907162,,
2018-09-12 08:20:00+00:00,,,-0.019637635913446,,
2018-09-13 04:15:00+00:00,0.0243045055520585,,,,
2018-09-13 05:45:00+00:00,,,,-0.007529360266134,
2018-09-13 13:50:00+00:00,,0.0092651670148009,,,
2018-09-13 19:30:00+00:00,,,,0.0005379036138684,
2018-09-14 02:40:00+00:00,0.0179800000000001,,,,
2018-09-14 08:05:00+00:00,,,,-0.0051219684666699,
2018-09-14 08:55:00+00:00,-0.02198,,,,
2018-09-16 04:20:00+00:00,,,0.0226392843842209,,
2018-09-17 13:45:00+00:00,,,-0.0107575974125981,,
2018-09-17 14:15:00+00:00,-0.02198,,,,
2018-09-18 19:55:00+00:00,,-0.0126370066317303,,,
2018-09-19 12:00:00+00:00,,,-0.0166499581503389,,
2018-09-19 18:35:00+00:00,,,-0.0153559055118109,,
2018-09-19 18:55:00+00:00,-0.02198,,,,
2018-09-20 13:05:00+00:00,,,,-0.0006212183170387,
2018-09-20 16:05:00+00:00,,0.0021650937340502,,,
2018-09-20 20:35:00+00:00,-0.0219800000000001,,,,
2018-09-21 07:15:00+00:00,0.0179800000000001,,,,
2018-09-21 07:35:00+00:00,,0.0127151749791496,,,
2018-09-21 15:35:00+00:00,,,,0.0226996749684009,
2018-09-21 20:05:00+00:00,0.0179800000000001,,,,
2018-09-21 21:00:00+00:00,,,,-0.0155039571174351,
2018-09-22 00:05:00+00:00,,0.0134716993243242,,,
2018-09-22 02:55:00+00:00,,,,-0.0092685848769473,
2018-09-22 08:35:00+00:00,-0.02198,,,,
2018-09-24 07:10:00+00:00,,,0.0228029563719862,,
2018-09-24 23:00:00+00:00,-0.02198,,,,
2018-09-25 18:10:00+00:00,-0.02198,,,,
2018-09-26 15:25:00+00:00,0.0179800000000001,,,,
2018-09-27 23:50:00+00:00,,0.0085836834511483,,,
2018-09-27 23:55:00+00:00,0.0180476382992031,,,,
2018-09-28 08:30:00+00:00,,,,0.0227064141332919,
2018-09-28 09:30:00+00:00,-0.02198,,,,
2018-09-29 01:35:00+00:00,-0.02198,,,,
2018-09-29 01:45:00+00:00,,,-0.000835370655183,,
2018-10-01 11:00:00+00:00,,,,-0.0147047380111062,
2018-10-01 15:00:00+00:00,,,-0.0115763458536622,,
2018-10-04 21:20:00+00:00,,,,-0.0129740782572884,
2018-10-05 02:45:00+00:00,-0.01199,,,,
2018-10-05 15:35:00+00:00,,0.0012267196631732,,,
2018-10-05 22:25:00+00:00,,,,-0.0041862938208291,
2018-10-07 08:35:00+00:00,,,-0.0100410472145074,,
2018-10-08 12:50:00+00:00,,,,0.0010207654174927,
2018-10-08 13:10:00+00:00,,-0.0080233405813489,,,
2018-10-09 08:15:00+00:00,,-0.0082798891791087,,,
2018-10-09 13:55:00+00:00,,,-0.0002177086120951,,
2018-10-14 09:30:00+00:00,,,,-0.0026784162096576,
2018-10-15 05:50:00+00:00,,,,0.0304550436408976,
2018-10-15 06:10:00+00:00,,,,0.0262088,
2018-10-15 06:50:00+00:00,,,,0.0613341854840032,
2018-10-15 09:00:00+00:00,0.0471415141156135,0.0657334468540227,,,
2018-10-15 11:50:00+00:00,-0.01199,,,,
2018-10-15 13:05:00+00:00,-0.0119899999999999,,,,
2018-10-16 06:15:00+00:00,-0.0119899999999999,,,,
2018-10-17 00:20:00+00:00,,-0.0185303910391069,,,
2018-10-18 15:30:00+00:00,,,0.0493408708652587,,
2018-10-21 22:15:00+00:00,,,,-0.0073376566823293,
2018-10-22 00:35:00+00:00,,,-0.0051444883046692,,
2018-10-24 15:55:00+00:00,,-0.0076232536649369,,,
2018-10-24 23:25:00+00:00,,,-0.0109053013817865,,
2018-10-31 16:05:00+00:00,,,,-0.005731995308835,
2018-11-01 09:25:00+00:00,,-0.0048735363766896,,,
2018-11-01 22:40:00+00:00,,,,-0.0067918268177595,
2018-11-02 02:50:00+00:00,,,-0.0066876478947229,,
2018-11-02 07:15:00+00:00,,,,-0.0062054234710126,
2018-11-04 15:50:00+00:00,,0.00228723497469,,,
2018-11-04 16:00:00+00:00,,,,-0.0003837538090525,
2018-11-04 19:50:00+00:00,,,,-0.0058105310401317,
2018-11-05 09:25:00+00:00,,-0.0056497091812331,,,
2018-11-07 03:55:00+00:00,,0.0047073266356283,,,
2018-11-07 14:15:00+00:00,,,,0.0041056930862641,
2018-11-07 21:25:00+00:00,,-0.0030612477203647,,,
2018-11-11 23:55:00+00:00,,0.002338609471401,,,
2018-11-12 01:20:00+00:00,,,,-0.0063707280721962,
2018-11-12 17:30:00+00:00,,-0.0079128847801092,,,
2018-11-13 23:35:00+00:00,,-0.0008551232322482,,,
2018-11-14 09:55:00+00:00,,,,-0.0104726102568415,
2018-11-15 02:05:00+00:00,-0.016985,,,,
2018-11-15 02:50:00+00:00,,-0.0390543669012612,,,
2018-11-15 16:40:00+00:00,-0.0169849999999999,,,,
2018-11-15 17:35:00+00:00,-0.0173357750947324,,,,
2018-11-16 09:45:00+00:00,-0.0169850000000001,,,,
2018-11-16 12:25:00+00:00,,-0.0061886534072382,,,
2018-11-18 20:00:00+00:00,,,,-0.0068976703823177,
2018-11-20 04:40:00+00:00,-0.016985,,,,
2018-11-20 12:35:00+00:00,0.0179799999999998,,,,
2018-11-20 17:25:00+00:00,,,-0.031409859085534,,
2018-11-20 17:30:00+00:00,0.0179799999999998,,,,
2018-11-20 20:00:00+00:00,,-0.059354711659716,,,
2018-11-20 23:30:00+00:00,-0.0169850000000001,,,,
2018-11-20 23:55:00+00:00,0.0179800000000001,,,,
2018-11-21 00:40:00+00:00,-0.016985,,,,
2018-11-21 07:20:00+00:00,0.0179799999999998,,,,
2018-11-21 13:50:00+00:00,-0.0169850000000001,,,,
2018-11-22 01:55:00+00:00,0.0179800000000001,,,,
2018-11-22 03:10:00+00:00,-0.0169849999999999,,,,
2018-11-23 16:45:00+00:00,-0.016985,,,,
2018-11-24 02:30:00+00:00,,-0.0033370261451074,,,
2018-11-24 07:05:00+00:00,-0.0169849999999999,,,,
2018-11-25 09:20:00+00:00,-0.016985,,,,
2018-11-25 11:10:00+00:00,-0.016985,,,,
2018-11-25 11:30:00+00:00,-0.016985,,,,
2018-11-25 15:25:00+00:00,-0.016985,,,,
2018-11-25 20:50:00+00:00,,0.0342837322104121,,,
2018-11-25 23:40:00+00:00,0.0326126346396966,,,,
2018-11-26 01:25:00+00:00,-0.016985,,,,
2018-11-26 08:00:00+00:00,-0.0169849999999999,,,,
2018-11-26 14:45:00+00:00,,-0.0446326214649897,,,
2018-11-26 20:00:00+00:00,-0.016985,,,,
2018-11-27 01:25:00+00:00,-0.016985,,,,
2018-11-27 07:20:00+00:00,-0.016985,,,,
2018-11-27 15:25:00+00:00,-0.016985,,,,
2018-11-28 00:40:00+00:00,0.0179800000000001,,,,
2018-11-28 07:40:00+00:00,0.0257558377160029,,,,
2018-11-28 08:40:00+00:00,,,-0.0112132193234915,,
2018-11-28 14:35:00+00:00,,0.0332028807074049,,,
2018-11-28 15:55:00+00:00,0.0179799999999998,,,,
2018-11-28 21:55:00+00:00,-0.016985,,,,
2018-11-28 22:10:00+00:00,,,,0.0115613735249151,
2018-11-29 07:45:00+00:00,-0.016985,,,,
2018-11-29 12:55:00+00:00,-0.016985,,,,
2018-11-29 13:00:00+00:00,,,-0.0172501195842147,-0.0309628677131631,
2018-11-30 00:20:00+00:00,-0.01199,,,,
2018-11-30 18:55:00+00:00,-0.01199,,,,
2018-12-01 12:20:00+00:00,0.0156080720164757,,,,
2018-12-01 16:00:00+00:00,,0.0163394070479836,,,
2018-12-01 17:40:00+00:00,-0.01199,,,,
2018-12-01 20:45:00+00:00,,,0.0138096519216823,,
2018-12-02 03:00:00+00:00,-0.0119899999999999,,,,
2018-12-04 08:30:00+00:00,0.0129849999999998,,,,
2018-12-04 14:15:00+00:00,,0.0135731739076312,,,
2018-12-04 15:30:00+00:00,-0.0119899999999999,,,,
2018-12-04 16:20:00+00:00,,,-0.0083062151615801,,
2018-12-06 10:10:00+00:00,-0.0119899999999999,,,,
2018-12-06 10:50:00+00:00,,-0.022842842635419,,,
2018-12-07 06:05:00+00:00,-0.01199,,,,
2018-12-07 21:10:00+00:00,-0.0207925554271303,,,,
2018-12-08 01:05:00+00:00,-0.0119899999999999,,,,
2018-12-08 02:10:00+00:00,-0.0119899999999999,,,,
2018-12-08 04:00:00+00:00,,0.004610197541242,,,
2018-12-08 16:50:00+00:00,-0.0119899999999999,,,,
2018-12-08 23:10:00+00:00,-0.0150897357258252,,,,
2018-12-09 01:30:00+00:00,0.012985,0.0214097860190598,,,
2018-12-09 16:20:00+00:00,0.0129849999999998,,,,
2018-12-09 17:55:00+00:00,,,,0.0032386417605518,
2018-12-09 19:30:00+00:00,-0.01199,,,,
2018-12-09 21:55:00+00:00,,,-0.0007058341017475,,
2018-12-12 13:15:00+00:00,,,-0.014355900405327,,
2018-12-12 17:25:00+00:00,,,,-0.0150062902282037,
2018-12-16 07:45:00+00:00,-0.0119899999999999,,,,
2018-12-16 07:50:00+00:00,,,0.0019438474013437,,
2018-12-16 12:00:00+00:00,,-0.0057188384146341,,,
2018-12-17 14:15:00+00:00,,0.0096865242860773,,,
2018-12-17 14:25:00+00:00,0.0129849999999998,,,,
2018-12-17 15:25:00+00:00,-0.0119899999999999,,,,
2018-12-17 20:40:00+00:00,,0.010269254754583,,,
2018-12-17 21:15:00+00:00,-0.0119899999999999,-0.0188038006238707,,,
2018-12-17 21:20:00+00:00,,,,0.0302486655514242,
2018-12-17 23:10:00+00:00,,,0.0229647312775331,,
2018-12-18 17:20:00+00:00,-0.0119899999999999,-0.0201323309368091,,,
2018-12-18 17:30:00+00:00,,,-0.0138431669401357,,
2018-12-19 01:15:00+00:00,0.01641615866296,,,,
2018-12-19 02:45:00+00:00,,0.0128550558620914,,,
2018-12-19 06:35:00+00:00,,,,0.0226468991969581,
2018-12-19 07:10:00+00:00,-0.0119899999999999,,,,
2018-12-19 07:20:00+00:00,,,0.0056348481106445,,
2018-12-19 12:40:00+00:00,0.012985,,,,
2018-12-19 13:50:00+00:00,-0.01199,-0.0217429184393416,,,
2018-12-19 13:55:00+00:00,,,,0.0158051656997535,
2018-12-19 14:50:00+00:00,,,-0.0077671601225168,,
2018-12-20 03:05:00+00:00,-0.0119899999999999,,,,
2018-12-20 10:20:00+00:00,,0.036471294117647,,,
2018-12-20 10:30:00+00:00,0.0597683101619608,,,,
2018-12-20 11:35:00+00:00,-0.01199,,,,
2018-12-20 11:40:00+00:00,,,,0.0005164683544303,
2018-12-20 17:20:00+00:00,-0.0119899999999999,,,,
2018-12-20 17:50:00+00:00,,,,-0.024852533953584,
2018-12-20 20:10:00+00:00,,,0.0070541636926615,,
2018-12-21 01:30:00+00:00,0.012985,,,,
2018-12-21 01:50:00+00:00,,0.0200879235416286,,,
2018-12-21 02:10:00+00:00,-0.0207367217484396,,,,
2018-12-21 08:35:00+00:00,-0.01199,,,,
2018-12-21 13:35:00+00:00,-0.01199,,,,
2018-12-22 11:30:00+00:00,-0.01199,,,,
2018-12-22 12:20:00+00:00,,,-0.0175299004978941,,
2018-12-23 07:20:00+00:00,,,-0.0093676816985708,,
2018-12-23 08:50:00+00:00,,-0.0001037510520688,,,
2018-12-23 10:50:00+00:00,0.012985,,,,
2018-12-24 02:45:00+00:00,0.031924682311474,0.0293339759939985,,,
2018-12-24 06:25:00+00:00,,,,0.0218687818369207,
2018-12-24 10:20:00+00:00,,,0.0016754840843122,,
2018-12-24 15:50:00+00:00,-0.01199,,,,
2018-12-25 20:35:00+00:00,-0.01199,,,,
2018-12-26 06:50:00+00:00,-0.01199,,,,
2018-12-27 00:10:00+00:00,-0.01199,,,,
2018-12-28 17:40:00+00:00,0.0387999983583771,0.0127389860438318,,,
2018-12-29 02:30:00+00:00,,,,-0.0041003490173777,
2018-12-29 02:40:00+00:00,,,0.0117509988202388,,
2018-12-29 23:40:00+00:00,-0.01199,,,,
2018-12-30 12:00:00+00:00,0.0079900000000001,,,,
2019-01-01 23:15:00+00:00,,0.0073065262606706,,,0.007306526260670632
2019-01-02 06:40:00+00:00,-0.0119899999999999,,,,
2019-01-02 08:05:00+00:00,,-0.0008938547486033,,,-0.0008938547486033732
2019-01-02 14:15:00+00:00,,,,-0.0066455140054775,
2019-01-03 00:30:00+00:00,,,,-0.0110832229125312,
2019-01-03 16:25:00+00:00,,,-0.0142026339254011,,
2019-01-05 00:15:00+00:00,,0.0055985827848679,,,0.0055985827848679115
2019-01-05 10:25:00+00:00,,,-0.0099432123541169,,
2019-01-06 19:20:00+00:00,0.0088618264313571,0.0088618264313571,,,0.008861826431357134
2019-01-06 21:00:00+00:00,,,,0.0047283190943716,
2019-01-08 14:30:00+00:00,,,,-0.0071300924340979,
2019-01-08 15:55:00+00:00,,,,-0.0100160308431547,
2019-01-08 23:40:00+00:00,,,0.0331828578465149,,
2019-01-09 13:25:00+00:00,,,-0.0115105998500375,,
2019-01-14 17:35:00+00:00,,0.0120412642226448,,,0.012041264222644843
2019-01-14 18:30:00+00:00,0.0079899999999999,,,,
2019-01-15 20:35:00+00:00,,,-0.018637414756917,,
2019-01-17 16:25:00+00:00,,-0.0128142392094859,,,-0.01281423920948599
2019-01-18 12:30:00+00:00,,,-0.0100288548466024,,
2019-01-19 13:10:00+00:00,,,,-0.0082582979159475,
2019-01-19 18:25:00+00:00,-0.0119899999999999,-0.013072212992925,,,-0.013072212992925047
2019-01-20 11:35:00+00:00,,,-0.033040942138419,,
2019-01-22 14:15:00+00:00,,0.006217525441978,,,0.006217525441978067
2019-01-22 15:45:00+00:00,0.0079899999999999,,,,
2019-01-22 19:25:00+00:00,,,,-0.0053269215775815,
2019-01-23 16:00:00+00:00,,,-0.0137471486807079,,
2019-01-25 08:45:00+00:00,,,-0.0081101600006703,,
2019-01-26 08:50:00+00:00,,-0.0094623174525788,,,-0.009462317452578861
2019-01-26 08:55:00+00:00,,,,-0.0076370665630195,
2019-01-26 15:40:00+00:00,,,-0.0093704195825667,,
2019-01-30 19:40:00+00:00,,,,0.000459792822961,
2019-01-31 04:10:00+00:00,,,,-0.007885788726811,
2019-01-31 08:40:00+00:00,,,0.0001808158411686,,
2019-02-01 19:10:00+00:00,,0.0032465345425809,,,0.0032465345425809478
2019-02-02 05:20:00+00:00,,,-0.0048569846424326,,
2019-02-02 16:00:00+00:00,,,-0.0072996432681242,,
2019-02-03 00:35:00+00:00,,,,-0.0045147891755821,
2019-02-03 03:10:00+00:00,,-0.0080334153725041,,,-0.008033415372504127
2019-02-03 07:10:00+00:00,,,-0.0094130489011226,,
2019-02-04 08:15:00+00:00,,-0.0012587779824354,,,-0.001258777982435455
2019-02-05 00:40:00+00:00,,,-0.0066722953428868,,
2019-02-08 14:00:00+00:00,,0.0017921050241898,,,0.001792105024189805
2019-02-08 17:30:00+00:00,,,,0.0552790985751672,
2019-02-08 18:50:00+00:00,,0.053216907768208,,,0.05321690776820809
2019-02-10 07:00:00+00:00,,,0.0552035708054667,,
2019-02-11 00:05:00+00:00,,-0.0085285781779064,,,-0.00852857817790642
2019-02-11 01:10:00+00:00,,,-0.0087705575513017,,
2019-02-12 00:10:00+00:00,-0.0119899999999999,,,,
2019-02-12 22:30:00+00:00,,,-0.0111888654444545,,
2019-02-13 08:30:00+00:00,,,-0.0104983962395714,,
2019-02-15 10:05:00+00:00,,,-0.0070772290354657,,
2019-02-15 14:25:00+00:00,,,,-0.0124125042193918,
2019-02-17 00:05:00+00:00,,,-0.0044519355522928,,
2019-02-17 10:40:00+00:00,,-0.009323549408158,,,-0.00932354940815805
2019-02-17 10:45:00+00:00,,,,-0.0074052226505565,
2019-02-17 12:05:00+00:00,,,-0.0059977462682875,,
2019-02-18 01:25:00+00:00,,,,-0.0106915881055666,
2019-02-18 01:40:00+00:00,,0.0032693205487734,,,0.003269320548773491
2019-02-18 03:05:00+00:00,,0.0039484690146276,,,0.0039484690146276424
2019-02-18 07:20:00+00:00,,0.004010925674952,,,0.004010925674952093
2019-02-18 13:20:00+00:00,,0.0048004479753107,,,0.004800447975310762
2019-02-18 14:40:00+00:00,-0.0119899999999999,,,,
2019-02-18 15:05:00+00:00,,,,0.000892780642602,
2019-02-18 16:00:00+00:00,,0.0051500312823882,,,0.005150031282388223
2019-02-18 16:45:00+00:00,-0.0158202639662343,,,-0.0035882229770601,
2019-02-18 17:05:00+00:00,,-0.0186465564126329,,,-0.01864655641263291
2019-02-18 18:15:00+00:00,,0.007076986629118,,,0.007076986629118043
2019-02-19 01:05:00+00:00,,,,-0.0053857685907514,
2019-02-19 01:25:00+00:00,,-0.0151953056727757,,,-0.015195305672775716
2019-02-19 14:35:00+00:00,,,,-0.0135652884564764,
2019-02-19 21:40:00+00:00,,-0.0166436068983634,,,-0.016643606898363417
2019-02-20 00:20:00+00:00,,,0.0676818170604343,,
2019-02-21 09:05:00+00:00,,,-0.0077184713537051,,
2019-02-22 07:35:00+00:00,,,-0.0088884553354416,,
2019-02-23 04:40:00+00:00,,,-0.006120319373548,,
2019-02-23 19:50:00+00:00,,0.0231980373572344,,,0.02319803735723447
2019-02-23 20:20:00+00:00,0.0179800000000001,,,,
2019-02-24 04:40:00+00:00,,,,0.0380580340061369,
2019-02-24 08:45:00+00:00,,-0.0124102163704629,,,-0.012410216370462912
2019-02-24 14:05:00+00:00,,,0.0045247295923083,,
2019-02-28 03:30:00+00:00,,-0.0024134706312262,,,
2019-02-28 16:40:00+00:00,,,,-0.0158438327978266,
2019-03-04 00:45:00+00:00,,0.0009785160517241,,,
2019-03-04 03:00:00+00:00,,-0.0070110556132143,,,
2019-03-04 08:20:00+00:00,,-0.0081054720681942,,,
2019-03-04 16:00:00+00:00,,-0.0025782775387563,,,
2019-03-05 14:35:00+00:00,,0.0069717380022182,,,
2019-03-05 16:50:00+00:00,,-0.0109453626123917,,,
2019-03-06 00:30:00+00:00,,,,-0.0041083087986243,
2019-03-06 01:30:00+00:00,,,-0.0008893553905796,,
2019-03-06 10:40:00+00:00,0.012985,,,,
2019-03-06 11:30:00+00:00,,,,-0.0109917463097967,
2019-03-08 07:05:00+00:00,,-0.0090286575335627,,,
2019-03-08 07:45:00+00:00,,,,-0.0097777984622642,
2019-03-08 21:40:00+00:00,,,-0.0087115357648228,,
2019-03-09 00:25:00+00:00,,0.0032975086363551,,,
2019-03-09 11:30:00+00:00,,-0.0058157405547262,,,
2019-03-09 16:55:00+00:00,,-0.0108286032671236,,,
2019-03-09 17:00:00+00:00,,,,-0.0043676898781656,
2019-03-12 09:30:00+00:00,,0.0020554017181748,,,
2019-03-13 14:50:00+00:00,,-0.0085756021571363,,,
2019-03-14 14:25:00+00:00,,-0.0158630395295856,,-0.0158630395295856,
2019-03-14 19:50:00+00:00,,-0.0019561844366128,,,
2019-03-15 15:55:00+00:00,,0.0018791782209579,,,
2019-03-15 21:30:00+00:00,,,-0.0045040339237175,,
2019-03-16 05:20:00+00:00,,0.0114339301579653,,,
2019-03-16 06:10:00+00:00,,,,0.018778641623361,
2019-03-16 12:30:00+00:00,,,0.00516602528445,,
2019-03-18 04:55:00+00:00,,-0.0083854848198218,,,
2019-03-18 05:35:00+00:00,,,-0.0103550490782621,,
2019-03-19 14:45:00+00:00,,-0.0070058078436713,,,
2019-03-19 19:00:00+00:00,,-0.0070625594922167,,,
2019-03-20 01:15:00+00:00,,,-0.0101919226305994,,
2019-03-20 15:00:00+00:00,,0.0009842896834653,,,
2019-03-21 05:40:00+00:00,,,-0.0076311414722751,,
2019-03-21 13:25:00+00:00,,,,-0.0049382498305536,
2019-03-21 20:25:00+00:00,,0.0004772027972028,,,
2019-03-25 17:20:00+00:00,,-0.0061402085291273,,,
2019-03-25 20:20:00+00:00,,-0.0071613984965357,,,
2019-03-25 23:25:00+00:00,,0.0012638032371992,,,
2019-03-26 00:10:00+00:00,,0.0012837350725569,,,
2019-03-26 11:50:00+00:00,,-0.0075894017321225,,,
2019-03-26 15:40:00+00:00,,0.001430091003264,,,
2019-03-27 02:00:00+00:00,,0.003074325686917,,,
2019-03-27 14:50:00+00:00,,-0.003930022522914,,,
2019-03-28 00:20:00+00:00,,,,0.0012907965255959,
2019-03-28 03:45:00+00:00,,,0.0080818749481319,,
2019-03-29 04:45:00+00:00,,-0.0063114098921885,,,
2019-03-29 05:00:00+00:00,,,,-0.0059500696461383,
2019-03-29 06:10:00+00:00,,,-0.006151041396146,,
2019-03-29 07:40:00+00:00,,0.0006692667764836,,,
2019-03-29 09:10:00+00:00,,0.000712771631721,,,
2019-03-29 10:15:00+00:00,,0.0008258846000814,,,
2019-03-29 11:35:00+00:00,,0.0009639249619519,,,
2019-03-29 12:05:00+00:00,,-0.0078208302986161,,,
2019-03-29 12:35:00+00:00,,,,-0.0001009887196191,
2019-03-29 20:25:00+00:00,,,0.0032496123458614,,
2019-03-30 00:55:00+00:00,,,,-0.0012877508305627,
2019-03-30 04:00:00+00:00,,-0.0131597156068596,,,-0.01315971560685969
2019-04-01 01:20:00+00:00,,,,-0.0065717992716916,
2019-04-01 07:20:00+00:00,,,,-0.0033917853472953,
2019-04-01 14:10:00+00:00,,,,-0.0014929960568391,
2019-04-01 14:40:00+00:00,,0.0036086912126374,,,0.003608691212637405
2019-04-01 14:45:00+00:00,,,,-0.0031118454718153,
2019-04-02 00:55:00+00:00,,,,-0.0038953302714789,
2019-04-02 03:00:00+00:00,,,,7.161822489720748e-06,
2019-04-02 03:45:00+00:00,,,,-0.0040638910556958,
2019-04-02 04:30:00+00:00,,0.0033116123816436,,,0.0033116123816436804
2019-04-02 04:40:00+00:00,,,,0.0453678015964407,
2019-04-02 05:00:00+00:00,,,,0.012118148395722,
2019-04-02 05:25:00+00:00,,,,0.030901237981864,
2019-04-02 08:55:00+00:00,,0.0713724261105028,,,0.07137242611050287
2019-04-02 09:20:00+00:00,0.0746968623610071,,,,
2019-04-02 14:05:00+00:00,-0.0169850000000001,,,,
2019-04-02 23:20:00+00:00,,,,-0.0080363904417445,
2019-04-02 23:50:00+00:00,,,,-0.006112907455289,
2019-04-03 00:35:00+00:00,,,,-0.002183308688748,
2019-04-03 03:10:00+00:00,,,,0.0057133884576821,
2019-04-03 04:10:00+00:00,0.0151224544463479,,,,
2019-04-03 16:15:00+00:00,,,,-0.0008254038240393,
2019-04-03 17:15:00+00:00,,,,-0.0045668824635874,
2019-04-03 18:55:00+00:00,,,,-0.0067135592161373,
2019-04-03 20:10:00+00:00,0.0084920639612213,,,,
2019-04-03 20:25:00+00:00,,,,0.0055168034874577,
2019-04-03 21:40:00+00:00,,,,-0.0061917550509422,
2019-04-03 22:40:00+00:00,-0.0169849999999999,,,,
2019-04-03 23:25:00+00:00,,,0.185149219238432,,
2019-04-04 06:20:00+00:00,0.0079899999999999,,,,
2019-04-05 05:05:00+00:00,0.0079899999999999,,,,
2019-04-06 19:55:00+00:00,0.0093394315968076,,,,
2019-04-06 21:00:00+00:00,,-0.0262667242754924,,,-0.02626672427549248
2019-04-06 21:20:00+00:00,,,-0.0247967926027595,,
2019-04-07 16:05:00+00:00,-0.016985,,,,
2019-04-07 16:25:00+00:00,,,-0.0156834890053582,,
2019-04-08 01:25:00+00:00,,,,-0.0062422368093423,
2019-04-08 02:35:00+00:00,0.0079899999999999,,,,
2019-04-08 07:30:00+00:00,,,-0.0175014262664884,,
2019-04-08 08:35:00+00:00,,-0.0288893156875986,,,-0.02888931568759867
2019-04-08 22:20:00+00:00,0.0079899999999999,,,,
2019-04-09 03:50:00+00:00,,,-0.0185301226413656,,
2019-04-10 18:40:00+00:00,,,,0.0091575400565504,
2019-04-10 20:35:00+00:00,,-0.0229981742895589,,,-0.02299817428955897
2019-04-10 20:40:00+00:00,-0.0338204195050323,,,,
2019-04-11 03:25:00+00:00,,,-0.0001482145319178,,
2019-04-12 20:35:00+00:00,,,-0.0112949979738877,,
2019-04-13 08:25:00+00:00,,,-0.0089812996405516,,
2019-04-14 03:50:00+00:00,,,-0.0102684701934465,,
2019-04-15 10:55:00+00:00,,,-0.0078475716747915,,
2019-04-15 16:00:00+00:00,,-0.0033137116823394,,,-0.003313711682339404
2019-04-17 00:05:00+00:00,0.0079900000000001,,,,
2019-04-17 00:10:00+00:00,,0.008289489917731,,,0.008289489917731041
2019-04-18 04:10:00+00:00,,,,-0.0023625792727692,
2019-04-18 09:10:00+00:00,,,0.0044568571428571,,
2019-04-18 20:00:00+00:00,,,,-0.0039457102218851,
2019-04-18 21:40:00+00:00,,,,-0.0050791684269017,
2019-04-19 16:30:00+00:00,,,,-0.0007869150747115,
2019-04-20 08:10:00+00:00,,,,-0.0043588837785054,
2019-04-22 15:45:00+00:00,,,,-0.0101329765891304,
2019-04-22 18:25:00+00:00,,,,-0.005809409510058,
2019-04-22 19:05:00+00:00,,,,-0.0007454594487672,
2019-04-23 03:15:00+00:00,,0.0067532130531022,,,0.0067532130531022805
2019-04-23 03:25:00+00:00,,,,-0.0042959040616974,
2019-04-23 03:55:00+00:00,,,,-0.0007327055562112,
2019-04-23 04:15:00+00:00,,,,-0.0010315332682483,
2019-04-23 04:20:00+00:00,0.0079900000000001,,,,
2019-04-23 04:30:00+00:00,,,,0.0095709755616617,
2019-04-23 08:15:00+00:00,,0.0079653010364713,,,0.007965301036471306
2019-04-23 09:40:00+00:00,-0.0169849999999999,,,,
2019-04-23 22:20:00+00:00,,,0.0410799829545454,,
2019-04-25 21:55:00+00:00,,,-0.0132521786950118,,
2019-04-26 06:40:00+00:00,,,-0.0332435129557272,,
2019-04-26 16:00:00+00:00,-0.0169849999999999,,,,
2019-04-26 16:25:00+00:00,,-0.0326883353456478,,,-0.032688335345647856
2019-05-01 17:10:00+00:00,,0.0105944532212314,,,
2019-05-02 08:40:00+00:00,0.0179800000000001,,,,0.017980000000000107
2019-05-03 02:05:00+00:00,,0.0091517237953548,,,
2019-05-03 06:25:00+00:00,0.0179799999999998,,,,0.017979999999999885
2019-05-03 07:20:00+00:00,,0.0096660279071574,,,
2019-05-03 08:50:00+00:00,0.0179799999999998,,,,0.017979999999999885
2019-05-03 11:25:00+00:00,,0.010965489796568,,,
2019-05-04 01:40:00+00:00,,0.0145347341423056,,,
2019-05-04 01:45:00+00:00,0.0179799999999998,,,,0.017979999999999885
2019-05-04 04:05:00+00:00,-0.02198,,,,-0.02198
2019-05-04 13:40:00+00:00,,,,0.0857279074729571,
2019-05-04 14:25:00+00:00,,,0.0732817402420025,,
2019-05-04 22:15:00+00:00,0.0179800000000001,,,,0.017980000000000107
2019-05-06 00:55:00+00:00,,-0.0310742212023571,,,
2019-05-06 01:20:00+00:00,-0.02198,,,,-0.02198
2019-05-06 01:30:00+00:00,,,,-0.0104154662623199,
2019-05-06 01:55:00+00:00,,,-0.0172292433980053,,
2019-05-07 04:00:00+00:00,0.0289401747276696,,,,0.028940174727669632
2019-05-07 13:40:00+00:00,,0.0154434386111268,,,
2019-05-07 23:55:00+00:00,,,,0.0227420105475479,
2019-05-08 23:20:00+00:00,0.0179799999999998,,,,0.017979999999999885
2019-05-09 05:00:00+00:00,0.0179799999999998,,,,0.017979999999999885
2019-05-09 22:45:00+00:00,,0.0198805335158023,,,
2019-05-10 16:35:00+00:00,0.0179800000000001,,,,0.017980000000000107
2019-05-10 16:50:00+00:00,,0.0166160260237206,,,
2019-05-10 20:50:00+00:00,-0.02198,,,,-0.02198
2019-05-11 02:55:00+00:00,0.0179799999999998,,,,0.017979999999999885
2019-05-11 04:45:00+00:00,0.0179799999999998,,,,0.017979999999999885
2019-05-11 08:10:00+00:00,,0.0450943245342092,,,
2019-05-11 16:30:00+00:00,0.0194300873437838,,,,0.01943008734378382
2019-05-11 22:00:00+00:00,0.0179799999999998,,,,0.017979999999999885
2019-05-11 23:35:00+00:00,0.0295647782989831,,,,0.029564778298983185
2019-05-12 00:30:00+00:00,,-0.0416966709215743,,,
2019-05-12 05:25:00+00:00,0.0179799999999998,,,,0.017979999999999885
2019-05-12 08:20:00+00:00,-0.02198,,,,-0.02198
2019-05-12 09:50:00+00:00,-0.0227720195091065,,,,-0.022772019509106567
2019-05-12 11:35:00+00:00,,-0.0485586465613594,,,
2019-05-12 11:40:00+00:00,,,,0.1873230595752677,
2019-05-12 14:00:00+00:00,-0.02198,,,,-0.02198
2019-05-12 15:45:00+00:00,,,0.1869712420270026,,
2019-05-12 18:15:00+00:00,0.0179799999999998,,,,0.017979999999999885
2019-05-12 21:45:00+00:00,0.0179800000000001,,,,0.017980000000000107
2019-05-13 12:35:00+00:00,0.0289363735326384,,,,0.02893637353263845
2019-05-13 16:15:00+00:00,0.0541918765952724,,,,0.05419187659527247
2019-05-13 21:30:00+00:00,,0.0487863006964914,,,
2019-05-13 22:25:00+00:00,0.0244175962714916,,,,0.02441759627149165
2019-05-14 01:25:00+00:00,0.0179800000000001,,,,0.017980000000000107
2019-05-14 02:25:00+00:00,-0.0219800000000001,,,,-0.02198000000000011
2019-05-14 08:10:00+00:00,0.0294129449968432,,,,0.029412944996843216
2019-05-14 08:45:00+00:00,-0.02198,,,,-0.02198
2019-05-14 10:15:00+00:00,-0.0219800000000001,,,,-0.02198000000000011
2019-05-14 16:00:00+00:00,-0.02198,,,,-0.02198
2019-05-14 18:35:00+00:00,-0.02198,,,,-0.02198
2019-05-14 19:15:00+00:00,,,,0.0917013272427715,
2019-05-14 20:50:00+00:00,-0.0219800000000001,,,,-0.02198000000000011
2019-05-14 23:45:00+00:00,0.0179800000000001,,,,0.017980000000000107
2019-05-15 18:40:00+00:00,0.0179799999999998,,,,0.017979999999999885
2019-05-16 02:50:00+00:00,0.0179800000000001,,,,0.017980000000000107
2019-05-16 10:10:00+00:00,-0.02198,,,,-0.02198
2019-05-16 10:15:00+00:00,,,,-0.0149108352785671,
2019-05-16 12:55:00+00:00,-0.02198,,,,-0.02198
2019-05-16 13:00:00+00:00,,,0.0869713638461213,,
2019-05-16 20:55:00+00:00,-0.02198,,,,-0.02198
2019-05-17 01:40:00+00:00,-0.0219800000000001,,,,-0.02198000000000011
2019-05-17 03:00:00+00:00,,,,-0.0631810870381966,
2019-05-17 04:55:00+00:00,-0.02198,,,,-0.02198
2019-05-17 10:30:00+00:00,-0.02198,,,,-0.02198
2019-05-17 16:05:00+00:00,-0.02198,,,,-0.02198
2019-05-17 17:05:00+00:00,-0.02198,,,,-0.02198
2019-05-17 22:15:00+00:00,0.022503467828957,,,,0.02250346782895707
2019-05-18 09:30:00+00:00,-0.02198,,,,-0.02198
2019-05-19 03:10:00+00:00,0.0496329832942712,,,,0.04963298329427124
2019-05-19 04:50:00+00:00,0.0179800000000001,,,,0.017980000000000107
2019-05-19 12:20:00+00:00,-0.02198,,,,-0.02198
2019-05-19 22:35:00+00:00,0.0179800000000001,,,,0.017980000000000107
2019-05-19 22:45:00+00:00,,0.048841611412618,,,
2019-05-20 00:05:00+00:00,-0.02198,,,,-0.02198
2019-05-20 00:45:00+00:00,,,,0.0862704887061371,
2019-05-20 08:50:00+00:00,-0.02198,,,,-0.02198
2019-05-20 13:10:00+00:00,,,,-0.0692958078941003,
2019-05-20 20:45:00+00:00,0.0179799999999998,,,,0.017979999999999885
2019-05-21 11:35:00+00:00,-0.02198,,,,-0.02198
2019-05-22 11:10:00+00:00,-0.02198,,,,-0.02198
2019-05-22 20:15:00+00:00,-0.02198,,,,-0.02198
2019-05-22 21:50:00+00:00,,,,-0.024917744382126,
2019-05-22 22:15:00+00:00,,,0.0505427509293681,,
2019-05-23 00:20:00+00:00,-0.0219800000000001,,,,-0.02198000000000011
2019-05-23 09:10:00+00:00,-0.02198,,,,-0.02198
2019-05-23 15:00:00+00:00,0.0179800000000001,,,,0.017980000000000107
2019-05-24 08:20:00+00:00,0.0179799999999998,,,,0.017979999999999885
2019-05-24 16:05:00+00:00,0.0179799999999998,,,,0.017979999999999885
2019-05-24 23:05:00+00:00,-0.02198,,,,-0.02198
2019-05-26 11:20:00+00:00,-0.02198,,,,-0.02198
2019-05-26 20:40:00+00:00,0.047264156424581,,,,0.04726415642458104
2019-05-26 22:10:00+00:00,0.0179800000000001,,,,0.017980000000000107
2019-05-27 01:00:00+00:00,,0.0580124631466094,,,
2019-05-27 15:35:00+00:00,0.0179800000000001,,,,0.017980000000000107
2019-05-27 16:40:00+00:00,-0.02198,,,,-0.02198
2019-05-28 13:30:00+00:00,-0.02198,,,,-0.02198
2019-05-29 04:25:00+00:00,-0.02198,,,,-0.02198
2019-05-29 04:35:00+00:00,,,,0.1144277303779894,
2019-05-29 05:15:00+00:00,,,0.1122130107069288,,
2019-05-30 16:15:00+00:00,,-0.0217010926897451,,-0.0036146328308334,
2019-05-30 16:20:00+00:00,-0.0226596821029591,,,,
2019-05-30 21:30:00+00:00,,,-0.0508296502657988,,-0.05082965026579889
2019-05-31 04:30:00+00:00,-0.02198,,,,
2019-05-31 18:30:00+00:00,0.0179800000000001,,,,
2019-06-01 09:10:00+00:00,0.0179800000000001,,,,
2019-06-02 12:00:00+00:00,0.0179800000000001,,,,
2019-06-02 13:15:00+00:00,-0.02198,,,-0.007897062514522,
2019-06-03 05:50:00+00:00,-0.0219800000000001,,,,
2019-06-03 07:00:00+00:00,,,0.0118516436943898,,0.011851643694389846
2019-06-03 14:45:00+00:00,-0.02198,,,,
2019-06-03 23:10:00+00:00,-0.02198,-0.0218800433913984,,,
2019-06-03 23:50:00+00:00,,,-0.0473905803779481,,-0.04739058037794819
2019-06-04 17:15:00+00:00,-0.02198,,,,
2019-06-05 07:40:00+00:00,0.0179800000000001,,,,
2019-06-05 14:40:00+00:00,-0.02198,,,,
2019-06-06 14:45:00+00:00,-0.02198,,,,
2019-06-06 18:30:00+00:00,,,-0.0455273145515305,,-0.045527314551530584
2019-06-07 06:05:00+00:00,0.0179799999999998,,,,
2019-06-07 19:20:00+00:00,0.0179799999999998,,,,
2019-06-08 06:00:00+00:00,,,,0.0010305788749189,
2019-06-08 07:00:00+00:00,-0.0219800000000001,,,,
2019-06-08 16:35:00+00:00,-0.02198,,,,
2019-06-08 17:30:00+00:00,,,0.0052501811125484,,0.005250181112548491
2019-06-09 12:30:00+00:00,-0.02198,,,,
2019-06-09 13:30:00+00:00,,,-0.0256872906403941,,-0.0256872906403941
2019-06-09 22:05:00+00:00,-0.02198,,,,
2019-06-10 11:25:00+00:00,0.0179800000000001,,,,
2019-06-11 10:10:00+00:00,-0.02198,-0.0238502242773948,,-0.0190975364299864,
2019-06-11 11:45:00+00:00,,,0.0025715239764516,,0.0025715239764516618
2019-06-12 12:15:00+00:00,0.0179800000000001,,,,
2019-06-12 15:10:00+00:00,0.0179800000000001,,,,
2019-06-13 10:25:00+00:00,,,,0.0014151011924352,
2019-06-13 22:20:00+00:00,0.0179799999999998,,,,
2019-06-15 00:30:00+00:00,,0.0187003364733686,,,
2019-06-15 01:10:00+00:00,0.0343725974510435,,,,
2019-06-15 16:30:00+00:00,,0.0194044363412906,,,
2019-06-16 04:55:00+00:00,,0.0195654464510879,,,
2019-06-16 08:45:00+00:00,,,,0.0941552609520528,
2019-06-16 08:50:00+00:00,0.0392730510332319,,,,
2019-06-16 14:00:00+00:00,,0.0205081995964433,,,
2019-06-16 19:35:00+00:00,-0.0219799999999998,,,,
2019-06-17 10:45:00+00:00,0.0179800000000001,,,,
2019-06-17 23:10:00+00:00,0.0179800000000001,,,,
2019-06-18 03:25:00+00:00,-0.02198,,,,
2019-06-18 05:30:00+00:00,,,,-0.0228271323559716,
2019-06-18 07:35:00+00:00,,,0.1531626494054352,,0.15316264940543522
2019-06-18 15:20:00+00:00,-0.02198,,,,
2019-06-18 16:55:00+00:00,,,-0.0261453618168656,,-0.026145361816865664
2019-06-20 02:55:00+00:00,0.0179799999999998,,,,
2019-06-20 08:45:00+00:00,,,,-0.0149256282855269,
2019-06-20 23:50:00+00:00,0.0179800000000001,,,,
2019-06-21 09:55:00+00:00,,0.018784423930322,,,
2019-06-21 13:30:00+00:00,0.0179799999999998,,,,
2019-06-22 00:10:00+00:00,,-0.0212745065357137,,,
2019-06-22 05:35:00+00:00,,0.048848150338457,,,
2019-06-22 06:20:00+00:00,0.0800450187632897,,,,
2019-06-22 14:30:00+00:00,0.0299489402796566,,,0.1304826699709262,
2019-06-22 19:00:00+00:00,-0.02198,,,,
2019-06-23 10:35:00+00:00,-0.02198,,,,
2019-06-23 22:25:00+00:00,,-0.0419916523621329,,,
2019-06-23 22:40:00+00:00,0.0179799999999998,,,,
2019-06-23 23:05:00+00:00,,,,-0.0309727799011217,
2019-06-24 00:10:00+00:00,-0.0219800000000001,,,,
2019-06-24 16:05:00+00:00,0.0179800000000001,,,,
2019-06-25 06:50:00+00:00,0.0199891669519767,,,,
2019-06-26 03:15:00+00:00,,0.0282294775769684,,,
2019-06-26 07:50:00+00:00,,0.0454595833966904,,,
2019-06-26 09:05:00+00:00,0.1147860518401833,,,,
2019-06-26 20:35:00+00:00,,-0.0345966559608786,,0.1203483628017141,
2019-06-26 20:40:00+00:00,0.0286253272274508,,,,
2019-06-27 01:40:00+00:00,-0.0541511423063036,,,,
2019-06-27 03:50:00+00:00,0.0179799999999998,,,,
2019-06-27 06:25:00+00:00,-0.0219800000000001,-0.0718494524932435,,,
2019-06-27 09:25:00+00:00,,,0.2847156041450303,,0.2847156041450303
2019-06-27 14:05:00+00:00,-0.02198,,,,
2019-06-27 15:15:00+00:00,-0.02198,,,,
2019-06-28 04:00:00+00:00,0.0179800000000001,,,,
2019-06-28 23:35:00+00:00,0.0250628485241253,,,,
2019-06-29 01:55:00+00:00,-0.02198,,,,
2019-06-29 02:00:00+00:00,,,,-0.0294019793592553,-0.02940197935925537
2019-06-29 10:00:00+00:00,-0.02198,,,,
2019-06-29 18:30:00+00:00,0.0179799999999998,,,,
2019-06-30 07:10:00+00:00,-0.02198,,,,
2019-06-30 22:30:00+00:00,-0.02198,,,,
2019-07-01 12:20:00+00:00,-0.02198,,,,
2019-07-01 12:25:00+00:00,,-0.0439627320712531,,,
2019-07-02 01:40:00+00:00,-0.02198,,,,
2019-07-02 04:15:00+00:00,,-0.0468589759911735,,,
2019-07-02 11:05:00+00:00,-0.0297218217671655,-0.0504459694236979,,,
2019-07-02 14:30:00+00:00,0.0179799999999998,,,,
2019-07-02 21:10:00+00:00,0.0242050120874446,,,,
2019-07-03 00:00:00+00:00,0.0179800000000001,,,,
2019-07-03 00:50:00+00:00,,0.0649803336285104,,,
2019-07-03 04:45:00+00:00,0.0231227352404159,,,,
2019-07-03 08:30:00+00:00,-0.02198,,,,
2019-07-03 08:55:00+00:00,,,-0.0198644265867975,,
2019-07-03 09:00:00+00:00,,,,0.0203608247422679,0.02036082474226797
2019-07-04 02:35:00+00:00,0.0552796077255075,,,,
2019-07-04 04:35:00+00:00,-0.02198,,,,
2019-07-04 05:20:00+00:00,,,-0.0218988010320232,,
2019-07-04 05:45:00+00:00,,,,-0.0118209552494962,-0.011820955249496223
2019-07-04 23:05:00+00:00,-0.02198,,,,
2019-07-05 01:05:00+00:00,,-0.0093568935737374,,,
2019-07-05 20:10:00+00:00,-0.02198,,,,
2019-07-05 20:30:00+00:00,,-0.0403369332825818,,,
2019-07-06 08:00:00+00:00,0.0179800000000001,,,,
2019-07-06 21:25:00+00:00,-0.02198,,,,
2019-07-06 21:30:00+00:00,,,,-0.0267624493155136,-0.026762449315513637
2019-07-07 16:40:00+00:00,-0.0219799999999998,,,,
2019-07-08 00:20:00+00:00,,0.0048974676904001,,,
2019-07-08 08:55:00+00:00,0.0179799999999998,,,,
2019-07-08 14:35:00+00:00,0.0179799999999998,,,,
2019-07-08 19:45:00+00:00,,0.032634518485858,,,
2019-07-09 02:00:00+00:00,,0.0325979046153981,,,
2019-07-09 06:05:00+00:00,0.0369531296200169,,,,
2019-07-09 07:50:00+00:00,-0.02198,-0.0292722124585714,,,
2019-07-09 08:00:00+00:00,,,,0.0770022412062394,0.07700224120623944
2019-07-09 10:25:00+00:00,,,0.0174737432879288,,
2019-07-09 21:35:00+00:00,0.0179799999999998,,,,
2019-07-10 05:25:00+00:00,0.0308605779089785,,,,
2019-07-10 07:05:00+00:00,-0.02198,,,,
2019-07-10 14:15:00+00:00,-0.0219800000000001,,,,
2019-07-10 14:45:00+00:00,,,-0.0076632300264756,,
2019-07-10 14:50:00+00:00,,,,-0.0064752359787551,-0.006475235978755101
2019-07-10 15:10:00+00:00,,-0.0355960943546594,,,
2019-07-11 00:05:00+00:00,-0.02198,,,,
2019-07-11 03:20:00+00:00,-0.02198,,,,
2019-07-11 16:15:00+00:00,0.0179800000000001,,,,
2019-07-11 19:15:00+00:00,-0.02198,,,,
2019-07-11 20:10:00+00:00,-0.02198,,,,
2019-07-12 03:50:00+00:00,-0.0219800000000001,,,,
2019-07-13 04:05:00+00:00,,,,-0.0253498138399982,-0.025349813839998236
2019-07-13 10:05:00+00:00,-0.02198,,,,
2019-07-13 11:50:00+00:00,,-0.0450328965943463,,,
2019-07-13 18:15:00+00:00,-0.0219800000000001,,,,
2019-07-14 07:05:00+00:00,-0.02198,,,,
2019-07-14 09:45:00+00:00,,-0.0322224368257091,,,
2019-07-14 21:00:00+00:00,0.0179800000000001,,,,
2019-07-14 23:00:00+00:00,-0.02198,,,,
2019-07-15 14:00:00+00:00,0.0179800000000001,,,,
2019-07-15 22:20:00+00:00,0.0198575968742791,,,,
2019-07-16 03:40:00+00:00,,,-0.0196646561624708,,
2019-07-16 03:45:00+00:00,-0.0219800000000001,,,,
2019-07-16 07:25:00+00:00,,,,-0.0273590555803219,-0.027359055580321923
2019-07-16 10:00:00+00:00,-0.02198,,,,
2019-07-16 12:50:00+00:00,-0.0219800000000001,,,,
2019-07-16 16:00:00+00:00,,-0.0444357455308631,,,
2019-07-17 10:00:00+00:00,-0.0219799999999998,,,,
2019-07-17 19:25:00+00:00,0.0247785763454317,,,,
2019-07-17 20:05:00+00:00,-0.02198,,,,
2019-07-17 23:20:00+00:00,-0.02198,,,,
2019-07-18 00:25:00+00:00,,,-0.0156052057270374,,
2019-07-18 12:15:00+00:00,-0.02198,,,,
2019-07-18 12:20:00+00:00,,,,-0.0364018046843318,-0.03640180468433185
2019-07-18 14:45:00+00:00,,0.0556899675607125,,,
2019-07-18 19:15:00+00:00,0.0429001552002061,,,,
2019-07-19 05:00:00+00:00,,,0.0062518662106911,,
2019-07-19 08:25:00+00:00,-0.02198,,,,
2019-07-19 08:55:00+00:00,,,,0.0219156672259737,0.021915667225973712
2019-07-19 13:05:00+00:00,-0.0282803471185043,,,,
2019-07-20 04:35:00+00:00,0.0179800000000001,,,,
2019-07-20 15:15:00+00:00,,0.0190821742536337,,,
2019-07-20 21:05:00+00:00,0.028837026713256,,,,
2019-07-20 23:40:00+00:00,-0.02198,,,,
2019-07-20 23:50:00+00:00,,,,-0.0080531413782547,-0.008053141378254747
2019-07-21 00:10:00+00:00,,,-0.0187299634296792,,
2019-07-21 04:00:00+00:00,,-0.0382388680969242,,,
2019-07-21 13:20:00+00:00,-0.0219800000000001,,,,
2019-07-22 14:40:00+00:00,-0.0219800000000001,-0.0265466436917946,,,
2019-07-23 05:40:00+00:00,-0.02198,,,,
2019-07-23 23:15:00+00:00,,-0.0291753812762269,-0.0270148731108652,,
2019-07-23 23:25:00+00:00,-0.02198,,,,
2019-07-24 16:20:00+00:00,-0.02198,-0.0290396323170035,,,
2019-07-25 04:45:00+00:00,0.0322388099426984,,,,
2019-07-25 13:10:00+00:00,,,,-0.0035533416742357,-0.0035533416742357105
2019-07-25 13:45:00+00:00,,,-0.0173097123871696,,
2019-07-26 00:15:00+00:00,,-0.0285996704721531,,,
2019-07-27 00:10:00+00:00,0.0179800000000001,,,,
2019-07-27 10:20:00+00:00,-0.0219799999999998,-0.0271433218179454,,,
2019-07-27 10:25:00+00:00,,,,-0.045413064723803,-0.04541306472380302
2019-07-28 22:00:00+00:00,,,,-0.0186353241058102,-0.018635324105810258
2019-07-29 08:55:00+00:00,,,,-0.005821729167355,-0.0058217291673550164
2019-07-30 18:00:00+00:00,,-0.0050347540820329,,,
2019-07-31 10:45:00+00:00,0.018632673230051,,,,
2019-07-31 19:00:00+00:00,0.0188790826195082,,,,
2019-08-01 00:05:00+00:00,,0.0148434042506395,,,
2019-08-01 03:45:00+00:00,,,,0.026920190315133,0.02692019031513304
2019-08-01 04:25:00+00:00,,,0.0175099386111512,,
2019-08-02 01:15:00+00:00,0.0370587894436604,,,,
2019-08-02 06:05:00+00:00,,0.0153181034119673,,,
2019-08-02 18:00:00+00:00,,,0.0247186205798024,,
2019-08-02 20:30:00+00:00,,,,0.021840219400804,0.02184021940080405
2019-08-03 07:25:00+00:00,0.0327834317526383,,,,
2019-08-03 07:55:00+00:00,,0.0173897410742849,,,
2019-08-03 12:10:00+00:00,,,,-0.0027037563264415,-0.0027037563264415976
2019-08-04 03:40:00+00:00,,,-0.0034093423827228,-0.0172058220996931,-0.017205822099693124
2019-08-04 04:40:00+00:00,-0.0219800000000001,,,,
2019-08-04 20:35:00+00:00,0.0235787626722121,,,,
2019-08-05 00:45:00+00:00,,0.0158659193396137,,,
2019-08-05 06:25:00+00:00,,0.0283667768589139,,,
2019-08-05 11:15:00+00:00,0.0541635100688249,,,,
2019-08-05 16:55:00+00:00,0.0179799999999998,,,,
2019-08-06 01:30:00+00:00,-0.02198,,,0.0592982202331988,0.05929822023319886
2019-08-06 02:10:00+00:00,,,0.0623294140651411,,
2019-08-06 06:40:00+00:00,,0.0186750074962298,,,
2019-08-06 10:30:00+00:00,,,,0.0046489708486592,0.0046489708486592285
2019-08-06 10:45:00+00:00,,-0.027306159446293,,,
2019-08-06 11:45:00+00:00,,,-0.0349557292307691,,
2019-08-06 12:35:00+00:00,-0.02198,,,,
2019-08-06 21:20:00+00:00,-0.02198,,,,
2019-08-07 15:05:00+00:00,,-0.0331136093307059,,,
2019-08-07 15:15:00+00:00,,,,-0.0190368303082304,-0.019036830308230446
2019-08-07 17:15:00+00:00,,,-0.0355827530527385,,
2019-08-07 20:00:00+00:00,0.0179800000000001,,,,
2019-08-08 17:25:00+00:00,-0.02198,,,,
2019-08-09 08:35:00+00:00,,,,-0.0179514305847258,-0.017951430584725814
2019-08-09 09:50:00+00:00,,,-0.0232495241293436,,
2019-08-10 11:25:00+00:00,-0.02198,,,,
2019-08-11 09:15:00+00:00,-0.0219799999999998,,,,
2019-08-12 05:20:00+00:00,,,,-0.0084132679030669,-0.008413267903066957
2019-08-13 13:35:00+00:00,-0.0219800000000001,,,,
2019-08-14 01:20:00+00:00,-0.02198,,,,
2019-08-14 09:20:00+00:00,-0.0219800000000001,,,,
2019-08-14 16:25:00+00:00,-0.0227731409405298,,,,
2019-08-14 23:30:00+00:00,-0.0219799999999998,,,,
2019-08-16 01:35:00+00:00,0.0302294353355967,,,,
2019-08-16 04:45:00+00:00,-0.02198,-0.0316483434504382,,,
2019-08-16 04:50:00+00:00,,,-0.0223493773740839,,
2019-08-16 11:30:00+00:00,-0.0219799999999998,,,,
2019-08-16 20:45:00+00:00,0.0321445439702954,,,,
2019-08-17 00:35:00+00:00,,,,-0.0248071218778949,-0.02480712187789491
2019-08-17 00:40:00+00:00,,,-0.0246855845240409,,
2019-08-17 17:15:00+00:00,-0.02198,,,,
2019-08-18 07:05:00+00:00,,-0.0205608657327489,,,
2019-08-18 16:00:00+00:00,0.0179800000000001,,,,
2019-08-19 00:00:00+00:00,,,-0.007149499448336,,
2019-08-19 00:15:00+00:00,,,,-0.0146583756517817,-0.014658375651781741
2019-08-19 11:45:00+00:00,,0.0248444192376657,,,
2019-08-19 12:15:00+00:00,0.0194170647496076,,,,
2019-08-20 06:00:00+00:00,,,,0.0199265402075368,0.019926540207536814
2019-08-20 06:05:00+00:00,,,0.0034365604897708,,
2019-08-21 02:20:00+00:00,,-0.0085918266108917,,,
2019-08-21 03:30:00+00:00,-0.02198,,,,
2019-08-22 01:45:00+00:00,-0.0219800000000001,,,,
2019-08-22 18:05:00+00:00,0.0179800000000001,,,,
2019-08-23 19:05:00+00:00,0.0179799999999998,,,,
2019-08-24 03:10:00+00:00,,,-0.0094050571504199,,
2019-08-24 07:10:00+00:00,,,,0.0040574692570962,0.004057469257096269
2019-08-24 08:20:00+00:00,-0.02198,,,,
2019-08-25 12:45:00+00:00,0.0179800000000001,,,,
2019-08-25 14:25:00+00:00,,,,-0.0210155255391507,-0.02101552553915076
2019-08-25 14:30:00+00:00,-0.0224854693438655,,,,
2019-08-26 03:50:00+00:00,,-0.0322584817573988,,,
2019-08-26 03:55:00+00:00,,,,-0.0116275258744982,-0.011627525874498224
2019-08-26 05:35:00+00:00,0.0179800000000001,,,,
2019-08-27 03:15:00+00:00,-0.02198,,,,
2019-08-28 18:25:00+00:00,,,-0.0537929677334464,,
2019-08-30 21:40:00+00:00,,-0.0109958641450939,,,
2019-09-01 01:10:00+00:00,,0.0028592694448477,,,
2019-09-01 21:50:00+00:00,,-0.0088445721169534,,,
2019-09-01 22:35:00+00:00,,0.0030098951156811,,,
2019-09-01 23:30:00+00:00,,-0.0079439602649842,,,
2019-09-02 17:05:00+00:00,,0.0024069536129369,,,
2019-09-02 18:30:00+00:00,,0.0117311460967746,,,
2019-09-02 20:20:00+00:00,0.0179800000000001,,,,
2019-09-02 20:45:00+00:00,,,,-0.0121817366557553,
2019-09-02 21:25:00+00:00,,0.0131838977230704,,,
2019-09-02 23:05:00+00:00,,,,-0.008765491966886,
2019-09-02 23:20:00+00:00,,-0.0095347795896318,,,
2019-09-03 03:45:00+00:00,,,,-0.0071922681941776,
2019-09-03 07:55:00+00:00,,-0.0066917839906934,,,
2019-09-03 11:45:00+00:00,,,,-0.0083801859180304,
2019-09-03 12:50:00+00:00,,0.0040555161346709,,,
2019-09-03 14:00:00+00:00,,0.0085304348649928,,,
2019-09-03 14:50:00+00:00,,,,0.0166583130167876,
2019-09-03 14:55:00+00:00,0.0234163764421206,,,,
2019-09-04 13:05:00+00:00,,,0.0647565517983068,,
2019-09-04 19:40:00+00:00,,0.0051343177417502,,,
2019-09-04 20:15:00+00:00,,,,-0.0094050398075296,
2019-09-04 20:20:00+00:00,,-0.0144724202407385,,,
2019-09-05 02:50:00+00:00,,,-0.0168138855372024,,
2019-09-05 19:50:00+00:00,0.0179799999999998,,,,
2019-09-05 19:55:00+00:00,,,,-0.0295758783220668,
2019-09-06 12:50:00+00:00,,,,-0.0087825350662527,
2019-09-06 13:45:00+00:00,,-0.0105726463771033,,,
2019-09-06 18:30:00+00:00,,,-0.0272437997192325,,
2019-09-07 17:20:00+00:00,,-0.0111431041072062,,,
2019-09-08 11:25:00+00:00,,,-0.0196694831574922,,
2019-09-09 11:10:00+00:00,,0.003593397008252,,,
2019-09-09 12:15:00+00:00,,0.0053295319389825,,,
2019-09-09 16:05:00+00:00,-0.0219800000000001,,,,
2019-09-11 01:45:00+00:00,,-0.0103973218678035,,,
2019-09-11 21:35:00+00:00,,8.129131513645582e-05,,,
2019-09-13 17:15:00+00:00,,,0.0022964014093207,,
2019-09-15 03:20:00+00:00,,,-0.0080009804375238,,
2019-09-16 22:05:00+00:00,,0.0077089989759973,,,
2019-09-19 20:00:00+00:00,0.0179800000000001,0.0048978282855403,,,
2019-09-20 00:30:00+00:00,,-0.0026804307202905,,,
2019-09-20 21:50:00+00:00,,,-0.0153540311045898,,
2019-09-21 06:20:00+00:00,-0.0219800000000001,,,,
2019-09-22 07:40:00+00:00,,0.0026331988615211,,,
2019-09-22 12:15:00+00:00,,-0.0035499808674231,,,
2019-09-24 02:45:00+00:00,,-0.0094772238141059,,,
2019-09-24 16:55:00+00:00,,-0.0099846030207992,,,
2019-09-24 21:00:00+00:00,,0.018260086560071,,,
2019-09-24 23:05:00+00:00,,0.0175110392075703,,,
2019-09-24 23:55:00+00:00,-0.0219799999999998,,,,
2019-09-25 04:10:00+00:00,-0.02198,,,,
2019-09-25 12:15:00+00:00,-0.02198,,,,
2019-09-25 23:10:00+00:00,-0.0219800000000001,,,,
2019-09-27 21:40:00+00:00,0.0179800000000001,,,,
2019-09-28 02:10:00+00:00,,-0.0164260365367606,,,
2019-09-28 12:30:00+00:00,-0.02198,,,,
2019-09-28 22:45:00+00:00,,,,-0.0229688281314319,
2019-09-28 22:50:00+00:00,,-0.0133548276837348,,,
2019-09-28 22:55:00+00:00,-0.0219800000000001,,,,
2019-09-30 11:20:00+00:00,,0.0069993989333123,,,
2019-09-30 13:30:00+00:00,0.0179800000000001,,,,
2019-09-30 16:00:00+00:00,,0.0072863412268708,,,
2019-09-30 20:05:00+00:00,,,,-0.013619675536145,
2019-09-30 21:50:00+00:00,,,0.0026675135131153,,
2019-10-01 02:10:00+00:00,0.0179799999999998,,,,
2019-10-01 02:55:00+00:00,,0.0065980632911997,,,
2019-10-01 03:15:00+00:00,,0.0066635688079621,,,
2019-10-01 06:15:00+00:00,,-0.0136418256508114,,,
2019-10-01 08:30:00+00:00,,,,-0.0003752557624073,
2019-10-01 09:15:00+00:00,,,-0.0199582521865372,,
2019-10-01 17:55:00+00:00,-0.02198,,,,
2019-10-04 00:05:00+00:00,,-0.0096094013383682,,,
2019-10-05 22:40:00+00:00,,-0.009045824549042,,,
2019-10-06 18:20:00+00:00,,-0.0092778489999671,,,
2019-10-07 11:40:00+00:00,,0.0047649510465066,,,
2019-10-07 13:20:00+00:00,0.0179799999999998,,,,
2019-10-07 14:00:00+00:00,,0.0050729808502967,,,
2019-10-07 23:45:00+00:00,,,,-0.0011073053977879,
2019-10-08 02:10:00+00:00,0.0179800000000001,,,,
2019-10-08 05:25:00+00:00,,,0.0243998278013477,,
2019-10-08 07:40:00+00:00,,,,-0.0118672745735484,
2019-10-09 16:05:00+00:00,,0.0310788621062063,,,
2019-10-09 16:20:00+00:00,,0.0040329545986939,,,
2019-10-09 17:25:00+00:00,0.0225701522566093,,,,
2019-10-09 21:35:00+00:00,,,,0.0239783350185112,
2019-10-10 01:45:00+00:00,,,0.0101298407653502,,
2019-10-11 05:15:00+00:00,,,,-0.014492122168056,
2019-10-11 05:20:00+00:00,,-0.0239015730424916,,,
2019-10-11 05:25:00+00:00,-0.0219799999999998,,,,
2019-10-13 20:05:00+00:00,,,,-0.0041859862081964,
2019-10-14 21:05:00+00:00,,-0.0012560947971637,,,
2019-10-17 10:05:00+00:00,,0.0028803706718609,,,
2019-10-17 12:05:00+00:00,,-0.0086476850579222,,,
2019-10-17 19:35:00+00:00,,,-0.0075198617603697,,
2019-10-19 15:55:00+00:00,,-0.0092115672344132,,,
2019-10-20 18:25:00+00:00,,0.0029360484303471,,,
2019-10-20 19:30:00+00:00,,0.0029696319626157,,,
2019-10-20 23:10:00+00:00,,,,0.0089058475326018,
2019-10-20 23:15:00+00:00,,-0.0086868520808466,,,
2019-10-21 08:35:00+00:00,,,0.017272202609134,,
2019-10-21 15:20:00+00:00,0.0179800000000001,,,,
2019-10-21 15:25:00+00:00,,,,-0.0153401625368357,
2019-10-22 13:50:00+00:00,,,-0.0072001862523962,,
2019-10-25 13:50:00+00:00,,0.0081329262520339,,,
2019-10-25 15:40:00+00:00,0.0179800000000001,,,,
2019-10-25 16:50:00+00:00,,0.0863031009559338,,,
2019-10-25 17:35:00+00:00,,-0.0195517860929534,,,
2019-10-25 19:20:00+00:00,0.0922569128844617,,,,
2019-10-25 22:45:00+00:00,,,,0.1193064050850938,
2019-10-26 00:20:00+00:00,0.0179799999999998,,,,
2019-10-26 02:25:00+00:00,,0.0958018292682925,,,
2019-10-26 04:10:00+00:00,0.0765851195083087,,,,
2019-10-26 04:20:00+00:00,,,,0.0782163279918173,
2019-10-26 05:10:00+00:00,0.0179799999999998,,,,
2019-10-26 08:45:00+00:00,,,0.2345907156968025,,
2019-10-26 13:00:00+00:00,-0.0219800000000001,,,,
2019-10-26 23:35:00+00:00,0.0079899999999999,,,,
2019-10-27 01:40:00+00:00,-0.016985,,,,
2019-10-27 11:45:00+00:00,-0.0169850000000001,,,,
2019-10-27 16:15:00+00:00,0.0079899999999999,,,,
2019-10-27 19:50:00+00:00,0.0079899999999999,,,,
2019-10-27 23:15:00+00:00,,,-0.0116500937031482,,
2019-10-28 04:00:00+00:00,-0.0169849999999999,,,,
2019-10-29 13:25:00+00:00,-0.016985,,,,
2019-10-30 00:50:00+00:00,-0.0169850000000001,,,,
2019-10-31 14:05:00+00:00,-0.016985,,,,
2019-10-31 21:00:00+00:00,,-0.0345917020962638,,,
2019-11-02 19:00:00+00:00,,,-0.0078267850679848,,
2019-11-03 04:25:00+00:00,,,,-0.0071647503748339,
2019-11-04 19:45:00+00:00,,,-0.0028203182913394,,
2019-11-04 20:15:00+00:00,,0.0068236778787782,,,
2019-11-04 22:30:00+00:00,,,,-0.0041780678150288,
2019-11-05 06:25:00+00:00,,-0.0200941380377496,,,
2019-11-10 16:35:00+00:00,,,,0.0060235609028449,
2019-11-11 05:35:00+00:00,-0.016985,,,,
2019-11-11 06:05:00+00:00,,-0.0259315248021186,,,
2019-11-13 20:30:00+00:00,,-2.1962576872369688e-05,,,
2019-11-15 09:35:00+00:00,-0.016985,-0.0176251802704069,,,
2019-11-17 20:45:00+00:00,,,,-0.0078561708514489,
2019-11-18 02:45:00+00:00,,-0.0176723686765637,,,
2019-11-22 18:55:00+00:00,0.0079899999999999,,,,
2019-11-22 19:25:00+00:00,-0.0169849999999999,,,,
2019-11-22 23:05:00+00:00,-0.016985,,,,
2019-11-23 16:55:00+00:00,,0.0033629055178294,,,
2019-11-24 03:15:00+00:00,-0.016985,,,,
2019-11-25 09:50:00+00:00,0.0081824309392266,,,,
2019-11-25 12:25:00+00:00,,0.0214200939860707,,,
2019-11-25 15:30:00+00:00,0.0590305656412077,,,,
2019-11-25 16:00:00+00:00,0.0079900000000001,,,,
2019-11-25 21:20:00+00:00,,,-0.0047050875846185,,
2019-11-25 23:05:00+00:00,,,,-0.0272046887985165,
2019-11-26 06:15:00+00:00,-0.01199,,,,
2019-11-26 06:40:00+00:00,-0.0119899999999999,,,,
2019-11-27 15:45:00+00:00,0.0129849999999998,,,,
2019-11-27 16:45:00+00:00,,0.0256994668149952,,,
2019-11-27 18:35:00+00:00,,,,0.0174145374520622,
2019-11-27 19:50:00+00:00,0.0171276031974627,,,,
2019-11-27 21:20:00+00:00,,,0.0290933294548967,,
2019-11-28 16:25:00+00:00,,0.0044056648679784,,,
2019-11-28 22:35:00+00:00,-0.01199,,,,
2019-11-29 16:05:00+00:00,,,,0.008514449243302,
2019-11-29 19:05:00+00:00,-0.01199,,,,
2019-11-30 13:30:00+00:00,,-0.0112987911458978,,,
2019-12-04 13:30:00+00:00,,,,-0.0157780756059265,
2019-12-04 14:35:00+00:00,,-0.0396159627229977,,,
2019-12-04 16:25:00+00:00,-0.031765573317022,,,,
2019-12-04 20:50:00+00:00,,-0.0372848412417421,,,
2019-12-06 18:00:00+00:00,-0.0151929363966832,,,-0.0151929363966832,
2019-12-09 15:10:00+00:00,,-0.0141255531060672,,,
2019-12-09 15:15:00+00:00,,,,-0.0096691143392009,
2019-12-15 12:45:00+00:00,,-0.0139347725294781,,,
2019-12-18 18:10:00+00:00,0.0140440320994137,,,,
2019-12-18 19:35:00+00:00,,0.0179036062499822,,,
2019-12-18 20:50:00+00:00,,,,0.0038837802001241,
2019-12-18 23:05:00+00:00,,,,0.0037015808634073,
2019-12-18 23:20:00+00:00,,0.0289880975460652,,,
2019-12-18 23:30:00+00:00,0.023965254910063,,,,
2019-12-19 01:00:00+00:00,-0.01199,,,,
2019-12-19 01:10:00+00:00,,,0.0020486322188451,,
2019-12-22 17:55:00+00:00,,,,0.0072131732721822,
2019-12-22 19:40:00+00:00,,,,-0.00315155,
2019-12-22 20:40:00+00:00,,0.0184411167680691,,,
2019-12-22 22:30:00+00:00,,,0.0009980133747065,,
2019-12-22 23:05:00+00:00,0.0129849999999998,,,,
2019-12-22 23:50:00+00:00,,0.0085062597530518,,,
2019-12-23 00:35:00+00:00,,,,0.0036035990642433,
2019-12-23 05:00:00+00:00,,,0.0050416173935534,,
2019-12-23 06:20:00+00:00,-0.01199,,,,
2019-12-23 06:55:00+00:00,,-0.0162375863186452,,,
2019-12-23 16:25:00+00:00,,,,-0.0111398735033484,
2019-12-25 22:05:00+00:00,,,-0.0111373755267171,,
2019-12-26 19:50:00+00:00,,,,0.0031887298647386,
2019-12-26 19:55:00+00:00,,-0.0111333792083681,,,-0.0111333792083681
2019-12-26 21:05:00+00:00,-0.016985,,,,
2019-12-26 21:35:00+00:00,,,-0.017821464102026,,
2019-12-29 00:00:00+00:00,,,-0.0009952599955391,,
2019-12-29 20:30:00+00:00,,-0.0089414706652042,,0.0108325587849222,-0.008941470665204232
2019-12-30 00:20:00+00:00,,,-0.0079108824425413,,
2020-01-03 07:45:00+00:00,,0.026182179224474,,,0.026182179224474078
2020-01-03 09:55:00+00:00,0.0129849999999998,,,,
2020-01-03 14:00:00+00:00,,,,0.0027464407290676,
2020-01-03 19:05:00+00:00,,,,-0.0121577447041778,
2020-01-03 22:50:00+00:00,,,0.0081363117187358,,
2020-01-05 01:15:00+00:00,0.0129849999999998,,,,
2020-01-05 08:45:00+00:00,,,,0.0022932460722879,
2020-01-05 11:10:00+00:00,,,-0.008668372244334,,
2020-01-06 03:10:00+00:00,,,,-0.0026763612880925,
2020-01-06 10:45:00+00:00,,0.0090863627814616,,,0.009086362781461688
2020-01-06 13:55:00+00:00,,,,-0.0074707770448548,
2020-01-06 22:10:00+00:00,0.0129849999999998,,,,
2020-01-07 00:55:00+00:00,,,,0.0301691228997014,
2020-01-07 03:05:00+00:00,,0.0319175944653917,,,0.031917594465391774
2020-01-07 04:10:00+00:00,0.0217592536407766,,,,
2020-01-07 15:30:00+00:00,,,0.0368895434462446,,
2020-01-07 21:50:00+00:00,,,,0.0032564822577496,
2020-01-07 22:15:00+00:00,,-0.0128868500460197,,,-0.012886850046019749
2020-01-07 23:40:00+00:00,0.0129849999999998,,,,
2020-01-08 03:25:00+00:00,,,,0.0050662849088167,
2020-01-08 05:05:00+00:00,0.0157453539669623,,,,
2020-01-08 16:30:00+00:00,,-0.0151710016777023,0.0144703889719495,,-0.015171001677702356
2020-01-10 16:55:00+00:00,,-0.0165409832404932,,,-0.016540983240493246
2020-01-10 18:05:00+00:00,0.012985,,,,
2020-01-10 23:50:00+00:00,0.0129849999999998,,,,
2020-01-11 04:20:00+00:00,,-0.0171236099405269,,-0.0040834067680282,-0.017123609940526974
2020-01-11 05:10:00+00:00,-0.016985,,,,
2020-01-11 06:15:00+00:00,,,0.0141953710006805,,
2020-01-11 21:50:00+00:00,,,,-0.0128793519166972,
2020-01-14 00:55:00+00:00,,,,0.0035034738532873,
2020-01-14 03:50:00+00:00,,0.0134481123835112,,,0.01344811238351129
2020-01-14 04:45:00+00:00,,0.0110886394275915,,,0.011088639427591529
2020-01-14 06:05:00+00:00,0.0181397167521069,,,,
2020-01-14 10:35:00+00:00,,,,0.0172025329929026,
2020-01-14 12:40:00+00:00,,,,-0.0097060387262334,
2020-01-14 14:15:00+00:00,,0.0115355454355161,,,0.011535545435516159
2020-01-14 16:00:00+00:00,-0.0169849999999999,,,-0.0043542329828361,
2020-01-14 16:05:00+00:00,,-0.0170939395684116,,,-0.017093939568411654
2020-01-14 18:35:00+00:00,,,,-0.015611101606571,
2020-01-14 23:30:00+00:00,0.0129849999999998,,,,
2020-01-15 00:00:00+00:00,,,,-0.0176253299800632,
2020-01-15 03:50:00+00:00,,,,-0.0181389993787509,
2020-01-15 04:05:00+00:00,,-0.0156081432528103,,,-0.015608143252810347
2020-01-15 04:30:00+00:00,,,0.0258244358426087,,
2020-01-15 14:05:00+00:00,,,,-0.0159010231743369,
2020-01-16 01:20:00+00:00,-0.0169849999999999,,,,
2020-01-17 06:55:00+00:00,,,,-0.005847828470767,
2020-01-17 10:25:00+00:00,,,,-0.013013895290844,
2020-01-17 13:40:00+00:00,,,-0.0036922642574817,,
2020-01-19 01:00:00+00:00,0.012985,,,,
2020-01-19 06:40:00+00:00,,,,0.0054407916983407,
2020-01-19 11:00:00+00:00,-0.016985,-0.0137065015585403,,,-0.013706501558540363
2020-01-19 11:05:00+00:00,,,-0.0485901630526065,,
2020-01-21 22:20:00+00:00,,,,-0.0101510378034839,
2020-01-22 07:30:00+00:00,,,,-0.0059711506722929,
2020-01-22 09:20:00+00:00,,-0.0119804668505826,,,-0.011980466850582627
2020-01-22 16:35:00+00:00,-0.016985,,,,
2020-01-27 00:20:00+00:00,,0.0099144985907049,,,
2020-01-27 08:40:00+00:00,,,0.0061700740775278,,
2020-01-27 08:45:00+00:00,,-0.01597982255787,,0.008159629576425,
2020-01-27 18:55:00+00:00,,0.0094325987232335,,,
2020-01-28 00:35:00+00:00,0.0079900000000001,0.0105515888058098,,,
2020-01-28 05:00:00+00:00,,,,0.0358526732372681,
2020-01-28 05:20:00+00:00,-0.0119899999999999,-0.0190444638635224,,,
2020-01-28 05:30:00+00:00,,,0.0227133719020329,,
2020-01-28 14:45:00+00:00,-0.01199,,,,
2020-01-28 15:00:00+00:00,,,,-0.021975642520305,
2020-01-28 23:35:00+00:00,0.0079900000000001,,,,
2020-01-29 10:00:00+00:00,,,,0.0112265906946906,
2020-01-29 10:05:00+00:00,,,-0.0116485504699711,,
2020-01-29 11:35:00+00:00,-0.01199,,,-0.0235383846259114,
2020-01-29 22:50:00+00:00,,-0.0015264967196065,,,
2020-01-29 23:50:00+00:00,,,,-0.0163664182278325,
2020-01-30 16:30:00+00:00,,,,-0.0190143581234853,
2020-01-30 23:35:00+00:00,-0.01199,,,,
2020-01-31 01:35:00+00:00,,,,-0.0043601218245711,
2020-01-31 10:45:00+00:00,,-0.0231020972743398,,,
2020-02-02 12:20:00+00:00,,0.0095961775290722,,,
2020-02-02 21:30:00+00:00,,,-0.0026425907813014,,
2020-02-02 22:30:00+00:00,,,,-0.0091546518223787,
2020-02-03 02:00:00+00:00,,,,-0.0169337165426221,
2020-02-03 02:05:00+00:00,,-0.0217145134481795,,,
2020-02-05 15:50:00+00:00,,0.0090157662777066,,,
2020-02-05 16:20:00+00:00,0.0079900000000001,,,,
2020-02-05 19:15:00+00:00,,0.0106260766574897,,,
2020-02-05 23:35:00+00:00,,,,0.0202103181479711,
2020-02-05 23:55:00+00:00,,,0.0316392847227153,,
2020-02-06 00:15:00+00:00,-0.01199,,,,
2020-02-06 00:20:00+00:00,,-0.0174953143162968,,,
2020-02-06 13:45:00+00:00,-0.0119899999999999,,,,
2020-02-06 17:40:00+00:00,-0.0119899999999999,,,,
2020-02-06 18:15:00+00:00,,,-0.0093909168353651,,
2020-02-06 22:20:00+00:00,,,,-0.0014504933577575,
2020-02-07 12:00:00+00:00,,0.000147208541859,,,
2020-02-07 12:10:00+00:00,,,,-0.012927554532684,
2020-02-09 07:35:00+00:00,,0.0086374397116146,,,
2020-02-09 14:30:00+00:00,,,0.0040620466730523,,
2020-02-09 14:55:00+00:00,,,,0.0167070800905713,
2020-02-10 03:35:00+00:00,,,,-0.0116369710636039,
2020-02-10 05:55:00+00:00,-0.01199,,,,
2020-02-11 18:40:00+00:00,,0.0145909254218563,,,
2020-02-11 20:35:00+00:00,0.0210424479109325,,,,
2020-02-11 21:40:00+00:00,,,,-0.0030006690419964,
2020-02-12 09:00:00+00:00,,,0.0406886920421953,,
2020-02-12 14:20:00+00:00,,,,-0.0049221298330754,
2020-02-13 07:55:00+00:00,,,,-0.0137608454450901,
2020-02-13 13:55:00+00:00,-0.01199,,,,
2020-02-13 14:00:00+00:00,,-0.0256930278693551,,-0.0323590323091416,
2020-02-17 02:20:00+00:00,,,-0.0166789347822159,,
2020-02-17 04:10:00+00:00,,-0.0244484036556252,,,
2020-02-18 19:50:00+00:00,,0.0150246546995342,,,
2020-02-18 21:50:00+00:00,0.0158879545881369,,,,
2020-02-19 04:15:00+00:00,,,,0.0081811901240358,
2020-02-19 04:45:00+00:00,,,0.0172925418864176,,
2020-02-19 07:05:00+00:00,-0.01199,,,,
2020-02-19 20:05:00+00:00,,,,-0.0156354095360314,
2020-02-19 21:35:00+00:00,,-0.0234290405717116,,,
2020-02-23 04:00:00+00:00,,0.0086749018149581,,,
2020-02-23 11:00:00+00:00,,,,0.0061144506428723,
2020-02-23 11:55:00+00:00,,,-0.0056469822784809,,
2020-02-24 02:35:00+00:00,-0.0119899999999999,-0.0163480473995633,,-0.0179461335299671,
2020-02-25 14:20:00+00:00,-0.0219800000000001,,,,
2020-02-26 01:25:00+00:00,-0.0219799999999998,,,,
2020-02-26 13:55:00+00:00,-0.02198,,,,
2020-02-27 01:00:00+00:00,-0.02198,,,,
2020-02-27 08:25:00+00:00,0.0179800000000001,,,,
2020-02-27 12:50:00+00:00,-0.02198,,,,
2020-02-27 21:35:00+00:00,-0.0219800000000001,,,,
2020-02-28 09:45:00+00:00,-0.02198,,,,
2020-02-28 10:00:00+00:00,,-0.0201259184251704,,,
2020-02-28 17:30:00+00:00,,-0.0213011522870885,,,
2020-02-29 06:05:00+00:00,0.0179800000000001,,,,
2020-02-29 14:05:00+00:00,,-0.021164745967346,,,
2020-03-01 12:50:00+00:00,,-0.0181823397338368,,,
2020-03-01 16:30:00+00:00,-0.0219799999999998,,,,
2020-03-02 10:15:00+00:00,0.0179799999999998,,,,
2020-03-03 00:15:00+00:00,,,0.0098725742907439,,0.009872574290743952
2020-03-03 15:15:00+00:00,,,,-0.0084817713279147,
2020-03-04 13:50:00+00:00,,-0.0042667481185637,,,
2020-03-05 09:25:00+00:00,0.0179800000000001,,,,
2020-03-05 09:35:00+00:00,,0.0202328418049213,,,
2020-03-05 15:25:00+00:00,,,0.0167170657095352,,0.01671706570953524
2020-03-07 09:45:00+00:00,,0.0025090182351099,,,
2020-03-07 17:00:00+00:00,,,,0.0092875818111559,
2020-03-07 18:05:00+00:00,-0.0219800000000001,,,,
2020-03-08 23:35:00+00:00,-0.02198,,,,
2020-03-09 04:10:00+00:00,-0.02198,,,,
2020-03-09 11:10:00+00:00,-0.02198,-0.0214778468070343,,,
2020-03-09 13:45:00+00:00,-0.02198,,,,
2020-03-10 00:00:00+00:00,0.0179800000000001,,,,
2020-03-10 12:35:00+00:00,0.0179799999999998,,,,
2020-03-10 15:30:00+00:00,-0.02198,-0.0241826226594452,-0.0113850522869266,,-0.011385052286926656
2020-03-11 15:45:00+00:00,-0.0219800000000001,,,,
2020-03-11 22:30:00+00:00,0.0179800000000001,,,,
2020-03-12 01:45:00+00:00,-0.02198,,,,
2020-03-12 02:10:00+00:00,,-0.0205168311228367,,,
2020-03-12 12:55:00+00:00,0.0179799999999998,,,,
2020-03-12 16:00:00+00:00,0.0179800000000001,,,,
2020-03-12 16:10:00+00:00,-0.02198,,,,
2020-03-12 18:30:00+00:00,-0.02198,,,,
2020-03-12 23:00:00+00:00,-0.0219800000000001,,,,
2020-03-13 03:45:00+00:00,-0.0219800000000001,,,,
2020-03-13 04:10:00+00:00,-0.0219800000000001,,,,
2020-03-13 05:35:00+00:00,-0.0389013930429317,,,,
2020-03-13 06:05:00+00:00,-0.0285636669389895,,,,
2020-03-13 06:50:00+00:00,0.0179800000000001,,,,
2020-03-13 08:50:00+00:00,0.0179800000000001,,,,
2020-03-13 09:20:00+00:00,-0.0219800000000001,,,,
2020-03-13 10:45:00+00:00,0.0179800000000001,,,,
2020-03-13 12:35:00+00:00,0.0209125394627525,,,,
2020-03-13 12:50:00+00:00,-0.0219799999999998,,,,
2020-03-13 13:25:00+00:00,0.0179800000000001,,,,
2020-03-13 14:35:00+00:00,0.0179800000000001,,,,
2020-03-13 16:55:00+00:00,-0.0301194050779644,,,,
2020-03-13 19:25:00+00:00,0.0179800000000001,,,,
2020-03-13 21:00:00+00:00,0.025531382896077,,,,
2020-03-13 22:30:00+00:00,0.0254026168597683,,,,
2020-03-13 23:45:00+00:00,-0.02198,,,,
2020-03-14 03:55:00+00:00,0.0179800000000001,,,,
2020-03-14 06:05:00+00:00,-0.02198,,,,
2020-03-14 08:05:00+00:00,-0.02198,,,,
2020-03-14 12:55:00+00:00,0.0179799999999998,,,,
2020-03-14 16:00:00+00:00,-0.02198,,,,
2020-03-14 20:35:00+00:00,-0.02198,,,,
2020-03-15 00:40:00+00:00,0.0179800000000001,,,,
2020-03-15 06:00:00+00:00,,0.0495014646198694,,,
2020-03-15 10:15:00+00:00,0.0179799999999998,,,,
2020-03-15 12:15:00+00:00,0.0179800000000001,,,,
2020-03-15 12:30:00+00:00,-0.0364492070156722,,,,
2020-03-15 20:45:00+00:00,-0.0219799999999998,,,,
2020-03-15 22:20:00+00:00,0.0230825352349464,,,,
2020-03-15 22:25:00+00:00,,-0.044697219007987,,-0.0663356045077604,
2020-03-16 05:45:00+00:00,-0.0219800000000001,,,,
2020-03-16 09:10:00+00:00,-0.0219799999999998,,,,
2020-03-16 12:05:00+00:00,0.0179800000000001,,,,
2020-03-16 13:10:00+00:00,-0.024277194989084,,,,
2020-03-16 15:35:00+00:00,0.0407367979570925,,,,
2020-03-16 16:15:00+00:00,-0.02198,,,,
2020-03-16 19:30:00+00:00,-0.0219800000000001,,,,
2020-03-16 22:25:00+00:00,-0.02198,,,,
2020-03-17 01:00:00+00:00,0.0179799999999998,,,,
2020-03-17 01:30:00+00:00,,0.0901239426700388,,,
2020-03-17 02:25:00+00:00,0.0179799999999998,,,,
2020-03-17 08:25:00+00:00,0.02279616235405,,,,
2020-03-17 13:50:00+00:00,-0.02198,,,,
2020-03-17 16:30:00+00:00,0.0232743849787191,,,,
2020-03-18 06:25:00+00:00,-0.02198,,,,
2020-03-18 10:05:00+00:00,-0.0219800000000001,-0.0623072733073576,,,
2020-03-18 13:40:00+00:00,0.0179799999999998,,,,
2020-03-18 15:00:00+00:00,0.0179800000000001,,,,
2020-03-18 16:15:00+00:00,-0.02198,,,,
2020-03-18 20:05:00+00:00,0.0179799999999998,,,,
2020-03-18 22:15:00+00:00,-0.0219799999999998,,,,
2020-03-19 09:20:00+00:00,0.0179799999999998,,,,
2020-03-19 11:15:00+00:00,0.0179800000000001,,,,
2020-03-19 13:25:00+00:00,0.0322578143398488,,,,
2020-03-19 13:35:00+00:00,,0.0742789906423808,,,
2020-03-19 15:25:00+00:00,0.0179799999999998,,,,
2020-03-19 16:20:00+00:00,,0.0574143338903021,,,
2020-03-19 17:30:00+00:00,0.0508328300715983,,,,
2020-03-19 18:55:00+00:00,-0.02198,,,,
2020-03-20 01:30:00+00:00,-0.02198,,,,
2020-03-20 01:35:00+00:00,,,0.0866512493326214,,0.08665124933262147
2020-03-20 09:20:00+00:00,0.073903866091759,,,,
2020-03-20 11:35:00+00:00,,0.0735360810733376,,,
2020-03-20 13:10:00+00:00,-0.0219800000000001,,,,
2020-03-20 13:25:00+00:00,,,-0.0347747700287717,,-0.03477477002877172
2020-03-20 16:10:00+00:00,-0.02198,,,,
2020-03-20 16:30:00+00:00,,-0.0450813592732158,,0.1457392296910307,
2020-03-20 18:25:00+00:00,-0.02198,,,,
2020-03-20 22:35:00+00:00,0.0201591717311888,,,,
2020-03-21 00:00:00+00:00,-0.02198,,,,
2020-03-21 02:25:00+00:00,0.0243967432024363,,,,
2020-03-21 03:15:00+00:00,-0.0219800000000001,,,,
2020-03-21 08:20:00+00:00,-0.02198,,,,
2020-03-21 11:15:00+00:00,-0.02198,,,,
2020-03-21 13:20:00+00:00,0.0179800000000001,,,,
2020-03-21 14:25:00+00:00,-0.02198,,,,
2020-03-21 17:50:00+00:00,-0.02198,,,,
2020-03-21 22:15:00+00:00,,,-0.0416619476639533,,-0.04166194766395337
2020-03-22 03:35:00+00:00,0.0179800000000001,,,,
2020-03-22 08:50:00+00:00,-0.0219800000000001,,,,
2020-03-22 10:35:00+00:00,-0.02198,,,,
2020-03-22 18:30:00+00:00,-0.0219800000000001,,,,
2020-03-22 22:50:00+00:00,-0.0219800000000001,,,,
2020-03-23 08:35:00+00:00,-0.02198,,,,
2020-03-23 12:05:00+00:00,0.0179800000000001,,,,
2020-03-23 13:25:00+00:00,0.0405989366107364,,,,
2020-03-23 20:50:00+00:00,0.0179800000000001,,,,
2020-03-24 00:00:00+00:00,0.0179800000000001,,,,
2020-03-24 00:05:00+00:00,,0.055696202002186,,,
2020-03-24 04:10:00+00:00,-0.02198,,,,
2020-03-24 04:30:00+00:00,,,0.0262667780270129,,0.026266778027012938
2020-03-24 04:40:00+00:00,,-0.0380130362202076,,,
2020-03-24 08:00:00+00:00,0.0179799999999998,,,,
2020-03-24 12:15:00+00:00,-0.02198,,,,
2020-03-24 15:05:00+00:00,-0.02198,-0.0392564787741205,,,
2020-03-24 19:50:00+00:00,0.0179800000000001,,,,
2020-03-25 01:55:00+00:00,-0.02198,,,,
2020-03-25 10:40:00+00:00,-0.016985,,,,
2020-03-25 18:05:00+00:00,-0.016985,,,,
2020-03-25 21:00:00+00:00,-0.016985,,,,
2020-03-26 06:00:00+00:00,-0.016985,,,,
2020-03-27 00:00:00+00:00,0.0079900000000001,,,,
2020-03-27 05:00:00+00:00,-0.016985,,,,
2020-03-28 11:00:00+00:00,0.0079899999999999,,,,
2020-03-28 13:20:00+00:00,-0.0169849999999999,,,,
2020-03-29 07:45:00+00:00,-0.016985,,,,
2020-03-30 10:05:00+00:00,0.035651844504964,,,,
2020-03-30 11:30:00+00:00,,0.0323434130159883,,,
2020-03-30 15:20:00+00:00,0.0079899999999999,,,,
2020-03-30 20:15:00+00:00,0.0079899999999999,,,,
2020-03-30 23:45:00+00:00,,-0.021875090152567,,,
2020-03-31 04:55:00+00:00,,,0.0273130060067903,,
2020-03-31 11:10:00+00:00,-0.016985,,,,
2020-04-01 00:30:00+00:00,,,,-0.0103611178785437,
2020-04-02 02:25:00+00:00,,0.0404902386903391,,,
2020-04-02 03:25:00+00:00,0.0299904371285064,,,,
2020-04-02 18:40:00+00:00,,,,0.0322805613786942,
2020-04-02 19:00:00+00:00,,-0.0213679653238108,,,
2020-04-02 20:25:00+00:00,-0.016985,,,,
2020-04-02 20:35:00+00:00,,,0.0146760199669242,,
2020-04-03 12:45:00+00:00,-0.016985,,,,
2020-04-04 11:35:00+00:00,-0.0169849999999999,,,,
2020-04-05 04:00:00+00:00,-0.0169849999999999,,,,
2020-04-06 05:55:00+00:00,0.0079899999999999,,,,
2020-04-06 10:05:00+00:00,0.0137087479546302,,,,
2020-04-06 17:25:00+00:00,0.0079899999999999,,,,
2020-04-06 18:45:00+00:00,,0.0265163762311755,,,
2020-04-06 23:55:00+00:00,0.0079899999999999,,,,
2020-04-07 02:20:00+00:00,-0.016985,,,,
2020-04-07 12:30:00+00:00,-0.016985,,,,
2020-04-07 14:20:00+00:00,,,0.0471049786395711,,
2020-04-07 20:00:00+00:00,,,,0.0254241631987497,
2020-04-07 20:05:00+00:00,,-0.0189083009111074,,,
2020-04-08 10:40:00+00:00,,-0.0192975801040499,,,
2020-04-08 13:55:00+00:00,-0.016985,,,,
2020-04-11 14:15:00+00:00,-0.0169849999999999,,,,
2020-04-12 19:05:00+00:00,,0.0193599868502076,,,
2020-04-12 19:35:00+00:00,0.017062646782527,,,,
2020-04-12 22:15:00+00:00,-0.016985,-0.0145365747688517,,,
2020-04-12 23:15:00+00:00,,,0.0031010354120373,,
2020-04-12 23:55:00+00:00,,,,-0.0053190303933707,
2020-04-14 20:35:00+00:00,-0.016985,,,,
2020-04-16 07:00:00+00:00,,0.0209768454554435,,,
2020-04-16 11:05:00+00:00,,0.0229553344716841,,,
2020-04-16 12:15:00+00:00,0.0288903467251766,,,,
2020-04-16 22:00:00+00:00,0.0079899999999999,,,,
2020-04-17 00:10:00+00:00,-0.016985,,,,
2020-04-17 04:55:00+00:00,,,0.0155148309038279,,
2020-04-19 05:50:00+00:00,-0.016985,-0.0154959381762954,,0.0176100178506575,
2020-04-19 05:55:00+00:00,,,-0.0137498346263386,,
2020-04-20 17:15:00+00:00,,-0.013266519904745,,,
2020-04-23 01:35:00+00:00,0.0079899999999999,,,,
2020-04-23 06:10:00+00:00,,,-0.002501010106734,,
2020-04-23 18:10:00+00:00,,0.0603358501426285,,,
2020-04-23 19:20:00+00:00,0.0344176692424196,,,,
2020-04-24 14:15:00+00:00,-0.02198,,,,
2020-04-25 15:50:00+00:00,0.0179799999999998,,,,
2020-04-26 15:05:00+00:00,,-0.0122238806169518,,,-0.012223880616951899
2020-04-26 15:10:00+00:00,-0.02198,,,,
2020-04-27 06:05:00+00:00,,,-0.0104466894113492,,
2020-04-27 06:15:00+00:00,,-0.0128893151085702,,,-0.012889315108570276
2020-04-28 04:50:00+00:00,,,,-0.010671181850281,
2020-04-29 02:05:00+00:00,0.0179799999999998,,,,
2020-04-29 09:20:00+00:00,,0.0126444098564855,,,0.012644409856485517
2020-04-29 20:45:00+00:00,,0.1062514304301085,,,0.10625143043010854
2020-04-29 22:00:00+00:00,,-0.0207977049013958,,,-0.020797704901395875
2020-04-29 22:25:00+00:00,0.1121478369622426,,,,
2020-04-30 02:55:00+00:00,0.0179800000000001,,,,
2020-04-30 08:35:00+00:00,0.0213375329608938,,,,
2020-04-30 09:00:00+00:00,,,0.1487583676077448,,
2020-04-30 09:10:00+00:00,,,,0.134285704476792,
2020-04-30 09:15:00+00:00,,-0.0228078437710028,,,-0.022807843771002867
2020-04-30 16:40:00+00:00,-0.02198,,,,
2020-04-30 22:20:00+00:00,-0.0219800000000001,,,,
2020-05-01 10:55:00+00:00,0.0179800000000001,,,,
2020-05-01 13:30:00+00:00,,,-0.0252073980566399,,
2020-05-01 16:00:00+00:00,-0.0219800000000001,,,,
2020-05-03 05:35:00+00:00,0.0296084173402511,,,,
2020-05-03 06:10:00+00:00,,-0.0171835042713041,,,-0.017183504271304106
2020-05-03 06:15:00+00:00,,,-0.0277077430202395,-0.0190473358023904,
2020-05-03 12:30:00+00:00,-0.02198,,,,
2020-05-04 01:15:00+00:00,-0.02198,,,,
2020-05-04 18:15:00+00:00,0.0184383416156246,,,,
2020-05-05 09:50:00+00:00,0.0222125062408933,,,,
2020-05-05 10:00:00+00:00,,-0.019382798538349,,,-0.01938279853834901
2020-05-06 10:20:00+00:00,0.0179799999999998,,,,
2020-05-06 18:45:00+00:00,,,-0.0145623849704334,,
2020-05-06 23:00:00+00:00,0.0179800000000001,,,,
2020-05-06 23:50:00+00:00,-0.02198,,,,
2020-05-06 23:55:00+00:00,,-0.0176474356895554,,,-0.017647435689555402
2020-05-07 00:00:00+00:00,,,,-0.0054406975476839,
2020-05-07 13:15:00+00:00,0.0179799999999998,,,,
2020-05-07 15:30:00+00:00,,-0.0177766329354434,,,-0.017776632935443404
2020-05-07 17:25:00+00:00,,0.0252082566944134,,,0.0252082566944134
2020-05-07 22:25:00+00:00,0.0433555624342751,,,,
2020-05-07 23:45:00+00:00,,0.026151600443115,,,0.02615160044311504
2020-05-08 03:05:00+00:00,,,0.0089351183334815,,
2020-05-08 23:50:00+00:00,,,,0.0382818139607854,
2020-05-09 06:55:00+00:00,-0.02198,,,,
2020-05-09 23:50:00+00:00,-0.0219800000000001,,,,
2020-05-10 07:45:00+00:00,0.0179800000000001,,,,
2020-05-10 14:55:00+00:00,-0.02198,,,,
2020-05-11 09:10:00+00:00,-0.0219799999999998,,,,
2020-05-11 12:45:00+00:00,,-0.0426003932704227,,,-0.042600393270422754
2020-05-11 16:35:00+00:00,-0.0219799999999998,,,,
2020-05-11 16:40:00+00:00,,,-0.0711758922068463,,
2020-05-12 09:00:00+00:00,0.0179799999999998,,,,
2020-05-13 11:00:00+00:00,0.0179800000000001,,,,
2020-05-13 20:00:00+00:00,0.0179800000000001,,,,
2020-05-14 05:20:00+00:00,,,-0.0117121954442097,,
2020-05-14 05:50:00+00:00,0.0179800000000001,,,,
2020-05-14 08:45:00+00:00,,0.0285649799029186,,,0.02856497990291862
2020-05-14 12:40:00+00:00,,,0.0008417339862609,0.0492272472784509,
2020-05-14 13:55:00+00:00,0.0179799999999998,,,,
2020-05-15 02:30:00+00:00,-0.0219799999999998,-0.0183914991369318,,,-0.018391499136931833
2020-05-15 15:05:00+00:00,-0.02198,,,,
2020-05-17 07:00:00+00:00,0.0179800000000001,,,,
2020-05-17 18:45:00+00:00,,,-0.0022621477914838,,
2020-05-17 22:15:00+00:00,,-0.0189159193271167,,,-0.01891591932711678
2020-05-17 22:20:00+00:00,,,,-0.0018175588598465,
2020-05-18 01:05:00+00:00,0.0179800000000001,,,,
2020-05-18 06:10:00+00:00,,-0.0162607165681126,,,-0.016260716568112676
2020-05-18 08:45:00+00:00,-0.0219799999999998,,,,
2020-05-18 08:50:00+00:00,,,,-0.0407665272270045,
2020-05-19 12:35:00+00:00,,-0.018730627817881,,,-0.01873062781788104
2020-05-20 06:35:00+00:00,0.0179799999999998,,,,
2020-05-21 08:15:00+00:00,-0.0219800000000001,,,,
2020-05-22 00:10:00+00:00,,-0.0190432779582866,,,-0.019043277958286642
2020-05-22 03:55:00+00:00,-0.0219800000000001,,,,
2020-05-22 17:00:00+00:00,0.0179800000000001,,,,
2020-05-24 23:30:00+00:00,-0.0219800000000001,,,,
2020-05-27 15:40:00+00:00,0.0359044127917476,,,,
2020-05-28 12:05:00+00:00,,0.020173317440824,,,
2020-05-28 18:00:00+00:00,0.0305108477970628,,,,
2020-05-28 22:45:00+00:00,,0.0191214298398307,,,
2020-05-29 08:30:00+00:00,,,,0.0427638420646443,0.04276384206464434
2020-05-29 10:05:00+00:00,,,0.0324024594189313,,
2020-05-30 09:05:00+00:00,,-0.0143024653575597,,,
2020-05-30 20:40:00+00:00,,,-0.0162918903317093,,
2020-05-30 22:40:00+00:00,0.0179800000000001,,,,
2020-05-31 04:25:00+00:00,,-0.0150581905014962,,-0.0112766631624671,-0.011276663162467115
2020-05-31 09:00:00+00:00,-0.02198,,,,
2020-05-31 15:30:00+00:00,-0.0219800000000001,,,,
2020-06-02 03:05:00+00:00,,0.0210971313874379,,,
2020-06-02 04:10:00+00:00,0.057328237920466,,,,
2020-06-02 14:45:00+00:00,-0.02198,,,0.0293789388951131,0.029378938895113116
2020-06-02 15:05:00+00:00,,,-0.0135701987577638,,
2020-06-04 13:15:00+00:00,0.0179800000000001,,,,
2020-06-05 08:15:00+00:00,,,-0.0062428784076546,-0.0134243208488714,-0.013424320848871463
2020-06-05 11:50:00+00:00,,-0.0139514597981178,,,
2020-06-06 00:35:00+00:00,-0.0219799999999998,,,,
2020-06-07 14:00:00+00:00,-0.02198,,,,
2020-06-08 00:55:00+00:00,0.0207879089963725,,,,
2020-06-08 08:15:00+00:00,,,,-0.0125152365589608,-0.012515236558960807
2020-06-08 14:25:00+00:00,,,-0.0058520873327941,,
2020-06-09 00:00:00+00:00,,0.0130092883040555,,,
2020-06-09 00:20:00+00:00,,,,-0.0097457904860599,-0.009745790486059946
2020-06-10 18:50:00+00:00,,,,-0.00644525765482,-0.006445257654820069
2020-06-10 18:55:00+00:00,,-0.0164469048467675,,,
2020-06-11 01:35:00+00:00,0.0179800000000001,,,,
2020-06-11 12:55:00+00:00,-0.0219800000000001,,,,
2020-06-12 13:55:00+00:00,0.0179800000000001,,,,
2020-06-12 17:35:00+00:00,-0.02198,,,,
2020-06-15 01:45:00+00:00,-0.0219799999999998,,,,
2020-06-15 20:50:00+00:00,,0.0166526217015152,,,
2020-06-15 23:10:00+00:00,0.0345179216583186,,,,
2020-06-16 14:55:00+00:00,,,,-0.0073294543477712,-0.007329454347771214
2020-06-16 16:00:00+00:00,,,0.0061007631063922,,
2020-06-17 20:05:00+00:00,-0.02198,,,,
2020-06-18 19:10:00+00:00,,-0.0118669979029972,,,
2020-06-19 02:55:00+00:00,-0.02198,,,,
2020-06-21 11:50:00+00:00,,,-0.0030112156557912,,
2020-06-22 11:45:00+00:00,,0.0071715437926671,,,
2020-06-22 16:05:00+00:00,0.0179800000000001,,,,
2020-06-22 20:50:00+00:00,,0.0073702732499829,,,
2020-06-22 22:05:00+00:00,,-0.0085040818712639,,,
2020-06-23 01:25:00+00:00,,-0.0085987653097374,,,
2020-06-23 01:40:00+00:00,,,,0.0173786929376122,0.017378692937612295
2020-06-23 10:00:00+00:00,,,0.0160117820776737,,
2020-06-26 14:20:00+00:00,,-0.022930889889532,,,
2020-06-27 19:40:00+00:00,-0.0219800000000001,,,,
2020-06-29 20:45:00+00:00,0.0179799999999998,,,,
2020-06-30 06:25:00+00:00,,,-0.0128769170731707,,
2020-06-30 13:05:00+00:00,,,,-0.0131388525561382,-0.013138852556138225
2020-07-02 06:45:00+00:00,,,-0.0067804210895048,,
2020-07-02 15:00:00+00:00,,-0.0153581000395565,,-0.0100412998376381,-0.010041299837638129
2020-07-02 15:05:00+00:00,-0.0219800000000001,,,,
2020-07-05 05:55:00+00:00,,,,-0.0092363664704149,-0.009236366470414925
2020-07-05 09:55:00+00:00,-0.0219800000000001,-0.0088668232195763,,,
2020-07-06 12:00:00+00:00,,0.0108636093570009,,,
2020-07-06 12:35:00+00:00,0.0179799999999998,,,,
2020-07-07 08:05:00+00:00,,,,0.003216848238279,0.0032168482382790575
2020-07-07 09:50:00+00:00,,,0.0004086185082867,,
2020-07-08 13:50:00+00:00,,0.0123674399795703,,,
2020-07-09 10:05:00+00:00,,,,-0.0059014707863237,-0.005901470786323748
2020-07-09 10:55:00+00:00,,,-0.0091840500028079,,
2020-07-09 14:55:00+00:00,,-0.0149940456296673,,,
2020-07-09 15:20:00+00:00,-0.02198,,,,
2020-07-12 13:25:00+00:00,,,,-0.0097891338251911,-0.009789133825191199
2020-07-14 04:15:00+00:00,,-0.0142989737519159,,,
2020-07-14 11:20:00+00:00,-0.02198,,,,
2020-07-19 03:10:00+00:00,,,,-0.0063155491588808,-0.006315549158880884
2020-07-19 06:45:00+00:00,,-0.0019235980688108,,,
2020-07-20 10:45:00+00:00,,-0.0093121346823314,,-0.0079303281065062,-0.00793032810650629
2020-07-20 11:10:00+00:00,,,-0.0087689639867912,,
2020-07-21 12:45:00+00:00,,0.0139590612607536,,,
2020-07-21 15:55:00+00:00,,,,0.0096735323619938,0.009673532361993864
2020-07-22 07:55:00+00:00,,-0.011395105034887,,,
2020-07-22 08:15:00+00:00,,,-0.0038863131152747,,
2020-07-22 22:30:00+00:00,0.0179800000000001,,,,
2020-07-23 14:30:00+00:00,,,,-0.0087597883487007,
2020-07-23 17:10:00+00:00,,,,0.0015280281690142,
2020-07-24 05:00:00+00:00,,-0.0132358681907204,,,
2020-07-25 18:00:00+00:00,,,,0.000202113221202,
2020-07-25 21:20:00+00:00,,,,-0.0034207216075707,
2020-07-26 07:55:00+00:00,,,,-0.0042089614184445,
2020-07-26 08:20:00+00:00,0.0179800000000001,,,,
2020-07-26 08:35:00+00:00,,,,-0.0042292454866837,
2020-07-26 09:15:00+00:00,,,,-0.0008542546311832,
2020-07-26 10:10:00+00:00,,,,0.0239760440850556,
2020-07-26 12:55:00+00:00,,0.0158296147678351,,,
2020-07-26 15:05:00+00:00,0.0190273749745641,,,,
2020-07-27 01:20:00+00:00,,0.0174719460458812,,,
2020-07-27 03:55:00+00:00,,,,0.0118592352187387,
2020-07-27 06:00:00+00:00,,,,-0.0057933270178257,
2020-07-27 08:35:00+00:00,0.0205106393244873,,,,
2020-07-27 10:35:00+00:00,,0.0188526979321927,,,
2020-07-27 11:10:00+00:00,,,,-0.0067830538891402,
2020-07-27 13:25:00+00:00,,,,-0.0043585339109036,
2020-07-27 14:00:00+00:00,,,,-0.0064104036738704,
2020-07-27 15:00:00+00:00,,,,-0.004045704603495,
2020-07-27 17:05:00+00:00,,,,0.0334451512786833,
2020-07-27 22:20:00+00:00,,,,0.026038565847501,
2020-07-27 23:20:00+00:00,0.0503736331478776,0.0353492305686966,,,
2020-07-28 08:05:00+00:00,-0.016985,,,,
2020-07-28 08:50:00+00:00,,-0.0443973641961811,,,
2020-07-29 17:55:00+00:00,0.0179800000000001,,,,
2020-07-30 00:00:00+00:00,-0.016985,,,,
2020-07-31 02:25:00+00:00,,-0.0129099067635691,,,
2020-07-31 16:20:00+00:00,,,,0.0007604753031653,
2020-07-31 18:00:00+00:00,0.023214051801943,,,,
2020-08-01 06:00:00+00:00,,,,0.0094336057510286,
2020-08-01 06:30:00+00:00,,,,-0.0018194950582304,
2020-08-01 10:55:00+00:00,0.0302422783331883,,,,
2020-08-01 12:05:00+00:00,,0.0222476641850686,,,
2020-08-01 13:35:00+00:00,-0.016985,,,,
2020-08-01 19:45:00+00:00,,,,0.0010834326726565,
2020-08-01 20:50:00+00:00,,,,-0.0071861588754186,
2020-08-02 01:40:00+00:00,0.0179799999999998,,,,
2020-08-02 03:00:00+00:00,,,,7.372644197545242e-05,
2020-08-02 04:20:00+00:00,,,,0.0019272339851681,
2020-08-02 04:35:00+00:00,,-0.0280928594805432,,,
2020-08-02 04:40:00+00:00,-0.052942804310239,,,,
2020-08-02 10:45:00+00:00,-0.016985,,,,
2020-08-02 12:40:00+00:00,,,0.1528051006992639,,
2020-08-02 21:35:00+00:00,-0.016985,,,,
2020-08-03 20:10:00+00:00,0.0181020298418788,,,,
2020-08-03 21:55:00+00:00,-0.016985,,,,
2020-08-04 11:50:00+00:00,-0.016985,,,,
2020-08-04 13:15:00+00:00,,,-0.0086272286120751,,
2020-08-05 12:55:00+00:00,,,,0.0017729153852035,
2020-08-05 13:35:00+00:00,,,,-0.0036526014450093,
2020-08-05 14:20:00+00:00,,,,-0.0061872293967836,
2020-08-05 15:30:00+00:00,,,,-0.0026277843674928,
2020-08-05 16:25:00+00:00,,,,-0.0058951060028119,
2020-08-05 18:55:00+00:00,0.0418341881920969,,,,
2020-08-05 21:30:00+00:00,,0.0208716534499762,,,
2020-08-05 22:00:00+00:00,,,,-0.0015232351988068,
2020-08-06 00:20:00+00:00,,,,-0.0064875119588679,
2020-08-06 14:10:00+00:00,,,,-0.0003144879470634,
2020-08-06 19:10:00+00:00,0.0179800000000001,,,,
2020-08-06 19:40:00+00:00,,,,-0.0047561547435878,
2020-08-06 21:45:00+00:00,-0.016985,,,,
2020-08-07 03:15:00+00:00,,,,-0.0061923000177965,
2020-08-07 11:55:00+00:00,-0.016985,,,,
2020-08-07 14:25:00+00:00,,,0.0293764426008864,,
2020-08-09 15:10:00+00:00,,,-0.0094913180860538,,
2020-08-10 01:55:00+00:00,,0.0208914685016003,,,
2020-08-10 02:20:00+00:00,,,,0.0113599641214263,
2020-08-10 02:40:00+00:00,,,,-0.0056597002488432,
2020-08-10 07:05:00+00:00,0.0296425650321077,,,,
2020-08-10 10:25:00+00:00,,-0.0214606092370156,,,
2020-08-11 06:25:00+00:00,-0.016985,,,,
2020-08-11 13:05:00+00:00,,,-0.0008597016796944,,
2020-08-11 14:55:00+00:00,,-0.0345763767157433,,,
2020-08-12 06:00:00+00:00,-0.016985,,,,
2020-08-12 16:20:00+00:00,0.0179799999999998,,,,
2020-08-13 08:30:00+00:00,-0.016985,,,,
2020-08-13 08:45:00+00:00,,,-0.0064728529086918,,
2020-08-13 12:35:00+00:00,-0.016985,,,,
2020-08-13 22:25:00+00:00,,,,0.0037069615401037,
2020-08-14 00:25:00+00:00,,,,-0.0051922071670036,
2020-08-14 02:45:00+00:00,0.0193609106941046,,,,
2020-08-14 17:00:00+00:00,,,,-0.0057799884612185,
2020-08-14 23:05:00+00:00,,0.0189651157943733,,,
2020-08-15 00:55:00+00:00,,,,0.0038413364307665,
2020-08-16 11:25:00+00:00,,,0.0135028227327298,,
2020-08-17 13:20:00+00:00,0.0179800000000001,,,,
2020-08-17 13:25:00+00:00,,,,-0.0051956597232709,
2020-08-17 15:50:00+00:00,,,,0.0146129578422209,
2020-08-17 16:05:00+00:00,,,,-0.0082354283420312,
2020-08-17 18:25:00+00:00,,0.0321666211504598,,,
2020-08-17 22:30:00+00:00,0.0179800000000001,,,,
2020-08-18 11:55:00+00:00,-0.016985,,,,
2020-08-18 14:15:00+00:00,,-0.0287817724717068,,,
2020-08-18 14:40:00+00:00,,,0.0033237893027757,,
2020-08-19 03:55:00+00:00,-0.0169849999999999,,,,
2020-08-19 16:25:00+00:00,-0.016985,,,,
2020-08-21 11:45:00+00:00,,,-0.0160717733731279,,
2020-08-21 21:15:00+00:00,-0.016985,,,,
2020-08-25 13:40:00+00:00,-0.02198,,,,
2020-08-25 18:05:00+00:00,-0.02198,,,,
2020-08-26 16:25:00+00:00,0.0179800000000001,,,,
2020-08-27 13:20:00+00:00,,0.0162848299697906,,,
2020-08-27 17:00:00+00:00,-0.02198,,,,
2020-08-28 09:30:00+00:00,0.0179799999999998,,,,
2020-08-31 12:50:00+00:00,0.0179800000000001,,,,
2020-08-31 13:20:00+00:00,,,,-0.0045666252316938,
2020-08-31 20:20:00+00:00,,-0.0104096995205192,,,
2020-09-01 00:20:00+00:00,-0.02198,,,,
2020-09-01 06:10:00+00:00,,,,-0.0027389356042044,
2020-09-01 07:10:00+00:00,,,,0.0027431299966256,
2020-09-01 07:30:00+00:00,0.0192415655554398,,,,
2020-09-01 07:55:00+00:00,,,,-0.0035278228666552,
2020-09-01 08:05:00+00:00,,,,-0.0048030766532652,
2020-09-01 10:25:00+00:00,,,,-0.0040408505705487,
2020-09-01 15:20:00+00:00,,0.0122572937513139,,,
2020-09-01 15:30:00+00:00,,,,-0.002987044613346,
2020-09-01 16:15:00+00:00,,,,0.0011917005099704,
2020-09-02 07:10:00+00:00,,,0.030186463990135,,
2020-09-02 10:25:00+00:00,-0.02198,,,,
2020-09-02 14:55:00+00:00,-0.0219799999999998,,,,
2020-09-03 12:10:00+00:00,-0.0219799999999998,,,,
2020-09-03 15:35:00+00:00,-0.02198,,,,
2020-09-03 23:25:00+00:00,-0.02198,,,,
2020-09-04 10:15:00+00:00,0.0179800000000001,,,,
2020-09-04 14:15:00+00:00,-0.0219800000000001,,,,
2020-09-04 18:55:00+00:00,0.0179799999999998,,,,
2020-09-05 09:05:00+00:00,-0.02198,,,,
2020-09-05 11:40:00+00:00,,,-0.0278475972929017,,
2020-09-05 18:50:00+00:00,-0.0219800000000001,,,,
2020-09-06 08:40:00+00:00,0.0179799999999998,,,,
2020-09-07 11:00:00+00:00,-0.02198,,,,
2020-09-07 12:15:00+00:00,,,-0.0194536192924085,,
2020-09-07 23:45:00+00:00,0.0300685762280232,,,,
2020-09-08 09:45:00+00:00,-0.0219800000000001,,,,
2020-09-08 10:10:00+00:00,,,-0.0173065143092848,,
2020-09-08 22:30:00+00:00,0.0179799999999998,,,,
2020-09-08 22:40:00+00:00,-0.0219800000000001,,,,
2020-09-09 11:15:00+00:00,0.0179799999999998,,,,
2020-09-10 13:55:00+00:00,0.0179800000000001,,,,
2020-09-11 03:35:00+00:00,-0.02198,,,,
2020-09-13 03:35:00+00:00,0.0179799999999998,,,,
2020-09-13 04:05:00+00:00,,,,0.002293946114553,
2020-09-13 11:30:00+00:00,-0.02198,-0.0108578377269011,,,
2020-09-13 12:15:00+00:00,,,0.01751843857748,,
2020-09-14 12:50:00+00:00,0.0179800000000001,,,,
2020-09-14 13:15:00+00:00,,,,-0.0051964777422596,
2020-09-14 13:35:00+00:00,,,,-0.0007237357487746,
2020-09-14 13:55:00+00:00,,,,-0.0053019371169517,
2020-09-14 14:10:00+00:00,,,,-0.0043856945691981,
2020-09-14 16:10:00+00:00,,,,0.0003276913238774,
2020-09-15 02:30:00+00:00,,0.0150651629813394,,,
2020-09-15 02:50:00+00:00,,,,0.0009626158139535,
2020-09-15 03:00:00+00:00,0.0179800000000001,,,,
2020-09-15 11:20:00+00:00,,,,-0.0016673631695258,
2020-09-15 12:35:00+00:00,,,,-0.0024562607976473,
2020-09-15 12:50:00+00:00,,,,-0.0057383951424561,
2020-09-15 14:55:00+00:00,,-0.0137817984637945,,,
2020-09-16 08:00:00+00:00,,,,-0.0058697809980543,
2020-09-16 13:00:00+00:00,,,,-0.0045317974910701,
2020-09-16 15:40:00+00:00,,,,-0.000367736176483,
2020-09-16 16:10:00+00:00,,,,-0.0041445534416459,
2020-09-16 16:35:00+00:00,0.0216370614391416,,,,
2020-09-16 17:00:00+00:00,,,,-0.0009555724849732,
2020-09-17 10:20:00+00:00,-0.0219800000000001,,,,
2020-09-17 13:45:00+00:00,,,0.0381232426036872,,
2020-09-18 17:50:00+00:00,,,-0.0084734472424096,,
2020-09-19 12:05:00+00:00,,,,-0.000679767420896,
2020-09-19 12:50:00+00:00,0.0196073339819995,,,,
2020-09-19 18:05:00+00:00,,-0.0107097580280411,,,
2020-09-20 03:00:00+00:00,,,-0.0033495875841705,,
2020-09-21 09:35:00+00:00,,,-0.0122039813357123,,
2020-09-21 10:50:00+00:00,-0.02198,,,,
2020-09-23 19:05:00+00:00,-0.0219800000000001,,,,
2020-09-23 19:40:00+00:00,,,-0.0200042029620876,,
2020-09-24 17:05:00+00:00,0.0349804068918524,,,,
2020-09-27 04:10:00+00:00,,0.0110051168842149,,,
2020-09-27 08:00:00+00:00,,,0.031123615401968,,
2020-09-28 01:10:00+00:00,0.0179799999999998,,,,
2020-09-28 23:15:00+00:00,-0.02198,-0.0103196970059269,,,
2020-09-29 00:10:00+00:00,,,-0.005902249410032,,
2020-10-01 16:15:00+00:00,-0.02198,,,,
2020-10-01 16:35:00+00:00,,,-0.019663314164677,,
2020-10-05 23:40:00+00:00,0.0179799999999998,,,,
2020-10-06 19:45:00+00:00,,,0.0034075050763928,,
2020-10-08 09:15:00+00:00,,,-0.0083932177988064,,
2020-10-08 16:50:00+00:00,0.0179799999999998,,,,
2020-10-08 18:30:00+00:00,,,,-0.0042333844836239,
2020-10-08 18:35:00+00:00,,0.010306923969019,,,
2020-10-09 00:20:00+00:00,,,,-0.0070866789065294,
2020-10-09 11:00:00+00:00,,0.0114660742543879,,,
2020-10-09 17:30:00+00:00,,,,0.0066534945773741,
2020-10-10 02:05:00+00:00,0.0179800000000001,0.0111980850658555,,,
2020-10-10 05:00:00+00:00,,,,0.02433566961819,
2020-10-12 10:40:00+00:00,,-0.0142040635634577,,,
2020-10-12 11:35:00+00:00,,,0.0566590705352816,,
2020-10-12 15:30:00+00:00,0.0179800000000001,,,,
2020-10-12 21:35:00+00:00,,0.0129682610650465,,,
2020-10-12 23:05:00+00:00,,,,0.0100870991098336,
2020-10-13 13:30:00+00:00,-0.02198,,,,
2020-10-16 04:55:00+00:00,,,-0.0207886166690457,,
2020-10-19 14:10:00+00:00,0.0189102340769655,,,,
2020-10-19 17:45:00+00:00,,,,-0.0013313571228391,
2020-10-19 18:20:00+00:00,,0.0122583651404983,,,
2020-10-20 07:40:00+00:00,,,,-0.0072997318536264,
2020-10-20 11:25:00+00:00,,,,-0.0054934837185943,
2020-10-20 15:30:00+00:00,0.0179799999999998,,,,
2020-10-20 19:10:00+00:00,,,,-0.0024118618770954,
2020-10-21 02:55:00+00:00,,0.0126832251881883,,,
2020-10-21 04:20:00+00:00,0.0179799999999998,,,,
2020-10-21 07:05:00+00:00,,,,0.0099089965037229,
2020-10-21 12:45:00+00:00,,0.01537184680988,,,
2020-10-21 21:20:00+00:00,0.012985,,,,
2020-10-21 22:30:00+00:00,,0.0221100555748889,,,
2020-10-21 23:05:00+00:00,,-0.0177985801609361,,,
2020-10-22 02:25:00+00:00,-0.0219800000000001,,,,
2020-10-22 21:00:00+00:00,0.0206596979584765,,,,
2020-10-23 00:15:00+00:00,-0.02198,,,,
2020-10-25 01:35:00+00:00,0.012985,,,,
2020-10-25 05:40:00+00:00,,-0.0126683078773249,,,
2020-10-25 05:45:00+00:00,,,,-0.0121701777751529,
2020-10-26 16:30:00+00:00,-0.02198,,,,
2020-10-26 17:25:00+00:00,,,-0.0046706949131678,,
2020-10-27 15:30:00+00:00,0.0313746896661419,,,,
2020-10-27 16:45:00+00:00,,0.016340534228499,,,
2020-10-27 18:20:00+00:00,,-0.0142281270976362,,,
2020-10-27 21:45:00+00:00,0.0129849999999998,,,,
2020-10-28 07:20:00+00:00,,,,0.0232334605082458,
2020-10-28 11:05:00+00:00,,-0.0147467640883538,,,
2020-10-28 11:20:00+00:00,-0.02198,,,,
2020-10-28 11:50:00+00:00,,,0.0254622227264642,,
2020-10-29 20:00:00+00:00,0.0214622597928071,,,,
2020-10-30 00:10:00+00:00,,-0.0193693109079097,,,
2020-10-30 05:55:00+00:00,-0.02198,,,,
2020-10-30 06:35:00+00:00,,,-0.0095880624192731,,
2020-10-30 19:20:00+00:00,0.0140876362502484,,,,
2020-10-31 06:05:00+00:00,,,,-0.0170561471838984,
2020-10-31 10:20:00+00:00,,-0.0193488834064385,,,
2020-10-31 13:20:00+00:00,0.0176122527880384,,,,
2020-10-31 17:05:00+00:00,,,,0.0022773138955083,
2020-11-02 08:35:00+00:00,-0.02198,,,,
2020-11-02 09:20:00+00:00,,,0.004319465901567,,
2020-11-03 17:30:00+00:00,0.0141977063451705,,,,
2020-11-04 07:45:00+00:00,,,,-0.0112230466330295,
2020-11-04 20:15:00+00:00,,-0.0184804472663817,,,
2020-11-04 20:20:00+00:00,0.0137024949002468,,,,
2020-11-05 02:40:00+00:00,0.012985,,,,
2020-11-05 17:30:00+00:00,,-0.0193148524111466,,,
2020-11-05 17:35:00+00:00,0.0434529056036441,,,,
2020-11-06 03:10:00+00:00,0.0349320790370455,,,,
2020-11-06 08:55:00+00:00,,,,0.0968855160317625,
2020-11-06 09:20:00+00:00,-0.02198,,,,
2020-11-06 20:15:00+00:00,-0.02198,-0.023096909663719,,,
2020-11-07 15:15:00+00:00,-0.02198,,,,
2020-11-07 15:25:00+00:00,,,0.1199877842957994,,
2020-11-08 10:40:00+00:00,0.0129849999999998,,,,
2020-11-08 16:15:00+00:00,0.012985,,,,
2020-11-09 11:45:00+00:00,0.0129849999999998,,,,
2020-11-09 13:15:00+00:00,-0.02198,,,,
2020-11-09 13:50:00+00:00,,,,-0.0326274880760774,
2020-11-09 16:15:00+00:00,,,-0.0132692624675131,,
2020-11-10 15:25:00+00:00,,-0.0221606817145294,,,
2020-11-11 15:00:00+00:00,0.0188037225395789,,,,
2020-11-11 22:20:00+00:00,0.0129849999999998,,,,
2020-11-12 00:10:00+00:00,,,,-0.0154235773178261,
2020-11-12 10:15:00+00:00,,-0.0167558366783232,,,
2020-11-12 10:20:00+00:00,0.0138485952709428,,,,
2020-11-12 20:50:00+00:00,0.012985,,,,
2020-11-13 04:25:00+00:00,0.0156464202045243,,,,
2020-11-13 11:15:00+00:00,,,,0.0052889934242537,
2020-11-13 16:05:00+00:00,-0.02198,,,,
2020-11-14 08:20:00+00:00,-0.02198,,,,
2020-11-14 08:30:00+00:00,,,0.0331325008619527,,
2020-11-15 21:05:00+00:00,,,-0.0108476374029542,,
2020-11-16 09:25:00+00:00,0.0153588838012828,,,,
2020-11-16 15:50:00+00:00,0.0129849999999998,,,,
2020-11-16 21:30:00+00:00,0.0203377372262771,,,,
2020-11-17 11:30:00+00:00,,0.0180738957725545,,,
2020-11-17 20:05:00+00:00,,0.0305577654803896,,,
2020-11-17 21:00:00+00:00,0.0559043612683605,,,,
2020-11-18 04:15:00+00:00,,0.0239490440133929,,,
2020-11-18 05:30:00+00:00,,-0.0192943959491213,,,
2020-11-18 05:35:00+00:00,-0.02198,,,0.0733545840589602,
2020-11-18 07:55:00+00:00,0.0129849999999998,,,,
2020-11-18 14:30:00+00:00,-0.0219800000000001,,,,
2020-11-18 19:50:00+00:00,-0.0219800000000001,,,,
2020-11-19 08:45:00+00:00,-0.02198,,,,
2020-11-19 10:40:00+00:00,,,0.0862001666126717,,
2020-11-19 18:10:00+00:00,0.0129849999999998,,,,
2020-11-20 08:50:00+00:00,0.0129849999999998,,,,
2020-11-21 04:00:00+00:00,,,,0.0022296283932918,
2020-11-22 08:55:00+00:00,-0.02198,,,,
2020-11-22 20:50:00+00:00,0.0179800000000001,,,,
2020-11-23 00:25:00+00:00,-0.02198,,,,
2020-11-23 01:00:00+00:00,,-0.0260924854176257,,,
2020-11-24 06:05:00+00:00,-0.02198,,,,
2020-11-24 14:05:00+00:00,0.0369553411339376,,,,
2020-11-24 20:00:00+00:00,,,,-0.003764122475097,
2020-11-25 03:55:00+00:00,-0.0219799999999998,,,,
2020-11-25 16:00:00+00:00,,,,-0.0223360274708671,
2020-11-25 23:15:00+00:00,-0.0219799999999998,,,,
2020-11-25 23:25:00+00:00,,,0.0077554244877573,,
2020-11-26 00:05:00+00:00,,-0.0207193052278478,,,
2020-11-26 02:25:00+00:00,-0.02198,,,,
2020-11-26 08:05:00+00:00,-0.02198,,,,
2020-11-26 14:00:00+00:00,-0.02198,,,,
2020-11-27 02:35:00+00:00,0.0179800000000001,,,,
2020-11-27 08:25:00+00:00,-0.02198,,,,
2020-11-27 15:40:00+00:00,-0.02198,,,,
2020-11-28 00:50:00+00:00,0.0179799999999998,,,,
2020-11-28 13:00:00+00:00,,-0.0031990322360639,,,
2020-11-28 20:45:00+00:00,0.0378682165522601,,,,
2020-11-29 21:05:00+00:00,,0.0309172760931537,,,
2020-11-29 22:45:00+00:00,0.0179800000000001,,,,
2020-11-30 04:40:00+00:00,0.0179800000000001,,,,
2020-11-30 12:55:00+00:00,,0.0191172592510227,,,
2020-11-30 15:30:00+00:00,,,,-0.0175319323597621,
2020-11-30 17:30:00+00:00,,0.019959169164029,,,
2020-11-30 18:10:00+00:00,0.0400017280480937,,,,
2020-12-01 11:20:00+00:00,,,,-0.0253869219661133,
2020-12-01 11:25:00+00:00,-0.02198,,,,
2020-12-01 12:20:00+00:00,-0.0219800000000001,,,,
2020-12-01 12:25:00+00:00,,-0.0311185833661341,,,
2020-12-01 13:35:00+00:00,,,0.0915502611837206,,
2020-12-02 00:00:00+00:00,-0.0219800000000001,,,,
2020-12-02 13:20:00+00:00,0.0179800000000001,,,,
2020-12-02 15:00:00+00:00,-0.02198,,,,
2020-12-03 08:15:00+00:00,0.0179800000000001,,,,
2020-12-04 10:15:00+00:00,-0.02198,,,,
2020-12-04 11:30:00+00:00,,,0.0027429485781784,,
2020-12-04 21:50:00+00:00,-0.02198,,,,
2020-12-05 19:10:00+00:00,0.0179800000000001,,,,
2020-12-06 13:45:00+00:00,-0.02198,,,,
2020-12-07 19:10:00+00:00,,,-0.0003072353562004,,
2020-12-08 09:40:00+00:00,-0.02198,,,,
2020-12-08 10:10:00+00:00,,,-0.0203871609137548,,
2020-12-08 22:55:00+00:00,-0.02198,,,,
2020-12-10 15:10:00+00:00,-0.02198,,,,
2020-12-10 15:30:00+00:00,,,-0.0179160722242123,,
2020-12-11 01:50:00+00:00,-0.0219800000000001,,-0.0246412836796936,,
2020-12-11 02:55:00+00:00,,-0.0252772578396388,,,
2020-12-11 10:20:00+00:00,-0.0219800000000001,,,,
2020-12-12 04:20:00+00:00,0.0203774014574362,,,,
2020-12-12 22:25:00+00:00,0.022116275618949,,,,
2020-12-13 09:20:00+00:00,,0.0188379936970362,,,
2020-12-13 11:50:00+00:00,0.0226719597569848,,,,
2020-12-13 22:15:00+00:00,-0.0219800000000001,,,,
2020-12-14 23:55:00+00:00,,0.0010529185285108,,,
2020-12-15 04:50:00+00:00,,,,-0.0080615585391325,
2020-12-15 04:55:00+00:00,,-0.0187287453976167,,,
2020-12-16 18:15:00+00:00,0.0758413878866375,,,,
2020-12-16 18:45:00+00:00,,0.0458892008734665,,,
2020-12-17 04:20:00+00:00,,0.0222243353651674,,,
2020-12-17 07:10:00+00:00,0.068555484806559,,,,
2020-12-17 08:00:00+00:00,,0.0250314793102652,,,
2020-12-17 09:35:00+00:00,,,,0.1649498034957355,
2020-12-17 09:40:00+00:00,,-0.0307063479254598,,,
2020-12-17 12:10:00+00:00,0.0179800000000001,,,,
2020-12-17 18:15:00+00:00,-0.02198,,,,
2020-12-17 20:10:00+00:00,-0.02198,,,,
2020-12-18 14:30:00+00:00,-0.02198,,,,
2020-12-19 00:35:00+00:00,,0.0036478442248164,,,
2020-12-19 20:15:00+00:00,0.0457536273611696,,,,
2020-12-20 00:20:00+00:00,-0.02198,,,-0.0121104789909588,
2020-12-20 03:15:00+00:00,,-0.037454714982081,,,
2020-12-20 21:10:00+00:00,-0.02198,,,,
2020-12-21 09:45:00+00:00,-0.02198,,,,
2020-12-21 10:15:00+00:00,,,,-0.0284204349145053,-0.0284204349145053
2020-12-21 22:25:00+00:00,0.0179800000000001,,,,
2020-12-22 22:50:00+00:00,0.0179800000000001,,,,
2020-12-23 07:15:00+00:00,-0.0219799999999998,,,,
2020-12-23 11:05:00+00:00,,,,0.0035275783048005,0.0035275783048005493
2020-12-23 21:40:00+00:00,-0.02198,,,,
2020-12-23 22:20:00+00:00,,,,-0.0482754855876225,-0.04827548558762251
2020-12-25 00:00:00+00:00,0.0179800000000001,,,,
2020-12-25 14:10:00+00:00,0.0241610933630742,,,,
2020-12-25 14:40:00+00:00,-0.02198,,,,
2020-12-26 15:30:00+00:00,,0.0357339052931546,,,
2020-12-26 18:45:00+00:00,0.0283160990390185,,,,
2020-12-26 20:35:00+00:00,,0.0298296747094319,,,
2020-12-27 00:55:00+00:00,0.0179800000000001,,,,
2020-12-27 06:00:00+00:00,0.0179799999999998,,,,
2020-12-27 06:15:00+00:00,,0.0317695026774016,,,
2020-12-27 10:05:00+00:00,0.0179799999999998,,,,
2020-12-27 11:35:00+00:00,-0.0219800000000001,,,,
2020-12-27 11:40:00+00:00,,-0.0403908192604334,,0.1571863868431497,0.15718638684314978
2020-12-28 13:30:00+00:00,0.0179800000000001,,,,
2020-12-28 20:30:00+00:00,-0.02198,,,,
2020-12-29 05:10:00+00:00,,,,-0.0297757665487106,-0.029775766548710614
2020-12-29 05:20:00+00:00,,,0.1281408041506559,,
2020-12-29 23:25:00+00:00,0.0179799999999998,,,,
2020-12-30 05:40:00+00:00,0.0179800000000001,,,,
2020-12-30 08:25:00+00:00,-0.0219800000000001,,,,
2020-12-30 20:35:00+00:00,,0.0338127452689942,,,
2020-12-31 01:05:00+00:00,-0.02198,,,,
2020-12-31 13:05:00+00:00,-0.02198,,,,
2020-12-31 13:10:00+00:00,,,,0.0494112005947156,0.0494112005947156
2021-01-01 01:10:00+00:00,0.0179800000000001,,,,
2021-01-01 18:45:00+00:00,,,,-0.008191699836558,-0.008191699836558097
2021-01-02 20:10:00+00:00,0.0687105881189829,,,,
2021-01-02 20:20:00+00:00,-0.02198,0.0547749243729644,,,
2021-01-02 20:55:00+00:00,,,,0.0566812911396785,0.05668129113967857
2021-01-03 04:55:00+00:00,0.0179800000000001,,,,
2021-01-03 07:20:00+00:00,,0.0481312427189681,,,
2021-01-03 09:10:00+00:00,0.0307601276552285,,,,
2021-01-03 15:30:00+00:00,,-0.053984255093004,,,
2021-01-03 18:35:00+00:00,,,,-0.0037565931828118,-0.0037565931828118515
2021-01-03 22:50:00+00:00,-0.0234843359904548,,,,
2021-01-03 23:55:00+00:00,-0.0219800000000001,,,,
2021-01-04 07:05:00+00:00,-0.0219800000000001,,,,
2021-01-04 09:30:00+00:00,,,0.1761949913291087,-0.0703976218930008,-0.0703976218930008
2021-01-04 16:15:00+00:00,-0.02198,,,,
2021-01-05 03:40:00+00:00,-0.02198,,,,
2021-01-05 05:45:00+00:00,,,,-0.0359057716788582,-0.03590577167885822
2021-01-05 12:15:00+00:00,0.0179800000000001,,,,
2021-01-05 14:10:00+00:00,-0.02198,,,,
2021-01-05 16:15:00+00:00,0.0179800000000001,,,,
2021-01-05 22:20:00+00:00,,0.0781021143879048,,,
2021-01-05 23:15:00+00:00,0.0421441552147239,,,,
2021-01-06 09:15:00+00:00,-0.02198,,,,
2021-01-06 14:10:00+00:00,-0.02198,,,,
2021-01-06 20:00:00+00:00,-0.0219799999999998,,,,
2021-01-07 01:15:00+00:00,0.0260317492724688,,,,
2021-01-07 05:35:00+00:00,0.0179800000000001,,,,
2021-01-07 06:25:00+00:00,-0.02198,,,,
2021-01-07 14:00:00+00:00,0.0179800000000001,,,,
2021-01-07 17:20:00+00:00,,0.0653972158420641,,,
2021-01-07 18:25:00+00:00,0.0179800000000001,,,,
2021-01-07 18:45:00+00:00,,,,0.1907566752949769,0.19075667529497697
2021-01-07 23:15:00+00:00,-0.0252683018820576,,,,
2021-01-08 01:05:00+00:00,-0.0219800000000001,,,,
2021-01-08 09:50:00+00:00,0.0179800000000001,,,,
2021-01-08 14:45:00+00:00,0.0509938259571258,,,,
2021-01-08 15:10:00+00:00,-0.02198,,,,
2021-01-09 01:10:00+00:00,-0.0245774373746056,,,,
2021-01-10 11:20:00+00:00,-0.02198,,,-0.0161894123194876,-0.016189412319487673
2021-01-10 17:30:00+00:00,,,0.1948212867987786,,
2021-01-10 17:35:00+00:00,,-0.0750767066182671,,,
2021-01-11 00:45:00+00:00,-0.0219800000000001,,,,
2021-01-11 03:35:00+00:00,,,,-0.1106673379081816,-0.11066733790818162
2021-01-11 11:45:00+00:00,-0.0219800000000001,,,,
2021-01-11 16:10:00+00:00,,,,-0.1448601638075302,-0.1448601638075302
2021-01-11 19:05:00+00:00,-0.02198,,,,
2021-01-11 20:05:00+00:00,-0.0219800000000001,,,,
2021-01-12 01:25:00+00:00,0.1079182607198119,,,,
2021-01-12 01:45:00+00:00,-0.0219800000000001,,,,
2021-01-12 09:40:00+00:00,0.0179800000000001,,,,
2021-01-12 10:10:00+00:00,-0.0219800000000001,,,,
2021-01-12 14:25:00+00:00,,,,-0.0196144108908165,-0.019614410890816503
2021-01-12 15:00:00+00:00,,,-0.0184435345133331,,
2021-01-12 20:20:00+00:00,-0.02198,,,,
2021-01-13 04:35:00+00:00,-0.0219800000000001,,,,
2021-01-13 06:20:00+00:00,0.0179799999999998,,,,
2021-01-13 07:25:00+00:00,0.0179799999999998,,,,
2021-01-13 18:30:00+00:00,0.0179800000000001,,,,
2021-01-14 01:50:00+00:00,0.0519259647031193,,,,
2021-01-14 13:30:00+00:00,0.0179799999999998,,,,
2021-01-14 19:20:00+00:00,0.0179800000000001,,,,
2021-01-15 02:00:00+00:00,-0.0219799999999998,,,,
2021-01-15 03:45:00+00:00,-0.02198,,,,
2021-01-15 06:05:00+00:00,,,,0.0629258910685484,0.0629258910685484
2021-01-15 06:25:00+00:00,,,0.0758443221778695,,
2021-01-15 12:00:00+00:00,-0.0219800000000001,,,,
2021-01-15 15:10:00+00:00,,,,-0.0615162317182581,-0.06151623171825815
2021-01-16 02:55:00+00:00,-0.02198,,,,
2021-01-16 18:55:00+00:00,-0.02198,,,,
2021-01-16 22:05:00+00:00,,,,-0.028214766992334,-0.02821476699233405
2021-01-16 22:30:00+00:00,,,-0.0253275132707895,,
2021-01-17 03:40:00+00:00,-0.0219799999999998,,,,
2021-01-17 06:20:00+00:00,,-0.0635977188082969,,,
2021-01-17 08:05:00+00:00,,,,-0.0607714787410538,-0.06077147874105382
2021-01-17 16:30:00+00:00,0.0179800000000001,,,,
2021-01-18 03:20:00+00:00,-0.0219800000000001,,,,
2021-01-18 12:05:00+00:00,0.0179800000000001,,,,
2021-01-18 14:30:00+00:00,-0.02198,,,,
2021-01-19 07:50:00+00:00,0.0179800000000001,,,,
2021-01-19 18:55:00+00:00,-0.0219799999999998,,,,
2021-01-20 09:35:00+00:00,-0.02198,,,,
2021-01-20 15:50:00+00:00,-0.0219799999999998,,,,
2021-01-21 05:05:00+00:00,-0.0219800000000001,,,,
2021-01-21 08:30:00+00:00,-0.02198,,,,
2021-01-21 09:20:00+00:00,,,-0.0569037041604365,,-0.05690370416043655
2021-01-21 16:50:00+00:00,-0.02198,,,,
2021-01-21 22:00:00+00:00,-0.02198,,,,
2021-01-22 08:30:00+00:00,0.0179800000000001,,,,
2021-01-22 17:30:00+00:00,0.0279353526158698,,,,
2021-01-22 18:55:00+00:00,,0.0418743630433129,,,
2021-01-22 23:00:00+00:00,0.0179799999999998,,,,
2021-01-23 11:15:00+00:00,-0.02198,,,,
2021-01-23 12:55:00+00:00,,,-0.0021667227171772,,-0.0021667227171772163
2021-01-24 08:55:00+00:00,0.0179799999999998,,,,
2021-01-24 14:40:00+00:00,-0.02198,,,,
2021-01-24 16:40:00+00:00,,,-0.0183521730399289,,-0.018352173039928976
2021-01-25 03:45:00+00:00,,0.0237976218528599,,,
2021-01-25 06:25:00+00:00,,,,-0.0088776931733688,
2021-01-25 07:40:00+00:00,0.0302081799159863,,,,
2021-01-25 13:20:00+00:00,,0.0234420463892359,,,
2021-01-25 16:05:00+00:00,,,,0.0088210722024806,
2021-01-25 17:05:00+00:00,0.0179800000000001,,,,
2021-01-25 20:00:00+00:00,,-0.0409444539203146,,,
2021-01-25 21:50:00+00:00,,,0.0125083116350461,,0.012508311635046176
2021-01-26 03:25:00+00:00,-0.02198,,,,
2021-01-26 12:50:00+00:00,-0.02198,,,,
2021-01-26 14:30:00+00:00,-0.02198,,,,
2021-01-26 16:15:00+00:00,-0.02198,,,,
2021-01-27 08:55:00+00:00,-0.02198,,,,
2021-01-27 09:25:00+00:00,,,-0.0374132357054237,,-0.037413235705423764
2021-01-27 17:35:00+00:00,-0.02198,,,,
2021-01-27 18:35:00+00:00,-0.02198,,,,
2021-01-27 19:00:00+00:00,0.0179799999999998,,,,
2021-01-27 20:10:00+00:00,0.0179800000000001,,,,
2021-01-27 23:05:00+00:00,-0.0311333280414375,,,,
2021-01-28 17:00:00+00:00,,0.0327003767958864,,,
2021-01-28 21:00:00+00:00,0.0492213047305696,,,,
2021-01-29 03:40:00+00:00,,,,0.0179904325162361,
2021-01-29 04:05:00+00:00,0.0319655158699079,,,,
2021-01-29 13:30:00+00:00,0.1191467484557307,,,,
2021-01-29 14:00:00+00:00,,0.0538968310934258,,,
2021-01-29 14:35:00+00:00,,,,0.0737875243825261,
2021-01-29 14:55:00+00:00,-0.0219800000000001,,,,
2021-01-29 16:50:00+00:00,-0.0219800000000001,,,,
2021-01-30 03:10:00+00:00,-0.0219800000000001,,,,
2021-01-30 04:00:00+00:00,,,0.0630232599231754,,0.06302325992317548
2021-01-30 21:55:00+00:00,0.0179800000000001,,,,
2021-01-31 00:35:00+00:00,-0.02198,,,,
2021-01-31 15:10:00+00:00,-0.0219800000000001,,,,
2021-01-31 15:50:00+00:00,,,-0.0479151851673447,,-0.04791518516734472
2021-02-01 06:20:00+00:00,0.0331029179668351,,,,
2021-02-01 09:00:00+00:00,,0.0234884243654083,,,
2021-02-01 15:55:00+00:00,-0.02198,,,,
2021-02-02 11:25:00+00:00,,,,0.0040095396070349,
2021-02-02 13:00:00+00:00,0.0215185830228068,,,,
2021-02-02 20:00:00+00:00,,0.0223517937914179,,,
2021-02-03 00:00:00+00:00,,,,-0.0087100056987375,
2021-02-03 00:15:00+00:00,0.0179800000000001,,,,
2021-02-03 07:45:00+00:00,,,,0.0077324671317002,
2021-02-03 19:25:00+00:00,0.0257072908017987,,,,
2021-02-04 00:10:00+00:00,,0.0200500080514798,,,
2021-02-04 02:25:00+00:00,,,,0.017723106072343,
2021-02-04 03:20:00+00:00,0.0179799999999998,,,,
2021-02-04 08:50:00+00:00,,,,-0.0136968743380306,
2021-02-04 09:10:00+00:00,-0.0219799999999998,,,,
2021-02-04 14:45:00+00:00,-0.02198,,,,
2021-02-04 14:50:00+00:00,,-0.0390574302714028,,,
2021-02-04 15:50:00+00:00,,,0.0900823487777398,,0.0900823487777398
2021-02-05 12:20:00+00:00,0.0179800000000001,,,,
2021-02-06 01:50:00+00:00,,,,-0.0056523194918911,
2021-02-06 05:10:00+00:00,,,,-0.0161371969596207,
2021-02-06 05:15:00+00:00,0.0219807386788757,,,,
2021-02-06 11:00:00+00:00,,0.0218672803343096,,,
2021-02-06 15:05:00+00:00,0.0278915646816868,,,,
2021-02-06 17:55:00+00:00,,,,0.0151822540869439,
2021-02-06 20:15:00+00:00,-0.02198,,,,
2021-02-06 23:10:00+00:00,-0.0219800000000001,,,,
2021-02-07 00:30:00+00:00,,,0.0431689693010397,,0.04316896930103975
2021-02-07 15:10:00+00:00,,-0.0397173174821201,,,
2021-02-07 15:15:00+00:00,-0.02198,,,,
2021-02-07 15:35:00+00:00,,,-0.0407513195572704,,-0.040751319557270405
2021-02-08 10:30:00+00:00,0.0179799999999998,,,,
2021-02-08 12:40:00+00:00,0.0179799999999998,,,,
2021-02-08 16:30:00+00:00,,,,0.0515845871917817,
2021-02-08 17:00:00+00:00,0.0691003377614971,,,,
2021-02-08 17:55:00+00:00,,0.0527709852150581,,,
2021-02-08 20:45:00+00:00,0.0179800000000001,,,,
2021-02-09 02:05:00+00:00,,,,0.0173041105810451,
2021-02-09 03:30:00+00:00,0.0455541589761891,,,,
2021-02-09 06:35:00+00:00,,0.0348204017451212,,,
2021-02-09 08:30:00+00:00,,,,-0.0187839941328715,
2021-02-09 12:45:00+00:00,-0.02198,,,,
2021-02-09 19:45:00+00:00,0.0179799999999998,,,,
2021-02-09 23:05:00+00:00,-0.0219800000000001,,,,
2021-02-10 04:05:00+00:00,-0.02198,,,,
2021-02-10 12:30:00+00:00,-0.0219800000000001,,,,
2021-02-10 15:35:00+00:00,,,0.1453637372034208,,0.14536373720342088
2021-02-11 00:45:00+00:00,-0.0219799999999998,,,,
2021-02-11 17:05:00+00:00,,,,-0.0060758554935963,
2021-02-11 17:15:00+00:00,0.0507523756659851,,,,
2021-02-11 20:25:00+00:00,,0.0286965246238368,,,
2021-02-11 20:45:00+00:00,,,,-0.0178276690611757,
2021-02-11 20:50:00+00:00,-0.02198,,,,
2021-02-12 02:45:00+00:00,,,,-0.0188437787650579,
2021-02-12 03:40:00+00:00,-0.0219800000000001,,,,
2021-02-12 14:35:00+00:00,-0.02198,,,,
2021-02-13 11:10:00+00:00,-0.02198,,,,
2021-02-14 05:25:00+00:00,0.0179800000000001,,,,
2021-02-14 08:50:00+00:00,,,,0.006686165188344,
2021-02-14 10:00:00+00:00,0.0222100966025367,,,,
2021-02-14 13:45:00+00:00,,,,-0.0139634104913348,
2021-02-14 15:25:00+00:00,-0.02198,,,,
2021-02-15 02:15:00+00:00,-0.02198,-0.0374964390920722,,,
2021-02-15 02:35:00+00:00,,,0.0258797654486604,,0.02587976544866044
2021-02-15 15:50:00+00:00,0.0179799999999998,,,,
2021-02-16 00:30:00+00:00,-0.02198,,,,
2021-02-16 06:05:00+00:00,,,,-0.0161330133866797,
2021-02-16 07:55:00+00:00,0.0179800000000001,,,,
2021-02-16 12:30:00+00:00,,0.0218546631348421,,,
2021-02-16 12:35:00+00:00,,,,-0.0163653402401857,
2021-02-16 16:55:00+00:00,-0.02198,,,,
2021-02-17 06:05:00+00:00,0.0179800000000001,,,,
2021-02-17 12:00:00+00:00,0.0270927109408447,,,,
2021-02-17 13:05:00+00:00,,,,-0.0004836593446722,
2021-02-18 00:00:00+00:00,0.0179799999999998,,,,
2021-02-18 02:05:00+00:00,,,,0.0033916519741494,
2021-02-18 07:10:00+00:00,,0.0052314774883559,,,
2021-02-18 11:35:00+00:00,-0.02198,,,,
2021-02-19 13:10:00+00:00,,,,-0.0058384024467785,
2021-02-19 15:35:00+00:00,0.0129849999999998,,,,
2021-02-19 16:00:00+00:00,,0.0165467175415692,,,
2021-02-19 19:20:00+00:00,,,,0.0296027793462823,
2021-02-19 21:05:00+00:00,,0.0159786862688031,,,
2021-02-19 21:50:00+00:00,0.0308669205043385,,,,
2021-02-20 00:15:00+00:00,,,,-0.0103468597697585,
2021-02-20 00:45:00+00:00,0.012985,,,,
2021-02-20 03:30:00+00:00,,,,-0.0138959960554156,
2021-02-20 09:10:00+00:00,-0.0219800000000001,,,,
2021-02-20 12:10:00+00:00,,0.017066314197581,,,
2021-02-20 14:50:00+00:00,,,,0.0014932301696446,
2021-02-20 15:20:00+00:00,-0.02198,,,,
2021-02-20 22:30:00+00:00,,-0.0362900405767343,,,
2021-02-21 10:15:00+00:00,0.0129849999999998,,,,
2021-02-21 12:10:00+00:00,,,,-0.0141260518608504,
2021-02-21 18:50:00+00:00,0.0129849999999998,,,,
2021-02-21 20:50:00+00:00,,,,-0.0059834511685882,
2021-02-21 22:30:00+00:00,-0.02198,,,,
2021-02-22 20:05:00+00:00,0.0129849999999998,,,,
2021-02-23 00:05:00+00:00,-0.02198,,,,
2021-02-23 03:00:00+00:00,,,-0.0567145819134689,,-0.0567145819134689
2021-02-23 04:40:00+00:00,,-0.0565958803934848,,,
2021-02-23 14:35:00+00:00,-0.0219800000000001,,,,
2021-02-23 17:10:00+00:00,-0.0294093708082053,,,,
2021-02-23 18:10:00+00:00,-0.0219800000000001,,,,
2021-02-24 00:25:00+00:00,-0.0292861070831008,,,,
2021-02-24 06:20:00+00:00,0.0415632979993059,,,,
2021-02-24 13:15:00+00:00,-0.02198,,,,
2021-02-25 09:05:00+00:00,-0.02198,,,,
2021-02-25 14:40:00+00:00,,,,-0.0153913967432399,
2021-02-25 17:00:00+00:00,-0.02198,,,,
2021-02-25 22:00:00+00:00,,,-0.0080499302718518,,-0.008049930271851857
2021-02-26 11:40:00+00:00,-0.02198,,,,
2021-02-26 13:55:00+00:00,-0.02198,,,,
2021-02-26 15:45:00+00:00,0.012985,,,,
2021-02-26 19:35:00+00:00,-0.0219800000000001,,,,
2021-02-27 06:40:00+00:00,0.0129849999999998,,,,
2021-02-27 15:30:00+00:00,-0.02198,,,,
2021-02-27 23:25:00+00:00,,,-0.0430490312130877,,-0.043049031213087785
2021-02-28 13:05:00+00:00,-0.0219799999999998,,,,
2021-02-28 20:55:00+00:00,0.012985,,,,
2021-03-01 04:05:00+00:00,0.0332054084161477,,,,
2021-03-01 08:20:00+00:00,0.0129849999999998,,,,
2021-03-01 11:05:00+00:00,,0.0322156339562429,,,
2021-03-01 13:40:00+00:00,0.012985,,,,
2021-03-01 18:15:00+00:00,,,,0.0085761172952159,
2021-03-01 20:15:00+00:00,0.0129849999999998,,,,
2021-03-02 01:00:00+00:00,,,,-0.0085566716339561,
2021-03-02 06:05:00+00:00,-0.0219800000000001,,,,
2021-03-03 04:10:00+00:00,0.0129849999999998,,,,
2021-03-03 12:40:00+00:00,,0.024305909231302,,,
2021-03-03 13:35:00+00:00,0.0447508442915414,,,,
2021-03-03 13:40:00+00:00,,,,0.0231884201407828,
2021-03-04 00:05:00+00:00,,-0.0459675972578706,,,
2021-03-04 03:15:00+00:00,-0.02198,,,,
2021-03-04 04:55:00+00:00,,,0.0858513713440813,,0.08585137134408138
2021-03-04 14:50:00+00:00,-0.0219800000000001,,,,
2021-03-04 19:35:00+00:00,,,-0.0379604731779914,,-0.03796047317799145
2021-03-05 08:35:00+00:00,-0.0219800000000001,,,,
2021-03-05 16:30:00+00:00,-0.02198,,,,
2021-03-06 04:15:00+00:00,-0.02198,,,,
2021-03-06 13:00:00+00:00,,,-0.0033030980868763,,-0.0033030980868763438
2021-03-06 22:30:00+00:00,0.0129849999999998,,,,
2021-03-07 05:05:00+00:00,,,,-0.0069712857490877,
2021-03-07 07:55:00+00:00,0.012985,,,,
2021-03-07 12:20:00+00:00,,,,0.0083716054010944,
2021-03-07 14:20:00+00:00,,,,-0.014585683236176,
2021-03-07 18:15:00+00:00,,,,-0.0129642581639793,
2021-03-08 00:15:00+00:00,0.012985,,,,
2021-03-08 02:25:00+00:00,,,,-0.0105721259630484,
2021-03-08 02:45:00+00:00,-0.02198,,,,
2021-03-08 07:10:00+00:00,,-0.0359720639678544,,,
2021-03-08 08:40:00+00:00,,,0.0291716364727583,,0.029171636472758333
2021-03-08 19:45:00+00:00,0.0129849999999998,,,,
2021-03-09 06:35:00+00:00,0.0422022431240216,,,,
2021-03-09 07:00:00+00:00,,,,0.0313508017558636,
2021-03-09 13:55:00+00:00,,0.0198048473223266,,,
2021-03-09 15:50:00+00:00,,,,-0.0097245075037513,
2021-03-10 01:40:00+00:00,,,,-0.0010386441981337,
2021-03-10 02:05:00+00:00,-0.02198,,,,
2021-03-10 13:20:00+00:00,0.0138144305787064,,,,
2021-03-10 18:20:00+00:00,0.0168189517998818,,,,
2021-03-10 20:15:00+00:00,,,,0.0059486273184459,
2021-03-10 21:05:00+00:00,-0.02198,,,,
2021-03-11 08:00:00+00:00,,-0.0373473585399852,,,
2021-03-11 18:25:00+00:00,0.0129849999999998,,,,
2021-03-11 19:55:00+00:00,,,,-0.0145407469466762,
2021-03-12 00:25:00+00:00,,,,-0.012990730661621,
2021-03-12 10:10:00+00:00,-0.0219800000000001,,,,
2021-03-12 11:55:00+00:00,,-0.0119841077396947,,,
2021-03-12 20:10:00+00:00,-0.02198,,,,
2021-03-13 10:10:00+00:00,0.012985,,,,
2021-03-13 15:35:00+00:00,,,,0.0248040904017066,
2021-03-13 17:20:00+00:00,0.0129849999999998,,,,
2021-03-13 20:10:00+00:00,,0.0232358421347689,,,
2021-03-13 21:15:00+00:00,,,,0.0028653096233657,
2021-03-14 11:10:00+00:00,-0.02198,,,,
2021-03-15 07:10:00+00:00,,,0.1471234965168266,,0.14712349651682666
2021-03-15 15:35:00+00:00,-0.0219800000000001,,,,
2021-03-16 21:15:00+00:00,0.0129849999999998,,,,
2021-03-17 03:50:00+00:00,-0.02198,,,,
2021-03-18 00:00:00+00:00,,0.0244687365814082,,,
2021-03-18 00:35:00+00:00,0.0469590712580154,,,,
2021-03-18 03:25:00+00:00,,,,0.0237101067524581,
2021-03-18 11:50:00+00:00,-0.02198,,,,
2021-03-18 18:05:00+00:00,,,,-0.0102989422496304,
2021-03-18 18:25:00+00:00,-0.02198,,,,
2021-03-19 09:10:00+00:00,0.0129849999999998,,,,
2021-03-22 10:15:00+00:00,0.0179799999999998,,,,
2021-03-22 12:35:00+00:00,,,,-0.0196005445969943,
2021-03-22 19:30:00+00:00,,,-0.026776913957376,,-0.026776913957376025
2021-03-23 16:25:00+00:00,0.0179800000000001,,,,
2021-03-23 21:20:00+00:00,-0.0219800000000001,,,,
2021-03-24 01:05:00+00:00,,,-0.0220667077485154,,-0.02206670774851549
2021-03-24 13:10:00+00:00,0.0187645938137541,,,,
2021-03-24 15:40:00+00:00,,,,0.0044002746180655,
2021-03-24 20:15:00+00:00,,,-0.0200872200501321,,-0.020087220050132193
2021-03-24 20:25:00+00:00,,-0.0430292591425176,,,
2021-03-25 12:05:00+00:00,-0.02198,,,,
2021-03-25 22:15:00+00:00,0.0179799999999998,,,,
2021-03-26 09:00:00+00:00,0.0179800000000001,,,,
2021-03-26 11:55:00+00:00,,,,-0.0107096345002567,
2021-03-26 21:45:00+00:00,0.0179799999999998,,,,
2021-03-27 01:50:00+00:00,,,,0.0109042686575855,
2021-03-27 20:15:00+00:00,0.0182124819659095,,,,
2021-03-28 00:25:00+00:00,,,,-0.0017946852530764,
2021-03-28 14:45:00+00:00,,-0.011271832321051,,,
2021-03-28 20:10:00+00:00,,,0.0511833144339239,,0.05118331443392399
2021-03-29 13:50:00+00:00,,0.0167499813004297,,,
2021-03-29 14:00:00+00:00,0.0179800000000001,,,,
2021-03-29 15:25:00+00:00,,,,0.0037326593528228,
2021-03-30 20:35:00+00:00,,,,-0.0040580266882328,
2021-03-31 07:50:00+00:00,-0.02198,,,,
2021-03-31 07:55:00+00:00,,,,-0.023449539235697,
2021-03-31 08:00:00+00:00,,-0.018079503117776,,,
2021-04-01 13:05:00+00:00,,-0.0093635523194709,,,
2021-04-01 18:15:00+00:00,-0.0219800000000001,,,,
2021-04-02 13:25:00+00:00,,,,-0.016712809043502,
2021-04-02 13:35:00+00:00,-0.02198,,,,
2021-04-02 21:05:00+00:00,,,0.0496101136152282,,0.04961011361522827
2021-04-03 08:45:00+00:00,,,,-0.0142667151927361,
2021-04-03 17:40:00+00:00,,,-0.0130276288260926,,-0.013027628826092652
2021-04-05 05:25:00+00:00,,,-0.0120395247426015,,-0.012039524742601504
2021-04-06 00:10:00+00:00,0.0179800000000001,,,,
2021-04-06 04:00:00+00:00,,,,-0.002449780589219,
2021-04-06 12:20:00+00:00,,-0.0029075637972099,,,
2021-04-06 15:20:00+00:00,,,0.0004358342217716,,0.0004358342217716249
2021-04-07 11:40:00+00:00,,,-0.039711865780821,,-0.03971186578082109
2021-04-08 21:10:00+00:00,,,,-0.0028336294886133,
2021-04-09 07:05:00+00:00,,,,-0.0118603711249153,
2021-04-09 11:30:00+00:00,0.0179800000000001,,,,
2021-04-09 15:25:00+00:00,,,,-0.007806349691967,
2021-04-10 09:05:00+00:00,,0.020528390526844,,,
2021-04-10 09:20:00+00:00,0.0179799999999998,,,,
2021-04-10 12:45:00+00:00,,,,0.0184132008772237,
2021-04-10 21:00:00+00:00,,,0.0343433387533433,,0.03434333875334339
2021-04-11 13:30:00+00:00,-0.02198,,,,
2021-04-11 23:40:00+00:00,,-0.0096333724700836,,,
2021-04-12 09:45:00+00:00,,,,-0.0075548634556467,
2021-04-12 09:55:00+00:00,-0.02198,,,,
2021-04-13 06:50:00+00:00,,,,-0.0152127415205902,
2021-04-13 15:40:00+00:00,,0.0139074506197127,,,
2021-04-13 16:00:00+00:00,0.0179800000000001,,,,
2021-04-13 18:55:00+00:00,,,,0.0170137827814411,
2021-04-14 08:45:00+00:00,-0.02198,,,,
2021-04-14 09:20:00+00:00,,,,-0.0056425170665562,
2021-04-14 19:40:00+00:00,,,0.0209755822620472,,0.02097558226204721
2021-04-16 01:40:00+00:00,,,,-0.0144956730648205,
2021-04-16 04:35:00+00:00,-0.02198,,,,
2021-04-16 05:55:00+00:00,,,-0.0234642879572695,,-0.023464287957269514
2021-04-17 12:05:00+00:00,,,-0.0178598434870645,,-0.017859843487064597
2021-04-17 15:20:00+00:00,-0.0219800000000001,,,,
2021-04-18 08:55:00+00:00,-0.02198,,,,
2021-04-19 00:55:00+00:00,0.0179799999999998,,,,
2021-04-19 05:25:00+00:00,,,,-0.0165924018404114,
2021-04-19 06:20:00+00:00,,0.0117560441369519,,,
2021-04-19 14:25:00+00:00,-0.0219800000000001,,,,
2021-04-19 15:40:00+00:00,,,-0.0162738751533172,,-0.01627387515331724
2021-04-20 15:35:00+00:00,-0.02198,,,,
2021-04-21 04:15:00+00:00,-0.0219800000000001,,,,
2021-04-21 09:45:00+00:00,,-0.0065035755837556,,,-0.006503575583755694
2021-04-21 11:25:00+00:00,-0.02198,,,,
2021-04-21 20:40:00+00:00,-0.0219800000000001,,,,
2021-04-21 23:00:00+00:00,,,-0.0535586685698838,,
2021-04-22 11:20:00+00:00,0.0179800000000001,,,,
2021-04-22 17:40:00+00:00,-0.0219800000000001,,,,
2021-04-23 21:50:00+00:00,0.0184085706674386,,,,
2021-04-24 02:10:00+00:00,-0.02198,,,,
2021-04-24 10:00:00+00:00,-0.02198,,,,
2021-04-25 20:45:00+00:00,-0.02198,,,,
2021-04-25 21:10:00+00:00,,,-0.0594354641531889,,
2021-04-26 03:35:00+00:00,,0.0389163916343151,,,0.03891639163431515
2021-04-26 05:55:00+00:00,0.041306110741371,,,,
2021-04-26 13:50:00+00:00,0.0228605105564398,,,,
2021-04-26 21:00:00+00:00,-0.02198,,,0.0317081098264782,
2021-04-27 06:10:00+00:00,0.0179800000000001,,,,
2021-04-28 04:50:00+00:00,,,,0.005083598544644,
2021-04-28 06:35:00+00:00,,,0.04246387981734,,
2021-04-28 20:15:00+00:00,,-0.0265158300438467,,,-0.026515830043846722
2021-04-28 20:20:00+00:00,,,,-0.0244637668926678,
2021-04-29 04:45:00+00:00,-0.02198,,,,
2021-04-29 15:15:00+00:00,-0.02198,,,,
2021-04-30 08:30:00+00:00,0.0179800000000001,,,,
2021-04-30 16:50:00+00:00,,0.0183609481597593,,,0.018360948159759305
2021-04-30 18:00:00+00:00,0.0336198390109889,,,,
2021-04-30 23:30:00+00:00,0.0179800000000001,,,,
2021-05-01 09:00:00+00:00,,,,0.0119347677835908,
2021-05-01 15:25:00+00:00,,-0.0251610154703338,,,-0.025161015470333892
2021-05-02 03:35:00+00:00,-0.0219800000000001,,,,
2021-05-02 08:30:00+00:00,,,0.0342763302750266,,
2021-05-03 05:00:00+00:00,0.0179800000000001,,,,
2021-05-03 07:30:00+00:00,,0.0133746225894952,,,0.013374622589495289
2021-05-03 13:45:00+00:00,,,,-0.0090019572532149,
2021-05-03 13:50:00+00:00,-0.02198,,,,
2021-05-03 21:10:00+00:00,,,-0.0183105095036149,,
2021-05-04 14:10:00+00:00,-0.02198,,,,
2021-05-04 23:45:00+00:00,-0.02198,,,,
2021-05-05 13:35:00+00:00,0.0179800000000001,,,,
2021-05-05 14:45:00+00:00,,0.0208119476045187,,,0.020811947604518766
2021-05-05 18:55:00+00:00,0.0224267945997709,,,,
2021-05-06 14:10:00+00:00,,-0.0008550132215056,,,-0.0008550132215056072
2021-05-06 16:50:00+00:00,,,,-0.0261529943030747,
2021-05-06 18:30:00+00:00,-0.0219800000000001,,,,
2021-05-06 19:25:00+00:00,,,-0.025907441940921,,
2021-05-07 04:35:00+00:00,-0.02198,,,,
2021-05-07 16:40:00+00:00,0.0229883183041625,,,,
2021-05-07 22:25:00+00:00,-0.02198,,,,
2021-05-07 22:45:00+00:00,,-0.0305597490727412,,,-0.030559749072741282
2021-05-08 12:50:00+00:00,0.0179800000000001,,,,
2021-05-08 15:50:00+00:00,,,,-0.011788428869109,
2021-05-09 04:15:00+00:00,-0.02198,,,-0.0260492447499282,
2021-05-09 12:50:00+00:00,,,-0.0176524400548674,,
2021-05-10 04:50:00+00:00,0.0226075614671559,,,,
2021-05-10 08:05:00+00:00,-0.02198,,,-0.0222889217255576,
2021-05-10 19:35:00+00:00,,,-0.0389790057545959,,
2021-05-11 03:00:00+00:00,-0.02198,,,,
2021-05-11 20:15:00+00:00,0.0179800000000001,,,,
2021-05-11 22:15:00+00:00,,0.0071332262516967,,,0.007133226251696767
2021-05-12 15:10:00+00:00,-0.02198,,,,
2021-05-12 16:20:00+00:00,,,-0.0410242584181987,,
2021-05-13 09:45:00+00:00,-0.0219800000000001,,,,
2021-05-13 16:45:00+00:00,-0.02198,,,,
2021-05-13 17:30:00+00:00,,-0.0543937488954865,,,-0.05439374889548654
2021-05-14 11:40:00+00:00,0.0239495465996648,,,,
2021-05-14 20:25:00+00:00,-0.02198,,,,
2021-05-15 06:15:00+00:00,-0.02198,,,,
2021-05-15 07:25:00+00:00,,,-0.0505045393675464,,
2021-05-15 16:30:00+00:00,-0.02198,,,,
2021-05-15 23:20:00+00:00,-0.02198,,,,
2021-05-16 10:15:00+00:00,0.0204097653451158,,,,
2021-05-16 12:45:00+00:00,-0.0219800000000001,,,,
2021-05-17 01:15:00+00:00,-0.0240954330465188,,,,
2021-05-17 02:40:00+00:00,,-0.0478989888808486,,,-0.04789898888084865
2021-05-17 03:20:00+00:00,-0.02198,,,,
2021-05-17 14:35:00+00:00,-0.02198,,,,
2021-05-17 16:10:00+00:00,,-0.0554124599684162,,,-0.05541245996841626
2021-05-17 22:35:00+00:00,-0.0267389223161433,,,,
2021-05-18 12:45:00+00:00,-0.02198,,,,
2021-05-18 23:05:00+00:00,-0.02198,,,,
2021-05-19 01:00:00+00:00,-0.0219800000000001,,,,
2021-05-19 10:15:00+00:00,-0.0219800000000001,,,,
2021-05-19 11:20:00+00:00,-0.0219799999999998,,,,
2021-05-19 21:15:00+00:00,-0.02198,,,,
2021-05-19 23:05:00+00:00,-0.0219800000000001,,,,
2021-05-20 08:05:00+00:00,-0.016985,,,,
2021-05-20 11:30:00+00:00,-0.0171335357386747,,,,
2021-05-20 12:00:00+00:00,0.0129849999999998,,,,
2021-05-20 15:50:00+00:00,-0.016985,,,,
2021-05-20 19:55:00+00:00,0.0129849999999998,,,,
2021-05-20 20:45:00+00:00,-0.016985,,,,
2021-05-20 23:30:00+00:00,-0.016985,,,,
2021-05-21 00:55:00+00:00,0.0177426930487949,,,,
2021-05-21 02:20:00+00:00,-0.016985,,,,
2021-05-21 10:25:00+00:00,0.0129849999999998,,,,
2021-05-21 11:00:00+00:00,-0.016985,,,,
2021-05-21 16:50:00+00:00,-0.0169849999999999,,,,
2021-05-21 22:05:00+00:00,-0.0169849999999999,,,,
2021-05-21 22:30:00+00:00,0.0129849999999998,,,,
2021-05-22 01:20:00+00:00,0.012985,,,,
2021-05-22 02:50:00+00:00,-0.016985,,,,
2021-05-22 08:00:00+00:00,0.0129849999999998,,,,
2021-05-22 09:55:00+00:00,0.012985,,,,
2021-05-22 11:35:00+00:00,0.0152948646388337,,,,
2021-05-22 13:15:00+00:00,0.0129849999999998,,,,
2021-05-22 13:25:00+00:00,,0.0366547180144727,,,
2021-05-22 14:00:00+00:00,-0.016985,,,,
2021-05-22 17:30:00+00:00,-0.016985,,,,
2021-05-22 22:15:00+00:00,-0.016985,,,,
2021-05-23 03:10:00+00:00,-0.0169849999999999,,,,
2021-05-23 12:35:00+00:00,-0.016985,,,,
2021-05-23 15:00:00+00:00,-0.016985,,,,
2021-05-23 15:40:00+00:00,-0.0169849999999999,,,,
2021-05-23 19:00:00+00:00,-0.016985,,,,
2021-05-23 22:40:00+00:00,0.018202562863574,,,,
2021-05-24 00:00:00+00:00,0.012985,,,,
2021-05-24 04:40:00+00:00,-0.016985,,,,
2021-05-24 08:40:00+00:00,0.0174469459721735,,,,
2021-05-24 10:30:00+00:00,-0.0169850000000001,,,,
2021-05-24 13:20:00+00:00,0.0129849999999998,,,,
2021-05-24 19:40:00+00:00,0.012985,,,,
2021-05-24 21:45:00+00:00,-0.0275893306657075,,,,
2021-05-25 01:35:00+00:00,-0.016985,,,,
2021-05-25 06:55:00+00:00,0.012985,,,,
2021-05-25 08:15:00+00:00,-0.0169850000000001,,,,
2021-05-25 10:30:00+00:00,,,-0.0332801822145657,,
2021-05-25 10:35:00+00:00,,,,-0.0650055541672253,
2021-05-25 15:00:00+00:00,-0.016985,,,,
2021-05-25 16:35:00+00:00,-0.0169849999999999,,,,
2021-05-26 02:10:00+00:00,0.012985,,,,
2021-05-26 06:15:00+00:00,0.0129849999999998,,,,
2021-05-26 10:10:00+00:00,-0.016985,,,,
2021-05-26 15:20:00+00:00,,,,-0.0424114282250417,
2021-05-26 15:25:00+00:00,,,-0.0202258421169387,,
2021-05-27 01:10:00+00:00,-0.0169850000000001,,,,
2021-05-27 08:25:00+00:00,0.0129849999999998,,,,
2021-05-27 11:15:00+00:00,0.0129849999999998,,,,
2021-05-27 12:40:00+00:00,-0.0169849999999999,,,,
2021-05-27 21:10:00+00:00,,,-0.0377245344709088,,
2021-05-28 14:15:00+00:00,-0.016985,,,,
2021-05-29 01:35:00+00:00,0.0141625101018696,,,,
2021-05-29 04:55:00+00:00,-0.016985,,,,
2021-05-29 06:55:00+00:00,-0.016985,,,,
2021-05-29 08:25:00+00:00,-0.016985,,,,
2021-05-30 00:15:00+00:00,-0.0169850000000001,,,,
2021-05-30 04:30:00+00:00,0.012985,,,,
2021-05-30 06:35:00+00:00,0.0129849999999998,,,,
2021-05-30 07:40:00+00:00,0.0129849999999998,,,,
2021-05-30 08:20:00+00:00,-0.016985,,,,
2021-05-31 01:40:00+00:00,,,-0.0256348196709367,,
2021-05-31 09:20:00+00:00,0.0203725059490085,,,,
2021-05-31 11:30:00+00:00,,0.0237710675545141,,,
2021-05-31 12:05:00+00:00,0.012985,,,,
2021-05-31 17:00:00+00:00,-0.0169849999999999,,,,
2021-06-01 02:10:00+00:00,-0.016985,,,,
2021-06-01 08:15:00+00:00,,,,-0.0098157350457234,
2021-06-01 08:50:00+00:00,,,-0.0047060524487551,,
2021-06-01 14:20:00+00:00,-0.016985,,,,
2021-06-02 14:35:00+00:00,0.0129849999999998,,,,
2021-06-02 22:40:00+00:00,-0.016985,,,,
2021-06-03 07:05:00+00:00,0.0151004602378748,,,,
2021-06-03 10:05:00+00:00,,0.0162742743026216,,,
2021-06-03 13:50:00+00:00,,,,0.0024390213474489,
2021-06-04 01:50:00+00:00,,,-0.0259865775228481,,
2021-06-05 09:45:00+00:00,-0.016985,,,,
2021-06-06 01:20:00+00:00,0.012985,,,,
2021-06-06 14:05:00+00:00,-0.016985,,,,
2021-06-07 01:45:00+00:00,0.012985,,,,
2021-06-07 05:30:00+00:00,-0.0169850000000001,,,,
2021-06-07 14:55:00+00:00,,-0.0189513236329154,,,
2021-06-08 18:05:00+00:00,0.012985,,,,
2021-06-08 20:25:00+00:00,0.0129849999999998,0.0193920538813689,,,
2021-06-08 21:45:00+00:00,0.0129849999999998,,,,
2021-06-09 00:05:00+00:00,-0.0169849999999999,,,,
2021-06-09 06:25:00+00:00,,0.019712680706464,,,
2021-06-09 07:20:00+00:00,0.0129849999999998,,,,
2021-06-09 11:20:00+00:00,0.012985,,,,
2021-06-09 12:00:00+00:00,,0.0217428176902214,,,
2021-06-09 15:00:00+00:00,0.0129849999999998,,,,
2021-06-09 15:15:00+00:00,0.0129849999999998,,,,
2021-06-09 17:20:00+00:00,0.0149327220053514,,,,
2021-06-09 22:45:00+00:00,0.0136244228039452,,,,
2021-06-10 00:00:00+00:00,,0.0258568699956303,,,
2021-06-10 05:20:00+00:00,-0.0169850000000001,,,,
2021-06-10 11:50:00+00:00,-0.0169850000000001,,,,
2021-06-10 15:45:00+00:00,,,,0.0151882592908487,
2021-06-11 00:00:00+00:00,-0.016985,,,,
2021-06-11 05:15:00+00:00,0.0129849999999998,,,,
2021-06-11 17:00:00+00:00,,,0.0923102970959819,,
2021-06-13 03:10:00+00:00,-0.016985,,,,
2021-06-13 18:20:00+00:00,0.015220387308293,,,,
2021-06-13 19:45:00+00:00,,0.0156766549862248,,,
2021-06-13 22:10:00+00:00,0.018659947643979,,,,
2021-06-13 22:50:00+00:00,,0.016220253160208,,,
2021-06-14 01:45:00+00:00,-0.016985,,,,
2021-06-14 18:50:00+00:00,,,,0.056621923060526,
2021-06-14 19:05:00+00:00,-0.016985,,,,
2021-06-15 02:20:00+00:00,,-0.0079838159675637,,,
2021-06-15 18:45:00+00:00,-0.016985,,,,
2021-06-15 19:25:00+00:00,,-0.0344216237369024,,,
2021-06-15 19:30:00+00:00,,,,-0.0281932480314101,
2021-06-16 11:20:00+00:00,,,0.0572705585109758,,
2021-06-19 02:30:00+00:00,-0.016985,,,,
2021-06-19 12:45:00+00:00,-0.0169849999999999,,,,
2021-06-20 15:15:00+00:00,0.0079899999999999,,,,
2021-06-20 18:55:00+00:00,0.0079899999999999,,,,
2021-06-20 19:30:00+00:00,,0.0164698795043407,,,
2021-06-21 00:10:00+00:00,,,-0.002804070433927,,
2021-06-21 02:40:00+00:00,-0.0169849999999999,,,,
2021-06-21 03:40:00+00:00,,-0.0321180517883312,,,
2021-06-21 13:40:00+00:00,0.0079899999999999,,,,
2021-06-21 15:35:00+00:00,-0.016985,,,,
2021-06-21 19:30:00+00:00,-0.016985,,,,
2021-06-22 01:35:00+00:00,0.0093232863952148,,,,
2021-06-22 03:15:00+00:00,0.0079899999999999,,,,
2021-06-22 15:05:00+00:00,0.0079900000000001,,,,
2021-06-22 17:35:00+00:00,0.0518407570213843,,,,
2021-06-22 18:15:00+00:00,0.0079899999999999,0.0329116364034487,,,
2021-06-22 19:05:00+00:00,-0.0169849999999999,,,,
2021-06-22 19:20:00+00:00,,,,-0.025314717864959,
2021-06-23 02:45:00+00:00,0.0284389186512321,,,,
2021-06-23 02:55:00+00:00,,,,0.0128711235641345,
2021-06-23 11:15:00+00:00,,,,-0.0133015411718798,
2021-06-23 13:35:00+00:00,-0.0169850000000001,,,-0.0073588449783147,
2021-06-24 15:20:00+00:00,0.0079899999999999,,,,
2021-06-24 15:45:00+00:00,,,,-0.0058721575789255,
2021-06-24 15:50:00+00:00,-0.0169850000000001,,,,
2021-06-24 19:00:00+00:00,,,,0.0055098553871133,
2021-06-25 00:20:00+00:00,0.0079899999999999,,,,
2021-06-25 03:05:00+00:00,,,,-0.0092510295562533,
2021-06-25 05:25:00+00:00,-0.0169849999999999,,,,
2021-06-25 21:10:00+00:00,-0.016985,,,,
2021-06-26 01:35:00+00:00,-0.0169849999999999,,,,
2021-06-26 11:35:00+00:00,0.0120051965642913,,,,
2021-06-26 12:25:00+00:00,0.0079899999999999,,,,
2021-06-26 12:55:00+00:00,-0.016985,,,,
2021-06-26 16:10:00+00:00,-0.016985,,,,
2021-06-26 20:05:00+00:00,-0.016985,,,,
2021-06-26 23:55:00+00:00,0.0079899999999999,,,,
2021-06-27 00:10:00+00:00,,0.0231918167830773,,,
2021-06-27 01:15:00+00:00,0.0079899999999999,,,,
2021-06-27 02:20:00+00:00,0.0079899999999999,,,,
2021-06-27 04:00:00+00:00,0.0079900000000001,,,,
2021-06-27 05:40:00+00:00,,,,0.0043807626130358,
2021-06-27 07:35:00+00:00,,0.024742969150967,,,
2021-06-27 08:45:00+00:00,,,,-0.008452925282758,
2021-06-27 13:05:00+00:00,,,,-0.014343205026721,
2021-06-27 14:10:00+00:00,-0.016985,,,,
2021-06-28 00:20:00+00:00,0.0221482409704334,,,,
2021-06-28 01:20:00+00:00,,,,0.0249719577468281,
2021-06-28 01:25:00+00:00,-0.0169849999999999,,,,
2021-06-28 04:40:00+00:00,,,0.0006288043347901,,
2021-06-28 07:40:00+00:00,,0.0228716491994334,,,
2021-06-28 08:00:00+00:00,,,,-0.0047125701253069,
2021-06-28 09:30:00+00:00,-0.0169849999999999,,,,
2021-06-29 01:30:00+00:00,-0.016985,,,,
2021-06-29 07:40:00+00:00,,,,-0.0093156547300877,
2021-06-29 12:00:00+00:00,,,,-0.00317116084984,
2021-06-29 13:10:00+00:00,0.0079899999999999,,,,
2021-06-29 15:40:00+00:00,,,,0.0062213415428336,
2021-06-29 17:50:00+00:00,,,,-0.0078306235840022,
2021-06-29 22:20:00+00:00,-0.0169849999999999,,,,
2021-06-30 23:45:00+00:00,0.0079900000000001,,,,
2021-07-02 00:10:00+00:00,0.0079899999999999,,,,
2021-07-02 09:15:00+00:00,-0.0169849999999999,,,,
2021-07-03 02:45:00+00:00,,,-0.0083892290883407,,
2021-07-03 11:15:00+00:00,,,,0.0161402538497816,
2021-07-03 12:00:00+00:00,0.0079899999999999,,,,
2021-07-03 12:40:00+00:00,,,,-0.0081496125132557,
2021-07-03 15:55:00+00:00,,,0.0012333962936608,,
2021-07-03 18:00:00+00:00,,,,-0.0048868310634611,
2021-07-03 22:55:00+00:00,,-0.0068595953004871,,,
2021-07-04 06:05:00+00:00,,,,0.0012491684522275,
2021-07-04 08:25:00+00:00,,,,0.0016111440602804,
2021-07-04 12:45:00+00:00,,,-0.0003244467710276,,
2021-07-04 20:05:00+00:00,,0.0009366739307583,,,
2021-07-04 21:35:00+00:00,0.0079899999999999,,,,
2021-07-04 22:15:00+00:00,,,,-0.0018155401057604,
2021-07-06 04:05:00+00:00,0.0079899999999999,,,,
2021-07-06 06:45:00+00:00,,,,0.0019176732759536,
2021-07-06 07:55:00+00:00,0.0079900000000001,,,,
2021-07-06 08:15:00+00:00,,,,-0.0077326398679071,
2021-07-06 09:10:00+00:00,,,,-0.0055830296756401,
2021-07-06 10:05:00+00:00,,-0.0246466121041727,,,
2021-07-07 12:45:00+00:00,,,,-0.0082135687628415,
2021-07-09 13:30:00+00:00,0.0079899999999999,,,,
2021-07-09 17:05:00+00:00,,,,0.0027704744465633,
2021-07-09 18:15:00+00:00,,,-0.0011510408061249,,
2021-07-09 21:35:00+00:00,0.0079899999999999,,,,
2021-07-09 22:40:00+00:00,,0.0126249588410163,,,
2021-07-09 23:45:00+00:00,,,,0.0043089770210877,
2021-07-10 01:00:00+00:00,,,,-0.0047716535177521,
2021-07-11 22:15:00+00:00,,,,0.0050760089896868,
2021-07-12 04:25:00+00:00,,,,-0.0080134396078535,
2021-07-14 13:10:00+00:00,0.0079899999999999,,,,
2021-07-14 16:15:00+00:00,,,,-0.0088560470283572,
2021-07-14 18:45:00+00:00,,,,-0.003909837054441,
2021-07-15 01:25:00+00:00,,,,-0.0077837922146647,
2021-07-16 15:45:00+00:00,0.0079899999999999,,,,
2021-07-16 16:10:00+00:00,,,,-0.00558644514819,
2021-07-16 17:30:00+00:00,,,,-0.0107778164192308,
2021-07-17 00:15:00+00:00,,-0.0240579039381055,,,
2021-07-18 02:35:00+00:00,,,,0.005082390951155,
2021-07-18 07:55:00+00:00,-0.016985,-0.0225297254448949,,,
2021-07-21 06:20:00+00:00,0.008979968672317,,,,
2021-07-21 07:30:00+00:00,,0.0115206546295876,,,
2021-07-21 12:55:00+00:00,,,,0.0475562959934172,
2021-07-21 14:30:00+00:00,,,,-0.0058096808759023,
2021-07-21 14:40:00+00:00,0.0079899999999999,,,,
2021-07-21 16:30:00+00:00,,0.0126109011306674,,,
2021-07-21 16:55:00+00:00,,,,0.0067343572852818,
2021-07-21 17:00:00+00:00,-0.016985,,,,
2021-07-21 18:20:00+00:00,-0.016985,,,-0.0100705486816082,
2021-07-21 18:30:00+00:00,,-0.0271637438737127,,,
2021-07-23 02:30:00+00:00,,,,-0.0025831760336709,
2021-07-23 05:40:00+00:00,,,,-0.0055305986027136,
2021-07-24 00:10:00+00:00,,,,0.0128738093311002,
2021-07-24 00:40:00+00:00,0.0136316831730982,,,,
2021-07-24 01:40:00+00:00,,0.0108001648191349,,,
2021-07-24 03:00:00+00:00,,,,-0.0073212348468234,
2021-07-24 05:00:00+00:00,,,,-0.0058208787674555,
2021-07-24 06:20:00+00:00,,,,-0.0057006606715497,
2021-07-24 06:35:00+00:00,,,,-0.0061003152969109,
2021-07-24 07:30:00+00:00,,,,-0.0068304030619132,
2021-07-24 08:20:00+00:00,,,0.0267913901297629,,
2021-07-24 11:20:00+00:00,,,,-0.0056946952456395,
2021-07-24 17:40:00+00:00,,,,0.0030170351121951,
2021-07-24 19:30:00+00:00,,,-0.0110983363395168,,
2021-07-24 19:45:00+00:00,,-0.0190322644843666,,,
2021-07-25 05:25:00+00:00,,,,-0.0076688182608695,
2021-07-25 08:20:00+00:00,,,,-0.00145850929743,
2021-07-25 09:25:00+00:00,,,-0.0125302187801379,,
2021-07-25 23:15:00+00:00,,,,-0.0062322577586206,
2021-07-26 01:05:00+00:00,,,,0.0875185697536771,
2021-07-26 03:05:00+00:00,0.0770701096881498,,,,
2021-07-26 04:05:00+00:00,,0.0913392018548382,,,
2021-07-26 06:50:00+00:00,-0.0169849999999999,,,,
2021-07-26 07:50:00+00:00,,,0.0771700205364347,,
2021-07-26 18:35:00+00:00,0.0079899999999999,,,,
2021-07-26 19:35:00+00:00,,,,0.0025849490301488,
2021-07-26 20:00:00+00:00,-0.0169850000000001,,,,
2021-07-27 14:10:00+00:00,-0.0169850000000001,,,,
2021-07-27 16:15:00+00:00,,,-0.0135583380202475,,
2021-07-27 23:00:00+00:00,,,,0.0003180422532418,
2021-07-28 00:25:00+00:00,,,,-0.0115530878178975,
2021-07-28 01:35:00+00:00,0.0079899999999999,,,,
2021-07-28 03:00:00+00:00,,,,0.0018693339920341,
2021-07-28 03:30:00+00:00,0.0079899999999999,,,,
2021-07-28 03:40:00+00:00,,,,-0.0120801605253009,
2021-07-28 04:35:00+00:00,-0.0169849999999999,,,,
2021-07-28 12:05:00+00:00,,,,0.0004026345173369,
2021-07-28 12:40:00+00:00,-0.016985,,,,
2021-07-28 22:45:00+00:00,-0.0169849999999999,,,,
2021-07-30 21:50:00+00:00,,,,0.0109194145213178,
2021-07-30 22:50:00+00:00,0.0343250718001517,,,,
2021-07-30 23:50:00+00:00,,0.0448124380004584,,,
2021-07-31 00:05:00+00:00,,,,0.0011410638511661,
2021-07-31 04:05:00+00:00,,,0.0368073745191901,,
2021-07-31 05:25:00+00:00,-0.016985,,,,
2021-07-31 13:00:00+00:00,,-0.0128261463952117,,,
2021-08-01 04:20:00+00:00,,,,0.0027231318674256,
2021-08-04 14:05:00+00:00,,,,0.0028924479621199,
2021-08-04 15:05:00+00:00,0.0079900000000001,,,,
2021-08-04 15:10:00+00:00,,0.0134166835299875,,,
2021-08-04 17:00:00+00:00,,,,-0.0002893823111664,
2021-08-04 19:35:00+00:00,,,,-0.0029899380008395,
2021-08-04 20:40:00+00:00,,,,-0.0071441929948372,
2021-08-04 22:35:00+00:00,,,,-0.0047135595768257,
2021-08-04 23:05:00+00:00,,,0.0163962806079212,,
2021-08-05 04:20:00+00:00,,-0.0014391013595246,,,
2021-08-05 16:00:00+00:00,0.0079899999999999,,,,
2021-08-05 16:50:00+00:00,0.0079900000000001,,,,
2021-08-05 17:15:00+00:00,0.0079900000000001,,,,
2021-08-05 19:35:00+00:00,,,,0.0203597341324592,
2021-08-05 19:40:00+00:00,0.0115847716543258,,,,
2021-08-05 19:55:00+00:00,,0.0399213083862961,,,
2021-08-06 00:10:00+00:00,,,0.0346807887060376,,
2021-08-06 08:00:00+00:00,-0.016985,,,,
2021-08-06 09:10:00+00:00,,-0.0042174978905478,,,
2021-08-06 16:30:00+00:00,,,,0.0230793178861548,
2021-08-06 18:00:00+00:00,0.023000653722671,,,,
2021-08-06 18:10:00+00:00,,,,-0.0124764421235968,
2021-08-06 19:15:00+00:00,,0.0167460723800652,,,
2021-08-06 21:10:00+00:00,,,-0.0040019237612051,,
2021-08-07 04:25:00+00:00,,,,0.0019775084830773,
2021-08-07 10:25:00+00:00,,,,-0.0081242496377571,
2021-08-07 12:40:00+00:00,,,,-6.081806098368059e-05,
2021-08-08 00:25:00+00:00,,,,-0.0063657579098201,
2021-08-08 01:35:00+00:00,-0.016985,,,,
2021-08-08 06:10:00+00:00,,,,-0.0048555925049132,
2021-08-08 07:00:00+00:00,,,,-0.0037577934848381,
2021-08-08 08:55:00+00:00,-0.016985,,,,
2021-08-09 10:20:00+00:00,,,,-0.0101163997937017,
2021-08-09 11:50:00+00:00,0.0275702694021986,,,,
2021-08-09 12:05:00+00:00,,,,0.0056383504731789,
2021-08-09 12:20:00+00:00,,0.0162237768654658,,,
2021-08-09 13:50:00+00:00,-0.016985,,,,
2021-08-09 14:30:00+00:00,,,,-0.0094387743735941,
2021-08-09 19:50:00+00:00,,,,-0.0055250264802577,
2021-08-09 20:40:00+00:00,,,0.0127747989632809,,
2021-08-10 00:10:00+00:00,,,,-0.0096502663326137,
2021-08-10 04:00:00+00:00,-0.0169849999999999,,,,
2021-08-11 06:40:00+00:00,,,,-0.0067540344043434,
2021-08-11 08:10:00+00:00,,,,-0.0029945739383332,
2021-08-11 15:00:00+00:00,,,,-0.0060414005756975,
2021-08-11 15:55:00+00:00,,,,-0.0066183830462652,
2021-08-13 08:35:00+00:00,0.0079899999999999,,,,
2021-08-13 09:45:00+00:00,,0.0121736050623584,,,
2021-08-13 11:45:00+00:00,,,,-0.0035082876586067,
2021-08-13 14:30:00+00:00,,,,-0.0046894176064882,
2021-08-13 15:10:00+00:00,,,4.4912482981551705e-06,,
2021-08-14 00:35:00+00:00,,,,0.0181281136669675,
2021-08-14 09:40:00+00:00,0.0079900000000001,,,,
2021-08-14 09:50:00+00:00,,,,-0.0046732048210271,
2021-08-14 10:20:00+00:00,,-0.0262491586248593,,,
2021-08-16 03:05:00+00:00,,,,0.0059248918417083,
2021-08-16 04:00:00+00:00,,,0.0109138750782031,,
2021-08-17 14:25:00+00:00,-0.016985,,,,
2021-08-17 16:45:00+00:00,,-0.0198806672758252,,,
2021-08-19 16:50:00+00:00,0.0082880553329598,,,,
2021-08-19 18:30:00+00:00,,0.0236077609314087,,,0.023607760931408706
2021-08-19 22:40:00+00:00,,,0.0241074941357792,,
2021-08-19 23:00:00+00:00,0.0079900000000001,,,,
2021-08-20 17:15:00+00:00,0.0089591672520514,,,,
2021-08-20 18:35:00+00:00,,,0.0122030647581123,,
2021-08-20 21:55:00+00:00,,0.0202555191492297,,,0.02025551914922974
2021-08-21 11:05:00+00:00,,,,0.054463035477273,
2021-08-22 00:00:00+00:00,,,,-0.0164089236882053,
2021-08-23 01:50:00+00:00,0.0079899999999999,,,,
2021-08-23 03:40:00+00:00,,0.0164716765433181,,,0.01647167654331816
2021-08-23 06:30:00+00:00,,,0.0128046338151797,,
2021-08-23 14:30:00+00:00,,-0.0132526722996922,,0.0016559133487934,-0.013252672299692292
2021-08-23 19:00:00+00:00,-0.02198,,,,
2021-08-25 22:00:00+00:00,0.0079899999999999,,,,
2021-08-26 03:05:00+00:00,,,,-0.0075991756328491,
2021-08-26 03:10:00+00:00,,-0.0142392035746558,,,-0.014239203574655801
2021-08-27 20:25:00+00:00,0.0079900000000001,,,,
2021-08-28 02:20:00+00:00,,,0.0161543735144571,,
2021-08-28 14:40:00+00:00,,,,0.0132290558498613,
2021-08-29 02:45:00+00:00,,,,-0.011453144108346,
2021-08-31 09:35:00+00:00,,,-0.0088731729439298,,
2021-09-01 19:35:00+00:00,,,-0.0103799330582694,,
2021-09-02 00:05:00+00:00,0.0079899999999999,,,,
2021-09-02 01:35:00+00:00,,0.0176322091264491,,,0.01763220912644914
2021-09-02 04:25:00+00:00,,,-0.010454815529436,,
2021-09-02 06:50:00+00:00,0.0079899999999999,,,,
2021-09-02 07:25:00+00:00,,0.0174838965933969,,,0.017483896593396997
2021-09-02 15:05:00+00:00,,,,0.0288989732913134,
2021-09-03 06:55:00+00:00,,,-0.0090878544934848,,
2021-09-03 08:55:00+00:00,0.0079899999999999,,,,
2021-09-03 10:40:00+00:00,,0.0174559018579889,,,0.017455901857988954
2021-09-03 18:05:00+00:00,,-0.0147436752950106,,,-0.014743675295010639
2021-09-03 22:15:00+00:00,,,,-0.0163806768313559,
2021-09-03 22:25:00+00:00,-0.0219800000000001,,,,
2021-09-06 01:25:00+00:00,0.0079899999999999,,,,
2021-09-06 02:50:00+00:00,,,-0.0005844451643729,,
2021-09-06 11:40:00+00:00,,,,0.0199247526018755,
2021-09-06 22:00:00+00:00,,0.0143514722932007,,,0.014351472293200773
2021-09-07 04:25:00+00:00,,,-0.0005546850221586,,
2021-09-07 07:10:00+00:00,,-0.0106717894492266,,,-0.010671789449226643
2021-09-07 08:15:00+00:00,,,,-0.004450155757829,
2021-09-07 18:35:00+00:00,0.0079899999999999,,,,
2021-09-08 08:15:00+00:00,,-0.0429281911785301,,,-0.042928191178530195
2021-09-08 12:05:00+00:00,0.0079899999999999,,,,
2021-09-09 20:25:00+00:00,-0.02198,,,-0.0172308940104382,
2021-09-11 13:35:00+00:00,,,-0.0056363145520953,,
2021-09-11 16:35:00+00:00,0.0079899999999999,,,,
2021-09-11 20:05:00+00:00,,,,-0.0166278971654789,
2021-09-12 20:30:00+00:00,,,,-0.0129943421502191,
2021-09-13 01:10:00+00:00,-0.0219800000000001,-0.0130484477194839,,-0.0212294836623064,-0.013048447719483991
2021-09-13 14:00:00+00:00,,,,-0.0322104935723879,
2021-09-13 14:05:00+00:00,-0.0273315447241412,-0.0273315447241412,,,-0.027331544724141232
2021-09-14 07:00:00+00:00,0.0079900000000001,,,,
2021-09-15 00:25:00+00:00,0.0079899999999999,,,,
2021-09-15 18:05:00+00:00,,,-0.008530611529613,,
2021-09-16 02:30:00+00:00,,,,0.0188055430850384,
2021-09-16 10:25:00+00:00,,-0.0131508355562839,,,-0.013150835556283935
2021-09-16 10:30:00+00:00,,,,-0.0185077952921216,
2021-09-16 14:10:00+00:00,-0.02198,,,,
2021-09-18 20:00:00+00:00,,,,-0.0041056938606954,
2021-09-18 20:15:00+00:00,,,-0.0080592875067299,,-0.008059287506729906
2021-09-19 01:30:00+00:00,-0.02198,,,,
2021-09-19 02:55:00+00:00,,-0.0088303083090608,,,
2021-09-20 19:15:00+00:00,-0.02198,,,,
2021-09-21 08:40:00+00:00,0.0079900000000001,,,,
2021-09-21 14:05:00+00:00,-0.0219800000000001,,,,
2021-09-22 01:05:00+00:00,0.0079900000000001,,,,
2021-09-22 07:40:00+00:00,0.0079899999999999,,,,
2021-09-22 16:10:00+00:00,0.0079900000000001,,,,
2021-09-22 18:00:00+00:00,0.0079900000000001,,,,
2021-09-22 19:05:00+00:00,-0.02198,,,,
2021-09-23 17:15:00+00:00,0.0079900000000001,,,,
2021-09-24 04:30:00+00:00,,,-0.0169341253723275,,-0.016934125372327524
2021-09-24 05:20:00+00:00,,,,0.0131830808335484,
2021-09-24 09:05:00+00:00,-0.02198,,,-0.0236191576817963,
2021-09-24 14:25:00+00:00,0.0079899999999999,,,,
2021-09-24 15:40:00+00:00,-0.02198,,,,
2021-09-24 20:30:00+00:00,0.0079899999999999,,,,
2021-09-25 08:30:00+00:00,-0.02198,,,,
2021-09-26 22:55:00+00:00,,,,0.0004191275483269,
2021-09-26 23:00:00+00:00,-0.02198,,,,
2021-09-27 09:35:00+00:00,-0.02198,,,,
2021-09-27 10:25:00+00:00,,0.0107158229796011,,,
2021-09-27 12:30:00+00:00,,,,-0.0159126036430736,
2021-09-29 03:45:00+00:00,0.0079899999999999,,,,
2021-09-29 16:35:00+00:00,-0.02198,,,,
2021-09-30 04:15:00+00:00,0.0313509289594426,,,,
2021-09-30 10:55:00+00:00,,,,0.0008078001972711,
2021-09-30 18:40:00+00:00,,0.019691114009978,,,
2021-10-01 07:20:00+00:00,0.0079899999999999,,,,
2021-10-01 10:25:00+00:00,0.0079900000000001,0.0160840493819289,,,
2021-10-01 13:30:00+00:00,0.015456231988395,,,,
2021-10-01 16:25:00+00:00,,0.0204251280104825,,,
2021-10-02 23:30:00+00:00,,,,0.0822159804026296,
2021-10-02 23:50:00+00:00,,,0.118535179731458,,0.118535179731458
2021-10-03 21:00:00+00:00,,-0.0200210031268039,,-0.0021162689926779,
2021-10-03 21:05:00+00:00,-0.02198,,,,
2021-10-05 00:40:00+00:00,0.0079899999999999,,,,
2021-10-05 08:40:00+00:00,,0.0143066994616882,,,
2021-10-05 09:40:00+00:00,0.0079900000000001,,,,
2021-10-05 21:35:00+00:00,0.0079900000000001,,,,
2021-10-06 08:20:00+00:00,-0.02198,,,,
2021-10-06 08:30:00+00:00,,,,0.0278798949764322,
2021-10-06 08:40:00+00:00,,,-0.0119956380246106,,-0.011995638024610678
2021-10-06 12:25:00+00:00,,0.016455415274289,,,
2021-10-06 16:15:00+00:00,0.0561899160014198,,,,
2021-10-07 09:20:00+00:00,,,,0.0386836766356322,
2021-10-07 09:25:00+00:00,,,0.0289070638881836,,0.02890706388818365
2021-10-07 11:00:00+00:00,,-0.0150966389254578,,,
2021-10-08 10:30:00+00:00,0.0079899999999999,,,,
2021-10-08 12:15:00+00:00,,,,-0.0056132730757016,
2021-10-08 14:00:00+00:00,,,-0.0228189582866079,,-0.02281895828660796
2021-10-09 20:00:00+00:00,,,,-0.0195266345567267,
2021-10-10 09:35:00+00:00,,,,-0.0145205044030792,
2021-10-10 20:25:00+00:00,0.0079899999999999,,,,
2021-10-10 21:00:00+00:00,-0.02198,,,-0.0217960644381389,
2021-10-11 04:15:00+00:00,0.01114329751672,,,,
2021-10-11 13:35:00+00:00,0.0079899999999999,0.0133827568058828,,,
2021-10-11 19:45:00+00:00,0.0079899999999999,,,,
2021-10-12 03:05:00+00:00,,,,-0.0019229719115503,
2021-10-12 03:15:00+00:00,,,-0.0010138977987572,,-0.0010138977987572684
2021-10-13 05:40:00+00:00,-0.0219800000000001,,,,
2021-10-13 05:55:00+00:00,,-0.0241444638269955,,,
2021-10-13 17:45:00+00:00,0.008125671292547,,,,
2021-10-13 21:20:00+00:00,0.0079900000000001,,,,
2021-10-14 01:00:00+00:00,,0.0166204510302305,,,
2021-10-14 09:20:00+00:00,-0.02198,,,,
2021-10-14 15:00:00+00:00,,,,0.0064929198281769,
2021-10-15 01:20:00+00:00,,,-0.0041489632677573,,-0.004148963267757377
2021-10-15 05:30:00+00:00,0.0151338392729118,,,,
2021-10-15 16:15:00+00:00,,0.0179250682433349,,,
2021-10-15 20:15:00+00:00,0.0079899999999999,0.0154434821243942,,,
2021-10-15 21:50:00+00:00,-0.02198,,,,
2021-10-15 21:55:00+00:00,,-0.0271029364592962,,0.0376398695145496,
2021-10-16 13:00:00+00:00,,,0.0202221630715206,,0.020222163071520693
2021-10-18 01:20:00+00:00,0.0144419991014108,,,,
2021-10-18 07:55:00+00:00,,,-0.0100355525089088,,
2021-10-18 09:50:00+00:00,-0.02198,,,,
2021-10-18 09:55:00+00:00,,-0.0227918058482545,,,
2021-10-18 10:05:00+00:00,,,,-0.01460351841689,-0.014603518416890005
2021-10-19 03:20:00+00:00,0.0129849999999998,,,,
2021-10-19 06:15:00+00:00,,,-0.0103837896088142,,
2021-10-19 19:55:00+00:00,0.012985,,,,
2021-10-20 00:40:00+00:00,,,0.0003028757425349,,
2021-10-20 13:40:00+00:00,,0.0169090130071185,,,
2021-10-20 19:45:00+00:00,,,-0.0112068441536312,,
2021-10-21 01:55:00+00:00,,,,0.0385334570589797,0.0385334570589797
2021-10-21 02:00:00+00:00,-0.02198,-0.0249265532013925,,,
2021-10-21 11:00:00+00:00,,,-0.0093313441559395,,
2021-10-21 11:30:00+00:00,-0.02198,,,,
2021-10-21 14:25:00+00:00,,,,-0.0378609417501846,-0.03786094175018462
2021-10-22 14:05:00+00:00,,,,-0.0244689096788721,-0.024468909678872164
2021-10-23 10:55:00+00:00,,,,-0.0230208703187718,-0.02302087031877187
2021-10-24 08:20:00+00:00,-0.02198,,,,
2021-10-24 12:20:00+00:00,,,,-0.0274820552791984,-0.027482055279198447
2021-10-24 23:45:00+00:00,,,-0.0092413303151321,,
2021-10-25 01:00:00+00:00,0.0129849999999998,,,,
2021-10-25 03:00:00+00:00,,0.0126712999078004,,,
2021-10-25 06:00:00+00:00,,,-0.0036723523937819,,
2021-10-25 10:40:00+00:00,,,-0.0048429630083116,,
2021-10-25 11:20:00+00:00,0.0129849999999998,,,,
2021-10-26 14:05:00+00:00,,,,0.0085077465753424,0.008507746575342479
2021-10-28 12:40:00+00:00,0.0129849999999998,,,,
2021-10-28 15:55:00+00:00,,,0.0058793736711115,,
2021-10-28 18:35:00+00:00,,-0.0301893231642615,,,
2021-10-28 18:40:00+00:00,,,,-0.0271779718198255,-0.027177971819825508
2021-10-29 01:25:00+00:00,0.012985,,,,
2021-10-29 05:40:00+00:00,-0.0219800000000001,,,,
2021-10-29 18:30:00+00:00,,,-0.0122096914489884,,
2021-10-30 14:20:00+00:00,-0.02198,,,,
2021-10-30 14:40:00+00:00,,,,-0.0181875959557666,-0.01818759595576669
2021-10-31 02:50:00+00:00,,,-0.0071330696372342,,
2021-10-31 08:45:00+00:00,,,,-0.0274604383285684,-0.02746043832856848
2021-11-01 02:00:00+00:00,,,-0.004676714025885,,
2021-11-01 03:55:00+00:00,,,,-0.0189372103519168,-0.018937210351916867
2021-11-01 09:40:00+00:00,0.0129849999999998,,,,
2021-11-01 11:50:00+00:00,,,-0.0051493205213412,,
2021-11-01 17:00:00+00:00,-0.02198,,,,
2021-11-01 17:05:00+00:00,,-0.0227165510153801,,,
2021-11-01 21:15:00+00:00,,,,-0.0267985414097685,-0.02679854140976856
2021-11-02 15:45:00+00:00,0.0129849999999998,,,,
2021-11-02 17:35:00+00:00,,,0.0007203713594983,,
2021-11-03 07:50:00+00:00,,-0.0036779595227814,,,
2021-11-03 13:45:00+00:00,,,,0.004586035492551,0.004586035492551099
2021-11-05 15:05:00+00:00,-0.02198,,,,
2021-11-05 15:10:00+00:00,,,,-0.0212404277698957,-0.021240427769895764
2021-11-06 10:55:00+00:00,,,,-0.0191898740307872,-0.019189874030787202
2021-11-08 03:40:00+00:00,0.012985,,,,
2021-11-08 05:15:00+00:00,,0.0201509020044472,,,
2021-11-08 10:25:00+00:00,,,0.0297650191008651,,
2021-11-09 03:40:00+00:00,0.0129849999999998,,,,
2021-11-09 06:15:00+00:00,,,0.0006779506577492,,
2021-11-09 15:10:00+00:00,,,,0.0856889429345835,0.08568894293458351
2021-11-09 16:10:00+00:00,,-0.0203381030578295,,,
2021-11-10 18:25:00+00:00,,,-0.003848862793931,,
2021-11-10 19:35:00+00:00,,-0.022902009620542,,,
2021-11-10 19:50:00+00:00,-0.02198,,,,
2021-11-10 20:00:00+00:00,,,,-0.0126445723176645,-0.012644572317664582
2021-11-11 07:40:00+00:00,0.0129849999999998,,,,
2021-11-12 09:55:00+00:00,,,,-0.0276101912515536,-0.027610191251553617
2021-11-12 20:05:00+00:00,0.0129849999999998,,,,
2021-11-14 02:45:00+00:00,,,-0.0091066608859797,,
2021-11-14 16:45:00+00:00,,,,-0.0108434608817548,-0.010843460881754807
2021-11-15 01:15:00+00:00,0.0131401280144949,,,,
2021-11-15 06:05:00+00:00,,,-0.0003863613226736,,
2021-11-15 09:10:00+00:00,,0.0100788232327131,,,
2021-11-15 14:55:00+00:00,,,,-0.0029479394368676,-0.0029479394368676637
2021-11-15 15:05:00+00:00,-0.02198,,,,
2021-11-16 18:55:00+00:00,-0.016985,,,,
2021-11-17 03:05:00+00:00,,-0.0223099406839762,,,
2021-11-17 14:50:00+00:00,-0.016985,,,,
2021-11-18 15:10:00+00:00,,,,-0.0378181648996398,
2021-11-18 22:05:00+00:00,-0.016985,,,,
2021-11-19 14:55:00+00:00,0.0129849999999998,,,,
2021-11-20 01:20:00+00:00,0.012985,,,,
2021-11-22 00:00:00+00:00,-0.016985,,,,
2021-11-22 00:05:00+00:00,,-0.0208526476176005,,-0.0010569825871761,
2021-11-22 15:35:00+00:00,-0.016985,,,,
2021-11-22 16:10:00+00:00,,-0.0215925786130355,,,
2021-11-22 18:35:00+00:00,,-0.0217760426233248,,,
2021-11-23 11:00:00+00:00,,-0.0249477592691343,,,
2021-11-24 02:05:00+00:00,-0.0169849999999999,,,,
2021-11-24 02:40:00+00:00,,-0.0258760636995356,,,
2021-11-25 04:30:00+00:00,,,-0.0144641399502244,,
2021-11-25 19:50:00+00:00,,,-0.0104182019831468,,
2021-11-26 04:35:00+00:00,-0.016985,,,,
2021-11-26 05:10:00+00:00,,,,-0.0033144948404972,
2021-11-26 05:15:00+00:00,,-0.0187679498488996,,,
2021-11-29 02:05:00+00:00,0.0388345572907447,,,,
2021-11-29 02:10:00+00:00,,0.045480013024181,,,
2021-11-29 08:45:00+00:00,,,0.0235860103375349,,
2021-11-29 09:40:00+00:00,-0.016985,,,,
2021-11-29 23:05:00+00:00,,,-0.0163258666653945,,
2021-11-30 00:00:00+00:00,-0.016985,,,,
2021-11-30 01:10:00+00:00,,-0.0202436621733201,,,
2021-11-30 01:20:00+00:00,,,,0.037239845758574,
2021-11-30 15:45:00+00:00,0.0143829519457356,,,,
2021-11-30 15:55:00+00:00,,,,-0.031188017907037,
2021-11-30 16:10:00+00:00,,-0.020758523370682,,,
2021-12-01 18:10:00+00:00,,,-0.014924202001376,,
2021-12-01 19:00:00+00:00,-0.0169849999999999,,,,
2021-12-01 19:10:00+00:00,,-0.0226098341952892,,,
2021-12-01 20:25:00+00:00,,,,-0.0351827219219011,
2021-12-03 15:50:00+00:00,,,,-0.0301322239844906,
2021-12-04 00:50:00+00:00,-0.0169849999999999,,,,
2021-12-04 11:30:00+00:00,-0.0169849999999999,,,,
2021-12-04 19:10:00+00:00,0.012985,,,,
2021-12-04 21:45:00+00:00,-0.016985,,,,
2021-12-05 00:45:00+00:00,,,-0.0195945752420347,,
2021-12-05 20:35:00+00:00,,0.0191279651955487,,,
2021-12-06 00:15:00+00:00,-0.016985,,,,
2021-12-06 09:35:00+00:00,,,,-0.0498412789215169,
2021-12-06 17:30:00+00:00,0.0129849999999998,,,,
2021-12-06 21:45:00+00:00,0.0129849999999998,,,,
2021-12-07 03:35:00+00:00,0.0129849999999998,,,,
2021-12-08 09:55:00+00:00,,,,0.0096901812689769,
2021-12-08 10:45:00+00:00,,-0.0299969161417682,,,
2021-12-08 22:55:00+00:00,-0.016985,,,,
2021-12-09 07:05:00+00:00,,-0.0238624882399569,,,
2021-12-10 01:00:00+00:00,-0.016985,,,,
2021-12-10 14:45:00+00:00,,-0.024808737459406,,,
2021-12-10 14:55:00+00:00,,,,-0.0282238556798828,
2021-12-10 15:00:00+00:00,-0.016985,,,,
2021-12-11 07:30:00+00:00,-0.016985,,,,
2021-12-12 04:50:00+00:00,,,-0.0158012416247402,,
2021-12-12 10:10:00+00:00,-0.016985,,,,
2021-12-12 14:10:00+00:00,,0.0298955876476145,,,
2021-12-12 18:10:00+00:00,0.012985,,,,
2021-12-13 01:10:00+00:00,,,,0.0023720962661648,
2021-12-14 00:15:00+00:00,,-0.020570525768467,,,
2021-12-15 08:20:00+00:00,0.012985,,,,
2021-12-15 15:10:00+00:00,,-0.024595525962972,,-0.0199358137608467,
2021-12-16 00:45:00+00:00,0.0129849999999998,,,,
2021-12-17 22:05:00+00:00,-0.0219800000000001,,,,
2021-12-18 10:45:00+00:00,0.0079899999999999,,,,
2021-12-18 19:10:00+00:00,-0.02198,,,,
2021-12-19 14:00:00+00:00,0.0079899999999999,,,,
2021-12-19 16:30:00+00:00,,-0.010947814151296,,,
2021-12-19 17:25:00+00:00,-0.0219800000000001,,,,
2021-12-20 00:25:00+00:00,,,-0.0187092213237228,,
2021-12-21 03:30:00+00:00,,0.011051852148523,,,
2021-12-21 03:50:00+00:00,0.0079899999999999,,,,
2021-12-21 06:50:00+00:00,,0.0113810667481222,,,
2021-12-21 07:55:00+00:00,0.0115971314716403,,,,
2021-12-22 05:45:00+00:00,,,,-0.0123363782289294,
2021-12-23 00:20:00+00:00,,,0.0221568298279719,,
2021-12-23 21:05:00+00:00,,0.0296214152483216,,,
2021-12-23 21:50:00+00:00,0.0190024761894811,,,,
2021-12-23 23:30:00+00:00,,,,0.018788228668104,
2021-12-24 03:50:00+00:00,,,,-0.0116697836060852,
2021-12-24 11:30:00+00:00,,,,-0.0100638694689701,
2021-12-24 19:55:00+00:00,,,,-0.0099538057174459,
2021-12-24 22:45:00+00:00,-0.02198,,,,
2021-12-25 17:30:00+00:00,,,0.0225930745859572,,
2021-12-27 10:55:00+00:00,,-0.0033441206879016,,,
2021-12-27 17:45:00+00:00,,0.0075103714433677,,,
2021-12-27 19:30:00+00:00,,,,-0.0096910737975037,
2021-12-28 00:10:00+00:00,,,-0.0104540542843466,,
2021-12-29 23:20:00+00:00,-0.02198,-0.0246057364210884,,,
2021-12-31 17:05:00+00:00,-0.02198,,,,
2021-12-31 17:10:00+00:00,,-0.024996520879244,,,
2021-12-31 17:45:00+00:00,,,-0.014249658341138,,
2022-01-01 05:20:00+00:00,0.0079899999999999,,,,
2022-01-02 04:50:00+00:00,,-0.0233891159016135,,,
2022-01-03 03:50:00+00:00,,,-0.025146568691279,,
2022-01-03 15:50:00+00:00,,-0.0178555450099758,,,
2022-01-03 16:05:00+00:00,,,-0.0178991930848114,,
2022-01-04 12:45:00+00:00,,-0.0019111020834542,,,
2022-01-04 16:15:00+00:00,,-0.0197992495757094,,,
2022-01-04 18:55:00+00:00,,,-0.0254437501185165,,
2022-01-05 12:50:00+00:00,,,-0.0197452499158747,,
2022-01-06 09:35:00+00:00,,-0.0276369770843816,,,
2022-01-07 13:35:00+00:00,-0.02198,,,,
2022-01-07 13:40:00+00:00,,-0.0310375625584347,,,
2022-01-09 11:05:00+00:00,,-0.0024549059434705,,,
2022-01-09 19:25:00+00:00,0.0079900000000001,0.0102731253384285,,,
2022-01-10 00:05:00+00:00,-0.02198,-0.0226194236648632,,,
2022-01-10 11:45:00+00:00,,,-0.0149805927118924,,
2022-01-10 17:30:00+00:00,-0.0219800000000001,,,,
2022-01-10 17:40:00+00:00,,-0.0315806454692109,,,
2022-01-10 21:00:00+00:00,0.0079900000000001,,,,
2022-01-11 02:25:00+00:00,0.0079899999999999,,,,
2022-01-12 05:45:00+00:00,,-0.0014168549404692,,,
2022-01-12 11:40:00+00:00,0.0079899999999999,,,,
2022-01-12 21:20:00+00:00,0.0079899999999999,,,,
2022-01-13 01:25:00+00:00,,,,-0.0132171038455639,
2022-01-13 02:50:00+00:00,,-0.010285301538526,,,
2022-01-13 15:10:00+00:00,,,,-0.0114608897027678,
2022-01-13 17:10:00+00:00,,,0.0198427666553424,,
2022-01-14 19:35:00+00:00,0.0079899999999999,0.0096891132923775,,,
2022-01-16 18:25:00+00:00,,-0.0105264693034476,,,
2022-01-18 03:40:00+00:00,,-0.0114062917832692,,,
2022-01-19 03:35:00+00:00,-0.0119899999999999,,,,
2022-01-19 03:40:00+00:00,,-0.0126456386580849,,,
2022-01-20 21:15:00+00:00,-0.01199,,,,
2022-01-20 21:25:00+00:00,,-0.0133287199799527,,,
2022-01-20 21:45:00+00:00,,,-0.0301093836652689,,
2022-01-21 17:35:00+00:00,-0.0119899999999999,,,,
2022-01-22 03:40:00+00:00,-0.01199,,,,
2022-01-22 14:00:00+00:00,-0.0119899999999999,,,,
2022-01-22 14:55:00+00:00,,-0.0296921282769747,,,
2022-01-22 22:45:00+00:00,-0.01199,,,,
2022-01-23 10:05:00+00:00,-0.01199,,,,
2022-01-24 00:20:00+00:00,0.0115687601328933,,,,
2022-01-24 16:50:00+00:00,-0.0146276394478999,,,,
2022-01-24 20:45:00+00:00,,0.029524565712512,,,
2022-01-24 21:50:00+00:00,0.0727373097995041,,,,
2022-01-24 22:30:00+00:00,-0.01199,-0.0251404894039357,,,
2022-01-25 14:20:00+00:00,0.0079899999999999,,,,
2022-01-25 19:35:00+00:00,-0.01199,,,,
2022-01-26 04:45:00+00:00,0.0079899999999999,,,,
2022-01-26 06:30:00+00:00,-0.01199,,,,
2022-01-26 19:15:00+00:00,-0.0264306133941421,,,,
2022-01-26 20:40:00+00:00,,,0.020826797354007,,
2022-01-27 14:30:00+00:00,0.0079899999999999,,,,
2022-01-28 02:00:00+00:00,-0.0119899999999999,,,,
2022-01-28 10:05:00+00:00,,-0.0240972359934529,,,
2022-01-28 15:30:00+00:00,-0.01199,,,,
2022-01-28 20:30:00+00:00,0.0079900000000001,,,,
2022-01-29 13:30:00+00:00,0.0079899999999999,,,,
2022-01-29 16:15:00+00:00,,,-0.0149419128367842,,
2022-01-29 20:50:00+00:00,-0.01199,,,,
2022-01-29 22:00:00+00:00,-0.01199,,,,
2022-01-31 16:50:00+00:00,,0.0101281312150922,,,
2022-01-31 18:10:00+00:00,0.0155743963955139,,,,
2022-01-31 19:15:00+00:00,,0.010313894115125,,,
2022-01-31 20:10:00+00:00,-0.01199,,,,
2022-02-01 09:15:00+00:00,,,,-0.0025606414485322,
2022-02-01 17:10:00+00:00,,,,-0.0062908123236646,
2022-02-02 05:45:00+00:00,,,0.0002460529256538,,
2022-02-04 02:40:00+00:00,0.0079900000000001,,,,
2022-02-04 06:05:00+00:00,,0.010992650520637,,,
2022-02-04 13:30:00+00:00,-0.0119899999999999,-0.0149355722637398,,,
2022-02-04 15:40:00+00:00,,,,-0.0019260405998782,
2022-02-04 18:15:00+00:00,,,,0.0101399836699285,
2022-02-04 18:20:00+00:00,,0.023924756358296,,,
2022-02-04 18:35:00+00:00,0.0419843708880187,,,,
2022-02-04 19:55:00+00:00,0.0079899999999999,,,,
2022-02-04 20:20:00+00:00,,,,-0.003068541660844,
2022-02-05 00:00:00+00:00,,,,0.0125565909468112,
2022-02-05 00:50:00+00:00,,,,-0.0062649496639323,
2022-02-05 13:20:00+00:00,,-0.0089189222779529,,,
2022-02-05 15:15:00+00:00,0.0079900000000001,,,,
2022-02-06 14:35:00+00:00,,,,-0.0057125470299758,
2022-02-06 23:25:00+00:00,,,,-0.0018768604356923,
2022-02-06 23:55:00+00:00,,,,-0.0064421656367095,
2022-02-07 00:10:00+00:00,-0.01199,-0.0139124019416724,,,
2022-02-07 02:55:00+00:00,,,,-0.007081629374299,
2022-02-07 05:30:00+00:00,,,,-0.0003160322257237,
2022-02-07 09:35:00+00:00,-0.0119899999999999,-0.0131130514853614,,,
2022-02-07 15:15:00+00:00,,,,0.0021214040175474,
2022-02-07 16:40:00+00:00,,,,0.0029284453162463,
2022-02-07 17:45:00+00:00,0.0079899999999999,0.0092366196062743,,,
2022-02-07 18:25:00+00:00,,,,-2.48998817540258e-05,
2022-02-07 18:45:00+00:00,-0.01199,,,,
2022-02-07 18:50:00+00:00,,-0.0132732223804007,,,
2022-02-07 20:45:00+00:00,-0.0119899999999999,,,,
2022-02-07 20:50:00+00:00,,-0.0136388962591682,,,
2022-02-08 06:00:00+00:00,,,,0.0044161868520609,
2022-02-08 06:20:00+00:00,,,,0.0025845924793561,
2022-02-08 08:05:00+00:00,-0.0119899999999999,,,,
2022-02-08 08:10:00+00:00,,-0.0144200266398305,,,
2022-02-08 10:15:00+00:00,,,0.1476720586313933,,
2022-02-09 00:50:00+00:00,0.0079899999999999,,,,
2022-02-09 02:10:00+00:00,,-0.0172569335575477,,,
2022-02-10 12:20:00+00:00,-0.0119899999999999,,,,
2022-02-10 14:10:00+00:00,,,-0.0397977250078313,,
2022-02-10 15:50:00+00:00,,,,-0.0114552938409402,
2022-02-10 17:45:00+00:00,,,,-0.0086434879777765,
2022-02-10 19:05:00+00:00,-0.0119899999999999,,,,
2022-02-10 19:50:00+00:00,,-0.0189113840994782,,,
2022-02-12 21:20:00+00:00,-0.01199,,,,
2022-02-15 06:35:00+00:00,,0.0222155475571548,,,
2022-02-15 08:35:00+00:00,0.0179800000000001,,,,
2022-02-16 04:55:00+00:00,,,0.0279179113136198,,
2022-02-16 14:50:00+00:00,,-0.0243039236412335,,,
2022-02-17 09:15:00+00:00,,-0.0228220740886645,,,
2022-02-21 10:35:00+00:00,-0.02198,,,,
2022-02-21 10:55:00+00:00,,,-0.0241963765131334,,
2022-02-21 11:35:00+00:00,,-0.0246965215754351,,,
2022-02-21 18:10:00+00:00,-0.026617425373844,,,,
2022-02-21 18:25:00+00:00,,-0.0343934289585372,,,
2022-02-23 08:25:00+00:00,0.0179799999999998,,,,
2022-02-23 18:05:00+00:00,-0.02198,,,,
2022-02-23 18:20:00+00:00,,,-0.0228880468043459,,
2022-02-24 10:20:00+00:00,-0.0219800000000001,,,,
2022-02-24 14:30:00+00:00,0.0179799999999998,,,,
2022-02-24 18:45:00+00:00,0.0179799999999998,,,,
2022-02-25 00:40:00+00:00,,0.0583312535008662,,,
2022-02-25 01:05:00+00:00,0.0480590499683353,,,,
2022-02-25 09:25:00+00:00,-0.0219799999999998,,,,
2022-02-25 18:05:00+00:00,-0.0219800000000001,,,,
2022-02-26 05:55:00+00:00,-0.02198,,,,
2022-02-26 09:30:00+00:00,,,0.0409411556451613,,
2022-02-27 13:45:00+00:00,-0.02198,,,,
2022-02-27 19:30:00+00:00,,-0.0336765214074168,,,
2022-02-27 19:40:00+00:00,,,-0.0325457377638921,,
2022-02-28 14:15:00+00:00,0.0179800000000001,,,,
2022-02-28 19:05:00+00:00,,,,0.014435971276697,
2022-02-28 20:20:00+00:00,,0.0497429267531319,,,
2022-02-28 21:05:00+00:00,0.0566451274710968,,,,
2022-02-28 21:40:00+00:00,,,,-0.0005064728675345,
2022-02-28 22:55:00+00:00,,,,0.0291278845215947,
2022-03-01 03:35:00+00:00,0.0311741429243512,,,,
2022-03-01 14:30:00+00:00,,,,0.0018429044405758,
2022-03-01 15:00:00+00:00,-0.0219800000000001,,,,
2022-03-02 13:50:00+00:00,,,0.0936042285786524,,
2022-03-02 14:40:00+00:00,0.0179800000000001,,,,
2022-03-02 15:05:00+00:00,,,,-0.0164480894873026,
2022-03-02 15:25:00+00:00,-0.0219800000000001,,,,
2022-03-03 10:40:00+00:00,,-0.0092754065997459,,,
2022-03-06 23:15:00+00:00,-0.02198,,,,
2022-03-06 23:25:00+00:00,,-0.029151068132826,,,
2022-03-07 18:35:00+00:00,-0.0219800000000001,,,,
2022-03-07 19:05:00+00:00,,,-0.0289565472717842,,
2022-03-07 19:30:00+00:00,,-0.0299992080718315,,,
2022-03-08 08:30:00+00:00,0.0179800000000001,,,,
2022-03-08 16:30:00+00:00,-0.02198,,,,
2022-03-09 03:10:00+00:00,,0.0333706891162208,,,
2022-03-09 08:35:00+00:00,,0.0525803419824155,,,
2022-03-09 09:05:00+00:00,0.0668917916069067,,,,
2022-03-10 01:35:00+00:00,-0.02198,,,,
2022-03-10 02:00:00+00:00,,,0.034616369973186,,
2022-03-10 04:20:00+00:00,,-0.0414835825825394,,,
2022-03-10 13:40:00+00:00,-0.0219800000000001,,,,
2022-03-11 12:05:00+00:00,0.0179800000000001,,,,
2022-03-11 13:15:00+00:00,-0.02198,,,,
2022-03-11 17:10:00+00:00,,,-0.0360212528195836,,
2022-03-11 19:05:00+00:00,,-0.0411299518666857,,,
2022-03-13 12:25:00+00:00,-0.0219799999999998,,,,
2022-03-13 22:45:00+00:00,,-0.0212301995710948,,,
2022-03-14 22:45:00+00:00,0.0179800000000001,0.0207842287563879,,,
2022-03-15 01:15:00+00:00,-0.02198,,,,
2022-03-15 03:40:00+00:00,,-0.0294259455996116,,,
2022-03-15 07:30:00+00:00,,,-0.0203295293906902,,
2022-03-16 02:05:00+00:00,0.0179799999999998,,,,
2022-03-16 03:10:00+00:00,,-0.0381222735213835,,,
2022-03-16 03:15:00+00:00,-0.0399703535702945,,,,
2022-03-18 00:55:00+00:00,-0.02198,,,,
2022-03-18 20:50:00+00:00,,,,0.0004200698217304,
2022-03-19 20:35:00+00:00,0.0179800000000001,,,,
2022-03-19 21:55:00+00:00,,,,-0.0062354297832833,
2022-03-19 22:25:00+00:00,,,0.0064523689526474,,
2022-03-20 08:30:00+00:00,,0.0034223170971441,,,
2022-03-22 05:10:00+00:00,,,,0.0089450565851589,
2022-03-22 10:30:00+00:00,0.0179800000000001,,,,
2022-03-22 14:30:00+00:00,,0.0169156100985399,,,
2022-03-23 01:00:00+00:00,-0.02198,,,,
2022-03-24 06:30:00+00:00,,,,-0.0073267443368372,
2022-03-24 15:35:00+00:00,0.0179800000000001,,,,
2022-03-24 17:55:00+00:00,,,,0.0059160162254678,
2022-03-25 02:05:00+00:00,,,,-0.0068323942697964,
2022-03-25 08:05:00+00:00,,,-0.0011684267578918,,
2022-03-25 12:40:00+00:00,0.0179800000000001,0.0153540489600911,,,
2022-03-25 14:10:00+00:00,,,,0.007033801217942,
2022-03-25 15:30:00+00:00,,-0.0138855467829338,,,
2022-03-25 15:35:00+00:00,,,-0.0067299902225678,,
2022-03-27 12:55:00+00:00,,,-0.0093234561510543,,
2022-03-27 20:35:00+00:00,0.0179800000000001,,,,
2022-03-27 21:05:00+00:00,,,,0.0153523505724451,
2022-03-28 00:45:00+00:00,,,,0.0061197059390194,
2022-03-28 04:55:00+00:00,,0.016766063594467,,,
2022-03-28 05:00:00+00:00,0.0179800000000001,,,,
2022-03-28 14:15:00+00:00,,,,-0.0056784896961646,
2022-03-28 15:50:00+00:00,,,,-0.0078832772341175,
2022-03-28 19:50:00+00:00,,,,-0.0028922140957649,
2022-04-01 18:35:00+00:00,0.0215166873847092,,,,
2022-04-02 00:55:00+00:00,,0.0170439459323044,,,
2022-04-02 15:15:00+00:00,,,-0.0005598983232668,,
2022-04-03 22:20:00+00:00,0.0179800000000001,,,,
2022-04-03 22:55:00+00:00,,-0.0158350368071326,,,
2022-04-03 23:00:00+00:00,-0.02198,,,,
2022-04-05 14:10:00+00:00,,-0.0152774402339611,,,
2022-04-05 14:15:00+00:00,,,-0.0069306067167813,,
2022-04-05 16:00:00+00:00,-0.0219800000000001,,,,
2022-04-10 21:50:00+00:00,,-0.0110550602634555,,,
2022-04-12 19:55:00+00:00,-0.02198,,,,
2022-04-14 09:20:00+00:00,,,0.0101425588176538,,
2022-04-14 13:45:00+00:00,,-0.020233775149227,,,
2022-04-14 15:35:00+00:00,-0.02198,,,,
2022-04-17 00:05:00+00:00,,,-0.0080796854593869,,
2022-04-18 15:25:00+00:00,,,-0.0085588001817922,,
2022-04-18 22:50:00+00:00,,0.0171863828754617,,,
2022-04-18 23:00:00+00:00,0.0179800000000001,,,,
2022-04-19 01:40:00+00:00,,,0.0110703180991234,,
2022-04-19 16:50:00+00:00,,,-0.0083115543080792,,
2022-04-20 13:45:00+00:00,,,-0.0122193358080354,,
2022-04-20 15:00:00+00:00,,,,0.0140195504196867,
2022-04-20 18:40:00+00:00,,-0.0199529993454545,,,
2022-04-21 13:00:00+00:00,0.0234577549080921,,,,
2022-04-21 16:05:00+00:00,,,,-0.0063404591331905,
2022-04-21 16:55:00+00:00,-0.0219799999999998,,,,
2022-04-21 17:00:00+00:00,,-0.0158277051833497,,,
2022-04-25 18:45:00+00:00,0.0179800000000001,0.0197176395365725,,,
2022-04-26 14:00:00+00:00,,,,-0.0074088142671716,
2022-04-26 14:40:00+00:00,,-0.0214292178103996,,,
2022-04-26 14:50:00+00:00,-0.0219799999999998,,,,
2022-04-27 11:25:00+00:00,,,-0.0107005722321658,,
2022-04-28 15:05:00+00:00,0.0179799999999998,,,,
2022-04-29 02:55:00+00:00,-0.02198,,,,
2022-04-29 09:05:00+00:00,,-0.0251243862772003,,,
2022-04-29 10:40:00+00:00,,,,-0.0239274311178565,
2022-05-01 18:10:00+00:00,,,-0.0083775522337948,,
2022-05-01 18:50:00+00:00,,-0.0164952322561056,,,
2022-05-02 18:10:00+00:00,,,,-0.0171113144350053,
2022-05-03 18:00:00+00:00,,-0.0163572872190774,,,
2022-05-03 18:05:00+00:00,-0.02198,,,,
2022-05-04 12:40:00+00:00,,,0.0117754504168487,,
2022-05-04 16:20:00+00:00,,0.0169751958139567,,,
2022-05-04 18:50:00+00:00,0.0179799999999998,,,,
2022-05-05 13:55:00+00:00,,-0.017713855579334,,,
2022-05-05 14:00:00+00:00,,,,-0.007922755773243,
2022-05-05 14:05:00+00:00,-0.02198,,,,
2022-05-10 07:45:00+00:00,0.020044551684405,,,,
2022-05-10 08:00:00+00:00,,,-0.0225743147527086,,
2022-05-10 13:30:00+00:00,0.0179800000000001,,,,
2022-05-11 06:45:00+00:00,-0.0219800000000001,,,,
2022-05-11 12:35:00+00:00,-0.0472195700587814,,,,
2022-05-11 13:55:00+00:00,-0.02198,,,,
2022-05-11 19:35:00+00:00,-0.02198,,,,
2022-05-12 01:20:00+00:00,-0.02198,,,,
2022-05-12 02:40:00+00:00,-0.02198,,,,
2022-05-12 14:25:00+00:00,0.0179800000000001,,,,
2022-05-12 16:25:00+00:00,0.0179799999999998,,,,
2022-05-12 17:40:00+00:00,-0.0234572642629506,,,,
2022-05-12 18:25:00+00:00,-0.02198,,,,
2022-05-13 06:55:00+00:00,,,-0.0107262463635523,,
2022-05-13 07:30:00+00:00,0.0430440557797338,,,,
2022-05-14 19:40:00+00:00,,,-0.0213049690801275,,
2022-05-15 11:45:00+00:00,0.0179800000000001,,,,
2022-05-15 20:10:00+00:00,0.0179800000000001,,,,
2022-05-16 04:30:00+00:00,-0.0219800000000001,,,,
2022-05-16 06:05:00+00:00,,-0.0258170940127292,,,
2022-05-16 13:45:00+00:00,-0.02198,,,,
2022-05-17 08:40:00+00:00,0.0179799999999998,,,,
2022-05-18 03:20:00+00:00,-0.02198,,,,
2022-05-19 15:30:00+00:00,,0.0162348183298119,,,
2022-05-19 17:25:00+00:00,0.0230654483939158,,,,
2022-05-20 01:35:00+00:00,0.0179800000000001,,,,
2022-05-20 09:00:00+00:00,,-0.0126289867869999,,,
2022-05-22 14:25:00+00:00,,,-0.0071682530338527,,
2022-05-22 22:20:00+00:00,,0.0110810019187739,,,
2022-05-23 06:40:00+00:00,0.0179799999999998,,,,
2022-05-24 23:10:00+00:00,,0.0122592516075124,,,
2022-05-25 05:50:00+00:00,,,-0.0096988677320041,,
2022-05-25 11:25:00+00:00,-0.0219800000000001,,,,
2022-05-27 00:50:00+00:00,-0.02198,,,,
2022-05-27 01:00:00+00:00,,-0.023907393652669,,,
2022-05-30 06:05:00+00:00,,0.0308497065423845,,,
2022-05-30 06:25:00+00:00,,,,-0.0026034966926409,
2022-05-30 07:05:00+00:00,0.0286528904937857,,,,
2022-05-30 11:00:00+00:00,,,0.0098211109295909,,
2022-05-30 12:15:00+00:00,,0.0078598170490631,,,
2022-05-30 12:20:00+00:00,,,,-0.0065226740996051,
2022-05-30 21:35:00+00:00,,,,0.0203614318566545,
2022-05-31 00:25:00+00:00,,0.0108242438805412,,,
2022-05-31 13:25:00+00:00,0.0179799999999998,,,,
2022-05-31 16:10:00+00:00,,,,-0.0129750586223095,
2022-05-31 17:15:00+00:00,,,,-0.0090408012527105,
2022-06-01 04:10:00+00:00,,-0.0238564611225453,,,
2022-06-03 11:10:00+00:00,-0.0219800000000001,,,,
2022-06-05 16:25:00+00:00,,-0.0124111214620987,,,
2022-06-06 00:45:00+00:00,,0.0058994425407741,,,
2022-06-06 05:55:00+00:00,,0.0244756934483747,,,
2022-06-06 06:55:00+00:00,0.0194725173485816,,,,
2022-06-06 11:50:00+00:00,,,0.0235430897228001,,
2022-06-07 22:50:00+00:00,0.0179799999999998,0.0126758628102587,,,
2022-06-08 01:00:00+00:00,,,0.0194218635228138,,
2022-06-08 01:05:00+00:00,-0.02198,,,,
2022-06-08 03:15:00+00:00,,-0.031925658519447,,,
2022-06-10 00:15:00+00:00,-0.02198,,,,
2022-06-12 19:25:00+00:00,-0.0220013597128014,-0.0255611997961086,,,
2022-06-13 22:40:00+00:00,-0.02198,,,,
2022-06-14 09:35:00+00:00,-0.0255128168087468,,,,
2022-06-14 11:15:00+00:00,-0.0219800000000001,,,,
2022-06-14 11:45:00+00:00,,-0.0550619556074872,,,
2022-06-14 20:20:00+00:00,-0.02198,,,,
2022-06-15 03:40:00+00:00,-0.02198,,,,
2022-06-15 15:45:00+00:00,0.012985,,,,
2022-06-15 16:55:00+00:00,,-0.0446338320856128,,,
2022-06-15 17:40:00+00:00,,,-0.0441524774029996,,
2022-06-15 18:50:00+00:00,-0.0219800000000001,,,,
2022-06-15 23:35:00+00:00,0.0270140195755881,,,,
2022-06-16 04:50:00+00:00,-0.02198,,,,
2022-06-16 05:50:00+00:00,,,,-0.0267869417513142,
2022-06-16 05:55:00+00:00,,,-0.0225290877127929,,
2022-06-16 09:35:00+00:00,,-0.0491952276556131,,,
2022-06-17 06:45:00+00:00,0.012985,,,,
2022-06-17 12:40:00+00:00,-0.02198,,,,
2022-06-17 13:15:00+00:00,,,-0.0298978502768744,,
2022-06-18 16:45:00+00:00,-0.02198,,,,
2022-06-19 01:40:00+00:00,,-0.0356191168606976,,,
2022-06-19 01:55:00+00:00,-0.0219800000000001,,,,
2022-06-19 13:35:00+00:00,0.0367308799274066,,,,
2022-06-19 15:30:00+00:00,0.0129849999999998,,,,
2022-06-19 19:00:00+00:00,,0.056992786632479,,,
2022-06-19 23:50:00+00:00,0.0129849999999998,,,,
2022-06-20 00:45:00+00:00,-0.02198,,,,
2022-06-20 01:20:00+00:00,,-0.0425917635554292,,,
2022-06-20 01:40:00+00:00,,,,0.0086705049662016,
2022-06-20 01:50:00+00:00,,,0.0326208478776244,,
2022-06-20 14:45:00+00:00,0.012985,,,,
2022-06-20 17:40:00+00:00,,,-0.0125917116699884,,
2022-06-20 17:55:00+00:00,,,,-0.0393183198225407,
2022-06-21 01:00:00+00:00,0.0129849999999998,,,,
2022-06-21 13:40:00+00:00,0.0129849999999998,,,,
2022-06-21 18:35:00+00:00,-0.02198,,,,
2022-06-21 19:05:00+00:00,,,-0.0022147918056831,,
2022-06-21 20:10:00+00:00,,,,-0.0139468503233268,
2022-06-22 13:55:00+00:00,0.012985,,,,
2022-06-22 15:40:00+00:00,-0.02198,,,,
2022-06-23 06:30:00+00:00,0.0129849999999998,,,,
2022-06-23 15:30:00+00:00,-0.02198,,,,
2022-06-23 15:50:00+00:00,,,-0.021704355840826,,
2022-06-23 23:35:00+00:00,0.0171098662097781,,,,
2022-06-24 06:55:00+00:00,,,-0.0074832568629645,,
2022-06-24 07:15:00+00:00,,,,-0.0053943605896219,
2022-06-24 15:15:00+00:00,-0.02198,,,,
2022-06-25 12:20:00+00:00,,,,-0.0115834198346197,
2022-06-25 12:40:00+00:00,,,-0.0183409597566653,,
2022-06-25 15:50:00+00:00,-0.02198,,,,
2022-06-25 20:20:00+00:00,,0.0029050914931425,,,
2022-06-26 15:05:00+00:00,,,,-0.0156531939951958,
2022-06-26 15:30:00+00:00,,,-0.0112614698058358,,
2022-06-27 12:55:00+00:00,,,-0.0093147011955364,,
2022-06-28 14:30:00+00:00,-0.02198,,,,
2022-06-28 14:55:00+00:00,,,-0.0180923647162882,,
2022-07-01 03:55:00+00:00,0.0177782316283086,,,,
2022-07-01 04:00:00+00:00,,,,-0.028039988745357,
2022-07-01 04:45:00+00:00,,-0.0219588033465363,,,
2022-07-01 05:35:00+00:00,,,-0.0508449158354725,,
2022-07-04 01:05:00+00:00,,-0.0169508997404975,,,
2022-07-04 02:40:00+00:00,,,-0.0055611301272029,-0.0159898562380764,
2022-07-04 15:00:00+00:00,0.012985,,,,
2022-07-04 15:05:00+00:00,,0.0212876868021241,,,
2022-07-04 22:50:00+00:00,0.0129849999999998,,,,
2022-07-05 05:20:00+00:00,,0.0229585227883413,,,
2022-07-05 08:25:00+00:00,,,,0.0168013087219258,
2022-07-05 08:35:00+00:00,,,0.0222762799530631,,
2022-07-05 08:45:00+00:00,-0.02198,,,,
2022-07-05 22:55:00+00:00,0.0220251717120198,,,,
2022-07-06 01:40:00+00:00,,,,-0.0288558988057942,
2022-07-06 02:10:00+00:00,,,-0.0100759140988461,,
2022-07-06 22:05:00+00:00,,0.0235092406466324,,,
2022-07-07 06:00:00+00:00,,,-0.0160928475555391,,
2022-07-07 18:40:00+00:00,0.0129849999999998,,,,
2022-07-07 20:45:00+00:00,,0.0307234065721511,,,
2022-07-07 23:00:00+00:00,0.0129849999999998,,,,
2022-07-08 01:25:00+00:00,,0.0272433818033572,,,
2022-07-08 02:25:00+00:00,-0.0219800000000001,-0.0221896524412668,,,
2022-07-08 08:35:00+00:00,-0.0219800000000001,,,0.0551075075122917,
2022-07-08 08:55:00+00:00,,,0.0294383796971799,,
2022-07-10 02:25:00+00:00,-0.02198,,,,
2022-07-13 12:30:00+00:00,-0.0219800000000001,-0.0158139641005129,,-0.0270418569431932,
2022-07-13 13:20:00+00:00,,,-0.0387913318090407,,
2022-07-13 21:40:00+00:00,0.0129849999999998,,,,
2022-07-14 07:15:00+00:00,,,-0.0125193422495762,,
2022-07-14 08:40:00+00:00,,,,-0.0148278689206666,
2022-07-14 08:50:00+00:00,-0.02198,,,,
2022-07-14 17:25:00+00:00,0.0179800000000001,,,,
2022-07-15 08:55:00+00:00,0.0179800000000001,,,,
2022-07-15 16:15:00+00:00,,,0.0163460299166258,,
2022-07-17 10:20:00+00:00,,,-0.0020455696523976,,
2022-07-17 17:55:00+00:00,-0.0219800000000001,-0.0250954842692276,,,
2022-07-18 05:35:00+00:00,0.0179799999999998,,,,
2022-07-18 08:00:00+00:00,0.0223321608253082,,,,
2022-07-18 10:40:00+00:00,,0.0402361894749687,,,
2022-07-18 17:50:00+00:00,,,0.0106608197824926,,
2022-07-18 17:55:00+00:00,-0.02198,,,0.0043778174394941,
2022-07-19 04:00:00+00:00,,,,-0.0454300319761673,
2022-07-19 04:05:00+00:00,,-0.0320127539076285,,,
2022-07-19 14:50:00+00:00,0.0179800000000001,,,,
2022-07-19 17:10:00+00:00,0.0196991352495206,,,,
2022-07-19 20:00:00+00:00,,0.0334178473242743,,,
2022-07-19 21:55:00+00:00,0.0179800000000001,,,,
2022-07-20 01:05:00+00:00,,,0.0086856162743895,,
2022-07-20 20:15:00+00:00,,,,0.0015345477125248,
2022-07-21 02:30:00+00:00,-0.0219800000000001,,,,
2022-07-22 10:35:00+00:00,0.0179800000000001,,,,
2022-07-22 15:45:00+00:00,,,-0.0167098162334271,,
2022-07-22 19:30:00+00:00,,,,-0.0289400787484538,
2022-07-25 01:05:00+00:00,,,,-0.0277821204198552,
2022-07-25 02:20:00+00:00,,-0.0263334178018934,,,
2022-07-25 22:25:00+00:00,-0.02198,,,,
2022-07-27 18:35:00+00:00,0.0179800000000001,,,,
2022-07-27 22:30:00+00:00,0.0179800000000001,,,,
2022-07-27 23:40:00+00:00,,0.0370051328736169,,,
2022-07-28 07:30:00+00:00,-0.02198,,,,
2022-07-28 12:30:00+00:00,,-0.0276872183519604,,0.0596944189851011,
2022-07-28 14:05:00+00:00,,,0.0528194015904983,,
2022-07-28 20:35:00+00:00,0.0179800000000001,,,,
2022-07-29 06:35:00+00:00,,0.0259403366320598,,,
2022-07-29 11:30:00+00:00,,,0.0016309007991845,,
2022-07-29 13:05:00+00:00,,,,-0.003720050144134,
2022-07-29 16:10:00+00:00,-0.0219800000000001,,,,
2022-07-30 19:50:00+00:00,,,-0.0168832661265511,,
2022-07-30 19:55:00+00:00,,-0.0292380463999826,,,
2022-07-30 20:05:00+00:00,-0.02198,,,,
2022-07-30 22:00:00+00:00,,,,-0.0224657826459366,
2022-08-03 00:20:00+00:00,-0.02198,,,,
2022-08-03 00:25:00+00:00,,-0.0280618361004819,,,
2022-08-03 20:35:00+00:00,,,-0.0065402170320685,,
2022-08-03 23:00:00+00:00,,-0.0257553925042036,,-0.0270544862209204,
2022-08-04 16:45:00+00:00,-0.02198,,,,
2022-08-05 11:40:00+00:00,,0.0171803812411888,,,
2022-08-05 12:55:00+00:00,,,-0.006024645881544,,
2022-08-05 18:55:00+00:00,,,,-0.0194887383386399,
2022-08-07 14:10:00+00:00,,-0.0074461684206457,,,
2022-08-08 06:10:00+00:00,0.0179800000000001,,,,
2022-08-08 12:40:00+00:00,,0.0302123008016783,,,
2022-08-08 16:40:00+00:00,,,0.0114502877845594,,
2022-08-08 21:15:00+00:00,,-0.0154892460755716,,,
2022-08-08 22:40:00+00:00,,,,0.0184453936431805,
2022-08-10 14:45:00+00:00,0.0179799999999998,,,,
2022-08-10 18:45:00+00:00,,,,0.006029338002166,
2022-08-10 21:25:00+00:00,,0.0176825755751495,,,
2022-08-11 07:30:00+00:00,,0.0191299632729649,,,
2022-08-11 12:30:00+00:00,0.0179799999999998,,,,
2022-08-11 15:20:00+00:00,,,0.0210659666932337,,
2022-08-11 18:20:00+00:00,,,,-0.004810803838715,
2022-08-13 08:50:00+00:00,,,0.0003322903047509,,
2022-08-14 08:55:00+00:00,,,-0.0112662207666962,,
2022-08-14 12:50:00+00:00,,,,-0.0071043823247073,
2022-08-15 05:45:00+00:00,,,0.0004817973075421,,
2022-08-15 06:25:00+00:00,,,,-0.0069748847137662,
2022-08-15 06:35:00+00:00,,-0.0194385829477278,,,
2022-08-17 07:35:00+00:00,,,-0.0207824921620256,,
2022-08-17 07:40:00+00:00,,-0.0232745127439261,,-0.0099446062070047,
2022-08-18 23:20:00+00:00,,,,-0.0163511099347479,
2022-08-20 20:50:00+00:00,,,,-0.0234890728475929,
2022-08-21 22:05:00+00:00,,,,-0.0040645140525614,
2022-08-23 02:15:00+00:00,,,-0.0076570478009971,,
2022-08-23 05:30:00+00:00,,,,-0.0219016362189315,
2022-08-23 12:40:00+00:00,,,-0.0058808911287819,,
2022-08-24 23:30:00+00:00,,,,-0.0037074773468094,
2022-08-25 09:55:00+00:00,,0.0062777696220079,,,
2022-08-26 05:10:00+00:00,,,,-0.01595676106116,
2022-08-26 14:00:00+00:00,,-0.0212110445975494,,,
2022-08-26 14:55:00+00:00,-0.0219800000000001,,,-0.0214344674820076,
2022-08-28 23:25:00+00:00,,,,-0.0178015884222505,
2022-08-29 14:05:00+00:00,,0.0144393601404004,,,
2022-08-29 18:15:00+00:00,,,-0.0056597774119377,,
2022-08-30 04:30:00+00:00,,0.0147856911690407,,,
2022-08-30 08:50:00+00:00,,,-0.0032573235490352,,
2022-08-30 14:05:00+00:00,,-0.0198021833146434,,0.0074643082908874,
2022-08-31 06:10:00+00:00,,0.0199901742478942,,,
2022-08-31 06:30:00+00:00,,,0.00179232106511,,
2022-08-31 15:05:00+00:00,,,,-0.0210859230719243,
2022-09-02 17:20:00+00:00,,,,-0.0119567825173817,
2022-09-03 21:00:00+00:00,,-0.0180693500642858,,,
2022-09-05 05:20:00+00:00,,,,-0.00930963551569,
2022-09-05 18:30:00+00:00,,-0.0147541186134639,,,
2022-09-06 01:55:00+00:00,,,-0.0116551989535514,,
2022-09-06 02:00:00+00:00,,-0.0152508761134546,,-0.010605000331899,
2022-09-08 07:20:00+00:00,,,,0.0097406033646103,
2022-09-09 03:30:00+00:00,0.0179800000000001,0.021407379732709,,,
2022-09-09 05:05:00+00:00,0.0256291005258966,,,,
2022-09-09 08:15:00+00:00,,0.040641135295026,,,
2022-09-09 10:45:00+00:00,,0.021812502011079,,,
2022-09-09 18:10:00+00:00,,,0.0593889353114525,,
2022-09-10 07:45:00+00:00,,,-0.0117261763667483,,
2022-09-10 12:20:00+00:00,,,,0.0924166353775064,
2022-09-10 20:50:00+00:00,,,-0.0122821965393357,,
2022-09-10 21:45:00+00:00,,0.0228421842865651,,,
2022-09-11 06:30:00+00:00,,,,-0.0093142759531955,
2022-09-12 02:10:00+00:00,-0.02198,,,,
2022-09-12 03:30:00+00:00,,-0.0245982633407092,,,
2022-09-12 10:10:00+00:00,,,-0.0091958968039794,,
2022-09-13 12:35:00+00:00,,,-0.0347222697082024,,
2022-09-17 19:10:00+00:00,,,-0.0094379383343654,,
2022-09-18 10:00:00+00:00,,,,-0.0076894063367753,
2022-09-18 14:45:00+00:00,,-0.0206986893425256,,,
2022-09-19 17:30:00+00:00,,,0.0141088274528913,,
2022-09-19 20:00:00+00:00,0.0179800000000001,0.0261991714931089,,,
2022-09-20 00:35:00+00:00,,,-0.00232273431659,,
2022-09-20 12:25:00+00:00,,,,-0.0316114297453017,
2022-09-20 13:15:00+00:00,,-0.0322478887326644,,,
2022-09-21 15:05:00+00:00,,,-0.0029537631840753,,
2022-09-21 18:05:00+00:00,-0.0491661070540383,-0.0294354527720565,,-0.022135874628868,
2022-09-21 19:30:00+00:00,-0.02198,,,,
2022-09-22 11:30:00+00:00,,,-0.0085114502661911,,
2022-09-23 08:45:00+00:00,-0.02198,,,,
2022-09-23 11:50:00+00:00,,,,-0.0262146428159087,
2022-09-24 00:45:00+00:00,,,-0.0124385874913141,,
2022-09-25 22:00:00+00:00,,-0.0301712231413276,,,
2022-09-26 11:15:00+00:00,,,-0.0082460688582964,,
2022-09-26 11:30:00+00:00,,-0.0206498829275488,,,
2022-09-26 11:40:00+00:00,,,,-0.0215097222912431,
2022-09-27 03:10:00+00:00,0.0179799999999998,,,,
2022-09-27 05:20:00+00:00,,0.019448794120416,,,
2022-09-27 08:50:00+00:00,,,0.024948592757366,,
2022-09-27 16:10:00+00:00,-0.02198,-0.0261063357171039,,0.0211076159864476,
2022-09-28 14:35:00+00:00,0.0179800000000001,,,,
2022-09-28 21:25:00+00:00,,0.0290928274792672,,,
2022-09-29 13:40:00+00:00,,,,-0.0308648673753245,
2022-09-30 00:30:00+00:00,0.0179800000000001,,,,
2022-09-30 16:15:00+00:00,,,-0.0194689184410623,,
2022-09-30 19:55:00+00:00,,,,-0.0104967057542835,
2022-09-30 20:00:00+00:00,-0.02198,-0.0324425046263744,,,
2022-10-04 06:35:00+00:00,,0.013394279275452,,,
2022-10-04 11:35:00+00:00,,,0.0027175114863098,,
2022-10-04 14:00:00+00:00,,0.0150540431814227,,,
2022-10-05 08:20:00+00:00,,-0.0213939619085532,,,
2022-10-05 11:40:00+00:00,,,,0.0319281821492891,
2022-10-06 14:05:00+00:00,,,,-0.022525791136627,
2022-10-06 22:00:00+00:00,,-0.0218939800464013,,,
2022-10-10 08:10:00+00:00,,,,-0.0159838375777005,
2022-10-10 16:20:00+00:00,,-0.0132749432238243,,,
2022-10-13 16:40:00+00:00,0.0179799999999998,,,,
2022-10-13 17:40:00+00:00,,0.0291048276017853,,,
2022-10-13 18:55:00+00:00,,0.0141127196891361,,,
2022-10-13 23:40:00+00:00,,,-0.0068447590716874,,
2022-10-14 03:35:00+00:00,,0.01853851002104,,,
2022-10-14 07:10:00+00:00,,,-0.007320032757513,,
2022-10-14 14:10:00+00:00,-0.02198,,,,
2022-10-14 14:15:00+00:00,,,,0.0161756414727924,
2022-10-15 23:00:00+00:00,,,,-0.0142629376655962,
2022-10-16 21:50:00+00:00,,-0.0081930716194206,,-0.0014032335342757,
2022-10-17 12:40:00+00:00,,0.0055709298187986,,,
2022-10-18 12:50:00+00:00,,0.0001894848639256,,,
2022-10-18 15:10:00+00:00,,,,0.0042913695078639,
2022-10-19 12:30:00+00:00,,-0.0127146693010615,,,
2022-10-20 00:45:00+00:00,,,,-0.0176357064519909,
2022-10-20 17:05:00+00:00,,-0.0117242892480765,,,
2022-10-20 20:30:00+00:00,,,,-0.0122472334272313,
2022-10-21 12:10:00+00:00,,,,-0.014929448139745,
2022-10-22 14:20:00+00:00,,0.0041087683281695,,,
2022-10-23 12:25:00+00:00,,,,0.0019640411995585,
2022-10-23 19:55:00+00:00,,0.0095825711440102,,,
2022-10-24 00:45:00+00:00,,,-3.778542052768063e-05,,
2022-10-24 01:10:00+00:00,,-0.0076893676574967,,,
2022-10-24 04:10:00+00:00,,,,0.0021476187020823,
2022-10-25 10:00:00+00:00,,-0.0103475320327874,,,
2022-10-25 19:10:00+00:00,,0.0376598300436601,,,
2022-10-25 20:00:00+00:00,,-0.0145515025682095,,,
2022-10-25 20:20:00+00:00,,,0.0099437313799803,,
2022-10-26 08:35:00+00:00,0.0179800000000001,,,,
2022-10-26 13:30:00+00:00,,-0.0175735288366469,,,
2022-10-27 09:40:00+00:00,,-0.0185975989054202,,,
2022-10-27 20:15:00+00:00,,,,0.0519966818694368,
2022-10-27 20:20:00+00:00,-0.02198,,,,
2022-10-29 03:15:00+00:00,,0.0124249542713843,,,
2022-10-30 08:25:00+00:00,,-0.0058754695518944,,,
2022-10-30 13:55:00+00:00,,,,0.0154944526463209,
2022-10-31 13:55:00+00:00,,-0.0117643124016996,,-0.0150950216514196,
2022-11-01 14:10:00+00:00,,,,-0.0081311307813942,
2022-11-02 18:50:00+00:00,,-0.0106288375288132,,,
2022-11-02 19:25:00+00:00,,,,-0.0115408610832663,
2022-11-03 06:30:00+00:00,,,-0.002407268236981,,
2022-11-03 11:40:00+00:00,,-0.0131875082843697,,,
2022-11-04 06:05:00+00:00,,0.0093878701973775,,,
2022-11-04 10:15:00+00:00,,,-0.0016897097802317,,
2022-11-04 13:15:00+00:00,,0.0097367594549238,,,
2022-11-04 15:30:00+00:00,,0.0106085485222571,,,
2022-11-04 16:00:00+00:00,-0.02198,-0.0159262868758011,,,
2022-11-04 16:05:00+00:00,,,-0.0242602999855776,,
2022-11-05 00:40:00+00:00,,0.0113575248124915,,,
2022-11-06 01:05:00+00:00,,-0.0069711532854073,,,
2022-11-06 22:10:00+00:00,,,,0.0421919838525934,
2022-11-07 21:35:00+00:00,,-0.0108506838479511,,,
2022-11-07 22:25:00+00:00,,,,-0.0176587096947407,
2022-11-08 03:50:00+00:00,,,,-0.0220554766742857,
2022-11-08 14:35:00+00:00,,-0.0168575996646874,,,
2022-11-08 17:10:00+00:00,0.018058078222056,,,,
2022-11-08 17:50:00+00:00,,-0.0228999375637173,,-0.0205137581229134,
2022-11-08 21:40:00+00:00,0.0179800000000001,,,,
2022-11-09 00:55:00+00:00,-0.0219800000000001,,,,
2022-11-09 09:50:00+00:00,,-0.0369775488004305,,,
2022-11-09 10:10:00+00:00,,,,-0.0612434896670985,
2022-11-09 12:55:00+00:00,-0.02198,,,,
2022-11-09 20:40:00+00:00,-0.02198,,,,
2022-11-10 03:05:00+00:00,0.0179799999999998,,,,
2022-11-10 10:35:00+00:00,-0.02198,,,,
2022-11-10 13:30:00+00:00,0.0179799999999998,0.0493578480049634,,,
2022-11-10 15:00:00+00:00,0.0179800000000001,,,,
2022-11-10 15:30:00+00:00,-0.0219800000000001,,,,
2022-11-10 17:35:00+00:00,-0.02198,,,,
2022-11-10 22:10:00+00:00,-0.02198,,,,
2022-11-11 20:35:00+00:00,-0.02198,,,,
2022-11-14 08:55:00+00:00,0.0217144645180416,,,,
2022-11-14 13:10:00+00:00,,0.0191398941305207,,,
2022-11-14 13:50:00+00:00,-0.0219800000000001,,,,
2022-11-14 19:05:00+00:00,,,,-0.0256858788054917,
2022-11-15 13:30:00+00:00,0.0179799999999998,,,,
2022-11-15 19:05:00+00:00,,,-0.0152158460526087,,
2022-11-18 07:45:00+00:00,,,-0.0115515530375871,,
2022-11-23 02:15:00+00:00,0.0179800000000001,,,,
2022-11-23 02:25:00+00:00,,0.0148371724855838,,,
2022-11-23 14:10:00+00:00,,,0.0165058866875449,,
2022-11-23 14:25:00+00:00,,,,0.0005568667761812,
2022-11-24 08:25:00+00:00,,,,-0.01006527391322,
2022-11-28 01:30:00+00:00,-0.02198,,,,
2022-11-29 14:25:00+00:00,,,-0.0046408839644643,,
2022-11-30 00:40:00+00:00,,0.007780970330101,,,
2022-11-30 06:05:00+00:00,,,,0.0163505221934021,
2022-11-30 18:10:00+00:00,,,-0.0087136722839796,,
2022-11-30 19:10:00+00:00,,0.0099274709395387,,,
2022-11-30 22:55:00+00:00,0.0179799999999998,,,,
2022-12-01 05:45:00+00:00,,,,-0.0077032737941215,
2022-12-01 13:45:00+00:00,,,,-0.0153509588035288,
2022-12-01 20:50:00+00:00,,-0.0149716508053671,,,
2022-12-05 00:35:00+00:00,,0.0036293379632159,,,
2022-12-05 04:55:00+00:00,,0.0043791893300295,,,
2022-12-05 12:05:00+00:00,,,,0.0009942394148922,
2022-12-05 14:25:00+00:00,,-0.0112053571295427,,,
2022-12-08 23:30:00+00:00,,0.0064259258174592,,,
2022-12-09 09:05:00+00:00,,,,0.0014841842468749,
2022-12-09 13:30:00+00:00,,,,-0.0110146443939695,
2022-12-09 14:20:00+00:00,,,0.007535558164367,,
2022-12-11 20:15:00+00:00,,,,-0.0076410212540138,
2022-12-13 09:55:00+00:00,,0.0034327434128496,,,
2022-12-13 15:30:00+00:00,,0.0172120896359957,,,
2022-12-13 22:30:00+00:00,,,,0.0247345363563307,
2022-12-14 13:20:00+00:00,,0.0058281955287169,,,
2022-12-14 18:10:00+00:00,0.012985,,,,
2022-12-14 19:00:00+00:00,,-0.0176485055127969,,-0.0110456446080267,
2022-12-14 20:30:00+00:00,,,0.0314894204130029,,
2022-12-19 03:00:00+00:00,,,,-0.0108944662020742,
2022-12-20 07:00:00+00:00,,0.0070858212939579,,,
2022-12-21 00:50:00+00:00,,,,-0.0043403467651357,
2022-12-23 13:30:00+00:00,,0.0050712034545752,,,
2022-12-23 20:25:00+00:00,,,,-0.0073577380423133,
2022-12-26 08:15:00+00:00,,,,-0.0043947962876559,
2022-12-26 15:50:00+00:00,,-0.0070061494551673,,,
2022-12-27 00:45:00+00:00,,-0.0074421023656133,,,
2022-12-27 06:10:00+00:00,,,,-0.005355568724739,
2022-12-31 01:55:00+00:00,,,,-0.0079204680925102,
2023-01-02 01:40:00+00:00,,,-0.0046372578288075,,
2023-01-02 14:35:00+00:00,,,,0.0001162070239559,
2023-01-02 21:55:00+00:00,,0.0020923104062542,,,
2023-01-02 23:00:00+00:00,,,,-0.0070777081404486,
2023-01-04 12:35:00+00:00,,,,-0.0008409684529212,
2023-01-04 14:25:00+00:00,,,-0.0031628489142118,,
2023-01-04 17:30:00+00:00,,0.0032116721417916,,,
2023-01-04 22:30:00+00:00,,,,-0.0075041517998044,
2023-01-06 20:40:00+00:00,,0.0042791852985271,,,
2023-01-07 02:45:00+00:00,,,,0.0019548557919244,
2023-01-07 10:30:00+00:00,,,-0.0056497491671785,,
2023-01-09 05:00:00+00:00,,0.0089643188504286,,,
2023-01-09 15:45:00+00:00,,0.0020745190518864,,,
2023-01-09 20:55:00+00:00,,,0.0020145210233528,,
2023-01-09 23:05:00+00:00,,,,0.0069338177238977,
2023-01-10 22:25:00+00:00,,,,-0.0005888087023517,
2023-01-11 01:25:00+00:00,,,,-0.0046583372621819,
2023-01-11 15:45:00+00:00,,,-0.0033882816469589,,
2023-01-11 16:25:00+00:00,,-0.0061745323631988,,,
2023-01-11 23:25:00+00:00,,0.0040936474945094,,,
2023-01-12 04:35:00+00:00,,0.0097587948497452,,,
2023-01-12 05:25:00+00:00,,,,0.03566575540992,
2023-01-12 12:30:00+00:00,0.0129849999999998,,,,
2023-01-12 21:10:00+00:00,,,,0.0217160260828261,
2023-01-13 14:55:00+00:00,0.0129849999999998,,,,
2023-01-13 15:00:00+00:00,,,,-0.0087704587323077,
2023-01-13 15:10:00+00:00,,0.0151798642872875,,,
2023-01-13 16:15:00+00:00,,,,-0.0053599305923721,
2023-01-13 21:35:00+00:00,0.0129849999999998,,,,
2023-01-13 23:20:00+00:00,,,,0.0196452249150247,
2023-01-14 04:40:00+00:00,0.0603627692619523,,,,
2023-01-14 05:10:00+00:00,,,,0.037679225352958,
2023-01-14 05:15:00+00:00,,0.0478860596754557,,,
2023-01-15 09:10:00+00:00,,,0.1715766608486808,,
2023-01-16 01:10:00+00:00,0.0129849999999998,,,,
2023-01-16 01:20:00+00:00,,,,-0.0123539423901167,
2023-01-16 03:05:00+00:00,,,,-0.0130687369889916,
2023-01-16 08:05:00+00:00,-0.0219800000000001,,,,
2023-01-16 08:30:00+00:00,,,-0.0183421620188333,,
2023-01-16 20:35:00+00:00,,,,-0.0109963025640051,
2023-01-17 01:10:00+00:00,-0.0219800000000001,,,,
2023-01-17 02:20:00+00:00,,,-0.0169381322421099,,
2023-01-17 14:25:00+00:00,,,,-0.0085852145491578,
2023-01-18 14:25:00+00:00,,,,-0.01005442526149,
2023-01-20 06:45:00+00:00,,,-0.0105182711358176,,
2023-01-21 00:10:00+00:00,,,,0.0347023495733205,
2023-01-21 00:40:00+00:00,0.0435418626528694,,,,
2023-01-21 01:40:00+00:00,,0.0552790892471053,,,
2023-01-21 09:40:00+00:00,0.012985,,,,
2023-01-21 10:25:00+00:00,,,,0.0090706187187943,
2023-01-21 10:30:00+00:00,,-0.0204942791407212,,,
2023-01-21 18:10:00+00:00,,,,-0.0119924428843977,
2023-01-22 02:45:00+00:00,,,0.0646340224678894,,
2023-01-22 20:05:00+00:00,-0.0219800000000001,,,,
2023-01-25 21:35:00+00:00,,0.0101422456910715,,,
2023-01-25 22:10:00+00:00,,,,-0.0020020039888589,
2023-01-25 22:55:00+00:00,,-0.0191059649155114,,,
2023-01-26 10:45:00+00:00,,,-0.0149778330326536,,
2023-01-27 20:00:00+00:00,0.0129849999999998,,,,
2023-01-29 20:00:00+00:00,,,,-0.0061867268217293,
2023-01-30 09:05:00+00:00,,,0.000266792187989,,
2023-02-02 00:40:00+00:00,0.0129849999999998,,,,
2023-02-02 01:30:00+00:00,,0.0192503191991211,,,
2023-02-02 02:05:00+00:00,,,,-0.0028510089244355,
2023-02-02 06:25:00+00:00,-0.02198,,,,
2023-02-02 21:55:00+00:00,,,-0.0006627203504746,,
2023-02-06 22:05:00+00:00,,-0.0130836275447235,,,
2023-02-08 15:15:00+00:00,,-0.0166145073223111,,,
2023-02-12 10:10:00+00:00,,,,-0.0043558999781093,
2023-02-12 17:50:00+00:00,,,,-0.0033728212755441,
2023-02-12 22:10:00+00:00,,,-0.009667891367959,,
2023-02-13 09:15:00+00:00,,,-0.011136581995864,,
2023-02-14 15:40:00+00:00,,-0.020940667505591,,-0.0136818130126723,
2023-02-15 12:00:00+00:00,,0.0180466812848913,,,
2023-02-15 12:10:00+00:00,0.0129849999999998,,,,0.012984999999999802
2023-02-15 14:20:00+00:00,,,,0.0095463477375445,
2023-02-15 18:45:00+00:00,0.012985,,,,0.012985000000000024
2023-02-15 19:10:00+00:00,,0.017255926227004,,,
2023-02-16 00:55:00+00:00,,,,0.0686816770287823,
2023-02-16 01:35:00+00:00,0.0591424918564245,0.0591424918564245,,,0.059142491856424506
2023-02-16 15:50:00+00:00,0.0129849999999998,,,,0.012984999999999802
2023-02-16 16:10:00+00:00,-0.0219938541088834,,,-0.0104541003480599,-0.021993854108883437
2023-02-16 20:25:00+00:00,-0.02198,,,,-0.02198
2023-02-17 22:35:00+00:00,0.0129849999999998,,,,0.012984999999999802
2023-02-19 16:35:00+00:00,,,,-0.0109528028570792,
2023-02-20 00:55:00+00:00,,,0.108981166684245,,
2023-02-20 01:10:00+00:00,,-0.038212770832482,,,
2023-02-20 09:45:00+00:00,0.012985,,,,0.012985000000000024
2023-02-20 14:20:00+00:00,,0.0183752575897244,,,
2023-02-21 15:15:00+00:00,-0.0219800000000001,,,,-0.02198000000000011
2023-02-21 16:20:00+00:00,,,-0.0083170054125344,,
2023-02-23 11:25:00+00:00,-0.0219800000000001,,,,-0.02198000000000011
2023-02-23 11:35:00+00:00,,-0.0270100514508276,-0.0181199508769066,,
2023-02-26 19:10:00+00:00,,,,-0.0039027743288182,
2023-02-26 22:20:00+00:00,,,,-0.0058628944827846,
2023-02-27 15:40:00+00:00,,,,-0.0044569939414186,
2023-02-27 16:10:00+00:00,-0.0219800000000001,-0.0168748766108679,,,-0.02198000000000011
2023-02-28 21:15:00+00:00,,,-0.0058082533258282,,
2023-03-01 09:10:00+00:00,,,,-0.0071335105223735,
2023-03-02 13:10:00+00:00,-0.0219800000000001,,,,-0.02198000000000011
2023-03-02 14:10:00+00:00,,-0.0233028769271839,,,
2023-03-02 14:15:00+00:00,,,-0.0090248779054824,,
2023-03-03 01:30:00+00:00,,,-0.0284624036318275,,
2023-03-05 02:35:00+00:00,,-0.0172034521051773,,,
2023-03-07 14:50:00+00:00,,,-0.0124007508237071,,
2023-03-11 01:10:00+00:00,0.0129849999999998,,,,0.012984999999999802
2023-03-11 07:20:00+00:00,,,-0.02318272578236,,
2023-03-11 07:35:00+00:00,-0.0219799999999998,,,,-0.02197999999999989
2023-03-12 19:30:00+00:00,,-0.0174944700949406,,,
2023-03-12 22:05:00+00:00,0.0140771176054892,,,,
2023-03-12 23:45:00+00:00,,0.0404775055210453,,,
2023-03-13 02:25:00+00:00,0.0462553395076312,,,,
2023-03-13 06:05:00+00:00,0.0079899999999999,,,,
2023-03-13 09:55:00+00:00,,,0.0778290809557038,,
2023-03-13 14:05:00+00:00,,0.0310434707831837,,,
2023-03-13 15:50:00+00:00,,,,0.0423708560554034,
2023-03-13 19:05:00+00:00,0.0768389199515606,,,,
2023-03-13 19:25:00+00:00,,0.0453046998400561,,,
2023-03-14 05:20:00+00:00,,,,-0.0137187053332685,
2023-03-14 05:25:00+00:00,-0.02198,,,,
2023-03-14 12:30:00+00:00,0.0079899999999999,,,,
2023-03-14 13:20:00+00:00,,,,0.0214149732309378,
2023-03-14 16:45:00+00:00,0.0257811105964704,,,,
2023-03-14 18:50:00+00:00,,-0.0320293475681575,,,
2023-03-14 19:25:00+00:00,,,0.053069974129803,,
2023-03-15 11:20:00+00:00,-0.02198,,,,
2023-03-17 01:25:00+00:00,0.0079900000000001,,,,
2023-03-17 05:30:00+00:00,0.0121134253746291,,,,
2023-03-17 10:00:00+00:00,0.0079899999999999,,,,
2023-03-17 10:35:00+00:00,0.0079899999999999,,,,
2023-03-17 10:45:00+00:00,,0.0356049852937407,,,
2023-03-17 12:25:00+00:00,,,,0.0045207231986512,
2023-03-17 21:35:00+00:00,0.0079900000000001,,,,
2023-03-17 21:50:00+00:00,,,,-0.0114929532351057,
2023-03-17 23:30:00+00:00,0.0079899999999999,,,,
2023-03-17 23:45:00+00:00,,,,-0.0160349395002505,
2023-03-18 16:30:00+00:00,-0.02198,-0.0242909801685975,,,
2023-03-18 16:40:00+00:00,,,0.0900567469867779,,
2023-03-19 16:30:00+00:00,0.0079900000000001,,,,
2023-03-19 20:20:00+00:00,,,,0.0066960521379941,
2023-03-19 21:05:00+00:00,0.0079899999999999,,,,
2023-03-20 01:40:00+00:00,,,0.0067617478125465,,
2023-03-20 02:05:00+00:00,,-0.0217632100364509,,,
2023-03-20 09:25:00+00:00,,,,-0.0117492546052114,
2023-03-20 11:05:00+00:00,0.0079899999999999,,,,
2023-03-20 15:55:00+00:00,,-0.021171204413473,,,
2023-03-20 16:15:00+00:00,,,-0.0244343561231964,,
2023-03-21 16:35:00+00:00,0.0079899999999999,,,,
2023-03-22 15:50:00+00:00,,,,-0.0094345238759149,
2023-03-22 18:35:00+00:00,-0.02198,,,,
2023-03-22 19:20:00+00:00,,,-0.0307325392388214,,
2023-03-23 05:30:00+00:00,0.0079899999999999,,,,
2023-03-23 13:25:00+00:00,,,-0.0144140683672358,,
2023-03-24 09:10:00+00:00,,,-0.0206130233577521,,
2023-03-24 17:20:00+00:00,-0.02198,,,,
2023-03-27 06:10:00+00:00,,,-0.0070846352447488,,
2023-03-29 10:30:00+00:00,0.0122153557771451,,,,
2023-03-30 02:25:00+00:00,,0.0248278326385988,,,
2023-03-30 03:05:00+00:00,-0.02198,,,,
2023-03-30 03:10:00+00:00,,,,-0.0133428582135696,
2023-03-30 14:40:00+00:00,,,0.0363793765408426,,
2023-04-01 02:00:00+00:00,0.0079899999999999,,,,
2023-04-01 07:35:00+00:00,,,-0.0039569379940277,,
2023-04-02 15:10:00+00:00,,-0.017709176452326,,,
2023-04-03 17:00:00+00:00,,-0.0106385154149912,-0.0177366742018861,,
2023-04-03 20:10:00+00:00,-0.02198,,,,
2023-04-04 16:10:00+00:00,,,-0.0096802360528491,,
2023-04-05 14:15:00+00:00,,,-0.0184241018204238,,
2023-04-07 06:35:00+00:00,,,-0.0080690977083781,,
2023-04-08 12:35:00+00:00,,,-0.0047741886776864,,
2023-04-09 06:50:00+00:00,,,-0.0063369966268894,,
2023-04-10 16:05:00+00:00,,,,-0.0070895766578236,
2023-04-10 21:30:00+00:00,0.0079900000000001,,,,
2023-04-10 21:55:00+00:00,,0.0214331104943705,,,
2023-04-11 02:05:00+00:00,0.0124670751449991,,,,
2023-04-11 03:00:00+00:00,,,,0.0465823621484624,
2023-04-11 03:05:00+00:00,,0.0117696793719241,,,
2023-04-11 19:15:00+00:00,,0.0139058223267025,,,
2023-04-11 19:40:00+00:00,,,,-0.0086208962799135,
2023-04-12 02:15:00+00:00,,,0.0285835837923462,,
2023-04-12 15:10:00+00:00,-0.0219800000000001,,,,
2023-04-13 15:10:00+00:00,,,,-0.0095469488340249,
2023-04-14 02:45:00+00:00,,,,-0.0014910053541637,
2023-04-14 07:55:00+00:00,,,,-0.0073451181684194,
2023-04-14 15:25:00+00:00,,-0.0215279308663864,,,
2023-04-16 12:20:00+00:00,,-0.0098544778761062,,,
2023-04-17 00:25:00+00:00,,-0.0121702663950777,,,
2023-04-18 11:15:00+00:00,,0.0104990628151127,,,
2023-04-18 18:05:00+00:00,,,-0.0109419651707242,,
2023-04-19 08:05:00+00:00,-0.02198,,,,
2023-04-19 08:10:00+00:00,,-0.0184802324246029,,,
2023-04-23 00:55:00+00:00,,,-0.0101208968576878,,
2023-04-24 01:30:00+00:00,,,,-0.0080018461248838,
2023-04-24 08:00:00+00:00,,-0.0111192273707737,,,
2023-04-24 16:55:00+00:00,,-0.0210851047182525,,,
2023-04-25 22:30:00+00:00,0.0090424901355601,,,,
2023-04-26 01:15:00+00:00,,0.0162567954295034,,,
2023-04-26 06:10:00+00:00,0.0079899999999999,,,,
2023-04-26 08:25:00+00:00,,0.0136296984936512,,,
2023-04-26 14:20:00+00:00,,,,0.0534301365632301,
2023-04-26 16:20:00+00:00,0.024699960031119,,,,
2023-04-26 17:25:00+00:00,,0.0343570025470643,,,
2023-04-26 19:25:00+00:00,,,0.040425396658611,,
2023-04-27 01:25:00+00:00,0.0079899999999999,,,,
2023-04-27 04:55:00+00:00,0.0079899999999999,,,,
2023-04-28 03:25:00+00:00,,,-0.0203369302831092,,
2023-04-28 13:40:00+00:00,-0.02198,,,,
2023-04-28 15:10:00+00:00,,-0.0070404441567099,,,
2023-04-30 15:45:00+00:00,,,,0.0056759606037362,
2023-04-30 19:15:00+00:00,-0.02198,-0.0132263583987957,,,
2023-05-03 21:20:00+00:00,0.0079899999999999,,,,
2023-05-03 22:45:00+00:00,,0.0198817827582726,,,
2023-05-04 12:15:00+00:00,,,,0.0059609741481099,
2023-05-04 13:30:00+00:00,,,-0.0053354194101423,,
2023-05-05 03:50:00+00:00,,,,-0.0098294242608453,
2023-05-05 07:40:00+00:00,,,-0.0136567399892947,,
2023-05-05 13:30:00+00:00,,-0.0054077804991423,,,
2023-05-05 16:00:00+00:00,0.0079900000000001,,,,
2023-05-06 00:35:00+00:00,0.0079899999999999,,,,
2023-05-06 01:20:00+00:00,,,,-0.0019275162389912,
2023-05-06 13:35:00+00:00,,-0.0241561750270954,,,
2023-05-10 13:15:00+00:00,,,,-0.0036443339681275,
2023-05-11 14:00:00+00:00,,-0.0259961505674862,,,
2023-05-13 14:55:00+00:00,,-0.0024678152985074,,,
2023-05-13 18:45:00+00:00,0.0079899999999999,,,,
2023-05-14 16:55:00+00:00,,,,-0.0047219589422108,
2023-05-15 06:15:00+00:00,,0.0072255808493293,,,
2023-05-15 11:45:00+00:00,,,,0.002791019316354,
2023-05-15 16:45:00+00:00,,,,-0.0085642237614224,
2023-05-15 17:05:00+00:00,,0.0060238318977312,,,
2023-05-15 17:45:00+00:00,,,,-0.0077975371081484,
2023-05-17 21:50:00+00:00,,0.0090249337054379,,,
2023-05-18 01:40:00+00:00,,,0.0067270511239474,,
2023-05-18 05:45:00+00:00,,,,-0.0081792699884988,
2023-05-18 17:35:00+00:00,-0.02198,,,,
2023-05-19 15:25:00+00:00,,0.0038855001478605,,,
2023-05-21 04:55:00+00:00,,,,-0.0042810226300408,
2023-05-21 10:45:00+00:00,,-0.013690691330995,,,
2023-05-22 13:30:00+00:00,,0.0040485841736686,,,
2023-05-23 06:35:00+00:00,,,,0.0013176048597045,
2023-05-23 06:50:00+00:00,,,-0.0034947435887585,,
2023-05-23 08:55:00+00:00,,0.0052476014083981,,,
2023-05-24 03:30:00+00:00,-0.0219800000000001,,,,
2023-05-25 13:50:00+00:00,,,-0.0082050487335996,,
2023-05-25 19:10:00+00:00,,0.0070532858742249,,,
2023-05-26 14:50:00+00:00,,,,0.0027158448267392,
2023-05-27 07:55:00+00:00,,-0.0042418384521992,,,
2023-05-28 04:45:00+00:00,,0.005223272143229,,,
2023-05-28 05:25:00+00:00,,,,0.0057968546044564,
2023-05-28 11:25:00+00:00,,,,-0.0058449949656356,
2023-05-28 17:40:00+00:00,,0.0041941567018528,,,
2023-05-28 18:30:00+00:00,,,,0.0057888368957721,
2023-05-29 00:45:00+00:00,,,,0.015581771848335,
2023-05-29 02:05:00+00:00,,0.0253609324934778,,,
2023-05-29 02:45:00+00:00,,,-0.0005925769230769,,
2023-05-31 04:45:00+00:00,-0.02198,,,,
2023-06-02 22:05:00+00:00,,0.0044740950745703,,,
2023-06-03 17:20:00+00:00,,,,-0.0057726002865218,
2023-06-04 12:05:00+00:00,,,-0.0010286220875991,,
2023-06-04 22:15:00+00:00,,0.0036444424632684,,,
2023-06-04 22:25:00+00:00,,,,-0.0040087764680977,
2023-06-04 23:25:00+00:00,,-0.0098467759821714,,,
2023-06-06 12:10:00+00:00,,-0.0211489324194688,,,
2023-06-06 21:20:00+00:00,0.0308713096715351,,,,
2023-06-06 21:30:00+00:00,,0.029982219070135,,,
2023-06-06 23:25:00+00:00,0.0079899999999999,,,,
2023-06-07 01:25:00+00:00,,,0.0193973199414658,,
2023-06-07 02:00:00+00:00,,,,-0.0080953557416096,
2023-06-10 18:20:00+00:00,-0.0219800000000001,-0.0125724013743513,,,-0.02198000000000011
2023-06-11 00:40:00+00:00,,,,-0.0013189311539916,
2023-06-11 22:40:00+00:00,,,,-0.0021050305973719,
2023-06-13 12:55:00+00:00,,,,-0.0012747355495191,
2023-06-14 05:35:00+00:00,,,,-0.0071652739975197,
2023-06-14 18:05:00+00:00,,,,-0.0092711655017325,
2023-06-15 21:15:00+00:00,0.0129849999999998,,,,0.012984999999999802
2023-06-16 00:15:00+00:00,,,0.0028338024943574,,
2023-06-16 03:25:00+00:00,,,,0.0150077541753945,
2023-06-16 12:25:00+00:00,,0.003354630588378,,,
2023-06-16 17:05:00+00:00,0.0129849999999998,,,,0.012984999999999802
2023-06-16 21:10:00+00:00,,0.0121441292134074,,,
2023-06-16 21:45:00+00:00,,,0.0008480274019937,,
2023-06-17 01:05:00+00:00,,,,0.0243347391959554,
2023-06-17 05:40:00+00:00,0.0129849999999998,0.0085784596588496,,,0.012984999999999802
2023-06-17 10:10:00+00:00,,,,0.0005484855735948,
2023-06-17 12:00:00+00:00,,-0.012969821661205,,,
2023-06-18 11:15:00+00:00,,,,-0.0063482981266392,
2023-06-18 20:20:00+00:00,,,,-0.0088225495626529,
2023-06-19 16:30:00+00:00,,,,-0.0064813997359179,
2023-06-19 18:55:00+00:00,,-0.0108537126812926,,,
2023-06-20 00:55:00+00:00,,0.0059681244455627,,,
2023-06-20 01:10:00+00:00,0.0129849999999998,,,,0.012984999999999802
2023-06-20 05:30:00+00:00,,,,0.0104676305429074,
2023-06-20 05:55:00+00:00,,-0.0103322903826155,,,
2023-06-20 17:45:00+00:00,0.012985,,,,0.012985000000000024
2023-06-20 21:40:00+00:00,0.012985,,,,0.012985000000000024
2023-06-20 21:50:00+00:00,,0.0338632993897507,,,
2023-06-21 01:00:00+00:00,,0.0097429995761582,,,
2023-06-21 08:40:00+00:00,,,0.0559805077092512,,
2023-06-21 10:30:00+00:00,0.0129849999999998,0.0105367552641622,,,0.012984999999999802
2023-06-21 17:10:00+00:00,0.0276784083500867,,,,0.027678408350086725
2023-06-21 19:05:00+00:00,,0.0179388248657956,,,
2023-06-21 19:25:00+00:00,,,0.0051414808863468,,
2023-06-21 21:00:00+00:00,,,,0.1011903443194262,
2023-06-22 12:35:00+00:00,,-0.0052713015669505,,,
2023-06-22 14:40:00+00:00,-0.0219800000000001,,,,-0.02198000000000011
2023-06-23 16:25:00+00:00,0.024711331131578,,,,0.024711331131578085
2023-06-23 18:50:00+00:00,,,-0.0016853085381629,,
2023-06-23 21:30:00+00:00,,,,0.0198529499742368,
2023-06-24 08:45:00+00:00,,-0.0064528179953531,,,
2023-06-24 15:30:00+00:00,,,,-0.0133676556210877,
2023-06-25 06:15:00+00:00,,,-0.0072559119124321,,
2023-06-25 09:20:00+00:00,,-0.0138411801406396,,-0.0048411790378096,
2023-06-26 01:10:00+00:00,-0.02198,,,,-0.02198
2023-06-26 07:35:00+00:00,,-0.0107471015945697,,,
2023-06-26 09:25:00+00:00,,,-0.0100200802516323,,
2023-06-26 10:05:00+00:00,,,,-0.0155460505552783,
2023-06-26 14:40:00+00:00,,-0.0112282909331828,,,
2023-06-26 16:45:00+00:00,,,,-0.0178932870003498,
2023-06-27 14:05:00+00:00,0.012985,,,,0.012985000000000024
2023-06-27 20:25:00+00:00,,,,0.0014951302392183,
2023-06-28 02:50:00+00:00,-0.02198,-0.0115142783262911,,,-0.02198
2023-06-29 14:05:00+00:00,,,-0.0057002302577668,,
2023-06-29 20:20:00+00:00,,-0.0120280357490781,,0.0038499701706762,
2023-06-30 04:35:00+00:00,0.0129849999999998,,,,0.012984999999999802
2023-06-30 05:55:00+00:00,,,-0.0063520603477544,,
2023-06-30 10:25:00+00:00,,,,0.0018487712228465,
2023-06-30 13:35:00+00:00,-0.02198,-0.0117019995286801,,,-0.02198
2023-07-01 11:15:00+00:00,,-0.0026544111285883,,,
2023-07-01 22:35:00+00:00,,,,-0.0010573769403786,
2023-07-02 15:20:00+00:00,,,,-0.0078743800556847,
2023-07-02 22:25:00+00:00,,0.0043329943083552,,,
2023-07-02 22:40:00+00:00,,,,-0.0071124346076518,
2023-07-02 22:45:00+00:00,,-0.0082422589276425,,,
2023-07-03 12:05:00+00:00,,,,-0.0086629317810245,
2023-07-03 15:00:00+00:00,0.0129849999999998,,,,0.012984999999999802
2023-07-03 19:05:00+00:00,,0.0063601176817356,,,
2023-07-03 21:25:00+00:00,,-0.0096391596887593,,,
2023-07-04 00:55:00+00:00,,,,0.0076609321029741,
2023-07-05 10:55:00+00:00,-0.02198,,,,-0.02198
2023-07-06 01:20:00+00:00,,-0.0088844347056459,,,
2023-07-06 11:45:00+00:00,,0.0086478622130767,,,
2023-07-06 11:50:00+00:00,,,,0.0066465799121628,
2023-07-06 11:55:00+00:00,,,0.0047069632813414,,
2023-07-06 12:30:00+00:00,-0.02198,,,,-0.02198
2023-07-07 00:00:00+00:00,-0.02198,,,,-0.02198
2023-07-08 01:05:00+00:00,,,,-0.0033510018614839,
2023-07-08 19:15:00+00:00,,,,-0.0064246151895855,
2023-07-09 02:45:00+00:00,,,-0.0057928402608711,,
2023-07-09 05:25:00+00:00,,,,-0.0037391197758041,
2023-07-10 20:40:00+00:00,,,,0.0104697376640234,
2023-07-10 21:55:00+00:00,,,-0.0004145708718172,,
2023-07-11 06:50:00+00:00,,0.003455573585356,,,
2023-07-12 08:45:00+00:00,,-0.0039648433497191,,,
2023-07-13 12:35:00+00:00,,,-0.0056538812439096,,
2023-07-13 15:25:00+00:00,,0.0052712963464627,,,
2023-07-13 16:00:00+00:00,,,,-0.0072478487494018,
2023-07-13 18:05:00+00:00,0.0129849999999998,,,,
2023-07-13 18:30:00+00:00,,,,-0.0015521708581737,
2023-07-13 19:25:00+00:00,0.012985,,,,
2023-07-13 20:30:00+00:00,,,,-0.0020476832003597,
2023-07-13 21:05:00+00:00,-0.02198,,,,
2023-07-13 21:10:00+00:00,,,-0.0206023974691383,,
2023-07-13 21:15:00+00:00,,0.0057440812823201,,,
2023-07-16 16:25:00+00:00,,,-0.0039685081802977,,
2023-07-17 17:15:00+00:00,,-0.0102029822629191,,,
2023-07-18 11:55:00+00:00,,-0.0143283770997978,,,
2023-07-18 16:45:00+00:00,-0.02198,,,,
2023-07-19 06:25:00+00:00,,,-0.0007150147299913,,
2023-07-20 12:30:00+00:00,,,,-0.0002427114718124,
2023-07-20 14:35:00+00:00,,-0.0139518314302997,,,
2023-07-23 07:25:00+00:00,,,-0.0043330255337907,,
2023-07-23 17:15:00+00:00,,0.0025837954904837,,,
2023-07-23 19:20:00+00:00,,,,0.0021961608957576,
2023-07-23 20:00:00+00:00,,,-0.0065270430706338,,
2023-07-24 01:35:00+00:00,,-0.0091752650905442,,,
2023-07-26 18:15:00+00:00,,,,-0.0057426415829278,
2023-07-26 19:05:00+00:00,,,,-0.0059522590218608,
2023-07-26 21:25:00+00:00,,,,-0.0009319052250367,
2023-07-26 23:45:00+00:00,,-0.011546204444031,,,
2023-07-28 16:10:00+00:00,,,-0.0062781816917106,,
2023-07-29 07:55:00+00:00,,-0.0067747737006704,,,
2023-07-30 19:50:00+00:00,,-0.0070056723749328,,,
2023-07-30 20:00:00+00:00,-0.02198,,,,
2023-07-31 00:50:00+00:00,,,,-0.0030058025000904,
2023-07-31 04:00:00+00:00,,0.0025710200665869,,,
2023-08-01 23:05:00+00:00,,0.0044582330649443,,,
2023-08-02 00:45:00+00:00,0.0142450178481203,,,,
2023-08-02 01:55:00+00:00,,,,0.0088013352834319,
2023-08-02 03:30:00+00:00,,,0.0165508463050783,,
2023-08-02 03:35:00+00:00,,0.005327273886305,,,
2023-08-05 18:15:00+00:00,,-0.0043379246448425,,,
2023-08-06 21:35:00+00:00,,,,-0.0021053609946743,
2023-08-06 21:50:00+00:00,,-0.0066343038342224,,,
2023-08-07 05:25:00+00:00,,,,-0.0040932769454842,
2023-08-07 06:35:00+00:00,,-0.0065062940182243,,,
2023-08-07 21:50:00+00:00,,,,-0.003840093700883,
2023-08-07 23:40:00+00:00,,0.0025821350859955,,,
2023-08-08 07:25:00+00:00,,,,-0.0044585304715346,
2023-08-08 13:00:00+00:00,0.012985,,,,
2023-08-08 13:05:00+00:00,,,,0.0060435915807262,
2023-08-08 17:45:00+00:00,,0.0050436474827602,,,
2023-08-08 18:45:00+00:00,,,,0.0028516571372363,
2023-08-08 19:40:00+00:00,0.0098147926613825,,,,
2023-08-08 21:15:00+00:00,,0.005492864323356,,,
2023-08-08 21:20:00+00:00,0.0079900000000001,,,,
2023-08-08 21:25:00+00:00,,,,-0.0001460814691204,
2023-08-09 16:45:00+00:00,-0.02198,,,,
2023-08-13 19:45:00+00:00,,-0.0001192550936184,,,
2023-08-13 20:05:00+00:00,,-0.0030865134934511,,,
2023-08-13 21:40:00+00:00,,,-0.0048858183555751,,
2023-08-14 04:45:00+00:00,,0.0008759717461666,,,
2023-08-14 08:55:00+00:00,,,,-0.0038688880857634,
2023-08-14 12:20:00+00:00,,-0.0038408553326825,,,
2023-08-14 15:00:00+00:00,,,,-0.0018113980999436,
2023-08-14 16:45:00+00:00,,0.004454779792087,,,
2023-08-14 17:05:00+00:00,,,,-0.0010482324976206,
2023-08-14 17:15:00+00:00,,-0.0044518774776042,,,
2023-08-16 16:10:00+00:00,-0.02198,,,,
2023-08-16 20:25:00+00:00,,-0.0053260402088763,,,
2023-08-17 00:35:00+00:00,-0.02198,,,,
2023-08-17 15:35:00+00:00,-0.02198,,,,
2023-08-17 21:40:00+00:00,-0.02198,,,,
2023-08-18 04:25:00+00:00,-0.02198,,,,
2023-08-18 14:50:00+00:00,-0.0219800000000001,-0.026048342799089,,,
2023-08-20 21:35:00+00:00,,,,-0.0071577488334264,
2023-08-21 21:30:00+00:00,,0.005053872032982,,,
2023-08-22 17:40:00+00:00,-0.02198,,,,
2023-08-23 06:45:00+00:00,,0.0070897272971883,,,
2023-08-23 16:15:00+00:00,,0.0076902525046012,,,
2023-08-23 19:25:00+00:00,0.0176791768659312,,,,
2023-08-23 19:40:00+00:00,0.0079899999999999,0.0077266235690025,,,
2023-08-23 20:00:00+00:00,,,,0.0108508080997165,
2023-08-23 21:55:00+00:00,,,-0.01393066508386,,
2023-08-24 14:30:00+00:00,-0.02198,,,,
2023-08-27 15:55:00+00:00,,,,-0.0041372876178444,
2023-08-28 12:35:00+00:00,,,,-0.0047657996556053,
2023-08-28 14:35:00+00:00,,0.0019070698417829,,,
2023-08-28 19:25:00+00:00,,,-0.0109369078277843,,
2023-08-29 03:20:00+00:00,,-0.0052456421261184,,,
2023-08-29 14:50:00+00:00,,,,0.0402453798451205,
2023-08-29 16:45:00+00:00,,0.0635453957711411,,,
2023-08-29 17:50:00+00:00,,,,0.0023898485188229,
2023-08-29 19:25:00+00:00,0.064447305453704,,,,
2023-08-29 20:50:00+00:00,,-0.0106288619905894,0.0034414174407106,,
2023-08-30 13:35:00+00:00,-0.02198,,,,
2023-08-31 11:40:00+00:00,0.0079899999999999,,,,
2023-08-31 15:40:00+00:00,-0.02198,,,,
2023-09-01 17:25:00+00:00,-0.0219800000000001,,,,
2023-09-02 20:40:00+00:00,,-0.0014232298160696,,,
2023-09-03 12:35:00+00:00,0.0079899999999999,,,,
2023-09-03 21:20:00+00:00,,,,-0.0059505723420335,
2023-09-04 03:30:00+00:00,,-0.0052633291195232,,,
2023-09-06 17:05:00+00:00,-0.02198,,,,
2023-09-06 18:10:00+00:00,,,,-0.0065343153583794,
2023-09-06 18:25:00+00:00,,-0.0100982354988399,,,
2023-09-07 21:00:00+00:00,,0.0052931443241148,,,
2023-09-07 21:10:00+00:00,,,,0.0025584707508432,
2023-09-07 21:25:00+00:00,,,,-0.0068479052932434,
2023-09-07 23:30:00+00:00,,-0.0069126971661068,,,
2023-09-08 01:05:00+00:00,,,,-0.0076446981905606,
2023-09-08 10:15:00+00:00,,,-0.0048139841964677,,
2023-09-10 13:25:00+00:00,,,-0.0074381974821954,,
2023-09-10 20:35:00+00:00,,-0.0045785083133795,,,
2023-09-10 22:30:00+00:00,,0.0024832873859745,,,
2023-09-10 22:50:00+00:00,,,,-0.0053820406862414,
2023-09-11 07:10:00+00:00,,-0.005170845565093,,,
2023-09-11 12:00:00+00:00,,,-0.0124759049928534,,
2023-09-12 07:45:00+00:00,,0.0079460620160567,,,
2023-09-12 10:20:00+00:00,0.0129849999999998,,,,
2023-09-12 10:35:00+00:00,,-0.009482352666481,,-0.0009492368422558,
2023-09-12 14:25:00+00:00,,,,-0.0095736268973165,
2023-09-12 16:30:00+00:00,,0.0106054718856021,,,
2023-09-12 16:45:00+00:00,,,,-0.0099375410925012,
2023-09-12 23:50:00+00:00,,,-0.0001190733633215,,
2023-09-14 12:25:00+00:00,,,,-0.008253144486638,
2023-09-14 21:45:00+00:00,,,,-0.0038361552416604,
2023-09-15 12:40:00+00:00,,,0.008990001181748,,
2023-09-15 23:15:00+00:00,,,,-0.007564333071347,
2023-09-16 04:25:00+00:00,,-0.0074697575551884,,,
2023-09-16 06:50:00+00:00,,,-0.0015235558209316,,
2023-09-18 02:35:00+00:00,,,,-0.0052794075291995,
2023-09-18 04:40:00+00:00,,-0.0051463062145211,,,
2023-09-18 13:15:00+00:00,,0.0147012827126693,,,
2023-09-18 13:40:00+00:00,,,,0.0165902585476982,
2023-09-18 13:50:00+00:00,,-0.0060406238082361,,,
2023-09-18 17:20:00+00:00,-0.01199,,,,
2023-09-18 18:25:00+00:00,,,0.0050673564525214,,
2023-09-19 09:45:00+00:00,,,,-0.0073430261899493,
2023-09-19 10:25:00+00:00,-0.01199,,,,
2023-09-19 13:55:00+00:00,,-0.007538438467272,,,
2023-09-19 15:45:00+00:00,,,,-0.008628850544433,
2023-09-19 16:50:00+00:00,,-0.0086483455769187,,-0.0089503093373518,
2023-09-21 00:55:00+00:00,,-0.0088744033354738,,,
2023-09-21 09:35:00+00:00,,,-0.002631283499523,,
2023-09-24 18:15:00+00:00,,,,-0.001296015838486,
2023-09-24 18:20:00+00:00,,-0.0040949786000828,,,
2023-09-24 23:55:00+00:00,,,-0.0183143917934606,,
2023-09-25 17:20:00+00:00,,-0.0058594819505739,,,
2023-09-27 12:40:00+00:00,,,,0.0080001245367198,
2023-09-27 13:30:00+00:00,,0.0100672374173469,,,
2023-09-27 14:15:00+00:00,-0.01199,,,,
2023-09-27 15:55:00+00:00,,,-0.0015456605429421,,
2023-09-28 01:00:00+00:00,,-0.0064098546160268,,,
2023-09-28 16:50:00+00:00,,0.0103545913835139,,,
2023-09-28 16:55:00+00:00,,,,0.0061290706662151,
2023-09-28 18:45:00+00:00,,-0.0073832691105847,,,
2023-09-29 14:05:00+00:00,-0.0119899999999999,,,,
2023-10-01 10:40:00+00:00,,,,-0.0016084739156113,
2023-10-01 22:35:00+00:00,,,,0.0207745472934419,
2023-10-02 03:40:00+00:00,,0.0085577049380456,,,
2023-10-02 05:40:00+00:00,,,,-0.0048060096116288,
2023-10-02 07:30:00+00:00,0.012985,,,,
2023-10-02 09:15:00+00:00,,,,0.0002006891860286,
2023-10-02 14:05:00+00:00,,,,-0.0079019265909843,
2023-10-02 15:45:00+00:00,,-0.0090753490385481,,,
2023-10-02 22:10:00+00:00,,,0.0368479706356263,,
2023-10-05 02:25:00+00:00,,,,-0.0077897481045533,
2023-10-05 15:00:00+00:00,,-0.0078097949533335,,-0.0016180116300968,
2023-10-05 17:05:00+00:00,,,-0.0037226357483112,,
2023-10-06 17:35:00+00:00,,0.0096950756472276,,,
2023-10-06 23:00:00+00:00,,,,-0.0079364359582205,
2023-10-10 01:05:00+00:00,,-0.0069575621261603,,,
2023-10-10 13:10:00+00:00,,,-0.0098786544503736,,
2023-10-11 02:30:00+00:00,-0.0219800000000001,,,,
2023-10-11 15:55:00+00:00,,,-0.0176128623044191,,
2023-10-13 22:50:00+00:00,,-0.0062640037879054,,,
2023-10-15 21:10:00+00:00,,-0.0049222510339436,,,
2023-10-15 22:45:00+00:00,,-0.004784749191224,,,
2023-10-15 22:50:00+00:00,,,,-0.0043211729904937,
2023-10-16 05:15:00+00:00,0.0179800000000001,0.002637574467275,,,
2023-10-16 09:05:00+00:00,,,,0.000524986752824,
2023-10-16 13:05:00+00:00,,0.006109615178556,,,
2023-10-16 13:25:00+00:00,0.0179800000000001,,,,
2023-10-16 13:40:00+00:00,,,,0.0283088254194929,
2023-10-16 13:45:00+00:00,,-0.0391517060891841,,,
2023-10-16 13:50:00+00:00,-0.051968171049074,,,,
2023-10-18 04:55:00+00:00,0.0179800000000001,,,,
2023-10-18 14:30:00+00:00,-0.0219800000000001,,,,
2023-10-19 15:20:00+00:00,,-0.0081855349709825,,,
2023-10-19 16:35:00+00:00,,-0.0081990879526241,,,
2023-10-20 04:50:00+00:00,,0.0086516641308176,,,
2023-10-20 05:30:00+00:00,,-0.0086231152627868,,,
2023-10-20 07:45:00+00:00,0.0179800000000001,,,,
2023-10-20 10:30:00+00:00,,0.0093230223436326,,,
2023-10-20 12:20:00+00:00,,,,0.0271285190225123,
2023-10-21 18:00:00+00:00,0.0179799999999998,,,,
2023-10-23 03:15:00+00:00,,,,-0.0056850378555607,
2023-10-23 03:45:00+00:00,,0.0066144517531212,,,
2023-10-23 05:45:00+00:00,0.0179799999999998,,,,
2023-10-23 06:10:00+00:00,,0.0075108038111275,,,
2023-10-23 07:50:00+00:00,,,,-0.0011447841084344,
2023-10-23 17:05:00+00:00,,0.009516736801221,,,
2023-10-23 17:25:00+00:00,,-0.0092751178483678,,,
2023-10-23 18:45:00+00:00,,,,-0.0075784975783615,
2023-10-23 21:05:00+00:00,0.0210600554764808,,,,
2023-10-23 22:25:00+00:00,0.0179800000000001,0.0115973856171502,,,
2023-10-23 22:55:00+00:00,,,,0.0554418441474653,
2023-10-24 00:45:00+00:00,0.0404467984351841,0.0404467984351841,,,
2023-10-24 02:55:00+00:00,,0.0265938767831996,,,
2023-10-24 04:00:00+00:00,,,,-0.0272555673868358,
2023-10-24 04:15:00+00:00,0.0179799999999998,,,,
2023-10-24 05:55:00+00:00,,-0.0192734873433123,,,
2023-10-24 15:30:00+00:00,-0.0219800000000001,,,,
2023-10-25 14:30:00+00:00,0.0179799999999998,,,,
2023-10-26 11:45:00+00:00,-0.0219800000000001,,0.2648090982148838,,
2023-10-27 17:55:00+00:00,,,-0.0196402287102261,,
2023-10-28 11:20:00+00:00,0.0179800000000001,,,,
2023-10-28 12:15:00+00:00,,,,-0.0089215921489759,
2023-10-29 17:05:00+00:00,,,,-0.0064793963920446,
2023-10-29 19:25:00+00:00,,-0.0063658509846812,,,
2023-10-29 20:40:00+00:00,,,,-0.0042778026980305,
2023-10-30 13:05:00+00:00,,,,-0.0103967515988864,
2023-10-30 16:40:00+00:00,,-0.0067285731355065,,,
2023-10-31 05:20:00+00:00,,,0.0069132885364371,,
2023-10-31 13:35:00+00:00,,-0.0076719124491825,,,
2023-11-01 13:35:00+00:00,,-0.0077300496671586,,-0.0141629156162353,
2023-11-01 22:40:00+00:00,0.0179799999999998,,,,
2023-11-01 23:05:00+00:00,,0.0083809816842737,,,
2023-11-02 03:30:00+00:00,,-0.0096966845755745,,,
2023-11-02 04:05:00+00:00,,,,0.0024842882917284,
2023-11-02 13:40:00+00:00,-0.0219799999999998,,,,
2023-11-02 15:20:00+00:00,,,0.0093626122754164,,
2023-11-03 10:15:00+00:00,-0.02198,,,,
2023-11-05 00:10:00+00:00,,-0.0075756341620182,,,
2023-11-05 00:15:00+00:00,,,,-0.0041391850741471,
2023-11-05 03:55:00+00:00,0.0179800000000001,,,,
2023-11-05 06:25:00+00:00,,,,-0.0068427840560226,
2023-11-05 18:15:00+00:00,,-0.0068266369984039,,,
2023-11-06 00:15:00+00:00,,,,-0.0133162085054752,
2023-11-06 05:15:00+00:00,,-0.0077640711639852,,,
2023-11-06 11:10:00+00:00,,-0.0078363251033938,,,
2023-11-08 15:20:00+00:00,-0.0219800000000001,,,,
2023-11-08 21:00:00+00:00,,0.0151661126327224,,,
2023-11-09 02:20:00+00:00,,0.0148606381464089,,,
2023-11-09 04:25:00+00:00,0.0192679907751682,,,,
2023-11-09 10:20:00+00:00,,0.0169507013179037,,,
2023-11-09 15:55:00+00:00,,,,0.0307755501999591,
2023-11-09 16:10:00+00:00,,-0.0230964499246223,,,
2023-11-09 16:35:00+00:00,-0.0219800000000001,,,,
2023-11-09 20:35:00+00:00,,,0.0260158088996296,,
2023-11-10 13:05:00+00:00,0.019402592065177,,,,
2023-11-11 22:40:00+00:00,,,0.0031467654469605,,
2023-11-13 05:25:00+00:00,,,-0.0087735311301454,,
2023-11-13 14:45:00+00:00,-0.02198,,,,
2023-11-14 11:45:00+00:00,,,-0.0124935452018624,,
2023-11-14 15:30:00+00:00,-0.0219799999999998,,,,
2023-11-15 15:45:00+00:00,0.0179799999999998,,,,
2023-11-15 18:10:00+00:00,,0.0193742229437678,,,
2023-11-15 22:40:00+00:00,0.0179799999999998,,,,
2023-11-15 23:55:00+00:00,,0.0216077184874574,,,
2023-11-16 01:50:00+00:00,,,,-0.0150342066309049,
2023-11-16 13:45:00+00:00,,,0.0257409288641907,,
2023-11-17 16:40:00+00:00,,,-0.0176388846363354,,
2023-11-17 17:00:00+00:00,0.0179799999999998,,,,
2023-11-19 14:20:00+00:00,,,-0.0024008070267973,,
2023-11-19 23:00:00+00:00,0.0179800000000001,,,,
2023-11-20 00:40:00+00:00,,0.0086054546260077,,,
2023-11-20 14:10:00+00:00,,-0.0140436282158654,,,
2023-11-21 12:05:00+00:00,,,0.0148044151333948,,
2023-11-21 14:30:00+00:00,,-0.0194385219703506,,,
2023-11-21 14:45:00+00:00,-0.02198,,,,
2023-11-21 22:55:00+00:00,-0.0219800000000001,,,,
2023-11-22 21:10:00+00:00,0.0179799999999998,,,,
2023-11-23 15:30:00+00:00,-0.02198,,,,
2023-11-23 15:50:00+00:00,,,0.0080174537082409,,
2023-11-24 15:25:00+00:00,,0.0204891481719073,,,
2023-11-24 16:50:00+00:00,,,,-0.0046523324785787,
2023-11-24 16:55:00+00:00,,-0.0208446232703738,,,
2023-11-25 12:20:00+00:00,,,0.0079840657431839,,
2023-11-26 12:15:00+00:00,,,-0.005472214992967,,
2023-11-26 16:40:00+00:00,-0.0219799999999998,,,,
2023-11-27 02:45:00+00:00,,-0.0113529232690456,,,
2023-11-27 03:45:00+00:00,,,-0.0137344647955653,,
2023-11-27 13:15:00+00:00,-0.02198,,,,
2023-11-29 08:45:00+00:00,,0.0135578968697371,,,
2023-11-29 10:25:00+00:00,,,,-0.0090743221420811,
2023-11-29 16:30:00+00:00,,,0.0097752473619157,,
2023-11-30 09:40:00+00:00,,,-0.0108144949970699,,
2023-12-01 09:15:00+00:00,0.0179800000000001,,,,
2023-12-01 12:40:00+00:00,,,,-0.0030448217733143,
2023-12-01 16:25:00+00:00,,0.012577643188089,,,
2023-12-01 23:30:00+00:00,,,,-0.0062225611872088,
2023-12-02 21:10:00+00:00,0.0198247308731516,,,,
2023-12-03 02:25:00+00:00,,,,0.0085542207847015,
2023-12-03 17:45:00+00:00,,,,-0.0084331304133933,
2023-12-03 22:20:00+00:00,,0.0121364439565681,,,
2023-12-04 01:15:00+00:00,0.0179799999999998,,,,
2023-12-04 07:10:00+00:00,0.0183852460832105,,,,
2023-12-04 08:10:00+00:00,,0.0309534915286378,,,
2023-12-04 11:10:00+00:00,,,,0.0414048624123604,
2023-12-04 15:30:00+00:00,-0.02198,,,,
2023-12-04 22:10:00+00:00,,0.0163171921103708,,,
2023-12-04 22:45:00+00:00,,,,-0.0090356907210843,
2023-12-05 07:20:00+00:00,,-0.0231187789760695,,,
2023-12-05 16:40:00+00:00,0.0179800000000001,,,,
2023-12-05 19:30:00+00:00,0.0268968179480766,,,,
2023-12-05 22:05:00+00:00,,0.0252899316044297,,,
2023-12-06 02:35:00+00:00,,,,0.0251017182790853,
2023-12-08 21:25:00+00:00,,0.015104029142462,,,
2023-12-08 21:50:00+00:00,0.0217783446547354,,,,0.021778344654735493
2023-12-09 08:40:00+00:00,,-0.0191652076525979,,0.0038516989460022,
2023-12-09 08:45:00+00:00,,,-0.0014040559728367,,
2023-12-09 23:30:00+00:00,-0.02198,,,,-0.02198
2023-12-11 01:05:00+00:00,,,,-0.0129570570968124,
2023-12-11 02:00:00+00:00,-0.0219800000000001,,,,-0.02198000000000011
2023-12-11 17:50:00+00:00,-0.02198,,,,-0.02198
2023-12-12 00:20:00+00:00,0.0179799999999998,,,,0.017979999999999885
2023-12-12 16:10:00+00:00,,,,-0.0212447252994217,
2023-12-12 17:30:00+00:00,-0.0219800000000001,,,,-0.02198000000000011
2023-12-13 16:05:00+00:00,0.0179800000000001,,,,0.017980000000000107
2023-12-13 19:35:00+00:00,,0.0272220449553293,,,
2023-12-13 21:50:00+00:00,0.0179800000000001,,,,0.017980000000000107
2023-12-14 13:25:00+00:00,-0.02198,,,,-0.02198
2023-12-14 13:30:00+00:00,,-0.0280454056477938,,0.0230187669653454,
2023-12-14 14:25:00+00:00,,,0.0132162720763722,,
2023-12-15 15:30:00+00:00,-0.0219800000000001,,,,-0.02198000000000011
2023-12-17 01:50:00+00:00,,,,-0.0115491003885964,
2023-12-17 23:35:00+00:00,,,,-0.0214824265362058,
2023-12-18 00:10:00+00:00,-0.02198,,,,-0.02198
2023-12-18 20:40:00+00:00,0.0179799999999998,,,,0.017979999999999885
2023-12-18 22:10:00+00:00,0.0179800000000001,,,,0.017980000000000107
2023-12-19 10:45:00+00:00,,0.0184848585402719,,,
2023-12-19 14:15:00+00:00,,,0.0020477728980512,,
2023-12-19 14:55:00+00:00,,,,0.0190084178131788,
2023-12-19 18:00:00+00:00,-0.02198,,,,-0.02198
2023-12-20 06:20:00+00:00,0.0179800000000001,,,,0.017980000000000107
2023-12-20 15:00:00+00:00,0.0185584938056186,,,,0.018558493805618692
2023-12-20 22:10:00+00:00,,,-0.0119167225702225,,
2023-12-22 07:55:00+00:00,,,,0.0194237412103941,
2023-12-23 02:05:00+00:00,,-0.0059189055194676,,,
2023-12-23 04:10:00+00:00,,,,-0.0170767618255791,
2023-12-24 05:50:00+00:00,,,,-0.0082338933207138,
2023-12-24 22:10:00+00:00,-0.02198,,,,-0.02198
2023-12-26 05:35:00+00:00,,,,-0.0197440936051408,
2023-12-26 09:45:00+00:00,-0.02198,,,,-0.02198
2023-12-26 17:35:00+00:00,-0.02198,,,,-0.02198
2023-12-27 10:25:00+00:00,0.0179800000000001,,,,0.017980000000000107
2023-12-28 06:00:00+00:00,,,-0.0014449743043659,,
2023-12-28 07:15:00+00:00,,,,0.005812337089825,
2023-12-28 16:00:00+00:00,,-0.0204486107792253,,,
2023-12-29 01:00:00+00:00,-0.02198,,,,-0.02198
2023-12-29 15:55:00+00:00,,,,-0.0172708211104684,
2023-12-29 22:20:00+00:00,-0.0219800000000001,,,,-0.02198000000000011
2023-12-31 02:50:00+00:00,,,-0.0127297908422837,,
2023-12-31 23:25:00+00:00,,,,-0.0081331505371702,
2024-01-01 15:40:00+00:00,0.0179799999999998,,,,0.017979999999999885
2024-01-02 01:15:00+00:00,0.0405354864480163,,,,0.0405354864480163
2024-01-02 05:05:00+00:00,,0.0384469687327062,,,
2024-01-02 16:20:00+00:00,,,0.0401776565011595,,
2024-01-02 21:10:00+00:00,,,,0.0424926242047267,
2024-01-03 11:25:00+00:00,,,,-0.0230048687681351,
2024-01-03 11:50:00+00:00,-0.02198,,,,-0.02198
2024-01-04 14:45:00+00:00,0.0179799999999998,,,,0.017979999999999885
2024-01-04 20:35:00+00:00,0.0179799999999998,,,,0.017979999999999885
2024-01-05 01:45:00+00:00,-0.02198,,,,-0.02198
2024-01-05 02:10:00+00:00,,,-0.0126274617432934,,
2024-01-07 05:35:00+00:00,,,,-0.0066490155088344,
2024-01-07 15:45:00+00:00,,,,-0.0088945211778836,
2024-01-07 15:55:00+00:00,,,-0.010422233986522,,-0.01042223398652209
2024-01-08 12:00:00+00:00,0.012985,,,,
2024-01-08 17:55:00+00:00,0.012985,,,,
2024-01-08 18:00:00+00:00,,0.0141520386044344,,,
2024-01-08 21:05:00+00:00,0.0146357271845125,,,,
2024-01-08 22:05:00+00:00,,0.0184178783870223,,,
2024-01-09 00:35:00+00:00,,,,0.0431431557699182,
2024-01-09 01:35:00+00:00,,,0.0326650370683347,,0.03266503706833479
2024-01-09 12:55:00+00:00,-0.0169849999999999,,,,
2024-01-09 21:20:00+00:00,-0.0310276435507182,,,-0.0179183543142376,
2024-01-10 20:10:00+00:00,-0.0169849999999999,,,,
2024-01-10 23:40:00+00:00,-0.0190114464592274,,,,
2024-01-11 02:20:00+00:00,,,,-0.0039041925598936,
2024-01-11 06:05:00+00:00,-0.016985,,,,
2024-01-11 15:10:00+00:00,0.0129849999999998,,,,
2024-01-11 15:40:00+00:00,-0.0169849999999999,-0.0423262264504418,,-0.0187720066514028,
2024-01-11 16:10:00+00:00,,,-0.0159066376953211,,-0.01590663769532119
2024-01-12 00:30:00+00:00,-0.0169849999999999,,,,
2024-01-15 21:30:00+00:00,,,,-0.006958822013821,
2024-01-15 22:00:00+00:00,,,-0.0166559328289351,,-0.016655932828935183
2024-01-15 22:05:00+00:00,-0.016985,,,,
2024-01-16 16:00:00+00:00,,0.0158732600619364,,,
2024-01-17 00:15:00+00:00,,,,-0.0091349530407878,
2024-01-17 12:35:00+00:00,-0.016985,,,,
2024-01-18 10:40:00+00:00,,,,-0.0090698859679511,
2024-01-19 23:35:00+00:00,,,,-0.0010627513129326,
2024-01-20 00:50:00+00:00,,,-0.0103400282059429,,-0.01034002820594293
2024-01-20 23:50:00+00:00,,,,-0.0068256725344963,
2024-01-21 15:35:00+00:00,,,,-0.0075946094030091,
2024-01-21 19:40:00+00:00,,-0.0042726113933349,,,
2024-01-22 03:10:00+00:00,-0.016985,,,,
2024-01-23 19:10:00+00:00,-0.016985,,,,
2024-01-24 03:05:00+00:00,,,,-0.0143312205784209,
2024-01-24 03:45:00+00:00,,,-0.0078992134612642,,-0.00789921346126421
2024-01-24 10:45:00+00:00,0.0129849999999998,,,,
2024-01-24 12:55:00+00:00,,,,-0.0084810542782054,
2024-01-25 12:30:00+00:00,,,,-0.0120139996995806,
2024-01-26 01:00:00+00:00,,-0.0097156623587353,,,
2024-01-26 09:55:00+00:00,,,,-0.0084173631758127,
2024-01-26 14:55:00+00:00,0.012985,,,,
2024-01-26 15:05:00+00:00,,0.0162965450263241,,,
2024-01-26 23:55:00+00:00,,,,0.0337513867955263,
2024-01-27 00:05:00+00:00,,,0.0222608268826323,,0.022260826882632312
2024-01-28 00:45:00+00:00,,,,-0.0044573480857714,
2024-01-28 00:50:00+00:00,,,-0.0044157973121217,,-0.0044157973121217164
2024-01-28 04:40:00+00:00,0.012985,,,,
2024-01-28 04:55:00+00:00,,0.0149704940976731,,,
2024-01-28 07:45:00+00:00,,,,0.0032423559750485,
2024-01-28 11:55:00+00:00,,,-0.0024976368017193,,-0.0024976368017193273
2024-01-28 18:15:00+00:00,,-0.0170563210006912,,,
2024-01-29 06:00:00+00:00,,,-0.0095321876677875,,-0.009532187667787517
2024-01-29 14:30:00+00:00,,-0.0146733711001545,,,
2024-01-30 02:35:00+00:00,0.0129849999999998,0.0129744328466514,,,
2024-01-30 05:00:00+00:00,,,,0.0195646174477697,
2024-01-30 06:10:00+00:00,,,0.0040422667789088,,0.004042266778908843
2024-01-30 12:30:00+00:00,,,,-0.011951179329993,
2024-01-31 20:05:00+00:00,-0.016985,,,,
2024-01-31 20:10:00+00:00,,,-0.0156184485128889,,-0.01561844851288896
2024-01-31 20:50:00+00:00,,-0.0197278044680602,,,
2024-02-02 03:15:00+00:00,,,,-0.0072420512540911,
2024-02-02 03:30:00+00:00,,,0.004808796226581,,0.004808796226581036
2024-02-02 17:55:00+00:00,,,,-0.0142209965674285,
2024-02-03 17:20:00+00:00,,0.002342660816929,,,
2024-02-05 10:00:00+00:00,,0.0068110340273166,,,
2024-02-05 15:05:00+00:00,,,-0.0037756648824205,,-0.0037756648824205374
2024-02-05 15:20:00+00:00,,,,-0.0097588460291734,
2024-02-05 15:45:00+00:00,,-0.0136925999210741,,,
2024-02-07 17:20:00+00:00,,0.0094783258176771,,,
2024-02-08 01:20:00+00:00,,0.0242733442778972,,,
2024-02-08 07:00:00+00:00,,,0.0031596890914813,,0.0031596890914813436
2024-02-08 14:00:00+00:00,0.0179800000000001,,,,
2024-02-09 02:15:00+00:00,,0.0107714987533573,,,
2024-02-09 11:00:00+00:00,,0.0123318755511383,,,
2024-02-09 11:50:00+00:00,0.0179800000000001,,,,
2024-02-09 15:15:00+00:00,,,0.0173491992569341,,0.017349199256934122
2024-02-09 17:25:00+00:00,,0.0132001411984779,,,
2024-02-09 22:40:00+00:00,,-0.0241888067654469,,,
2024-02-11 01:30:00+00:00,,,-0.0025085936545432,,-0.0025085936545432563
2024-02-11 03:35:00+00:00,0.0179800000000001,,,,
2024-02-11 08:55:00+00:00,,,-0.0056557596023756,,-0.005655759602375632
2024-02-12 10:00:00+00:00,,,,0.1022263938274909,
2024-02-12 12:00:00+00:00,,-0.0055528350973842,,,
2024-02-12 19:05:00+00:00,0.0179800000000001,,,,
2024-02-12 20:00:00+00:00,,0.018074517209919,,,
2024-02-13 03:00:00+00:00,,,0.0215343795922742,,0.021534379592274222
2024-02-13 14:10:00+00:00,,,,0.0092894187873975,
2024-02-13 14:20:00+00:00,-0.0169849999999999,-0.022253463811358,,,
2024-02-14 08:55:00+00:00,0.0179800000000001,0.0172528596443488,,,
2024-02-14 13:35:00+00:00,0.0179800000000001,,,,
2024-02-14 14:30:00+00:00,,0.0178980302309006,,,
2024-02-14 18:30:00+00:00,,,0.0077669265036246,,0.007766926503624649
2024-02-15 22:00:00+00:00,,,,0.009204159541353,
2024-02-16 14:55:00+00:00,,-0.01197935011576,,,
2024-02-18 22:10:00+00:00,,0.0117026045087704,,,
2024-02-20 00:45:00+00:00,,,,-0.0140695275862069,
2024-02-20 13:30:00+00:00,,0.010327422399017,,,
2024-02-20 14:10:00+00:00,-0.016985,,,,
2024-02-20 15:15:00+00:00,,-0.0184169510715012,,,
2024-02-20 15:20:00+00:00,,,,-0.0183367141355064,
2024-02-21 09:25:00+00:00,-0.016985,,,,
2024-02-21 09:55:00+00:00,,-0.0225553834074312,,,
2024-02-22 13:45:00+00:00,,,,-0.0191126357326846,
2024-02-23 14:20:00+00:00,,-0.0162953890606568,,,
2024-02-25 00:30:00+00:00,,,-0.0033504993218439,,-0.003350499321843947
2024-02-26 07:55:00+00:00,,,,6.7245103634761e-05,
2024-02-26 20:15:00+00:00,0.0433245387424878,,,,
2024-02-27 00:20:00+00:00,,0.0565031483296629,,,
2024-02-27 01:50:00+00:00,0.0179800000000001,,,,
2024-02-27 02:05:00+00:00,0.0179800000000001,,,,
2024-02-27 09:30:00+00:00,,0.0133921997707286,,,
2024-02-27 16:10:00+00:00,,,0.0824347831110838,,0.08243478311108388
2024-02-28 07:35:00+00:00,0.0179800000000001,,,,
2024-02-28 07:50:00+00:00,,0.0175379920771687,,,
2024-02-28 13:05:00+00:00,0.0179800000000001,0.021767582567274,,,
2024-02-28 17:40:00+00:00,,0.022679713394597,,,
2024-02-28 17:45:00+00:00,0.0179800000000001,,,,
2024-02-28 18:20:00+00:00,,,,0.151349800058183,
2024-02-28 18:25:00+00:00,,,0.0322510204391772,,0.03225102043917727
2024-02-28 23:15:00+00:00,0.0179799999999998,,,,
2024-02-29 00:50:00+00:00,-0.0192935406677088,,,,
2024-02-29 04:50:00+00:00,0.0179800000000001,,,,
2024-02-29 06:05:00+00:00,,0.028095314031052,,,
2024-02-29 10:20:00+00:00,,,-0.0200153654508616,,-0.02001536545086169
2024-02-29 16:40:00+00:00,-0.016985,,,,
2024-02-29 17:40:00+00:00,,-0.0423912249441805,,,
2024-03-02 14:00:00+00:00,-0.016985,,,,
2024-03-03 08:10:00+00:00,,,,-0.0236621184947238,
2024-03-03 11:25:00+00:00,,-0.0183561225162787,,,
2024-03-04 00:25:00+00:00,,0.0134186337246662,,,
2024-03-04 00:50:00+00:00,-0.0291512206779377,-0.0229306022336233,,0.0006147466960015,
2024-03-04 05:40:00+00:00,,,-0.0115978489928159,,-0.011597848992815907
2024-03-04 14:35:00+00:00,0.0179799999999998,,,,
2024-03-04 14:55:00+00:00,,0.0195127911277257,,,
2024-03-04 20:35:00+00:00,0.0179800000000001,,,,
2024-03-04 23:00:00+00:00,,0.0214211811641826,,,
2024-03-05 05:00:00+00:00,-0.016985,-0.0348832518063354,,,
2024-03-05 08:10:00+00:00,,,,0.0105112988340319,
2024-03-05 15:30:00+00:00,,,,-0.0288897496852333,
2024-03-05 16:05:00+00:00,,-0.0424296601249133,,,-0.04242966012491334
2024-03-06 02:55:00+00:00,-0.0219800000000001,,,,
2024-03-06 10:15:00+00:00,0.0179800000000001,,,,
2024-03-06 12:45:00+00:00,-0.02198,,,,
2024-03-06 13:45:00+00:00,,,-0.0078872806068152,,
2024-03-07 00:25:00+00:00,-0.0219800000000001,,,,
2024-03-07 22:25:00+00:00,,0.0141433774353085,,,0.01414337743530858
2024-03-08 14:45:00+00:00,0.0179799999999998,,,,
2024-03-08 15:35:00+00:00,-0.02198,-0.0300366472308117,,0.0021681399996817,-0.030036647230811786
2024-03-08 16:30:00+00:00,,,-0.0306849782648892,,
2024-03-10 11:35:00+00:00,,0.0035713986552057,,,0.0035713986552057264
2024-03-10 14:15:00+00:00,,,-0.0060872224493495,,
2024-03-11 00:50:00+00:00,-0.0219800000000001,,,,
2024-03-11 12:15:00+00:00,0.0246570922490563,0.0246570922490563,,,0.024657092249056323
2024-03-11 21:10:00+00:00,,,0.0100238107736356,,
2024-03-12 03:30:00+00:00,,,,0.019857154697952,
2024-03-12 15:00:00+00:00,,,,-0.0214729861619529,
2024-03-13 06:35:00+00:00,0.0179799999999998,,,,
2024-03-13 13:25:00+00:00,,,-0.0053093045312065,,
2024-03-13 13:35:00+00:00,,,,-0.0104421267988455,
2024-03-13 13:55:00+00:00,-0.02198,,,,
2024-03-14 04:50:00+00:00,,,,-0.0137069053328289,
2024-03-14 11:15:00+00:00,,,,-0.0154019793973899,
2024-03-15 02:35:00+00:00,-0.0219800000000001,,,,
2024-03-15 02:45:00+00:00,,-0.0320683284766386,,,-0.03206832847663865
2024-03-15 18:50:00+00:00,0.0179799999999998,,,,
2024-03-15 19:50:00+00:00,-0.0219799999999998,,,,
2024-03-16 10:20:00+00:00,-0.02198,,,,
2024-03-17 06:55:00+00:00,-0.02198,,,,
2024-03-17 22:35:00+00:00,0.0179800000000001,,,,
2024-03-18 00:35:00+00:00,,,-0.0120953325897421,,
2024-03-18 08:25:00+00:00,-0.02198,,,,
2024-03-19 02:40:00+00:00,,-0.0167738407875857,,,-0.016773840787585703
2024-03-19 22:15:00+00:00,-0.02198,,,,
2024-03-19 22:35:00+00:00,,-0.0418771201097654,,,-0.04187712010976541
2024-03-20 17:15:00+00:00,0.0179800000000001,,,,
2024-03-21 01:25:00+00:00,0.0373555372690348,,,,
2024-03-21 04:05:00+00:00,,,-0.0031249054763691,,
2024-03-21 15:10:00+00:00,,,,-0.0304642127556116,
2024-03-22 11:00:00+00:00,,-0.0353301745201194,,,-0.03533017452011944
2024-03-22 21:30:00+00:00,-0.0219800000000001,,,,
2024-03-23 14:30:00+00:00,0.0179800000000001,,,,
2024-03-23 23:05:00+00:00,-0.02198,,,,
2024-03-24 21:55:00+00:00,0.0179800000000001,,,,
2024-03-25 08:50:00+00:00,,,-0.0119552265144686,,
2024-03-25 14:00:00+00:00,0.0179799999999998,0.019030880735557,,,0.019030880735557032
2024-03-25 19:25:00+00:00,,0.0271681628437079,,,0.027168162843707933
2024-03-25 20:05:00+00:00,0.0338216634601367,,,,
2024-03-26 00:00:00+00:00,,,0.0081084128360797,,
2024-03-26 08:00:00+00:00,,,,0.0647510404516209,
2024-03-26 14:30:00+00:00,-0.02198,,,,
2024-03-27 10:20:00+00:00,,-0.0139917237279806,,,-0.013991723727980632
2024-03-27 13:45:00+00:00,-0.0219800000000001,-0.0287305067016364,,-0.0188005226875187,-0.02873050670163646
2024-03-28 17:30:00+00:00,,,0.0018867179734756,,
2024-03-29 15:40:00+00:00,-0.02198,,,,
2024-04-01 03:25:00+00:00,,,,-0.0030592146976194,
2024-04-02 02:30:00+00:00,-0.0219800000000001,-0.0198984578748375,,,-0.019898457874837572
2024-04-04 19:00:00+00:00,-0.01199,,,,
2024-04-05 12:30:00+00:00,,-0.0271608495608485,,,
2024-04-06 22:50:00+00:00,0.0179799999999998,,,,
2024-04-07 16:40:00+00:00,,0.0241847747400278,,,
2024-04-07 18:40:00+00:00,,,,0.0009533200549955,
2024-04-07 18:45:00+00:00,,,-0.0042242929740188,,
2024-04-08 12:10:00+00:00,0.0179800000000001,,,,
2024-04-08 13:05:00+00:00,,0.0230321367214847,,,
2024-04-08 17:30:00+00:00,,,,0.0116073474484357,
2024-04-08 17:35:00+00:00,,,0.0039575101448083,,
2024-04-10 18:15:00+00:00,-0.01199,,,,
2024-04-11 07:20:00+00:00,,0.0250000082568129,,,
2024-04-11 11:05:00+00:00,,,-0.010805429999827,,
2024-04-11 11:55:00+00:00,,,,-0.0180502276464239,
2024-04-13 07:15:00+00:00,-0.01199,,,,
2024-04-14 00:25:00+00:00,-0.01199,,,,
2024-04-14 17:15:00+00:00,-0.01199,,,,
2024-04-14 21:20:00+00:00,-0.0119899999999999,,,,
2024-04-15 09:20:00+00:00,0.0179799999999998,,,,
2024-04-16 13:40:00+00:00,-0.01199,,,,
2024-04-17 07:05:00+00:00,-0.01199,,,,
2024-04-17 14:05:00+00:00,,-0.038935478565656,,,
2024-04-17 19:05:00+00:00,-0.01199,,,,
2024-04-18 12:25:00+00:00,-0.01199,,,,
2024-04-18 17:50:00+00:00,-0.01199,,,,
2024-04-18 18:20:00+00:00,,,-0.0068250424973471,,
2024-04-19 01:35:00+00:00,,-0.0381521200598738,,,
2024-04-19 06:40:00+00:00,0.0179800000000001,,,,
2024-04-19 11:35:00+00:00,0.0179800000000001,,,,
2024-04-19 23:05:00+00:00,,,,-0.024733442905542,
2024-04-21 09:20:00+00:00,,,-0.0103655006651542,,
2024-04-21 16:05:00+00:00,-0.01199,,,,
2024-04-21 16:10:00+00:00,,,,-0.0181358416656505,
2024-04-21 18:50:00+00:00,,0.0159673412670224,,,
2024-04-23 04:55:00+00:00,,,,0.0024955151450836,
2024-04-24 14:40:00+00:00,,-0.0225580484239923,,,
2024-04-26 00:30:00+00:00,-0.0119899999999999,,,,
2024-04-27 00:40:00+00:00,,-0.0240611019774726,,,
2024-04-30 02:05:00+00:00,,,,-0.0203105973426558,
2024-04-30 05:05:00+00:00,,,-0.0124246921127991,,
2024-04-30 08:10:00+00:00,,-0.0200343101432478,,,
2024-05-01 13:30:00+00:00,-0.0119899999999999,,,,
2024-05-01 19:30:00+00:00,-0.01199,-0.0360524338030252,,,
2024-05-02 13:10:00+00:00,-0.01199,,,,
2024-05-03 14:55:00+00:00,0.0179799999999998,,,,
2024-05-03 21:25:00+00:00,-0.0119899999999999,,,,
2024-05-03 23:30:00+00:00,,0.0324057684327232,,,
2024-05-06 03:10:00+00:00,,,,-0.0144184678097817,
2024-05-06 10:30:00+00:00,,-0.0139357336542932,,,
2024-05-06 10:35:00+00:00,,,,-0.0037657915950883,
2024-05-06 11:10:00+00:00,,,-0.0193583788378759,,
2024-05-09 22:45:00+00:00,,0.0143445960358814,,,
2024-05-10 14:00:00+00:00,,,,-0.0065489064331777,
2024-05-10 14:15:00+00:00,,,-0.0119300846528911,,
2024-05-12 17:00:00+00:00,,-0.0105854706513527,,-0.0067850553479071,
2024-05-13 01:40:00+00:00,,-0.0096946208937871,,,
2024-05-13 10:55:00+00:00,,0.0126146569152127,,,
2024-05-14 02:05:00+00:00,,,-0.0057089661455972,,
2024-05-14 06:05:00+00:00,,,,0.0056697026950633,
2024-05-14 06:15:00+00:00,-0.0219800000000001,,,,-0.02198000000000011
2024-05-15 12:30:00+00:00,,0.0138876851377631,,,
2024-05-15 15:20:00+00:00,0.0179800000000001,,,,0.017980000000000107
2024-05-15 16:05:00+00:00,,0.0161871988578397,,,
2024-05-15 22:25:00+00:00,,0.0170722369019942,,,
2024-05-16 13:10:00+00:00,,,,0.0348455486882937,
2024-05-16 14:55:00+00:00,,,0.0477168593681398,,
2024-05-17 18:00:00+00:00,,-0.0154549856168851,,,
2024-05-17 18:05:00+00:00,,,,-0.0089825281059012,
2024-05-18 06:35:00+00:00,,,-0.0090499192583011,,
2024-05-19 11:00:00+00:00,,,,-0.0078538857545433,
2024-05-20 06:55:00+00:00,,-0.0107055602943991,,,
2024-05-20 19:05:00+00:00,,0.0102334006308466,,,
2024-05-20 21:50:00+00:00,,0.0114496346462009,,,
2024-05-20 23:20:00+00:00,,0.0134445309096327,,,
2024-05-20 23:25:00+00:00,0.0179800000000001,,,,0.017980000000000107
2024-05-21 14:15:00+00:00,,,0.029866783894674,,
2024-05-21 14:25:00+00:00,,,,0.039905274843011,
2024-05-21 15:50:00+00:00,-0.0219799999999998,-0.0148891168461056,,,-0.02197999999999989
2024-05-24 06:55:00+00:00,-0.0219800000000001,,,,-0.02198000000000011
2024-05-25 16:45:00+00:00,,,-0.0017163275101707,,
2024-05-26 05:00:00+00:00,,0.0065302801490627,,,
2024-05-27 05:00:00+00:00,,-0.0087631603834124,,,
2024-05-27 18:05:00+00:00,,0.0136474749168529,,,
2024-05-27 19:45:00+00:00,,,,-0.0002488578448458,
2024-05-27 23:25:00+00:00,,,-0.0087977592676621,,
2024-05-28 13:35:00+00:00,,-0.0135659919603249,,,
2024-05-29 15:15:00+00:00,,-0.0152675705612609,,,
2024-05-30 19:45:00+00:00,,-0.0138764486830491,,-0.0090336381289415,
2024-05-30 21:10:00+00:00,,,-0.0150099662439021,,
2024-05-31 13:55:00+00:00,,-0.013292686173985,,,
2024-06-02 07:50:00+00:00,,-0.003420301835139,,,
2024-06-02 18:00:00+00:00,,,,-0.0095035202663112,
2024-06-02 18:25:00+00:00,,-0.0103028715114734,,,
2024-06-03 08:15:00+00:00,,0.0063307818690383,,,
2024-06-03 13:30:00+00:00,,0.0074744559386481,,,
2024-06-04 17:30:00+00:00,,,,0.0008215553152743,
2024-06-04 19:00:00+00:00,,,,-0.0070191149578556,
2024-06-05 00:35:00+00:00,,0.0124879872467909,,,
2024-06-05 02:00:00+00:00,,,,-0.0041755356041965,
2024-06-05 08:05:00+00:00,,,,-0.0048283902494017,
2024-06-05 14:10:00+00:00,,,0.0039628321153752,,
2024-06-05 16:45:00+00:00,,,,-0.0032536408271132,
2024-06-07 12:20:00+00:00,,,,-0.0027290112406841,
2024-06-07 12:35:00+00:00,,,,-0.0163504201087536,
2024-06-07 15:50:00+00:00,,,-0.0102726796548213,,
2024-06-10 00:40:00+00:00,,,-0.0056532141379328,,
2024-06-10 06:45:00+00:00,,-0.0070156583283658,,,
2024-06-10 19:05:00+00:00,,-0.0066424223804372,,,
2024-06-10 20:15:00+00:00,,,-0.0098023732223754,,
2024-06-12 12:30:00+00:00,,0.0127958841654856,,,
2024-06-12 19:35:00+00:00,,-0.0157272801448706,,,
2024-06-12 19:45:00+00:00,-0.02198,,,,
2024-06-12 19:55:00+00:00,,,-0.0105917738735172,,
2024-06-16 12:10:00+00:00,,-0.0011907692048499,,,
2024-06-16 21:50:00+00:00,,,-0.0056152862770738,,
2024-06-18 00:45:00+00:00,,-0.01083446004365,,,
2024-06-18 00:55:00+00:00,,,-0.0240549323204196,,
2024-06-20 14:05:00+00:00,,,-0.0099465725434126,,
2024-06-25 09:50:00+00:00,,0.0158898410455443,,,
2024-06-26 05:25:00+00:00,,,0.0025211273182705,,
2024-06-28 05:40:00+00:00,,,-0.0062177945203284,,
2024-06-28 14:35:00+00:00,,-0.0137350190300424,,,
2024-07-01 02:10:00+00:00,,,,-0.0011111366162004,
2024-07-01 03:30:00+00:00,,0.0259876622410921,,,
2024-07-01 08:40:00+00:00,,-0.0104727084826455,,,
2024-07-01 10:05:00+00:00,,,0.0200269777473687,,
2024-07-01 18:25:00+00:00,,,,-0.0073985179130282,
2024-07-01 22:20:00+00:00,,-0.0113883316880507,,,
2024-07-01 22:30:00+00:00,,,-0.0140466000417603,,
2024-07-04 01:55:00+00:00,,,-0.0257803655329635,,
2024-07-04 23:30:00+00:00,,,,-0.019579577791184,
2024-07-04 23:40:00+00:00,,-0.0168237971902462,,,
2024-07-04 23:55:00+00:00,,,-0.0188933190925123,,
2024-07-05 15:00:00+00:00,0.0129849999999998,,,,
2024-07-06 15:30:00+00:00,0.0129849999999998,,,,
2024-07-06 16:20:00+00:00,,0.0280451313988419,,,
2024-07-07 04:50:00+00:00,,,,0.0282357077158266,
2024-07-07 07:35:00+00:00,,,0.026686526835369,,
2024-07-07 13:20:00+00:00,,,-0.0160163143462352,,
2024-07-07 21:30:00+00:00,,,-0.019111125578706,,
2024-07-08 13:15:00+00:00,,0.0270233287474799,,,
2024-07-08 14:25:00+00:00,-0.02198,,,-0.0193188146989983,
2024-07-10 12:30:00+00:00,-0.02198,-0.0215207214071233,,0.013618798472337,
2024-07-10 13:50:00+00:00,,,0.0278930742156793,,
2024-07-11 03:15:00+00:00,,,,-0.0125240739448462,
2024-07-11 14:15:00+00:00,,,,-0.0060064923011586,
2024-07-12 01:25:00+00:00,,,-0.0237046700918452,,
2024-07-12 20:15:00+00:00,,,,-0.0021912533217164,
2024-07-13 22:25:00+00:00,,,,-0.0007623120013767,
2024-07-13 22:50:00+00:00,,0.017824443494717,,,
2024-07-14 14:30:00+00:00,,,,0.0065721786006462,
2024-07-14 21:20:00+00:00,,0.0134762511416401,,,
2024-07-15 02:25:00+00:00,,0.0126604270284116,,,
2024-07-15 15:00:00+00:00,,0.0149545040964944,,,
2024-07-15 22:40:00+00:00,,0.0161675469067652,,,
2024-07-16 05:35:00+00:00,,,,0.0563600929647261,
2024-07-16 05:50:00+00:00,,-0.0167455253212134,,,
2024-07-16 07:00:00+00:00,,,0.0941362788636273,,
2024-07-16 19:55:00+00:00,,0.018696836954092,,,
2024-07-17 08:20:00+00:00,,,,-0.0043963593413627,
2024-07-17 16:10:00+00:00,,-0.0181785129111279,,,
2024-07-17 16:40:00+00:00,,,0.0050453403306864,,
2024-07-18 14:50:00+00:00,,,-0.0138389753388203,,
2024-07-19 07:35:00+00:00,,,,-0.0079968675891834,
2024-07-19 08:05:00+00:00,,-0.0150401023420941,,,
2024-07-19 17:20:00+00:00,0.0129849999999998,,,,
2024-07-19 21:00:00+00:00,,0.0299110160208164,,,
2024-07-21 06:15:00+00:00,,-0.0137449091205051,,0.033819386020963,
2024-07-21 17:50:00+00:00,,,,-0.0113373429163826,
2024-07-22 06:35:00+00:00,,-0.013004172180263,,-0.0080690138957122,
2024-07-22 14:50:00+00:00,,,0.0411527691777444,,
2024-07-23 01:25:00+00:00,,,,-0.0128316486072648,
2024-07-23 04:35:00+00:00,,-0.0138328333771814,,,
2024-07-23 05:05:00+00:00,,,-0.0096824146623141,,
2024-07-23 17:05:00+00:00,,,-0.0220512333168088,,
2024-07-24 16:05:00+00:00,,,,-0.0031304459151155,
2024-07-24 21:45:00+00:00,,,-0.0125258412250656,,
2024-07-25 21:45:00+00:00,,0.0158859332208018,,,
2024-07-26 09:20:00+00:00,,0.0163264572183985,,,
2024-07-26 14:30:00+00:00,,,,0.0376509575193722,
2024-07-27 15:35:00+00:00,,,,0.0075679655621505,
2024-07-27 19:00:00+00:00,,-0.0137040114979517,,,
2024-07-27 20:40:00+00:00,,,0.0301582636700648,,
2024-07-28 00:05:00+00:00,-0.0219800000000001,,,,
2024-07-28 05:05:00+00:00,,-0.01807167944155,,,
2024-07-29 13:45:00+00:00,,,,0.0126475635523022,
2024-07-29 14:55:00+00:00,,-0.0179028213612134,-0.0108005642586358,,
2024-07-30 14:35:00+00:00,,,-0.0148846382762045,,
2024-07-31 04:55:00+00:00,,,-0.0138123493303571,,
2024-07-31 14:25:00+00:00,,,,-0.0078074818010999,
2024-07-31 19:50:00+00:00,,,-0.0150289760542168,,
2024-08-01 14:25:00+00:00,,,,-0.0125348816753149,
2024-08-01 15:10:00+00:00,,,-0.0158144758214268,,
2024-08-02 02:20:00+00:00,,,,-0.0133330815163282,
2024-08-02 13:30:00+00:00,,0.0162478517443764,,,
2024-08-03 15:30:00+00:00,,,,-0.0099503998564512,
2024-08-04 14:45:00+00:00,,,-0.022999756802528,,
2024-08-04 21:25:00+00:00,-0.016985,,,,
2024-08-05 00:05:00+00:00,,-0.0166465778634298,,,
2024-08-05 09:45:00+00:00,-0.016985,,,,
2024-08-05 12:30:00+00:00,,-0.0324259492812429,,,
2024-08-05 14:00:00+00:00,0.012985,,,,
2024-08-05 16:05:00+00:00,0.0159427451445555,,,,
2024-08-05 17:05:00+00:00,-0.016985,,,,
2024-08-06 00:15:00+00:00,0.0129849999999998,,,,
2024-08-06 08:35:00+00:00,-0.016985,,,,
2024-08-07 00:15:00+00:00,-0.016985,,,,
2024-08-07 08:50:00+00:00,,0.0628691598395903,,,
2024-08-07 14:15:00+00:00,,,,0.0305806699884221,
2024-08-07 14:25:00+00:00,-0.016985,,,,
2024-08-07 18:30:00+00:00,,,0.0026095009096929,,
2024-08-08 12:30:00+00:00,0.0129849999999998,,,,
2024-08-08 13:45:00+00:00,,,,-0.0058485083263281,
2024-08-08 16:35:00+00:00,,0.0360322300177133,,,
2024-08-08 21:40:00+00:00,0.0129849999999998,,,,
2024-08-09 10:20:00+00:00,-0.016985,,,0.0319429600830223,
2024-08-10 17:00:00+00:00,,0.0176265699688269,,,
2024-08-11 11:00:00+00:00,,,,-0.0051840426280473,
2024-08-11 19:30:00+00:00,,,0.0383109933049143,,
2024-08-12 13:45:00+00:00,-0.016985,-0.0143600597794006,,-0.0121416589639372,
2024-08-12 18:35:00+00:00,-0.016985,,,,
2024-08-12 18:50:00+00:00,,-0.0162801170766421,,,
2024-08-13 10:20:00+00:00,,,,-0.028293628283141,
2024-08-14 11:40:00+00:00,0.012985,,,,
2024-08-14 13:10:00+00:00,,,,0.017729535585363,
2024-08-14 14:00:00+00:00,,-0.020087168603487,,,
2024-08-14 14:15:00+00:00,,,-0.0077270022770122,,
2024-08-15 18:00:00+00:00,,-0.0162137567726984,,-0.0096262963327358,
2024-08-15 18:35:00+00:00,,,-0.0281581399414124,,
2024-08-16 12:30:00+00:00,,,,-0.0137268631696213,
2024-08-16 15:35:00+00:00,,,,-0.0192609546692658,
2024-08-17 21:30:00+00:00,,,,0.0017534646976486,
2024-08-18 02:55:00+00:00,0.0129849999999998,,,,
2024-08-18 03:25:00+00:00,,,,-0.004342124859185,
2024-08-18 17:20:00+00:00,,,,-0.013086450003147,
2024-08-18 18:10:00+00:00,,0.0009066873556362,,,
2024-08-18 23:35:00+00:00,,,0.0110661344609226,,
2024-08-19 13:50:00+00:00,,,,-0.0129058323357857,
2024-08-20 00:25:00+00:00,,0.0146655431678031,,,
2024-08-20 05:15:00+00:00,0.012985,,,,
2024-08-20 13:35:00+00:00,,,,0.0209999658772312,
2024-08-20 14:40:00+00:00,,-0.0130435810899315,,,
2024-08-20 15:15:00+00:00,,,-0.008681877320942,,
2024-08-21 09:15:00+00:00,,,,-0.0105679018140337,
2024-08-22 02:45:00+00:00,,,,0.0062197127629561,
2024-08-22 02:50:00+00:00,-0.0169849999999999,-0.0148483582408971,,,
2024-08-22 13:30:00+00:00,,,,-0.0127475466815524,
2024-08-23 11:40:00+00:00,,,,-0.0059866073199953,
2024-08-23 14:45:00+00:00,-0.016985,-0.0136840236135594,,-0.0043256250321134,
2024-08-23 21:15:00+00:00,0.012985,,,,
2024-08-23 23:00:00+00:00,,0.0270778536041413,,,
2024-08-24 21:35:00+00:00,,,,0.021712530640247,
2024-08-25 23:40:00+00:00,,-0.0090035683594472,,-0.0049409394478229,
2024-08-26 22:50:00+00:00,,,0.0528151873336206,,
2024-08-28 14:45:00+00:00,-0.016985,-0.017309432467451,,,
2024-08-29 18:10:00+00:00,,,,0.0022340432615237,
2024-08-30 13:50:00+00:00,,,,-0.013490548985757,
2024-08-30 15:20:00+00:00,,,-0.0229231142410357,,
2024-09-01 02:25:00+00:00,-0.016985,,,,
2024-09-01 02:30:00+00:00,,,-0.0197688432062792,,
2024-09-01 05:20:00+00:00,,-0.0151128636837996,,,
2024-09-01 22:20:00+00:00,,-0.0147021510712559,,,
2024-09-01 23:45:00+00:00,,,-0.0234134716681221,,
2024-09-03 02:00:00+00:00,,0.0169700614607604,,,
2024-09-03 05:05:00+00:00,,,,-0.0037071767952986,
2024-09-03 14:35:00+00:00,,,-0.0110315744323824,,
2024-09-04 16:00:00+00:00,0.0079899999999999,,,,
2024-09-05 03:05:00+00:00,,,,-0.0176823769315213,
2024-09-05 05:20:00+00:00,,,-0.008801052831452,,
2024-09-05 12:20:00+00:00,,-0.0244832128844013,,,
2024-09-06 14:05:00+00:00,,-0.0243973852211694,,,
2024-09-06 15:10:00+00:00,,,-0.0396905308434779,,
2024-09-07 21:15:00+00:00,,,,-0.0164962282117604,
2024-09-07 23:10:00+00:00,,,-0.0137967409358092,,
2024-09-08 16:10:00+00:00,,,-0.0147032785423873,,
2024-09-08 23:00:00+00:00,,,,-0.009383208026939,
2024-09-09 01:00:00+00:00,,0.0134252431050627,,,
2024-09-09 14:35:00+00:00,,,,-0.0115472938584817,
2024-09-09 16:30:00+00:00,,0.0159782648898629,,,
2024-09-09 21:10:00+00:00,0.0079899999999999,,,,
2024-09-09 22:10:00+00:00,,0.0197192961356562,,,
2024-09-09 23:05:00+00:00,,,,0.0182393597835808,
2024-09-11 01:35:00+00:00,,-0.0221488097891108,,,
2024-09-11 05:05:00+00:00,,,0.0212881052002391,,
2024-09-11 16:55:00+00:00,0.0079899999999999,,,,
2024-09-12 13:50:00+00:00,,,,-0.0146780330642367,
2024-09-12 15:00:00+00:00,,,,-0.0183716461538461,
2024-09-13 15:30:00+00:00,,0.0240871725567204,,,
2024-09-13 21:10:00+00:00,0.0079899999999999,,,,
2024-09-14 10:45:00+00:00,,,,0.0231576484824971,
2024-09-15 17:10:00+00:00,,,,-0.010052488800192,
2024-09-15 22:35:00+00:00,,,0.0281635819732413,,
2024-09-16 02:10:00+00:00,,-0.0198645519276959,,,
2024-09-16 13:30:00+00:00,,-0.0137934275473995,,,
2024-09-17 15:25:00+00:00,0.0117135183527306,,,,
2024-09-17 19:15:00+00:00,,0.030089335110049,,,
2024-09-17 19:25:00+00:00,,,,0.0201729986993535,
2024-09-18 19:35:00+00:00,,,,-0.0157222801024471,
2024-09-18 20:00:00+00:00,,-0.0214675000111729,,,
2024-09-19 14:30:00+00:00,,0.0242259089926484,,,
2024-09-19 22:20:00+00:00,,,,0.0186531012534592,
2024-09-20 13:10:00+00:00,,,,-0.0146315609840067,
2024-09-22 02:10:00+00:00,,,,-0.0075531737079014,
2024-09-22 02:40:00+00:00,,-0.0110218629176426,,,
2024-09-22 10:40:00+00:00,,,0.0695890590288186,,
2024-09-22 22:00:00+00:00,,-0.0108591354647157,,,
2024-09-23 00:10:00+00:00,,-0.0120162047155782,,-0.011386077347028,
2024-09-23 00:15:00+00:00,-0.016985,,,,
2024-09-23 04:25:00+00:00,,,,-0.0044420864755375,
2024-09-23 13:10:00+00:00,,-0.012936690082134,,,
2024-09-24 14:05:00+00:00,,,,-0.0122836613465806,
2024-09-25 06:20:00+00:00,,,,-0.0012666433383725,
2024-09-25 18:10:00+00:00,,,-0.0028864796485198,,
2024-09-26 01:20:00+00:00,,-0.0183083082585986,,,
2024-09-26 15:00:00+00:00,,,,0.003372731188165,
2024-09-26 15:20:00+00:00,,0.0162185255153946,,,
2024-09-26 19:55:00+00:00,,,,-0.0098747440348185,
2024-09-27 18:30:00+00:00,,,,-0.0067180234079851,
2024-09-29 03:40:00+00:00,,0.0044228228280576,,,
2024-09-29 22:20:00+00:00,,,,-0.0083249106506649,
2024-09-30 01:45:00+00:00,,,0.0206070778706064,,
2024-10-01 13:35:00+00:00,,-0.0148227470341525,,,
2024-10-02 19:25:00+00:00,,-0.0202201214848389,,,
2024-10-02 19:50:00+00:00,,,-0.0317678508310679,,
2024-10-04 14:30:00+00:00,,,,-0.0094364016289437,
2024-10-05 02:55:00+00:00,,,,-0.0080326885746424,
2024-10-06 21:50:00+00:00,,,,-0.0026101460960521,
2024-10-07 06:55:00+00:00,,0.0206730413697666,,,
2024-10-07 09:30:00+00:00,,,,-0.0033990828597955,
2024-10-07 18:15:00+00:00,,-0.0132061015355757,,,
2024-10-07 18:50:00+00:00,,,,-0.0221167502267003,
2024-10-09 18:35:00+00:00,,,-0.0011748014411007,,
2024-10-10 17:10:00+00:00,,,-0.0220739930639816,,
2024-10-11 12:30:00+00:00,,0.0169929621508828,,,
2024-10-11 20:15:00+00:00,,0.0179536729792328,,,
2024-10-11 22:40:00+00:00,,,,0.0137899207759737,
2024-10-13 01:20:00+00:00,,,,-0.0110305157706276,
2024-10-13 15:15:00+00:00,,,0.0254613183901242,,
2024-10-14 07:50:00+00:00,0.0079899999999999,,,,
2024-10-14 08:40:00+00:00,,0.0204099191092881,,,
2024-10-14 14:20:00+00:00,,0.013082417475708,,,
2024-10-15 03:40:00+00:00,,,,0.0314418128848885,
2024-10-15 13:45:00+00:00,0.0079899999999999,,,,
2024-10-15 14:35:00+00:00,-0.016985,,,,
2024-10-15 14:40:00+00:00,,,,-0.0157738016944792,
2024-10-15 15:05:00+00:00,,-0.0150029385994862,,,
2024-10-15 16:40:00+00:00,0.0079899999999999,,,,
2024-10-17 04:55:00+00:00,,,,-0.0145296437320413,
2024-10-18 04:45:00+00:00,,0.0099929389966364,,,
2024-10-19 11:25:00+00:00,,,,0.0019102681067717,
2024-10-20 13:00:00+00:00,,,,-0.0051456154509643,
2024-10-21 03:50:00+00:00,,-0.0007335138957389,,,
2024-10-21 07:50:00+00:00,,,,-0.001737964384378,
2024-10-21 13:30:00+00:00,,,0.080336560168875,,
2024-10-22 00:25:00+00:00,,-0.0139873556107541,,,
2024-10-22 13:50:00+00:00,,-0.0153586817868589,,,
2024-10-23 09:10:00+00:00,,,-0.0189915549069573,,
2024-10-24 08:55:00+00:00,,,,-0.0099704294696879,
2024-10-24 13:20:00+00:00,,0.0162460238490327,,,
2024-10-25 04:25:00+00:00,,,,-0.0008375885876802,
2024-10-25 17:55:00+00:00,,-0.0159217576481012,,,
2024-10-28 12:10:00+00:00,,0.0234186164537333,,,
2024-10-28 15:30:00+00:00,,-0.0104799413026208,,,
2024-10-29 04:05:00+00:00,,0.0155151144894924,,,
2024-10-29 15:40:00+00:00,,0.0146787036489668,,,
2024-10-29 15:45:00+00:00,0.0079899999999999,,,,
2024-10-29 20:25:00+00:00,,,,0.0635469985117247,
2024-11-01 15:45:00+00:00,,,,-0.0233062254521093,
2024-11-01 15:50:00+00:00,,-0.0243030472313136,,,
2024-11-01 19:15:00+00:00,,,-0.0302434076458145,,
2024-11-04 16:50:00+00:00,,,-0.022260952256261,,
2024-11-04 17:00:00+00:00,,-0.0171979531348505,,,
2024-11-05 19:55:00+00:00,,-0.022332104943358,,,
2024-11-06 02:15:00+00:00,0.0079899999999999,,,,
2024-11-06 03:35:00+00:00,0.0146974500046246,,,,
2024-11-06 04:30:00+00:00,0.0079899999999999,,,,
2024-11-06 07:30:00+00:00,,0.0369956007958303,,,
2024-11-06 08:05:00+00:00,,,,0.0504588915993071,
2024-11-09 08:05:00+00:00,,0.006725491486484,,,
2024-11-09 17:00:00+00:00,,,0.1047527521220805,,
2024-11-10 09:55:00+00:00,,0.0152434104532992,,,
2024-11-10 11:10:00+00:00,0.0079899999999999,,,,
2024-11-10 20:40:00+00:00,,,,0.0457601729498344,
2024-11-10 23:40:00+00:00,-0.0169849999999999,,,,
2024-11-11 15:10:00+00:00,,0.0181880514297314,,,
2024-11-11 16:00:00+00:00,0.0079899999999999,,,,
2024-11-11 18:40:00+00:00,0.0079899999999999,,,,
2024-11-11 20:10:00+00:00,0.0079900000000001,,,,
2024-11-11 22:35:00+00:00,,0.0318721755665922,,,
2024-11-12 00:10:00+00:00,-0.0169850000000001,,,,
2024-11-12 02:30:00+00:00,-0.0169850000000001,,,,
2024-11-12 07:10:00+00:00,,0.0270742854506786,,,
2024-11-12 10:45:00+00:00,,,,0.0594362719618193,
2024-11-12 13:00:00+00:00,-0.0169850000000001,,,,
2024-11-12 13:45:00+00:00,,,0.113415695877644,,
2024-11-12 19:30:00+00:00,0.0079899999999999,,,,
2024-11-13 14:30:00+00:00,0.0079899999999999,,,,
2024-11-13 14:50:00+00:00,0.0079899999999999,,,,
2024-11-13 15:45:00+00:00,0.0079899999999999,,,,
2024-11-13 18:50:00+00:00,,0.0466748674222521,,,
2024-11-13 19:10:00+00:00,-0.016985,,,,
2024-11-13 21:00:00+00:00,,-0.0468202337030452,,,
2024-11-13 21:05:00+00:00,,,,-0.0221631258705116,
2024-11-14 15:50:00+00:00,,,-0.0120808417142264,,
2024-11-17 02:05:00+00:00,,,0.0033064014194685,,
2024-11-17 22:00:00+00:00,,,,-0.0200624710630649,
2024-11-18 08:35:00+00:00,,0.0074271701988959,,,
2024-11-18 11:40:00+00:00,,-0.0209509205662993,,,
2024-11-18 11:50:00+00:00,,,,-0.0173718655894703,
2024-11-18 13:20:00+00:00,,,-0.0172981851639449,,
2024-11-18 16:45:00+00:00,-0.016985,,,,
2024-11-18 19:15:00+00:00,,,,-0.0289847251258454,
2024-11-18 23:25:00+00:00,-0.016985,,,,
2024-11-21 04:00:00+00:00,,0.0253472184702552,,,
2024-11-21 11:00:00+00:00,0.0079899999999999,,,,
2024-11-21 15:40:00+00:00,,,,0.030604565699865,
2024-11-21 19:15:00+00:00,,0.0233295661118955,,,
2024-11-22 14:55:00+00:00,,,0.0544345338461615,,
2024-11-24 08:35:00+00:00,,-0.006110314856871,,,
2024-11-24 12:35:00+00:00,,,,-0.0211607897274933,
2024-11-25 14:40:00+00:00,,,-0.010720983622706,,
2024-11-25 14:45:00+00:00,,,,-0.0214141314955944,
2024-11-25 14:50:00+00:00,,-0.0169999088203893,,,
2024-11-26 20:05:00+00:00,,-0.0309695894993629,,,
2024-11-30 01:50:00+00:00,,,,0.0171132006930792,
2024-11-30 02:05:00+00:00,,,0.0252867248232944,,
2024-11-30 04:45:00+00:00,,0.0031823683440384,,,
2024-12-02 03:55:00+00:00,,,,-0.0086592442129036,
2024-12-02 04:20:00+00:00,,,-0.0115938152657899,,-0.011593815265789953
2024-12-02 17:30:00+00:00,,-0.0174724882441467,,,
2024-12-02 17:55:00+00:00,-0.02198,,-0.0251602813443391,,-0.02516028134433912
2024-12-04 16:25:00+00:00,,,-0.017050496167064,-0.0165604208527068,-0.017050496167064
2024-12-05 00:10:00+00:00,0.0245729968134325,,,,
2024-12-05 02:40:00+00:00,,0.0150277037850241,,,
2024-12-05 06:45:00+00:00,0.0199581101512333,,,,
2024-12-05 14:40:00+00:00,,0.0180073892804855,,,
2024-12-05 16:35:00+00:00,-0.02198,,,,
2024-12-05 16:40:00+00:00,,,,0.0350571079121118,
2024-12-05 20:05:00+00:00,,,0.0144950473076033,,0.014495047307603315
2024-12-06 16:30:00+00:00,0.012985,,,,
2024-12-08 09:00:00+00:00,,,-0.0198035862510504,,-0.019803586251050498
2024-12-08 23:45:00+00:00,0.012985,,,,
2024-12-09 00:40:00+00:00,,,,-0.0142333943680353,
2024-12-09 03:15:00+00:00,,,-0.0112641102985755,,-0.011264110298575547
2024-12-09 03:45:00+00:00,-0.02198,,,,
2024-12-09 15:45:00+00:00,-0.0219800000000001,,,,
2024-12-10 03:25:00+00:00,-0.0219800000000001,,,,
2024-12-10 16:10:00+00:00,-0.02198,,,,
2024-12-10 16:30:00+00:00,,-0.0302120931164643,,,
2024-12-11 08:10:00+00:00,0.0129849999999998,,,,
2024-12-11 19:00:00+00:00,0.0175857285324838,,,,
2024-12-12 16:40:00+00:00,0.012985,,,,
2024-12-12 19:25:00+00:00,-0.0219800000000001,,,,
2024-12-12 19:30:00+00:00,,,,0.0129517588187741,
2024-12-12 20:05:00+00:00,,,0.0132584827638744,,0.013258482763874424
2024-12-15 11:55:00+00:00,0.0129849999999998,,,,
2024-12-15 23:20:00+00:00,0.012985,,,,
2024-12-16 02:25:00+00:00,,,,0.0257136191274458,
2024-12-16 12:45:00+00:00,,-0.0179997445320044,,,
2024-12-16 19:05:00+00:00,0.0148034917049095,,,,
2024-12-17 14:55:00+00:00,0.0129849999999998,,,,
2024-12-17 15:25:00+00:00,,,,-0.0145262167671946,
2024-12-17 23:10:00+00:00,,,0.0435738837542527,,0.04357388375425275
2024-12-18 03:40:00+00:00,,-0.0215125269989485,,,
2024-12-18 20:00:00+00:00,-0.02198,,,,
2024-12-19 14:30:00+00:00,0.0129849999999998,,,,
2024-12-20 02:00:00+00:00,-0.02198,,,,
2024-12-20 08:40:00+00:00,-0.02198,,,,
2024-12-20 18:35:00+00:00,0.0137608962129576,,,,
2024-12-21 06:40:00+00:00,0.0129849999999998,,,,
2024-12-21 13:25:00+00:00,-0.02198,,,,
2024-12-22 04:50:00+00:00,,,-0.0246656161300092,,-0.024665616130009282
2024-12-22 05:00:00+00:00,,,,-0.0243280664446716,
2024-12-22 07:10:00+00:00,,-0.009923249239943,,,
2024-12-22 15:00:00+00:00,-0.02198,,,,
2024-12-23 14:40:00+00:00,-0.02198,,,,
2024-12-24 19:30:00+00:00,0.0344790537065313,,,,
2024-12-25 10:20:00+00:00,,0.0196639309594519,,,
2024-12-26 08:05:00+00:00,-0.02198,,0.0110529630241966,0.0110529630241966,0.011052963024196671
2024-12-27 15:20:00+00:00,,,,-0.0276640782277657,
2024-12-27 15:30:00+00:00,-0.0219800000000001,,,,
2024-12-29 14:40:00+00:00,,,-0.0134306385555225,,-0.013430638555522512
2024-12-30 21:40:00+00:00,,-0.019157980927966,,,
2024-12-30 21:50:00+00:00,-0.0219800000000001,,,,
2024-12-30 22:15:00+00:00,,,-0.0213380105156364,,
2024-12-31 17:40:00+00:00,,,,-0.0230954480082448,
2025-01-01 09:30:00+00:00,,,-0.0149594868155471,,
2025-01-02 08:10:00+00:00,,0.0182756593274069,,,
2025-01-03 07:35:00+00:00,,,-0.0018537970486811,,
2025-01-04 09:50:00+00:00,,,-0.0129314576602372,,
2025-01-05 07:10:00+00:00,,0.0083334174932039,,,
2025-01-05 08:35:00+00:00,,,-0.0085920793943983,,
2025-01-05 14:20:00+00:00,,,,0.0076901864380261,
2025-01-06 06:55:00+00:00,,0.0082542784214438,,,
2025-01-06 20:00:00+00:00,,0.0131307741138342,,,
2025-01-07 11:10:00+00:00,,,0.0135615960901773,,
2025-01-07 11:45:00+00:00,,,,0.0159935106823956,
2025-01-07 15:00:00+00:00,-0.02198,,,,
2025-01-09 13:35:00+00:00,,-0.0268680482409066,,,
2025-01-09 19:45:00+00:00,-0.02198,,,,
2025-01-11 04:35:00+00:00,-0.02198,,,,
2025-01-12 08:55:00+00:00,,,-0.0062482599174865,,
2025-01-12 22:00:00+00:00,,,-0.008490312173251,,
2025-01-12 22:20:00+00:00,,,,-0.0215537693552683,
2025-01-13 01:50:00+00:00,,,,-0.0192114722427005,
2025-01-13 08:15:00+00:00,,-0.0216218517080746,,,
2025-01-13 20:45:00+00:00,0.0129849999999998,,,,
2025-01-14 01:10:00+00:00,0.012985,,,,
2025-01-14 01:45:00+00:00,,0.0255877511071229,,,
2025-01-15 13:30:00+00:00,0.0129849999999998,,,,
2025-01-15 19:55:00+00:00,,0.0248261798448305,,,
2025-01-15 20:15:00+00:00,0.0129849999999998,,,,
2025-01-16 09:10:00+00:00,,,0.0434504319834734,,
2025-01-16 14:45:00+00:00,,,,0.0198508118085978,
2025-01-17 10:30:00+00:00,,0.0209726882198322,,,
2025-01-18 03:45:00+00:00,,,,0.0190050327196467,
2025-01-18 04:15:00+00:00,,,0.0145713572077452,,
2025-01-18 04:20:00+00:00,-0.02198,,,,
2025-01-19 19:55:00+00:00,,0.0199548517562435,,,
2025-01-19 21:55:00+00:00,,,,-0.0245303661016949,
2025-01-20 06:35:00+00:00,0.012985,,,,
2025-01-20 08:50:00+00:00,0.0304176654256684,,,,
2025-01-20 11:50:00+00:00,,0.0530978230281613,,,
2025-01-20 16:15:00+00:00,,,,-0.0346476135974589,
2025-01-20 16:25:00+00:00,,,-0.037379261380121,,
2025-01-21 00:55:00+00:00,-0.02198,,,,
2025-01-21 12:15:00+00:00,0.012985,,,,
2025-01-21 18:30:00+00:00,0.0129849999999998,,,,
2025-01-22 08:10:00+00:00,,,0.0030436944749772,,
2025-01-23 16:35:00+00:00,0.016166079418949,,,,
2025-01-24 18:25:00+00:00,,0.0261153091764367,,,
2025-01-26 23:10:00+00:00,,,,-0.034254816390433,
2025-01-27 14:55:00+00:00,0.0132972982024988,,,,
2025-01-28 00:05:00+00:00,0.0129849999999998,,,,
2025-01-28 03:45:00+00:00,,0.0178196345866918,,,
2025-01-30 14:45:00+00:00,0.012985,,,,
2025-01-30 14:50:00+00:00,,0.0213012015318514,,,0.021301201531851444
2025-01-31 03:30:00+00:00,,,-0.0039813765106114,,
2025-02-03 17:10:00+00:00,0.0164345770304856,,,,
2025-02-03 20:45:00+00:00,,0.0554768484921555,,,0.055476848492155506
2025-02-03 22:05:00+00:00,0.0129849999999998,,,,
2025-02-04 08:55:00+00:00,,,-0.0088486310475304,,
2025-02-04 21:25:00+00:00,,-0.0400715093272668,,,-0.040071509327266885
2025-02-06 17:05:00+00:00,,,-0.0203785951445019,,
2025-02-07 15:20:00+00:00,-0.02198,,,,
2025-02-07 20:05:00+00:00,,-0.0257448514099584,,,-0.025744851409958414
2025-02-07 20:55:00+00:00,,,-0.0323185735478357,,
2025-02-09 13:55:00+00:00,,,-0.0170509170658701,,
2025-02-11 05:55:00+00:00,,0.0132559027831202,,,0.013255902783120277
2025-02-11 14:05:00+00:00,,,-0.0115144561326294,,
2025-02-13 07:30:00+00:00,,,-0.021632616994463,,
2025-02-13 16:55:00+00:00,-0.0219799999999998,,,,
2025-02-14 21:10:00+00:00,,,,-0.0197147452773244,
2025-02-15 06:40:00+00:00,,0.0071189467047523,,,0.007118946704752327
2025-02-16 09:05:00+00:00,,,-0.0146971601163504,,
2025-02-18 08:45:00+00:00,,-0.0134926610220469,,,-0.013492661022046937
2025-02-18 16:35:00+00:00,,-0.0152307697841822,,,-0.015230769784182252
2025-02-20 01:00:00+00:00,,0.0149634831862068,,,0.014963483186206883
2025-02-21 09:30:00+00:00,,,,-0.0069781012410827,
2025-02-21 15:20:00+00:00,,,,-0.0079840568833023,
2025-02-21 17:50:00+00:00,,-0.0182987801700738,,,-0.018298780170073803
2025-02-21 18:45:00+00:00,,,0.0041776071319257,,
2025-02-24 03:25:00+00:00,,-0.0106577092953659,,,-0.010657709295365914
2025-02-24 14:40:00+00:00,,-0.0114449680076827,,,-0.011444968007682799
2025-02-25 14:45:00+00:00,-0.0219800000000001,,,,
2025-02-26 13:55:00+00:00,-0.02198,,,,
2025-02-26 14:20:00+00:00,,-0.0339168834485221,,,-0.03391688344852217
2025-02-27 06:25:00+00:00,0.012985,,,,
2025-02-28 13:10:00+00:00,0.012985,,,,
2025-02-28 16:10:00+00:00,0.016052601676034,,,,
2025-02-28 18:35:00+00:00,0.012985,,,,
2025-03-02 14:15:00+00:00,,,,-0.0169644073206425,
2025-03-02 14:55:00+00:00,,,0.000582844730588,,
2025-03-02 18:40:00+00:00,0.058996043959961,,,,
2025-03-02 20:55:00+00:00,0.012985,,,,
2025-03-02 21:40:00+00:00,,0.0623479871025858,,,
2025-03-03 06:40:00+00:00,,,,0.0632343567515583,
2025-03-03 06:55:00+00:00,,,0.0364092416488017,,
2025-03-03 14:50:00+00:00,,-0.0365917182331921,,,
2025-03-03 14:55:00+00:00,,,-0.0293754565974898,,
2025-03-04 20:55:00+00:00,0.0338313517159762,,,,
2025-03-05 10:30:00+00:00,,0.0436473698294725,,,
2025-03-05 14:55:00+00:00,-0.016985,,,,
2025-03-06 01:45:00+00:00,0.0129849999999998,,,,
2025-03-06 09:30:00+00:00,,,0.0738951478827079,,
2025-03-06 12:35:00+00:00,-0.0169849999999999,,,-0.0075167566662136,
2025-03-07 00:35:00+00:00,,-0.0494089515537859,,,
2025-03-07 00:40:00+00:00,,,-0.0530309528767816,,
2025-03-07 09:30:00+00:00,0.012985,,,,
2025-03-07 15:15:00+00:00,-0.016985,,,,
2025-03-07 16:40:00+00:00,,,-0.0179925271881405,,
2025-03-07 19:45:00+00:00,-0.0169849999999999,,,,
2025-03-09 09:10:00+00:00,,,-0.0097463995513774,,
2025-03-09 12:05:00+00:00,,-0.044611441336437,,,
2025-03-10 09:15:00+00:00,0.012985,,,,
2025-03-10 14:15:00+00:00,,-0.0264775921978053,-0.030657457784309,,
2025-03-11 00:15:00+00:00,-0.0169850000000001,,,,
2025-03-11 07:20:00+00:00,0.012985,,,,
2025-03-11 14:45:00+00:00,,,-0.0011632128972295,,
2025-03-11 18:20:00+00:00,0.012985,,,,
2025-03-11 18:50:00+00:00,,0.0385778721163796,,,
2025-03-12 04:00:00+00:00,-0.016985,,,,
2025-03-12 04:20:00+00:00,,,-0.0078371514292201,,
2025-03-12 13:55:00+00:00,-0.016985,,,,
2025-03-12 14:35:00+00:00,,,,-0.0264252940409718,
2025-03-12 14:50:00+00:00,,,-0.0144669768903034,,
2025-03-13 00:20:00+00:00,0.0129849999999998,,,,
2025-03-13 06:15:00+00:00,,,-0.0014391190166278,,
2025-03-14 07:10:00+00:00,,-0.0174571358757354,,,
2025-03-14 20:20:00+00:00,-0.016985,,,,
2025-03-15 06:00:00+00:00,,,,-0.003398318685049,
2025-03-15 07:25:00+00:00,,,0.0311622969898821,,
2025-03-16 01:40:00+00:00,,,-0.0051883830293131,,
2025-03-16 09:55:00+00:00,,,-0.0077370722052115,,
2025-03-16 19:10:00+00:00,-0.016985,,,-0.0235001777809615,
2025-03-16 22:05:00+00:00,,-0.0258989047590832,,,
2025-03-16 22:20:00+00:00,,,-0.0273251992738374,,
2025-03-18 01:25:00+00:00,,,-0.0028984634834192,,
2025-03-18 13:35:00+00:00,,-0.0203685974682813,,,
2025-03-19 15:00:00+00:00,,0.0179844850484678,,,
2025-03-20 00:00:00+00:00,,0.0218867317834399,,,
2025-03-20 04:45:00+00:00,,-0.0232863466166066,,0.0061779226937763,
2025-03-20 10:35:00+00:00,,,0.0341663165170826,,
2025-03-20 16:10:00+00:00,,,-0.018130250829099,,
2025-03-21 07:25:00+00:00,,,-0.0098317099338351,,
2025-03-22 13:40:00+00:00,,,-0.0052366218842458,,
2025-03-22 21:10:00+00:00,,,-0.0050559815467522,,
2025-03-24 05:25:00+00:00,,0.0196936234497295,,,
2025-03-24 14:00:00+00:00,,0.0089414644337892,,,
2025-03-24 22:50:00+00:00,,,0.0361589479621202,,
2025-03-24 23:20:00+00:00,,-0.0144694174441687,,,
2025-03-25 01:25:00+00:00,,,,0.0273331333531612,
2025-03-25 23:15:00+00:00,,,-0.0012398660054119,,
2025-03-26 13:30:00+00:00,,,-0.0051236396093838,,
2025-03-26 19:05:00+00:00,,-0.0192670798982645,,,
2025-03-27 11:40:00+00:00,,,-0.0041788636648154,,
2025-03-28 03:30:00+00:00,,,-0.0075849837990312,,
2025-03-28 06:50:00+00:00,,-0.018963688796151,,,
2025-03-29 06:20:00+00:00,,,-0.0089502390627841,,
2025-03-31 13:45:00+00:00,,-0.014362238706698,,,
2025-04-01 08:20:00+00:00,,0.0147293912045103,,,
2025-04-01 14:05:00+00:00,,-0.0167302873920134,,,
2025-04-01 14:15:00+00:00,,,,0.0016912397196746,
2025-04-01 15:10:00+00:00,0.0129849999999998,,,,
2025-04-02 05:20:00+00:00,,,0.0083035054325313,,
2025-04-02 15:05:00+00:00,0.012985,,,,
2025-04-02 19:55:00+00:00,,0.017838430336976,,,
2025-04-02 20:15:00+00:00,0.012985,,,,
2025-04-02 21:20:00+00:00,,,,-0.0009696442615398,
2025-04-02 22:20:00+00:00,,,-0.021786389028689,,
2025-04-04 10:20:00+00:00,-0.02198,,,,
2025-04-04 10:30:00+00:00,,,,0.0044503585966648,
2025-04-04 10:45:00+00:00,,-0.0232557867576184,,,
2025-04-04 11:40:00+00:00,,,-0.0143239154083542,,
2025-04-05 13:20:00+00:00,,,,-0.0085597666915997,
2025-04-05 13:45:00+00:00,,-0.0261791255211926,,,
2025-04-05 15:40:00+00:00,-0.02198,,,,
2025-04-06 08:15:00+00:00,,,-0.0099153049297852,,
2025-04-06 08:25:00+00:00,,,,-0.0044237922538694,
2025-04-07 13:40:00+00:00,,-0.0229389388172168,,,
2025-04-07 13:50:00+00:00,0.0129849999999998,,,,
2025-04-07 22:10:00+00:00,0.012985,,,,
2025-04-08 01:55:00+00:00,,0.027712156845755,,,
2025-04-08 08:20:00+00:00,-0.02198,,,,
2025-04-08 15:15:00+00:00,,,,0.0157149201599982,
2025-04-08 15:55:00+00:00,,,-0.0230263096642868,,
2025-04-09 21:35:00+00:00,,0.0659718187454503,,,
2025-04-09 22:55:00+00:00,0.0723010141610414,,,,
2025-04-10 15:15:00+00:00,,,,0.0423820353791188,
2025-04-10 15:45:00+00:00,,,0.0161081255629311,,
2025-04-11 09:25:00+00:00,0.012985,,,,
2025-04-11 17:35:00+00:00,0.012985,,,,
2025-04-12 14:30:00+00:00,0.0129849999999998,,,,
2025-04-13 01:30:00+00:00,,0.0233038294986667,,,
2025-04-13 06:00:00+00:00,,,0.0465314327465427,,
2025-04-13 12:30:00+00:00,,,,0.0517796552632152,
2025-04-13 13:55:00+00:00,-0.02198,,,,
2025-04-13 19:35:00+00:00,,-0.0154367909225978,,,
2025-04-15 17:25:00+00:00,,,,-0.0015637091158036,
2025-04-15 18:05:00+00:00,,,-0.0140935711313787,,
2025-04-15 23:05:00+00:00,,-0.0176349396695085,,,
2025-04-15 23:40:00+00:00,-0.02198,,,,
2025-04-16 17:45:00+00:00,,-0.0159139982393236,,,
2025-04-18 22:05:00+00:00,,-0.0018684863368019,,,
2025-04-19 16:50:00+00:00,,,,0.0072348397347044,
2025-04-20 07:10:00+00:00,,,,-0.008236180271502,
2025-04-20 07:25:00+00:00,,,-0.0028939199141996,,
2025-04-20 10:30:00+00:00,,-0.0101238108360657,,,
2025-04-21 00:05:00+00:00,,0.0058889919628961,,,
2025-04-21 04:35:00+00:00,,0.0090893965519041,,,
2025-04-21 11:25:00+00:00,,,,0.0233151181441879,
2025-04-21 14:20:00+00:00,0.0129849999999998,,,,
2025-04-21 14:25:00+00:00,,0.0099459149020435,,,
2025-04-21 16:45:00+00:00,,-0.0127634527375121,,,
2025-04-22 13:30:00+00:00,,0.0139647461592551,,,
2025-04-22 17:55:00+00:00,,0.0151128644681608,,,
2025-04-22 18:55:00+00:00,0.012985,,,,
2025-04-22 21:45:00+00:00,,0.016151655774268,,,
2025-04-23 15:20:00+00:00,,,,0.0501594097202777,
2025-04-24 04:10:00+00:00,,,,-0.0179785404767444,
2025-04-24 04:15:00+00:00,,,0.0875476886617792,,
2025-04-24 08:30:00+00:00,,-0.0193833302613384,,,
2025-04-25 12:10:00+00:00,0.012985,,,,
2025-04-26 09:45:00+00:00,,,0.0056258603636532,,
2025-04-26 11:40:00+00:00,,-0.0151201883929401,,,
2025-04-26 11:45:00+00:00,,,,0.0127344515973679,
2025-04-27 05:30:00+00:00,,,,-0.0077288235723126,
2025-04-27 23:10:00+00:00,,,,-0.007857963181662,
2025-04-28 00:15:00+00:00,,,-0.0163462986482857,,
2025-04-28 10:35:00+00:00,,0.008739030128126,,,
2025-04-28 13:35:00+00:00,,-0.0111463551689953,,,
2025-04-28 15:50:00+00:00,,,-0.0095729860737998,-0.00615575649386,
2025-05-02 13:00:00+00:00,,-0.0040765788601671,,,
2025-05-02 22:45:00+00:00,,,0.016066414291495,,
2025-05-03 01:15:00+00:00,,,,0.0113676382771548,
2025-05-06 08:25:00+00:00,,,,-0.0125573445227994,
2025-05-06 11:30:00+00:00,,,-0.0116314736058109,,
2025-05-07 03:15:00+00:00,,,,0.0092783278078569,
2025-05-07 10:50:00+00:00,,0.0074901369614142,,,
2025-05-08 01:00:00+00:00,0.0129849999999998,,,,
2025-05-08 15:20:00+00:00,,0.0086219330338601,,,
2025-05-08 20:55:00+00:00,,0.0091017541308977,,,
2025-05-08 21:15:00+00:00,0.0129849999999998,,,,
2025-05-09 09:25:00+00:00,,,,0.0461748214570492,
2025-05-09 19:10:00+00:00,,-0.0062729131406839,,,
2025-05-11 02:50:00+00:00,,,,-0.0078001259834225,
2025-05-11 21:10:00+00:00,,-0.0107340666094137,,,
2025-05-12 07:00:00+00:00,0.0129849999999998,,,,
2025-05-12 08:10:00+00:00,,,,-0.0096757383830193,
2025-05-12 15:40:00+00:00,,,0.077872272667625,,
2025-05-14 03:40:00+00:00,,,-0.0005167093118305,,
2025-05-14 08:55:00+00:00,,,,-0.009345976563576,
2025-05-17 01:10:00+00:00,,,,-0.0110708468776844,
2025-05-17 01:20:00+00:00,,,-0.0102477912395477,,
2025-05-18 14:45:00+00:00,0.0129849999999998,,,,
2025-05-18 18:00:00+00:00,,,,0.0089983118350442,
2025-05-18 19:55:00+00:00,,-0.0138288668649599,,,
2025-05-19 00:40:00+00:00,,,,-0.0070229430707614,
2025-05-19 03:10:00+00:00,-0.02198,-0.0159382760219777,,,
2025-05-19 04:00:00+00:00,,,-0.0024459504321038,,
2025-05-20 00:15:00+00:00,0.012985,0.0091086606257122,,,
2025-05-20 08:30:00+00:00,,,0.0014790180846466,,
2025-05-20 12:20:00+00:00,,,,-0.0172686087931225,
2025-05-21 10:00:00+00:00,,,-0.0020591651231302,,
2025-05-21 14:50:00+00:00,,0.0111636875774714,,,
2025-05-21 17:25:00+00:00,,,,0.0039229146035892,
2025-05-21 17:30:00+00:00,-0.02198,-0.0234400295913795,,,
2025-05-21 23:25:00+00:00,0.012985,,,,
2025-05-22 03:45:00+00:00,,0.0134792431724017,,,
2025-05-23 01:45:00+00:00,,-0.0067167495789081,,,
2025-05-23 06:20:00+00:00,,,0.0123245614976661,,
2025-05-23 11:45:00+00:00,,,,-0.001943582790183,
2025-05-24 23:10:00+00:00,,,-0.016080723587706,,
2025-05-26 07:05:00+00:00,,0.007179503231214,,,
2025-05-27 01:10:00+00:00,,,,-0.0020270307869674,
2025-05-27 02:05:00+00:00,,,-0.0041183734564052,,
2025-05-27 14:30:00+00:00,,,,-0.0153090002225021,
2025-05-27 22:00:00+00:00,,,-0.0082944764421072,,
2025-05-30 07:35:00+00:00,,,,-0.0115041063482971,
2025-05-30 16:35:00+00:00,,,,-0.0183206370363405,
2025-06-01 01:40:00+00:00,,,,0.0011322581679438,
2025-06-01 02:25:00+00:00,,,-0.0024170305335163,,
2025-06-01 09:55:00+00:00,,,,-0.008865308924726,
2025-06-02 03:50:00+00:00,,,0.0006707563805903,,
2025-06-02 10:20:00+00:00,,,,-0.0004123364549108,
2025-06-02 11:40:00+00:00,,-0.0126657318713919,,,-0.012665731871391972
2025-06-03 08:45:00+00:00,,,-0.0078356632376258,,
2025-06-04 12:50:00+00:00,,,-0.0153227619658135,,
2025-06-04 13:00:00+00:00,,-0.0087196707874345,,,-0.00871967078743452
2025-06-04 13:55:00+00:00,,,,-0.0006694732071327,
2025-06-05 06:45:00+00:00,,,,-0.0083561078058699,
2025-06-05 13:50:00+00:00,,-0.0120331555072082,,,-0.012033155507208293
2025-06-05 14:10:00+00:00,,,,-0.007721855157089,
2025-06-05 16:55:00+00:00,,,-0.0205048689238745,,
2025-06-06 13:40:00+00:00,,0.0118550578676515,,,0.011855057867651508
2025-06-08 09:10:00+00:00,,,,0.0314420758121309,
2025-06-08 09:50:00+00:00,,,0.0217026814597098,,
2025-06-08 22:40:00+00:00,,,,-0.001646929947931,
2025-06-08 23:45:00+00:00,,,-0.0038916312213215,,
2025-06-09 14:50:00+00:00,,0.0141182222856037,,,0.014118222285603776
2025-06-09 19:25:00+00:00,,0.0065486045409783,,,0.006548604540978387
2025-06-10 01:05:00+00:00,,0.0087604474490152,,,0.008760447449015274
2025-06-10 14:45:00+00:00,,,,0.0252869476033781,
2025-06-11 18:00:00+00:00,,-0.0147396892135239,,,-0.014739689213523977
2025-06-11 18:05:00+00:00,,,,-0.0060995223571924,
2025-06-11 19:05:00+00:00,,,0.0166729365568383,,
2025-06-12 20:40:00+00:00,,,,-0.011474678258617,
2025-06-12 20:55:00+00:00,,,-0.0247517090444173,,
2025-06-14 07:15:00+00:00,,,-0.0102641568543694,0.0002491372128377,
2025-06-15 06:35:00+00:00,,,,-0.0002495037148694,
2025-06-15 09:20:00+00:00,,,-0.0070830210137077,,
2025-06-15 20:40:00+00:00,,,,-0.0065852560841629,
2025-06-16 07:15:00+00:00,,0.0063577186140633,,,0.006357718614063312
2025-06-16 14:40:00+00:00,,0.0066148954239662,,,0.006614895423966205
2025-06-16 22:05:00+00:00,,0.0076905501597841,,,0.007690550159784149
2025-06-16 23:45:00+00:00,,,,0.0133527217849884,
2025-06-17 00:10:00+00:00,,,0.0005728139189411,,
2025-06-18 10:05:00+00:00,,,,-0.0044574864145062,
2025-06-18 10:50:00+00:00,,,-0.0119402617435667,,
2025-06-19 14:55:00+00:00,,,,-0.0102927808367381,
2025-06-20 14:45:00+00:00,,-0.014123065907026,,-4.239207857836824e-05,-0.014123065907026056
2025-06-20 15:20:00+00:00,,,-0.0134444981098587,,
2025-06-21 17:35:00+00:00,,,,-0.0044340974378017,
2025-06-21 19:05:00+00:00,,,-0.0141540414183398,,
2025-06-22 13:30:00+00:00,,,,-0.0218502089055444,
2025-06-23 13:55:00+00:00,0.0179799999999998,,,,
2025-06-23 16:25:00+00:00,,,,0.0053974345503011,
2025-06-23 18:15:00+00:00,,0.0164402900347577,,,0.016440290034757776
2025-06-23 22:10:00+00:00,0.0179800000000001,,,,
2025-06-24 16:55:00+00:00,,0.0191539962425577,,,0.019153996242557758
2025-06-25 13:45:00+00:00,0.0179799999999998,,,,
2025-06-26 11:45:00+00:00,,,0.060860583214235,,
2025-06-26 13:55:00+00:00,,,,0.0373738192026498,
2025-06-27 08:20:00+00:00,,,,-0.0093285173126989,
2025-06-28 13:25:00+00:00,,,,-0.0011389803557081,
2025-06-29 16:25:00+00:00,,,,-0.0005283060183077,
2025-06-29 16:45:00+00:00,,-0.0087227520974071,,,
2025-06-30 06:40:00+00:00,,,,-0.0008173922248088,
2025-06-30 08:55:00+00:00,,-0.0070832135529371,,,
2025-06-30 14:05:00+00:00,,,,-0.00687882039716,
2025-07-01 09:35:00+00:00,,,,-0.0104240314008752,
2025-07-01 15:10:00+00:00,,,,-0.0120717604551654,
2025-07-02 10:50:00+00:00,,0.0087258861849706,,,
2025-07-02 16:05:00+00:00,,0.0079165543115979,,,
2025-07-03 12:45:00+00:00,,,,0.0261103247837883,
2025-07-04 04:45:00+00:00,,,,-0.0130620462726797,
2025-07-04 06:40:00+00:00,,-0.0073272059337055,,,
2025-07-04 13:45:00+00:00,,,,-0.0096639789390488,
2025-07-04 14:20:00+00:00,,,0.0040196093976421,,
2025-07-06 09:45:00+00:00,,,,-0.0017819512796626,
2025-07-06 21:30:00+00:00,,0.0042060339855207,,,
2025-07-07 12:05:00+00:00,,,,0.0020352894343895,
2025-07-07 12:10:00+00:00,,-0.0079212965070137,,,
2025-07-07 17:15:00+00:00,,,-0.0079547444098894,,
2025-07-08 02:10:00+00:00,,,,-0.0086177121521796,
2025-07-08 16:05:00+00:00,,,,-0.0009844164206892,
2025-07-09 04:25:00+00:00,,,,-0.009009211205619,
2025-07-09 14:35:00+00:00,,,,-0.00369390555823,
2025-07-10 01:50:00+00:00,,0.0068391719204892,,,
2025-07-10 13:40:00+00:00,,,,0.0076679966803596,
2025-07-10 17:05:00+00:00,0.0129849999999998,,,,0.012984999999999802
2025-07-10 21:15:00+00:00,0.012985,,,,0.012985000000000024
2025-07-11 00:20:00+00:00,,0.0232380866733823,,,
2025-07-11 05:25:00+00:00,,0.0144404858066145,,,
2025-07-11 05:35:00+00:00,0.012985,,,,0.012985000000000024
2025-07-11 16:05:00+00:00,,,,0.0478616528351696,
2025-07-12 15:25:00+00:00,,,,-0.0081346310642735,
2025-07-12 20:05:00+00:00,,-0.0043795868345851,,,
2025-07-14 08:45:00+00:00,,0.0264397743092994,,,
2025-07-14 14:25:00+00:00,,-0.0137056577215922,,,
2025-07-14 15:10:00+00:00,,,,0.0229822799890939,
2025-07-14 15:45:00+00:00,-0.02198,,,,-0.02198
2025-07-15 02:50:00+00:00,,,0.0883123815881643,,
2025-07-17 01:45:00+00:00,,,,0.002550675641779,
2025-07-18 08:30:00+00:00,,,,0.0006057424969256,
2025-07-18 14:20:00+00:00,,-0.0159969175203468,,-0.0123947824539084,
2025-07-18 15:30:00+00:00,,,-0.0063544460672088,,
2025-07-19 14:35:00+00:00,,,,-0.0028285262802302,
2025-07-20 22:05:00+00:00,,,,-0.0060341282550714,
2025-07-20 23:15:00+00:00,,,-0.011884749800485,,
2025-07-21 11:55:00+00:00,,,,0.0006725736932264,
2025-07-21 17:45:00+00:00,,-0.0110248952695632,,,
2025-07-21 19:30:00+00:00,,,-0.0134379467268236,,
2025-07-22 01:15:00+00:00,,,,-0.0206713386483162,
2025-07-22 14:00:00+00:00,,,,0.0013388606736535,
2025-07-22 18:55:00+00:00,,0.0106641711345889,,,
2025-07-23 03:45:00+00:00,,,,-0.0076571137500827,
2025-07-23 10:10:00+00:00,,-0.0162655753339785,,,
2025-07-23 13:50:00+00:00,,,,-0.0123395930345031,
2025-07-24 04:40:00+00:00,,,,-0.0066489220538084,
2025-07-24 07:05:00+00:00,,,-0.0101660396225352,,
2025-07-25 01:15:00+00:00,,,,-0.011122424704309,
2025-07-25 01:35:00+00:00,,,-0.0126177607312093,,
2025-07-27 11:15:00+00:00,,0.0066840746365139,,,
2025-07-28 10:40:00+00:00,,,,0.0207444797588649,
2025-07-28 13:25:00+00:00,,-0.0092277421635832,,,
2025-07-31 07:15:00+00:00,,0.0065186878396814,,,
2025-07-31 19:10:00+00:00,,,-0.0090202371701746,,
2025-08-05 03:50:00+00:00,,,-0.0005661654060872,,
2025-08-07 04:45:00+00:00,,,-0.0080606829575214,,
2025-08-07 13:25:00+00:00,,0.0062422862620332,,,
2025-08-07 19:45:00+00:00,,0.0058828841170344,,,
2025-08-08 00:15:00+00:00,,,,-0.0037185365045179,
2025-08-08 01:00:00+00:00,,,,-0.0073932974764631,
2025-08-08 16:30:00+00:00,,,-0.00415346080865,,
2025-08-09 11:10:00+00:00,,,,-0.0044456106487804,
2025-08-09 19:05:00+00:00,,,-0.0118195539894904,,
2025-08-10 05:15:00+00:00,,,,-0.0001894729668464,
2025-08-10 12:15:00+00:00,,0.0037722299128335,,,
2025-08-10 17:25:00+00:00,,,,-0.0043569362081481,
2025-08-11 07:10:00+00:00,,0.0172192253714464,,,
2025-08-11 07:55:00+00:00,,,,0.0180272179997329,
2025-08-11 13:00:00+00:00,-0.0169849999999999,,,,
2025-08-11 13:20:00+00:00,,,0.0106989504908598,,
2025-08-13 13:50:00+00:00,,0.0070343692544927,,,
2025-08-13 15:20:00+00:00,,-0.0146016913127999,,,
2025-08-14 00:25:00+00:00,,0.0079463443056231,,,
2025-08-14 04:10:00+00:00,,,,0.0050896401661941,
2025-08-14 05:40:00+00:00,,-0.0156037066833819,,,
2025-08-14 07:35:00+00:00,,,0.0065448699106078,,
2025-08-17 19:30:00+00:00,,,-0.0065680873642668,,
2025-08-19 03:30:00+00:00,,-0.0108628255242406,,,
2025-08-22 18:15:00+00:00,0.01716484375,,,,
2025-08-22 19:10:00+00:00,,0.01171101484375,,,
2025-08-23 11:30:00+00:00,,,-0.0122174022889186,,
2025-08-28 08:45:00+00:00,0.0099516929094463,,,,
2025-08-29 07:05:00+00:00,-0.016985,,,,
2025-08-29 13:55:00+00:00,-0.016985,,,,
2025-08-31 03:45:00+00:00,0.0079899999999999,,,,
2025-08-31 12:05:00+00:00,,,-0.009935068267548,,
2025-09-01 00:00:00+00:00,,,-0.0108339502674155,,
2025-09-01 00:25:00+00:00,-0.016985,,,,
2025-09-01 13:00:00+00:00,0.0079899999999999,,,,
2025-09-01 13:25:00+00:00,,0.0044437805070929,,,
2025-09-01 21:50:00+00:00,,,-0.0199751437309582,,
2025-09-02 06:20:00+00:00,,0.0064876008782497,,,
2025-09-02 07:00:00+00:00,0.0101513171915319,,,,
2025-09-02 12:55:00+00:00,,,-0.0167735224627499,,
2025-09-03 14:40:00+00:00,0.0079899999999999,0.0082452554246534,,,
2025-09-04 05:00:00+00:00,-0.016985,,-0.0070755646534336,,
2025-09-05 09:15:00+00:00,,,,-0.0039035569215947,
2025-09-05 10:55:00+00:00,0.0100906978806243,,,,
2025-09-05 12:40:00+00:00,,,,-0.0049815551465056,
2025-09-05 13:35:00+00:00,,,,-0.0076156640133724,
2025-09-05 14:15:00+00:00,-0.016985,,,,
2025-09-05 15:10:00+00:00,,,-0.0095881095171521,,
2025-09-08 13:05:00+00:00,0.0079899999999999,,,,
2025-09-08 14:30:00+00:00,,0.0031076491852564,,,
2025-09-09 01:30:00+00:00,,,-0.0004011508093525,,
2025-09-09 14:35:00+00:00,,-0.012789006005341,,,
2025-09-09 15:20:00+00:00,,,-0.0129510493366428,,
2025-09-09 15:35:00+00:00,-0.016985,,,,
2025-09-10 12:30:00+00:00,0.0079899999999999,,,,
2025-09-10 12:45:00+00:00,,,,-0.0056469995326099,
2025-09-10 16:15:00+00:00,,,,-0.0006963814648125,
2025-09-11 09:10:00+00:00,,,,-0.0055634913095251,
2025-09-11 11:35:00+00:00,,-0.0042735854109625,,,
2025-09-11 12:10:00+00:00,0.0079899999999999,,,,
2025-09-11 12:35:00+00:00,,,,-0.0080871457321421,
2025-09-11 14:15:00+00:00,,,,-0.0053554425957302,
2025-09-12 01:25:00+00:00,,,,0.0069746491034621,
2025-09-12 18:05:00+00:00,0.0086983492811572,,,,
2025-09-12 20:20:00+00:00,,,,-0.0040397871872238,
2025-09-12 22:35:00+00:00,,-0.0039025144779264,,,
2025-09-13 17:00:00+00:00,,,0.0246121722767262,,
2025-09-15 06:30:00+00:00,,,,-0.0045141330593871,
2025-09-15 08:45:00+00:00,,-0.009731399450087,,,
2025-09-15 09:10:00+00:00,,,-0.0136794496990541,,
2025-09-16 17:40:00+00:00,,,,-0.0054807250225562,
2025-09-17 03:25:00+00:00,,,,-0.0045024853975477,
2025-09-17 05:55:00+00:00,0.0079899999999999,,,,
2025-09-17 08:30:00+00:00,,,,-0.0044328967812606,
2025-09-17 14:25:00+00:00,,,-0.0030518496955017,,
2025-09-17 14:30:00+00:00,-0.016985,,,,
2025-09-17 16:40:00+00:00,,-0.0099397932343902,,,
2025-09-18 03:10:00+00:00,0.0079899999999999,,,,
2025-09-18 04:35:00+00:00,,,,-0.0024415741788084,
2025-09-18 19:35:00+00:00,,,,-0.0070606808502957,
2025-09-19 10:20:00+00:00,,,-0.0119521200435402,,
2025-09-19 15:00:00+00:00,-0.016985,,,,
2025-09-21 02:00:00+00:00,,,-0.0071317158209412,,
2025-09-24 04:10:00+00:00,-0.0169849999999999,,,,
2025-09-25 03:55:00+00:00,,,-0.007949250990309,,
2025-09-25 12:30:00+00:00,-0.016985,,,,
2025-09-28 20:20:00+00:00,,0.001937011679939,,,
2025-09-29 02:10:00+00:00,,0.0072158435333622,,,
2025-09-29 13:40:00+00:00,0.012985,,,,
2025-09-29 17:45:00+00:00,,0.0034601130150144,,,
2025-09-30 04:25:00+00:00,,,,-0.0003545467989057,
2025-09-30 05:05:00+00:00,,,0.0332934102489375,,
2025-10-01 08:25:00+00:00,0.012985,,,,
2025-10-01 08:30:00+00:00,,0.0047148568771004,,,
2025-10-01 14:00:00+00:00,,0.0052860324928971,,,
2025-10-01 14:15:00+00:00,0.012985,,,,
2025-10-01 17:10:00+00:00,,,,0.0180526843295087,
2025-10-02 00:45:00+00:00,,,,-3.0765127217557975e-05,
2025-10-02 12:40:00+00:00,0.012985,,,,
2025-10-02 14:45:00+00:00,,,,-0.0065306855808335,
2025-10-02 16:00:00+00:00,,0.0054456419191784,,,
2025-10-02 17:25:00+00:00,,,,-0.0055793817078898,
2025-10-02 21:55:00+00:00,,,,-0.0038843515852944,
2025-10-03 05:50:00+00:00,,,0.0479722235537667,,
2025-10-03 12:25:00+00:00,,-0.0037210873927236,,,
2025-10-03 15:30:00+00:00,0.0129849999999998,,,,
2025-10-03 17:00:00+00:00,,,,0.0086491014524163,
2025-10-04 01:45:00+00:00,,,-0.0050566981116333,,
2025-10-04 09:20:00+00:00,,0.0007441722198013,,,
2025-10-04 11:20:00+00:00,,,-0.0079831048008324,,
2025-10-05 02:30:00+00:00,0.0129849999999998,,,,
2025-10-05 02:45:00+00:00,,,,-0.0056907717293582,
2025-10-05 07:35:00+00:00,,,,-0.0072099301513108,
2025-10-05 16:50:00+00:00,,-0.0164446592275404,,,
2025-10-06 18:55:00+00:00,0.0129849999999998,,,,
2025-10-06 20:20:00+00:00,,,,-0.0066383723600864,
2025-10-07 15:05:00+00:00,-0.02198,,,,
2025-10-09 01:10:00+00:00,,,-0.0122198106639275,,
2025-10-09 14:20:00+00:00,,-0.0180195145603422,,,
2025-10-09 14:40:00+00:00,,,-0.0122678443563222,,
2025-10-09 16:50:00+00:00,-0.0219800000000001,,,,
2025-10-10 15:30:00+00:00,-0.02198,,,,
2025-10-11 18:45:00+00:00,,0.000790219510248,,,
2025-10-11 20:55:00+00:00,-0.02198,,,,
2025-10-12 15:05:00+00:00,0.0129849999999998,,,,
2025-10-12 21:10:00+00:00,0.012985,,,,
2025-10-14 04:45:00+00:00,-0.02198,,,,
2025-10-14 21:55:00+00:00,0.0129849999999998,,,,
2025-10-15 10:50:00+00:00,,-0.0063158707839757,,,
2025-10-15 13:45:00+00:00,-0.02198,,,,
2025-10-17 07:05:00+00:00,-0.0219800000000001,,,,
2025-10-19 09:45:00+00:00,0.0129849999999998,,,,
2025-10-20 00:25:00+00:00,,-0.0158372331295224,,,
2025-10-20 03:50:00+00:00,0.0129849999999998,,,,
2025-10-20 08:30:00+00:00,,0.0068074793227925,,,
2025-10-20 17:40:00+00:00,,,-0.0096029916942509,,
2025-10-21 04:10:00+00:00,-0.02198,,,,
2025-10-21 17:20:00+00:00,,,,-0.0180758755963607,
2025-10-21 18:15:00+00:00,,0.0134153661918945,,,
2025-10-21 19:55:00+00:00,0.0280317627169535,,,,
2025-10-21 20:35:00+00:00,,,-0.0176846820959057,,
2025-10-23 06:15:00+00:00,0.0129849999999998,,,,
2025-10-23 21:40:00+00:00,,,-0.0088292726155729,,
2025-10-24 07:05:00+00:00,0.0129849999999998,,,,
2025-10-26 22:00:00+00:00,,0.0064696636055581,,,
2025-10-27 06:45:00+00:00,0.0079899999999999,0.0078165816861521,,,
2025-10-27 13:35:00+00:00,,,,0.005345500579613,
2025-10-28 14:45:00+00:00,,,,-0.0138042007569147,
2025-10-28 19:15:00+00:00,,-0.0174034144853836,,,
2025-10-28 20:00:00+00:00,-0.02198,,-0.0139935920147729,,
2025-10-30 04:20:00+00:00,-0.02198,,,,
2025-10-30 12:20:00+00:00,-0.02198,,,,
2025-10-31 00:50:00+00:00,0.0079899999999999,,,,
2025-10-31 09:15:00+00:00,0.0079899999999999,,,,
2025-11-01 00:20:00+00:00,,,,-0.0114663308458838,
2025-11-01 15:30:00+00:00,,0.0047879268049375,,,
2025-11-02 16:00:00+00:00,,,,-0.0070067778520662,
2025-11-02 16:20:00+00:00,,,0.0013721046225299,,
2025-11-04 05:40:00+00:00,-0.02198,,,,
2025-11-05 01:25:00+00:00,-0.02198,,,,
2025-11-05 14:40:00+00:00,0.0079899999999999,,,,
2025-11-05 16:55:00+00:00,0.0079900000000001,,,,
2025-11-05 19:15:00+00:00,,0.0230957254268528,,,
2025-11-06 12:40:00+00:00,,,,-0.0140286396509619,
2025-11-06 15:40:00+00:00,-0.02198,,,,
2025-11-06 15:50:00+00:00,,,-0.017058260528143,,
2025-11-07 11:10:00+00:00,-0.0219800000000001,,,,
2025-11-07 20:25:00+00:00,0.0186190356365076,,,,
2025-11-08 06:00:00+00:00,,,,-0.0050179738091614,
2025-11-08 14:15:00+00:00,-0.02198,,,,
2025-11-08 14:20:00+00:00,,,-0.0126072591265931,,
2025-11-09 08:00:00+00:00,,-0.0058401830053531,,,
2025-11-09 16:45:00+00:00,0.0079899999999999,,,,
2025-11-10 00:20:00+00:00,,0.0139272843239299,,,
2025-11-10 01:55:00+00:00,0.0081436111301005,,,,
2025-11-10 14:50:00+00:00,,,,0.0240975868260673,
2025-11-11 01:15:00+00:00,0.0079899999999999,,,,
2025-11-11 05:15:00+00:00,-0.0219800000000001,,,,
2025-11-11 06:05:00+00:00,,,,-0.0163209225248947,
2025-11-11 12:45:00+00:00,,-0.0188638788242329,,,
2025-11-11 13:20:00+00:00,,,0.0142437593501949,,
2025-11-12 15:15:00+00:00,,,,-0.018023578468953,
2025-11-12 15:40:00+00:00,-0.02198,,,,
2025-11-12 15:45:00+00:00,,,-0.0149388814867924,,
2025-11-13 14:35:00+00:00,,-0.0226597892004161,,,
2025-11-13 16:05:00+00:00,,,-0.0244823726507952,,
2025-11-13 16:10:00+00:00,-0.02198,,,,
2025-11-14 04:30:00+00:00,-0.02198,,,,
2025-11-14 20:40:00+00:00,-0.02198,,,,
2025-11-15 06:10:00+00:00,0.0079899999999999,,,,
2025-11-16 13:40:00+00:00,,,,-0.0150311876462414,
2025-11-16 16:00:00+00:00,,,-0.022153339669803,,
2025-11-17 07:35:00+00:00,0.0079899999999999,,,,
2025-11-17 13:40:00+00:00,-0.02198,,,,
2025-11-17 16:05:00+00:00,,,,-0.0285894942604518,
2025-11-17 17:40:00+00:00,,-0.0248007901889446,,,
2025-11-18 14:30:00+00:00,0.0079900000000001,,,,
2025-11-18 17:35:00+00:00,0.0082431324751142,,,,
2025-11-19 04:30:00+00:00,-0.0219800000000001,,,,
2025-11-19 04:50:00+00:00,,,-0.0161691643658326,,
2025-11-19 15:50:00+00:00,-0.02198,,,,
2025-11-20 03:20:00+00:00,0.0218713914350503,,,,
2025-11-20 14:00:00+00:00,,,,-0.0178503701041878,
2025-11-20 15:20:00+00:00,,,-0.0147124936212529,,
2025-11-20 16:10:00+00:00,,-0.0315273123269407,,,
2025-11-21 02:50:00+00:00,-0.02198,,,,
2025-11-21 14:30:00+00:00,0.0079899999999999,,,,
2025-11-21 15:40:00+00:00,-0.0236335600569448,,,,
2025-11-23 01:55:00+00:00,0.0080614062582728,,,,
2025-11-23 04:45:00+00:00,0.0079900000000001,,,,
2025-11-23 05:25:00+00:00,,0.0087417053271363,,,
2025-11-23 21:40:00+00:00,0.0079899999999999,,,,
2025-11-24 00:15:00+00:00,-0.02198,,,,
2025-11-24 00:20:00+00:00,,,,0.0069217373133145,
2025-11-24 09:20:00+00:00,-0.02198,,,,
2025-11-24 10:00:00+00:00,,,0.0028416180494441,,
2025-11-24 19:50:00+00:00,0.0119176666895166,,,,
2025-11-25 07:50:00+00:00,,,,-0.0081512513932314,
2025-11-25 09:00:00+00:00,,,-0.0125328037797981,,
2025-11-26 22:30:00+00:00,0.0168588655894659,0.0168588655894659,,,
2025-11-28 16:30:00+00:00,,,,0.0166737900275704,
2025-11-28 17:45:00+00:00,,,0.01108971861925,,
2025-11-30 23:20:00+00:00,,,-0.0079241267104577,,
2025-12-02 01:05:00+00:00,0.0129849999999998,,,,
2025-12-02 13:55:00+00:00,,0.0170287989348554,,,
2025-12-02 20:05:00+00:00,0.0350055282675476,0.0301322714709506,,,
2025-12-03 04:25:00+00:00,0.012985,,,,
2025-12-04 17:45:00+00:00,,,0.0334170351202827,,
2025-12-04 19:15:00+00:00,-0.02198,,,-0.0062839896691287,
2025-12-04 20:05:00+00:00,,-0.0175572501926535,,,
2025-12-07 21:55:00+00:00,,,,-0.0060736577292654,
2025-12-07 22:05:00+00:00,-0.02198,-0.0181250942920855,,,
2025-12-07 22:30:00+00:00,,,-0.0171523864851758,,
2025-12-08 15:15:00+00:00,,,,-0.0189055874154465,
2025-12-08 15:30:00+00:00,,,-0.020000423322667,,
2025-12-09 05:15:00+00:00,,-0.0207128895408824,,,
2025-12-09 20:35:00+00:00,0.0157492929613147,,,,
2025-12-09 21:55:00+00:00,,,,-0.007643362398126,
2025-12-10 20:10:00+00:00,,0.0162646246078193,,,
2025-12-10 20:50:00+00:00,-0.02198,,,,
2025-12-10 21:05:00+00:00,,-0.0256284308631185,,,
2025-12-11 00:30:00+00:00,,,-0.0132693957095266,,
2025-12-12 15:35:00+00:00,,,-0.0258917733885465,,
2025-12-12 15:55:00+00:00,-0.0219800000000001,,,,
2025-12-12 16:00:00+00:00,,-0.0264088083022207,,,
2025-12-15 14:50:00+00:00,,-0.0142975889325862,,,
2025-12-17 15:55:00+00:00,-0.02198,,,-0.0203210456985456,
2025-12-17 16:10:00+00:00,,-0.0273651794954704,,,
2025-12-17 16:35:00+00:00,,,-0.0370013522624782,,
2025-12-18 17:05:00+00:00,-0.02198,-0.0286251134742773,,,
2025-12-18 17:25:00+00:00,,,-0.03758070536418,,
2025-12-19 15:10:00+00:00,0.012985,,,,
2025-12-20 21:40:00+00:00,,0.001162563322534,,,
2025-12-21 14:00:00+00:00,,,-0.0049708152667317,,
2025-12-22 02:00:00+00:00,,-0.0129205310889666,,,
2025-12-22 02:15:00+00:00,,,,-0.0164980026265084,
2025-12-22 19:00:00+00:00,,-0.0161193756536579,,,
2025-12-22 19:05:00+00:00,,,,-0.0148891791391526,
2025-12-22 19:40:00+00:00,,,-0.0135478938815496,,
2025-12-25 20:25:00+00:00,,,,-0.0060760081635145,
2025-12-25 22:45:00+00:00,,,-0.0098332954763977,,
2025-12-26 07:45:00+00:00,,,,-0.0016774600793204,
2025-12-26 07:55:00+00:00,,-0.0100437487001721,,,
2025-12-26 14:55:00+00:00,-0.0169849999999999,,-0.0188624418604651,,
2025-12-28 05:35:00+00:00,,,-0.0021811842214676,,
2025-12-29 01:15:00+00:00,,-0.0054432489541025,,,
2025-12-29 06:15:00+00:00,,0.0180096620580234,,,
2025-12-29 07:05:00+00:00,,-0.0070326937201898,,,
2025-12-29 08:50:00+00:00,,,,0.0136108735935114,
2025-12-29 09:40:00+00:00,,,0.001983909831734,,
2025-12-29 09:45:00+00:00,-0.016985,,,,
2025-12-30 20:50:00+00:00,,,-0.0004589851777042,,
2025-12-31 15:10:00+00:00,,,-0.0089305709333161,,
2026-01-02 14:10:00+00:00,,-0.0076078939454495,,-0.0017882504960999,
2026-01-02 14:30:00+00:00,,,0.0080336994448395,,
2026-01-02 15:20:00+00:00,,,,-0.0132651322374478,
2026-01-02 16:40:00+00:00,,-0.0093624649516896,,,
2026-01-02 18:45:00+00:00,,-0.0095707165017896,,,
2026-01-03 03:25:00+00:00,,,,-0.0012368958643348,
2026-01-03 05:55:00+00:00,,,-0.008741461484988,,
2026-01-04 12:35:00+00:00,,,,0.0004399796892557,
2026-01-04 12:55:00+00:00,,,0.007226076814792,,
2026-01-04 17:40:00+00:00,,-0.0017949535880693,,,
2026-01-05 04:15:00+00:00,,0.0038856624808025,,,
2026-01-05 04:30:00+00:00,,,,0.0040993695647069,
2026-01-05 18:55:00+00:00,,0.0052308858880876,,,
2026-01-05 20:25:00+00:00,0.012985,,,,
2026-01-06 00:25:00+00:00,,,,0.0011528568205305,
2026-01-06 00:35:00+00:00,,,0.0172520480444895,,
2026-01-06 16:30:00+00:00,,,-0.0138078463238017,,
2026-01-07 01:15:00+00:00,,-0.0117035291010871,,,
2026-01-09 08:05:00+00:00,,,-0.0082658539433573,,
2026-01-09 08:35:00+00:00,,-0.0118796246880507,,,
2026-01-09 18:30:00+00:00,,,,-0.0153464663689997,
2026-01-11 19:55:00+00:00,,,-0.002438838016828,,
2026-01-12 00:35:00+00:00,,-0.0060763012526051,,,
2026-01-12 01:35:00+00:00,,-0.0068008366682961,,,
2026-01-12 05:05:00+00:00,,0.0051697232516485,,,
2026-01-12 07:35:00+00:00,,-0.0072588279601842,,,
2026-01-12 07:40:00+00:00,,,,0.0015136880219843,
2026-01-12 08:00:00+00:00,,,-0.0057829056425366,,
2026-01-12 08:35:00+00:00,-0.016985,,,,
2026-01-12 17:30:00+00:00,,-0.0086810844786942,,,
2026-01-12 21:50:00+00:00,,-0.0095390745761321,,,
2026-01-12 22:00:00+00:00,,,-0.0086460507986746,,
2026-01-13 14:00:00+00:00,,,,-0.0083761024529115,
2026-01-13 20:20:00+00:00,,0.0074678190566548,,,
2026-01-13 22:10:00+00:00,0.0129849999999998,,,,
2026-01-14 04:40:00+00:00,,,,0.0263919317805811,
2026-01-14 06:15:00+00:00,,,0.0281585675316335,,
2026-01-14 06:35:00+00:00,,-0.0125517608942143,,,
2026-01-14 15:10:00+00:00,0.012985,,,,
2026-01-15 00:35:00+00:00,,,0.0052531666049981,-0.0018544050912049,
2026-01-15 03:25:00+00:00,,-0.0124747507881219,,,
2026-01-15 15:00:00+00:00,,,-0.0132831770340325,,
2026-01-15 19:30:00+00:00,-0.016985,,,,
2026-01-17 22:25:00+00:00,,,-0.0056840634574135,,
2026-01-18 23:35:00+00:00,,,-0.0116551692078838,,
2026-01-21 08:45:00+00:00,,,-0.0127075051897227,,
2026-01-21 17:00:00+00:00,,,-0.032320499816148,,
2026-01-22 14:00:00+00:00,,,-0.0095250255813953,,
2026-01-22 14:25:00+00:00,,-0.0108127562656004,,,
2026-01-22 15:20:00+00:00,-0.016985,,,,
2026-01-23 19:15:00+00:00,,-0.0129719292318681,,,
2026-01-23 19:30:00+00:00,-0.0169849999999999,,,-0.0105755521636548,
2026-01-23 20:55:00+00:00,,,-0.0123081254080131,,
2026-01-26 08:20:00+00:00,,0.0047823000528324,,,
2026-01-28 03:15:00+00:00,,,,-0.0016968445697511,
2026-01-28 13:10:00+00:00,,0.008198426531226,,,
2026-01-28 14:35:00+00:00,,,,0.0013909829468699,
2026-01-28 18:45:00+00:00,,,,-0.0124061431144431,
2026-01-29 02:45:00+00:00,-0.016985,,,,
2026-01-31 08:15:00+00:00,-0.016985,,,,
2026-02-01 14:30:00+00:00,-0.0169849999999999,,,,
2026-02-02 14:35:00+00:00,0.0179799999999998,,,,
2026-02-03 02:55:00+00:00,-0.016985,,,,
2026-02-04 14:55:00+00:00,-0.0169849999999999,,,,
2026-02-06 02:25:00+00:00,-0.016985,,,,
2026-02-06 03:50:00+00:00,-0.016985,,,,
2026-02-06 05:50:00+00:00,,0.0318086106740345,,,
2026-02-06 09:35:00+00:00,0.0179800000000001,,,,
2026-02-06 21:05:00+00:00,0.0562964985820719,,,,
2026-02-07 00:00:00+00:00,-0.016985,,,,
2026-02-07 00:10:00+00:00,,,0.0055301724014018,,
2026-02-07 07:15:00+00:00,,-0.0488714394134366,,,
2026-02-07 12:50:00+00:00,-0.016985,,,,
2026-02-08 11:15:00+00:00,0.0179799999999998,,,,
2026-02-08 23:05:00+00:00,0.0179799999999998,,,,
2026-02-08 23:20:00+00:00,,,,-0.0128110118085199,
2026-02-10 03:25:00+00:00,-0.0169849999999999,,,,
2026-02-10 06:40:00+00:00,,-0.0236744859174076,,,
2026-02-11 14:35:00+00:00,-0.0169849999999999,,,,
2026-02-12 14:50:00+00:00,,,-0.0099822127995501,,
2026-02-12 16:10:00+00:00,-0.0169850000000001,,,,
2026-02-13 20:15:00+00:00,,,,0.0029887411706102,
2026-02-14 08:05:00+00:00,0.0179800000000001,,,,
2026-02-14 08:55:00+00:00,,0.0110502722368883,,,
2026-02-14 12:45:00+00:00,,,,0.0040463531269705,
2026-02-14 13:05:00+00:00,,,-0.0042983466683061,,
2026-02-14 13:15:00+00:00,-0.016985,,,,
2026-02-15 08:30:00+00:00,,,,-0.0052649354189526,
2026-02-21 16:15:00+00:00,,,,-0.0027712943456348,
2026-02-25 05:35:00+00:00,-0.0119899999999999,,,,
2026-02-25 14:35:00+00:00,,,,-0.0037031810879025,
2026-02-25 15:30:00+00:00,,0.0195147229736836,,,
2026-02-25 19:10:00+00:00,,,,0.028769000213934,
2026-02-25 19:30:00+00:00,,0.0236769046230369,,,
2026-02-25 21:45:00+00:00,,,,-0.0067172047447879,
2026-02-25 22:30:00+00:00,,,0.0404877418950568,,
2026-03-01 02:00:00+00:00,,0.018016768839135,,,
2026-03-01 04:10:00+00:00,-0.0119899999999999,,,,
2026-03-02 16:15:00+00:00,0.0377217049583551,,,,
2026-03-02 17:35:00+00:00,,,,0.0121816912016483,
2026-03-02 19:15:00+00:00,,,0.0026791237426031,,
2026-03-03 09:25:00+00:00,,-0.0260191840393791,,,
2026-03-04 07:45:00+00:00,0.0179800000000001,,,,
2026-03-04 11:05:00+00:00,,,,0.01414540011812,
2026-03-04 11:40:00+00:00,,0.0313409647166382,,,
2026-03-04 12:15:00+00:00,,,0.0147331368985654,,
2026-03-04 14:30:00+00:00,0.0179800000000001,,,,
2026-03-04 14:35:00+00:00,,,,-0.0021202817037776,
2026-03-04 16:20:00+00:00,-0.0119899999999999,,,,
2026-03-04 18:10:00+00:00,,,,0.0037919055335902,
2026-03-04 20:05:00+00:00,,,,-0.0071752876416923,
2026-03-05 16:05:00+00:00,,-0.0267557599220518,,,
2026-03-08 11:20:00+00:00,,,-0.0087087706025794,,
2026-03-09 07:15:00+00:00,-0.0119899999999999,-0.0191437000278962,,,
2026-03-09 10:00:00+00:00,,,,-0.0066667564981398,
2026-03-09 15:35:00+00:00,,,,0.0030613699503725,
2026-03-09 19:40:00+00:00,,,,-0.0105347899608672,
2026-03-10 03:40:00+00:00,-0.0119899999999999,,,0.0056120971958912,
2026-03-10 08:05:00+00:00,,0.0169865627873431,,,
2026-03-10 10:15:00+00:00,,,,0.0015964647963611,
2026-03-10 17:25:00+00:00,,,,-0.0048213746522631,
2026-03-10 17:35:00+00:00,-0.01199,,,,
2026-03-11 13:50:00+00:00,-0.01199,,,,
2026-03-13 00:45:00+00:00,,,,-0.0020304014216941,
2026-03-13 02:55:00+00:00,,,-0.0134591492173031,,
2026-03-13 08:55:00+00:00,,,,-0.0060181439089752,
2026-03-13 13:15:00+00:00,,0.0155102731874381,,,
2026-03-13 14:40:00+00:00,,,,0.0128824682049095,
2026-03-13 15:00:00+00:00,,,-0.0046600643436112,,
2026-03-15 01:25:00+00:00,,,-0.0059221004339862,,
2026-03-15 18:10:00+00:00,,,,-0.0047330258936274,
2026-03-15 22:05:00+00:00,,,,-0.0027014357170314,
2026-03-15 23:20:00+00:00,,,,0.0018241826244229,
2026-03-16 01:15:00+00:00,,,-0.0105614903065175,,
2026-03-16 03:30:00+00:00,,0.0077256694684901,,,
2026-03-16 03:45:00+00:00,,,,0.0039369318430106,
2026-03-16 05:30:00+00:00,,,,-0.0095093204347536,
2026-03-16 08:30:00+00:00,-0.01199,,,,
2026-03-16 13:50:00+00:00,,,,-0.0088701314359292,
2026-03-16 21:35:00+00:00,,0.0098665087377938,,,
2026-03-16 23:00:00+00:00,,,,-0.0031292652617133,
2026-03-17 00:25:00+00:00,,,,-0.0019432726792105,
2026-03-17 02:05:00+00:00,,,,-0.004844323300297,
2026-03-21 02:35:00+00:00,,0.0007846282740706,,,
2026-03-23 11:15:00+00:00,,,,-0.0075310297869977,
2026-03-23 12:05:00+00:00,-0.0201823773225331,,,,
2026-03-23 15:20:00+00:00,,,,-0.007617598928021,
2026-03-24 12:10:00+00:00,,,-0.0003132613148302,,
2026-03-24 14:50:00+00:00,,-0.0249581313508694,,,
2026-03-25 11:45:00+00:00,,,,-0.0041309882809275,
2026-03-28 23:15:00+00:00,,,-0.0092700166697812,-0.0100618782673385,
2026-03-30 14:45:00+00:00,,,,-0.0050576843817489,
2026-03-30 17:05:00+00:00,,,-0.0078253961427622,,
2026-03-31 01:30:00+00:00,,0.0160472635698882,,,
2026-03-31 07:20:00+00:00,,,,-0.019461476439671,
2026-03-31 08:35:00+00:00,,,-0.0144011628599631,,
2026-03-31 08:40:00+00:00,-0.0219800000000001,,,,
2026-03-31 09:15:00+00:00,,-0.0233777705439349,,,
2026-04-01 13:45:00+00:00,,,,-0.0069481540888771,
2026-04-01 13:55:00+00:00,,,-0.0126115451736188,,
2026-04-04 17:25:00+00:00,,-0.0011530224551203,,,
2026-04-05 01:10:00+00:00,,,-0.0048136778923011,,
2026-04-05 01:30:00+00:00,,,,-0.0036325097672371,
2026-04-05 22:40:00+00:00,,0.0063428621267214,,,
2026-04-06 03:10:00+00:00,,0.0131727892518109,,,
2026-04-06 09:15:00+00:00,0.0129849999999998,,,,
2026-04-06 22:30:00+00:00,,,0.0132494317286206,,
2026-04-06 22:50:00+00:00,,-0.015142052805805,,,
2026-04-06 22:55:00+00:00,,,,0.0124090290918865,
2026-04-07 22:30:00+00:00,0.0129849999999998,,,,
2026-04-08 00:35:00+00:00,0.012985,,,,
2026-04-08 02:05:00+00:00,,0.0281229830130114,,,
2026-04-08 13:45:00+00:00,,,,0.0234508382584233,
2026-04-08 15:00:00+00:00,,,0.0113004086241472,,
2026-04-10 04:25:00+00:00,,,-0.0085565920251007,,
2026-04-10 07:55:00+00:00,,,,-0.0125685946885434,
2026-04-10 20:30:00+00:00,0.0129849999999998,,,,
2026-04-11 05:05:00+00:00,,,-0.0057724003390361,,
2026-04-11 23:10:00+00:00,,,,-0.0056942163921394,
2026-04-12 00:15:00+00:00,,,-0.0092383725436075,,
2026-04-13 19:30:00+00:00,,0.0142066709616999,,,
2026-04-13 23:50:00+00:00,,0.0168427816618952,,,
2026-04-14 14:25:00+00:00,0.012985,,,,
2026-04-14 15:10:00+00:00,,,,0.0409360410586543,
2026-04-14 17:30:00+00:00,-0.0219799999999998,,,,
2026-04-14 18:45:00+00:00,,,0.0305850936882394,,
2026-04-16 13:55:00+00:00,,,,-0.0221562369403254,
2026-04-17 10:30:00+00:00,,,,-0.0062662961705474,
2026-04-17 16:20:00+00:00,0.0129849999999998,,,,
2026-04-17 16:55:00+00:00,,0.0184332504074198,,,
2026-04-18 04:45:00+00:00,,,0.0144300225326832,,
2026-04-18 08:45:00+00:00,,,,-0.0027494130009136,
2026-04-18 10:05:00+00:00,,-0.0223812146629081,,,
2026-04-19 17:10:00+00:00,,,-0.0143252709536384,,
2026-04-21 03:00:00+00:00,,,-0.0109511520865427,,
2026-04-21 12:45:00+00:00,,,,-0.0023416222524051,
2026-04-21 13:40:00+00:00,,,-0.010986033391351,,
2026-04-21 17:15:00+00:00,,-0.0184025551260057,,,
2026-04-22 12:10:00+00:00,,0.0166926794725625,,,
2026-04-22 23:30:00+00:00,,,0.0139112134187291,,
2026-04-23 00:10:00+00:00,,,,0.0126640809561739,
2026-04-26 12:45:00+00:00,,,,-0.0031693556900753,
2026-04-26 21:45:00+00:00,,,,-0.00591313787734,
2026-04-27 05:10:00+00:00,,-0.0125479358020624,,,
2026-04-27 05:15:00+00:00,,,,-0.0056092570952509,
2026-04-28 02:35:00+00:00,,,-0.0082541356136786,,
2026-04-29 12:10:00+00:00,,,,-0.0012957147941844,
2026-04-29 12:25:00+00:00,,,-0.0043417386539164,,
2026-04-29 15:10:00+00:00,,-0.0147231297810023,,,
2026-05-01 04:25:00+00:00,,,,-0.0017551364356989,
2026-05-01 20:20:00+00:00,,,3.83728927719762e-05,,
2026-05-01 20:50:00+00:00,,,,0.0033135985137555,
2026-05-03 01:00:00+00:00,,,,-0.0040900482100604,
2026-05-03 14:00:00+00:00,,-0.0034152843010843,,,
2026-05-03 21:40:00+00:00,,,,-0.00700076987719,
2026-05-03 23:20:00+00:00,,,,-0.009225408787429,
2026-05-04 06:25:00+00:00,,,-0.0070616987048494,,
2026-05-04 10:00:00+00:00,,,,-0.0042484179815972,
2026-05-04 10:05:00+00:00,-0.0219799999999998,-0.0123855084354774,,,
2026-05-05 13:05:00+00:00,0.0129849999999998,,,,
2026-05-05 13:20:00+00:00,,0.0133613207960332,,,
2026-05-05 16:45:00+00:00,,,-0.0082681991848773,,
2026-05-05 22:35:00+00:00,,,,0.0016764379038205,
2026-05-06 13:20:00+00:00,,,-0.0109093815478226,,
2026-05-06 13:35:00+00:00,,,,-0.0016723619448399,
2026-05-09 23:20:00+00:00,,,-0.0040052317321591,,
2026-05-10 01:00:00+00:00,,,,-0.0007780479689314,
2026-05-10 20:30:00+00:00,,,-0.0059962305069602,-0.0030624983224625,
2026-05-10 20:40:00+00:00,,-0.009282867113088,,,
2026-05-11 00:55:00+00:00,,-0.0127350000887767,,,
2026-05-11 01:00:00+00:00,,,-0.0132614214805825,,
2026-05-11 02:20:00+00:00,,,,-0.0069467990380367,
2026-05-11 03:10:00+00:00,-0.02198,-0.0128709699328434,,,
2026-05-12 01:35:00+00:00,,-0.0151973928047277,,,
2026-05-13 10:50:00+00:00,,,,-0.0079689501974204,
2026-05-14 19:00:00+00:00,,0.0104163917646566,,,
2026-05-14 20:40:00+00:00,,,0.0005148716405789,,
2026-05-15 02:30:00+00:00,,,,0.0069853159492923,
2026-05-15 13:35:00+00:00,-0.02198,,,,
2026-05-17 13:20:00+00:00,,,-0.0049738343838063,,
2026-05-17 14:05:00+00:00,,,,-0.0052761861528374,
2026-05-20 13:35:00+00:00,,,,-0.0043690297407821,
2026-05-21 06:45:00+00:00,,,,-0.0045393622894535,
2026-05-21 10:00:00+00:00,,,,-0.0090882859154353,
2026-05-22 14:05:00+00:00,,-0.0143130804159129,,,
2026-05-23 22:35:00+00:00,,,,0.0022927715378329,
2026-05-24 05:25:00+00:00,,,0.0150872446300716,,
2026-05-24 13:25:00+00:00,,,,-0.0076189316050143,
2026-05-25 20:40:00+00:00,,,,-0.0018123590970217,
2026-05-26 15:20:00+00:00,,,,-0.0110003622308624,
2026-05-26 18:00:00+00:00,,,-0.0193188593064177,,
2026-05-27 13:25:00+00:00,,,,-0.0127466167400173,
2026-05-27 13:40:00+00:00,,,-0.0156093974390743,,
2026-05-29 13:05:00+00:00,,,,-0.007958723013931,
2026-05-29 13:25:00+00:00,,,-0.0082174838596867,,
2026-05-29 23:20:00+00:00,,,,-0.0103503997816049,
2026-05-30 10:50:00+00:00,,-0.0106351844124377,,,
2026-05-31 10:20:00+00:00,,,,-0.0024189145968021,
2026-05-31 16:50:00+00:00,,,-0.0100527533811135,,
2026-06-01 01:50:00+00:00,,,,-0.0106659947983048,
2026-06-01 06:40:00+00:00,,,-0.011612898172161,,
2026-06-03 16:20:00+00:00,-0.02198,-0.0249666142486434,,,
2026-06-03 16:25:00+00:00,,,-0.0253430963420188,,
2026-06-04 09:15:00+00:00,-0.02198,,,,
2026-06-04 23:30:00+00:00,,-0.0127526535602905,,,
2026-06-05 02:20:00+00:00,-0.02198,,,,
2026-06-05 03:15:00+00:00,,,-0.0242196220262479,,
2026-06-06 04:10:00+00:00,-0.02198,,,,
2026-06-06 04:45:00+00:00,,,-0.0348948442554016,,
2026-06-06 16:20:00+00:00,,-0.02114282505121,,,
2026-06-07 07:50:00+00:00,0.0129849999999998,,,,
2026-06-07 19:15:00+00:00,,,,0.0057198080642102,
2026-06-08 17:00:00+00:00,,0.0027338147006328,,,
2026-06-09 00:25:00+00:00,,,,-0.001722800770363,
2026-06-09 00:55:00+00:00,,,0.0227755301592358,,
2026-06-09 13:20:00+00:00,-0.02198,,,,
2026-06-09 14:10:00+00:00,,,-0.0203877879201501,,
2026-06-10 09:20:00+00:00,-0.02198,,,,
2026-06-10 21:50:00+00:00,,-0.0244905281804034,,,
2026-06-10 21:55:00+00:00,-0.02198,,,,
2026-06-12 06:30:00+00:00,,,,0.0137845830205567,
2026-06-13 02:45:00+00:00,,,,-0.0063044435728436,
2026-06-14 06:35:00+00:00,,,,0.0044941492527246,
2026-06-14 14:45:00+00:00,,,0.0265751653113199,,
2026-06-15 01:20:00+00:00,,0.0095261563795008,,,
2026-06-15 11:15:00+00:00,0.012985,,,,
2026-06-15 22:25:00+00:00,,,,0.0203820698941108,
2026-06-16 02:25:00+00:00,,-0.0157182363614826,,,
2026-06-16 03:10:00+00:00,,,0.0138655332374548,,
2026-06-16 14:15:00+00:00,,-0.0181580174621636,,-0.0133244678565754,
2026-06-16 14:45:00+00:00,,,-0.0136642834800483,,
2026-06-17 08:40:00+00:00,,,-0.0185602401224945,,
2026-06-17 18:05:00+00:00,-0.02198,-0.017825419524609,,-0.0196210927079653,
2026-06-17 20:25:00+00:00,,,-0.0190275187813063,,
2026-06-18 15:35:00+00:00,,,-0.0213804729732974,,
2026-06-20 14:05:00+00:00,,,,0.0005227894726316,
2026-06-21 08:20:00+00:00,,,,0.000829436718678,
2026-06-21 23:45:00+00:00,,,0.0073274077084928,,
2026-06-22 12:45:00+00:00,,0.0057558668164812,,,
2026-06-22 18:55:00+00:00,,,,-0.0022335451964258,
2026-06-22 21:35:00+00:00,-0.02198,-0.0164461966726277,,,
2026-06-22 23:05:00+00:00,,,-0.0074961612221428,,
2026-06-23 18:40:00+00:00,-0.0119899999999999,,,,
2026-06-24 13:10:00+00:00,,,,-0.019062789899387,
2026-06-25 05:50:00+00:00,0.0129849999999998,,,,
2026-06-25 13:45:00+00:00,,-0.0236551510093623,,,
2026-06-25 13:55:00+00:00,,,-0.0509501599340211,,
2026-06-25 15:10:00+00:00,-0.0119899999999999,,,,
2026-06-25 16:35:00+00:00,-0.01199,,,,
2026-06-26 01:05:00+00:00,-0.0119899999999999,,,,
2026-06-26 06:35:00+00:00,0.0129849999999998,,,,
2026-06-26 09:50:00+00:00,-0.0119899999999999,,,,
2026-06-26 13:15:00+00:00,,-0.0343674721869697,,,
2026-06-26 14:40:00+00:00,-0.01199,,,,
2026-06-26 18:25:00+00:00,-0.01199,,,,
2026-06-28 06:15:00+00:00,,,-0.0150651747233158,,
2026-06-28 16:45:00+00:00,,,,-0.0183287589006749,
2026-06-29 00:30:00+00:00,-0.0119899999999999,,,,
2026-06-29 05:05:00+00:00,-0.01199,,,,
2026-06-29 13:40:00+00:00,-0.01199,,,-0.0188828956800816,
2026-06-30 00:30:00+00:00,-0.01199,,,,
2026-06-30 04:55:00+00:00,,,-0.0183459608868781,,
2026-06-30 12:20:00+00:00,,-0.0200122244686608,,,
2026-06-30 14:55:00+00:00,-0.01199,,,,
2026-07-01 14:45:00+00:00,0.0129849999999998,,,,
2026-07-01 22:20:00+00:00,0.0129849999999998,0.0193731725649146,,,
2026-07-02 00:40:00+00:00,,,,0.0002817971118502,
2026-07-02 06:00:00+00:00,-0.0119899999999999,,,,
2026-07-02 13:40:00+00:00,0.0129849999999998,,,,
2026-07-03 00:35:00+00:00,-0.01199,,,,
2026-07-03 20:35:00+00:00,,0.0208706875320598,,,
2026-07-05 09:40:00+00:00,,,,0.017454002401662,
2026-07-06 03:30:00+00:00,,,,-0.0045910368755209,
2026-07-06 07:00:00+00:00,-0.0119899999999999,,,,
2026-07-06 10:00:00+00:00,,,0.048349537974867,,
2026-07-06 11:55:00+00:00,,-0.013837500837182,,,
2026-07-06 16:55:00+00:00,0.0244554768041236,,,,
2026-07-07 01:35:00+00:00,-0.0119899999999999,,,,
2026-07-07 03:25:00+00:00,,,,-0.0136020410990322,
2026-07-07 13:20:00+00:00,-0.01199,,,,
2026-07-08 01:35:00+00:00,-0.01199,,,,
2026-07-08 02:35:00+00:00,,,-0.0185749564711208,,
2026-07-08 06:20:00+00:00,,-0.0209995583283448,,,
2026-07-10 08:15:00+00:00,0.0129849999999998,0.0185860476590993,,,
2026-07-12 00:30:00+00:00,,,0.012826548578297,,
2026-07-12 06:25:00+00:00,,,,0.009900948841736,
2026-07-13 00:40:00+00:00,,,,-0.0123720776962193,
2026-07-14 15:25:00+00:00,0.012985,,,,
2026-07-14 17:50:00+00:00,,0.0138997765618669,,,
2026-07-16 00:35:00+00:00,,,,0.0225598140560681,
2026-07-16 07:40:00+00:00,-0.01199,,,,
2026-07-16 08:10:00+00:00,,,0.0072481937860606,,
2026-07-17 18:45:00+00:00,0.0129849999999998,,,,
2026-07-20 00:10:00+00:00,,0.0139402394771221,,,
2026-07-20 00:50:00+00:00,,-0.0103896723345973,,,
2026-07-20 05:10:00+00:00,,,,-0.0008913524555693,
2026-07-20 06:30:00+00:00,,,-0.000502435977514,,
2026-07-20 13:50:00+00:00,-0.01199,,,,
2026-07-20 18:10:00+00:00,,0.0114290008206103,,,
2026-07-21 06:35:00+00:00,0.0129849999999998,,,,
2026-07-21 13:55:00+00:00,,0.013768104601441,,,
2026-07-22 06:05:00+00:00,,,,0.0106702972196555,
2026-07-22 07:35:00+00:00,,,0.0017345950951808,,
2026-07-24 10:50:00+00:00,,,,-0.0146090284539924,
2026-07-27 00:55:00+00:00,,,,0.0105062729384002,
2026-07-27 06:05:00+00:00,,0.0046151551241695,,,
2026-07-27 08:00:00+00:00,,-0.0082573252193569,,,
2026-07-27 08:15:00+00:00,,,,-0.0082590836701419,
2026-07-27 15:05:00+00:00,,,0.0018912664564141,,
2026-07-29 16:40:00+00:00,,,,-0.0061676843122324,
2026-07-29 16:50:00+00:00,,,-0.0143316637405761,,
2026-07-31 02:15:00+00:00,,,,-0.0065502529725361,
2026-07-31 03:25:00+00:00,,,-0.005385602203618,,
2026-08-02 11:50:00+00:00,,,,-0.0029973566500079,
2026-08-02 13:35:00+00:00,,,-0.0080745197685285,,
2026-08-03 00:30:00+00:00,,,,-0.0081346902499356,
2026-08-03 03:05:00+00:00,,,-0.0067593079850449,,
2026-08-03 03:45:00+00:00,,-0.0110210365037898,,,
2026-08-04 04:45:00+00:00,,0.0096567408680761,,,
2026-08-04 10:15:00+00:00,,,,-0.0070276886172211,
2026-08-05 15:05:00+00:00,0.0079899999999999,,,,
2026-08-06 13:05:00+00:00,,,0.0073318476259045,-0.0011402719383485,
2026-08-07 17:15:00+00:00,,,,-0.0068977981491661,
2026-08-07 17:30:00+00:00,,-0.0116875711393118,,,
2026-08-09 00:45:00+00:00,,,-0.0007364530072642,,
2026-08-09 22:30:00+00:00,,,,-0.0018792091045006,
2026-08-09 23:30:00+00:00,,-0.0069997955909636,,,
2026-08-10 00:40:00+00:00,,,-0.0070512318502147,,
2026-08-12 13:30:00+00:00,,,,-0.0093437541899883,
2026-08-12 15:00:00+00:00,,,-0.0150182771028037,,
2026-08-16 17:30:00+00:00,,,,-0.0023028189528313,
2026-08-16 20:40:00+00:00,,-0.0059757831651174,,,
2026-08-16 21:55:00+00:00,,,-0.0076824133856195,,
2026-08-17 09:35:00+00:00,,,,-0.0030007384808625,
2026-08-17 14:50:00+00:00,,0.0042745982761658,,,
2026-08-17 20:25:00+00:00,,0.0059352700953336,,,
2026-08-18 02:45:00+00:00,,,,0.0035014422699184,
2026-08-19 00:50:00+00:00,,,,-0.0033011199985253,
2026-08-19 01:40:00+00:00,,-0.0111999312977598,,,
2026-08-19 03:50:00+00:00,,,0.0116747874918603,,
2026-08-19 15:30:00+00:00,,,,0.047649181256159,
2026-08-19 17:25:00+00:00,0.0197754932449825,,,,
2026-08-19 20:30:00+00:00,,0.0487224172460025,,,
2026-08-20 08:05:00+00:00,0.0079899999999999,,,,
2026-08-20 10:10:00+00:00,0.0079899999999999,,,,
2026-08-20 20:35:00+00:00,,0.0215424020989223,,,
2026-08-21 05:15:00+00:00,0.0079900000000001,,,,
2026-08-21 09:05:00+00:00,,,,0.1105203200378177,
2026-08-21 09:20:00+00:00,0.0079899999999999,,,,
2026-08-21 10:10:00+00:00,,0.0271438016524552,,,
2026-08-21 11:30:00+00:00,-0.016985,,,,
2026-08-22 05:10:00+00:00,-0.016985,,,,
2026-08-24 13:45:00+00:00,-0.01199,-0.0129220388812454,,,
2026-08-24 15:55:00+00:00,-0.01199,,,,
2026-08-24 16:40:00+00:00,,0.0139591913026504,,,
2026-08-24 16:50:00+00:00,-0.0119899999999999,,,,
2026-08-25 07:45:00+00:00,-0.0119899999999999,-0.016245157615593,,,
2026-08-25 09:45:00+00:00,,,0.0054209464176215,,
2026-08-25 09:50:00+00:00,,,,0.0138204085604769,
2026-08-27 10:25:00+00:00,-0.0119899999999999,-0.0138344145435259,,,
2026-08-27 13:45:00+00:00,,,,-0.0150900146564505,
2026-08-28 02:30:00+00:00,,,,-0.0102019449060865,
2026-08-28 03:30:00+00:00,,,2.949277724817456e-05,,
2026-08-30 20:40:00+00:00,,-0.0093944693699712,,-0.0076490928833315,
2026-08-30 21:55:00+00:00,,,-0.0057587249037072,,
2026-08-31 12:25:00+00:00,,-0.0103389844282669,,,
2026-08-31 23:00:00+00:00,,-0.0115162154043565,,,
2026-09-03 18:30:00+00:00,0.0177847962860309,,,,
2026-09-03 19:50:00+00:00,,0.0242568503073976,,,
2026-09-04 02:20:00+00:00,,-0.0139155951187754,,,
2026-09-04 02:25:00+00:00,,,0.0207159270792021,,
2026-09-04 02:45:00+00:00,,,,0.0266226379092977,
2026-09-07 00:15:00+00:00,,-0.0068243784231551,,,
2026-09-07 03:10:00+00:00,,,,-0.0073043382621715,
2026-09-09 09:55:00+00:00,,-0.0095845002807363,,,
2026-09-09 15:00:00+00:00,,,,-0.013603660828436,
2026-09-09 15:20:00+00:00,,,-0.0158805071422033,,
2026-09-11 15:50:00+00:00,,,,-0.0137987377086554,
2026-09-11 15:55:00+00:00,-0.0153583359878624,-0.0153583359878624,,,
2026-09-13 22:15:00+00:00,,-0.0074707238391013,,,
2026-09-14 09:50:00+00:00,,0.0034038032325873,,,
2026-09-14 13:05:00+00:00,,,,-0.0022410597781146,
2026-09-14 18:50:00+00:00,,0.0056285537406179,,,
2026-09-14 22:25:00+00:00,,-0.0105519886887899,,,
2026-09-14 23:05:00+00:00,,,,-0.0014684427012161,
2026-09-18 09:00:00+00:00,,0.0086695007142836,,,
2026-09-18 18:50:00+00:00,,0.0199300653593124,,,
2026-09-18 19:10:00+00:00,0.012985,,,,
2026-09-19 20:30:00+00:00,,,0.0485755414958919,,
2026-09-20 02:30:00+00:00,,,,0.0467754599232974,
2026-09-20 21:00:00+00:00,,-0.0094369665617587,,,
2026-09-21 01:50:00+00:00,,,,-0.0141750741593639,
2026-09-21 12:50:00+00:00,0.019005646415837,,,,
2026-09-21 19:30:00+00:00,0.0079899999999999,,,,0.007989999999999942
2026-09-22 00:55:00+00:00,,-0.0167785568244641,,,
2026-09-23 11:25:00+00:00,,,,-0.0152231674197292,
2026-09-24 14:50:00+00:00,,-0.0163106689716507,,,
2026-09-25 13:50:00+00:00,,,,-0.015244086789996,
2026-09-27 22:35:00+00:00,,,,-0.0028054158202817,
2026-09-28 14:50:00+00:00,,-0.0115654936284431,,,
2026-09-29 01:15:00+00:00,,-0.0141996113186488,,,
2026-09-29 15:20:00+00:00,,,-0.0120591729161927,,
2026-09-29 15:25:00+00:00,,,,-0.0184432281473049,
2026-09-30 13:40:00+00:00,,,,-0.0091162464553472,
2026-09-30 14:20:00+00:00,,-0.0154768653032428,,,
2026-09-30 14:30:00+00:00,-0.016985,,,,-0.016985000000000028
2026-09-30 20:00:00+00:00,,,-0.0252586471330436,,
