exit_time,accurate,vol_adjusted,trend_reversal,donchian_breakout,hybrid
2018-07-03 10:30:00+00:00,,,,0.9984545504452222,
2018-07-03 19:00:00+00:00,0.98801,,,,
2018-07-04 13:00:00+00:00,,1.0256134871905722,,,1.0256134871905722
2018-07-05 00:00:00+00:00,,,,0.975061237978971,
2018-07-05 11:00:00+00:00,0.9959041999,,,,
2018-07-07 13:00:00+00:00,0.9839633085431988,,,,
2018-07-08 23:00:00+00:00,,,,0.9687034452912896,
2018-07-08 23:30:00+00:00,0.9697104613049392,,,,
2018-07-10 01:00:00+00:00,,,0.9848301628804432,,
2018-07-13 19:00:00+00:00,0.958083632873893,,,,
2018-07-15 15:00:00+00:00,0.9657387211005554,,,,
2018-07-16 09:00:00+00:00,0.9734549734821488,,,,
2018-07-16 22:00:00+00:00,,1.0460548022951466,,,1.0460548022951466
2018-07-17 11:30:00+00:00,1.0031252527716343,,,,
2018-07-18 06:00:00+00:00,,1.085274655308884,,,1.0852746553088841
2018-07-18 18:30:00+00:00,1.1063978122799183,,,,
2018-07-18 20:00:00+00:00,,,,1.1105877832338722,
2018-07-20 00:00:00+00:00,1.0931321025106822,,,,
2018-07-20 06:30:00+00:00,1.080025448601579,,,,
2018-07-20 17:00:00+00:00,,,,1.0808588739883862,
2018-07-21 01:30:00+00:00,,,1.1220268355831229,,
2018-07-22 14:30:00+00:00,1.0886548519359058,,,,
2018-07-22 21:00:00+00:00,1.0756018802611942,,,,
2018-07-24 02:30:00+00:00,1.0945100911568115,,,,
2018-07-24 05:00:00+00:00,,1.104119774814412,,,1.104119774814412
2018-07-24 17:30:00+00:00,,1.1307538960087389,,,1.1307538960087389
2018-07-25 09:00:00+00:00,,,,1.150123233035159,
2018-07-25 10:30:00+00:00,1.1335618394954945,,,,
2018-07-26 20:30:00+00:00,1.1199704330399434,,,,
2018-07-26 22:30:00+00:00,,,1.202317812499578,,
2018-07-28 15:30:00+00:00,1.0959983494456622,,,,
2018-07-30 11:00:00+00:00,,,1.1875489970430586,,
2018-08-04 12:30:00+00:00,1.0609592822138842,,,,
2018-08-06 13:30:00+00:00,1.0270404139615064,,,,
2018-08-07 20:00:00+00:00,0.9942059319271568,,,,
2018-08-07 22:00:00+00:00,,,1.1238854973008363,,
2018-08-10 20:30:00+00:00,0.9624211682834456,,,,
2018-08-12 00:00:00+00:00,0.9316525635334238,,,,
2018-08-12 19:30:00+00:00,0.9484036766257548,,,,
2018-08-13 15:00:00+00:00,,,,1.1145677327868873,
2018-08-13 15:30:00+00:00,0.9180832110840296,,,,
2018-08-13 19:30:00+00:00,,,1.084426091031797,,
2018-08-15 16:00:00+00:00,,1.164523406604802,,,1.164523406604802
2018-08-15 20:00:00+00:00,,,,1.0753128880367608,
2018-08-16 07:00:00+00:00,0.9345903472193204,,,,
2018-08-16 20:30:00+00:00,0.9047114938187188,,,,
2018-08-17 10:00:00+00:00,0.9209782064775796,,,,
2018-08-18 13:00:00+00:00,,,,1.0400267624931714,
2018-08-18 16:30:00+00:00,,,1.0850649801863086,,
2018-08-20 22:00:00+00:00,0.8915345332164913,,,,
2018-08-20 23:30:00+00:00,,,1.0469551775352692,,
2018-08-22 15:30:00+00:00,,,,1.0452464799377523,
2018-08-22 20:00:00+00:00,,1.0915417853289535,,,1.0915417853289537
2018-08-22 21:00:00+00:00,,,0.9713604470306648,,
2018-08-22 22:00:00+00:00,0.86303217418956,,,,
2018-08-25 07:30:00+00:00,0.8803021867953326,,,,
2018-08-27 03:00:00+00:00,,1.08514185981575,,,1.08514185981575
2018-08-27 23:30:00+00:00,0.8961300201139127,,,,
2018-08-28 12:30:00+00:00,,1.1050722202846692,,,1.1050722202846692
2018-08-29 07:00:00+00:00,0.9128379592079274,,,,
2018-08-29 15:00:00+00:00,,,,1.073011061857975,
2018-08-30 10:30:00+00:00,,,1.0179217765051,,
2018-08-30 11:30:00+00:00,0.88365452965205,,,,
2018-09-01 15:00:00+00:00,,1.1288543932239987,,,1.1288543932239987
2018-09-02 00:30:00+00:00,,,,1.0749777898576809,
2018-09-02 01:30:00+00:00,,,1.0080340587430898,,
2018-09-02 13:30:00+00:00,,,,1.062144227349729,
2018-09-04 21:00:00+00:00,,,1.0051944658584475,,
2018-09-05 09:30:00+00:00,,1.1061243484187542,,1.0572224653997913,1.1061243484187542
2018-09-05 10:30:00+00:00,0.855404094339074,,,,
2018-09-08 17:30:00+00:00,0.8280568254430538,,,,
2018-09-09 22:30:00+00:00,,,0.977074223319682,,
2018-09-13 20:00:00+00:00,,,,1.056277538083125,
2018-09-13 20:30:00+00:00,,,0.9716889967768644,,
2018-09-13 21:30:00+00:00,0.8614455542039172,,,,
2018-09-14 08:30:00+00:00,,,,1.041629886059816,
2018-09-17 15:00:00+00:00,0.8339051398360179,,,,
2018-09-19 19:00:00+00:00,0.8572294665972313,,,,
2018-09-21 21:00:00+00:00,0.8856137911549065,,,,
2018-09-22 04:00:00+00:00,,,0.9747034367850784,,
2018-09-22 08:00:00+00:00,,,,1.0673088281410334,
2018-09-25 00:00:00+00:00,0.8573007182516842,,,,
2018-09-26 20:30:00+00:00,,,0.9660305309136696,,
2018-09-28 09:00:00+00:00,,,,1.0705165522099396,
2018-09-28 09:30:00+00:00,0.8812794193411838,,0.9477286646777574,,
2018-09-29 01:00:00+00:00,,1.0826052213575417,,,1.0826052213575417
2018-10-05 22:00:00+00:00,0.8883208419017198,,,,
2018-10-06 02:00:00+00:00,,,,1.05609196791504,
2018-10-08 11:00:00+00:00,,1.087365684843937,,,1.087365684843937
2018-10-09 08:00:00+00:00,,1.077485600863411,,1.04474959175889,1.077485600863411
2018-10-10 05:30:00+00:00,,,0.9310827584113572,,
2018-10-15 07:00:00+00:00,,,,1.1200845172998428,
2018-10-15 08:00:00+00:00,,1.1014578359925675,,,1.1014578359925677
2018-10-15 10:30:00+00:00,0.9332612932105704,,,,
2018-10-15 19:30:00+00:00,0.9034249296666284,,,,
2018-10-17 16:00:00+00:00,,1.057394465750927,,,1.0573944657509273
2018-10-18 17:30:00+00:00,0.8745424346651862,,,,
2018-10-18 19:00:00+00:00,,,0.8934909018860003,,
2018-11-02 09:30:00+00:00,,,,1.1135633779073328,
2018-11-03 11:00:00+00:00,,,0.881694793218317,,
2018-11-04 20:30:00+00:00,,,,1.11248810316043,
2018-11-06 20:30:00+00:00,,1.055768593494658,,,1.0557685934946581
2018-11-07 14:00:00+00:00,,,,1.114733282118898,
2018-11-08 16:00:00+00:00,,1.0386827885954029,,,1.0386827885954029
2018-11-08 17:30:00+00:00,,,0.8778658085221478,,
2018-11-14 09:30:00+00:00,,,,1.1017175030470316,
2018-11-14 10:00:00+00:00,,1.0259882021133524,,,1.0259882021133524
2018-11-15 23:30:00+00:00,0.881530028718161,,,,
2018-11-20 17:00:00+00:00,0.8533475137000414,,,,
2018-11-21 06:00:00+00:00,0.826065993687051,,,,
2018-11-21 10:00:00+00:00,0.8363422093645012,,,,
2018-11-22 01:30:00+00:00,0.8430245836173236,,,,
2018-11-24 00:30:00+00:00,0.8497603500404259,,,,
2018-11-25 13:30:00+00:00,0.8565499352372489,,,,
2018-11-25 23:00:00+00:00,0.8774060910656817,,,,
2018-11-26 08:30:00+00:00,0.8493554183343118,,,,
2018-11-26 15:30:00+00:00,,0.9405043066462472,,,0.9405043066462471
2018-11-26 19:00:00+00:00,0.8640982157824014,,,,
2018-11-27 00:30:00+00:00,0.8710023605265027,,,,
2018-11-27 08:30:00+00:00,0.8431564150604705,,,,
2018-11-28 00:00:00+00:00,0.8498932348168036,,,,
2018-11-28 12:30:00+00:00,0.8566838817629898,,,,
2018-11-28 15:00:00+00:00,0.8689659527145411,,,,
2018-11-28 20:00:00+00:00,0.8759089906767302,,,,
2018-11-29 01:30:00+00:00,,,,1.076927940348498,
2018-11-29 11:30:00+00:00,0.8905816506935409,,,,
2018-11-30 00:00:00+00:00,0.8799035767017254,,,,
2018-12-01 12:30:00+00:00,0.8903039157443443,,,,
2018-12-01 17:30:00+00:00,0.8796291717945697,,,,
2018-12-02 03:00:00+00:00,0.8690824180247528,,,,
2018-12-03 02:30:00+00:00,,,0.8277610808548632,,
2018-12-04 14:00:00+00:00,0.8760263865447706,,,,
2018-12-06 10:00:00+00:00,0.8655228301700988,,,,
2018-12-07 06:30:00+00:00,0.8551452114363592,,,,
2018-12-07 21:30:00+00:00,0.8288926505050123,,,,
2018-12-08 01:30:00+00:00,0.8160517434448284,,,,
2018-12-08 17:00:00+00:00,0.8062672830409249,,,,
2018-12-08 23:30:00+00:00,0.7927416828514142,,,,
2018-12-09 01:30:00+00:00,0.799075688897397,,,,
2018-12-09 15:30:00+00:00,0.8054603036516872,,,,
2018-12-09 21:30:00+00:00,0.7958028346109034,,,,
2018-12-10 16:30:00+00:00,,,0.7995633314452271,,
2018-12-17 15:00:00+00:00,0.805062947160911,,,,
2018-12-17 21:00:00+00:00,0.7954102424244517,,,,
2018-12-17 21:30:00+00:00,,,,1.130008846037987,0.9868610019563273
2018-12-18 15:30:00+00:00,0.7858732736177826,,,,
2018-12-18 23:00:00+00:00,,0.986763478942663,,,
2018-12-19 01:30:00+00:00,0.7922900676717275,,,,
2018-12-19 13:00:00+00:00,0.7986204653124246,,,,
2018-12-19 14:00:00+00:00,,,,1.1929166423614217,1.0417997319744838
2018-12-20 09:00:00+00:00,,1.0580612960793483,,,
2018-12-20 10:30:00+00:00,0.8111616389597557,,,,
2018-12-20 11:30:00+00:00,0.8014358109086281,,,,
2018-12-20 17:30:00+00:00,0.7896629610315266,,,,
2018-12-20 20:00:00+00:00,,,,1.2062018689196072,1.0534020057428672
2018-12-21 01:00:00+00:00,0.7959723680901684,,,,
2018-12-21 02:30:00+00:00,,,,1.160309947456632,1.013323604803402
2018-12-21 23:30:00+00:00,,,0.8934619730922893,,
2018-12-22 11:00:00+00:00,0.7864286593967672,,,,
2018-12-23 01:30:00+00:00,0.7927122243853475,,,,
2018-12-24 03:00:00+00:00,0.8184104091279923,,,,
2018-12-24 15:30:00+00:00,0.8085976683225476,,,1.129041007399659,0.9860157676807718
2018-12-25 01:30:00+00:00,,,0.8593693768219024,,
2018-12-26 02:30:00+00:00,0.7989025822793604,,,,
2018-12-27 19:00:00+00:00,,0.9465515624784852,,,
2018-12-28 18:30:00+00:00,0.8052858139117725,,,,
2018-12-29 10:00:00+00:00,,,,1.103500872934274,0.9637110195569135
2018-12-30 12:00:00+00:00,0.7956304370029703,,,,
2018-12-30 12:30:00+00:00,,,,1.064508581694673,0.9296582139207425
2019-01-02 06:30:00+00:00,0.7860908280633048,,,,
2019-01-03 16:00:00+00:00,,,,1.050000449966956,0.9169879507953437
2019-01-03 18:30:00+00:00,,,0.8481436776979,,
2019-01-06 17:00:00+00:00,,0.9733005929944312,,,
2019-01-07 09:00:00+00:00,0.7766655990348258,,,,
2019-01-07 09:30:00+00:00,,,,1.0724216022307476,0.9365688247554373
2019-01-08 16:00:00+00:00,,,,1.0519849837257893,0.9187210867619559
2019-01-10 06:30:00+00:00,,0.9267871586405506,,,
2019-01-10 07:00:00+00:00,,,0.8017743172869077,,
2019-01-14 21:00:00+00:00,0.7673533785023983,,,,
2019-01-15 09:30:00+00:00,,,,1.0274673831650782,0.8973093394648068
2019-01-15 23:00:00+00:00,,,0.7826988227315806,,
2019-01-19 18:00:00+00:00,0.7581528114941545,,,,
2019-01-20 11:00:00+00:00,,,,1.0261926355187845,0.8961960749590697
2019-01-20 11:30:00+00:00,,0.9020667219037918,,,
2019-01-20 13:00:00+00:00,,,0.7430952572521089,,
2019-01-23 21:00:00+00:00,,,0.73025197977877,,
2019-01-26 15:00:00+00:00,,,,1.012983573534174,0.8846603173490822
2019-01-27 00:30:00+00:00,,,0.7177868030337397,,
2019-02-01 01:30:00+00:00,,0.8840100431386783,,,
2019-02-08 17:30:00+00:00,,,,1.0424611599731646,0.9104037268723194
2019-02-08 19:30:00+00:00,0.7490625592843395,,,,
2019-02-09 13:00:00+00:00,,0.931106978877256,,,
2019-02-10 09:30:00+00:00,,,0.7539680939506002,,
2019-02-17 10:00:00+00:00,,0.9401301278156524,,,
2019-02-17 10:30:00+00:00,,,,1.0280825755102765,0.8978466001564436
2019-02-18 01:30:00+00:00,,,,1.022240300410192,0.8927444157981629
2019-02-18 15:00:00+00:00,,,,1.0242632832361669,0.8945111301611361
2019-02-18 16:00:00+00:00,0.762530704100272,,,,
2019-02-18 17:00:00+00:00,,,,1.025601732744268,0.895680026871338
2019-02-19 01:00:00+00:00,,,,1.0185894414850385,0.8895560422650612
2019-02-19 13:30:00+00:00,,0.9957495932987268,,,
2019-02-19 21:30:00+00:00,,,,1.0026974458292297,0.875677221040816
2019-02-21 08:30:00+00:00,,,,0.9873181205508168,0.86224612587118
2019-02-21 10:00:00+00:00,,,0.7993726189967938,,
2019-02-23 17:30:00+00:00,,1.0239242296710418,,,
2019-02-24 03:00:00+00:00,0.7762410061599948,,,,
2019-02-24 09:30:00+00:00,,,,1.012796635238405,0.8844970601192708
2019-02-24 14:30:00+00:00,,0.9524440566938772,0.7437029365538222,,
2019-03-04 04:00:00+00:00,0.7591792288445981,,,,
2019-03-06 02:00:00+00:00,,,0.7590123706151846,,
2019-03-06 10:30:00+00:00,,0.9641811487549722,,,
2019-03-06 13:00:00+00:00,,,,0.9994947025713165,0.872880196547074
2019-03-07 06:30:00+00:00,,,0.7513910230826018,,
2019-03-08 22:00:00+00:00,,,,0.988766061985871,0.8635106442334756
2019-03-09 15:00:00+00:00,0.7804134718753816,,,,
2019-03-09 17:00:00+00:00,,,,0.9809226795528964,0.856660849850298
2019-03-09 18:00:00+00:00,,,0.7439880301481437,,
2019-03-11 05:00:00+00:00,,,0.738089042921804,,
2019-03-15 23:00:00+00:00,,,0.7358678948710771,,
2019-03-16 05:30:00+00:00,,,,0.9866609399428676,0.8616721959276216
2019-03-16 12:30:00+00:00,,0.9505392630189315,,,
2019-03-16 13:30:00+00:00,,,0.7398409627053784,,
2019-03-18 06:00:00+00:00,,,0.7281115920147728,,
2019-03-21 05:30:00+00:00,,,0.7251325238594802,,
2019-03-21 13:00:00+00:00,,,,0.976308551783538,0.8526312329410245
2019-03-21 14:30:00+00:00,0.7632599837635606,,,,
2019-03-25 18:30:00+00:00,0.7464835293204376,,,,
2019-03-28 03:30:00+00:00,,,0.7301121091006563,,
2019-03-29 05:30:00+00:00,,,0.7245621751248169,,
2019-03-29 09:00:00+00:00,,0.9614171335477304,,,
2019-03-29 10:30:00+00:00,0.7673626736355302,,,,
2019-03-29 12:00:00+00:00,,,,0.9817319547090102,0.8573676072303141
2019-03-29 21:00:00+00:00,,,0.7225675709092636,,
2019-03-30 04:00:00+00:00,,,0.7146456925170788,,
2019-04-01 11:00:00+00:00,,,0.7108474355738507,,
2019-04-02 07:30:00+00:00,0.7904659146882579,,,,
2019-04-02 14:00:00+00:00,0.7809882283711457,,,,
2019-04-02 17:00:00+00:00,,1.0075947216211734,,,0.8985476182917974
2019-04-03 02:00:00+00:00,0.7950303967172588,,,,
2019-04-03 04:30:00+00:00,,0.9677209176191452,,,0.8629891632409314
2019-04-03 11:00:00+00:00,,,0.83396568560527,,
2019-04-03 16:00:00+00:00,0.809325043250235,,,,
2019-04-03 20:00:00+00:00,0.8238767075278743,,,,
2019-04-03 22:00:00+00:00,0.8070324688955621,,,,
2019-04-03 22:30:00+00:00,,0.9270382059363264,,0.993659762219578,0.8267093446751564
2019-04-03 23:30:00+00:00,,,0.8017302180723528,,
2019-04-04 03:00:00+00:00,0.7973561495935044,,,,
2019-04-04 22:30:00+00:00,0.7877958493598783,,,,
2019-04-05 15:30:00+00:00,,,0.7904036055811026,,
2019-04-06 20:30:00+00:00,0.7783501771260535,,,,
2019-04-06 21:30:00+00:00,,,0.7698613494997469,,
2019-04-08 07:30:00+00:00,,,0.7588692859438674,,
2019-04-10 20:30:00+00:00,0.7690177585023121,,,,
2019-04-10 23:00:00+00:00,,,0.7665557393082381,,
2019-04-11 03:30:00+00:00,,,,0.9841738532694528,
2019-04-13 08:30:00+00:00,,,0.7582405696861637,,
2019-04-15 10:30:00+00:00,,,0.7629485976008651,,
2019-04-15 17:30:00+00:00,,,,0.9677560170166464,
2019-04-17 09:00:00+00:00,,,0.762617452923201,,
2019-04-18 10:30:00+00:00,,,0.7581505421932038,,
2019-04-18 19:30:00+00:00,0.7828446978001836,,,,
2019-04-19 00:30:00+00:00,,,0.7514039591294686,,
2019-04-19 05:00:00+00:00,,0.9282462308014504,,,0.827786630851932
2019-04-20 11:30:00+00:00,,,0.748042532277357,,
2019-04-21 12:30:00+00:00,,,,0.9669013629947052,
2019-04-23 03:30:00+00:00,,0.9400003145723344,,,0.8382686269867835
2019-04-23 06:00:00+00:00,0.7734583898735594,,,,
2019-04-23 07:00:00+00:00,,0.953751952344529,,,0.8505319915148707
2019-04-23 22:30:00+00:00,,,0.7757749632356796,,
2019-04-24 07:30:00+00:00,,0.9359024247984722,,0.9726552566631864,0.8346142320030525
2019-04-25 22:00:00+00:00,,,0.7622147501120896,,
2019-04-26 04:30:00+00:00,0.7641846237789754,,,,
2019-04-28 00:00:00+00:00,,,0.7547851214320457,,
2019-05-02 08:00:00+00:00,0.7779246633145215,0.9507991870158996,,,
2019-05-04 04:30:00+00:00,,1.0082456343284842,,,
2019-05-04 09:00:00+00:00,0.8328577002115308,,,,
2019-05-04 13:30:00+00:00,0.8145514879608814,,,1.0308382322071483,
2019-05-04 14:00:00+00:00,,,0.7932287147554763,,0.8771237743959883
2019-05-05 08:00:00+00:00,0.7966476462555011,,,,
2019-05-06 00:30:00+00:00,0.7791373309908052,,,,
2019-05-08 00:00:00+00:00,,,,1.0107218667410205,
2019-05-08 00:30:00+00:00,,,0.7734669671158138,,0.855271944834189
2019-05-08 06:00:00+00:00,0.7931462202020197,,,,
2019-05-09 21:30:00+00:00,,1.039779710652052,,,
2019-05-10 21:30:00+00:00,,1.0694501315536804,,,
2019-05-11 09:00:00+00:00,,1.105092475415986,,,
2019-05-12 05:00:00+00:00,,1.176009603926546,,,
2019-05-12 15:00:00+00:00,,1.0951545012076291,,1.147572281279331,
2019-05-12 15:30:00+00:00,0.9064186043296688,,,,
2019-05-12 16:00:00+00:00,,,0.8676275321110406,,0.9593913099448328
2019-05-12 22:30:00+00:00,0.8864955234065027,,,,
2019-05-14 18:30:00+00:00,0.9545946190288584,,,,
2019-05-14 21:00:00+00:00,,,0.8961501501570907,,0.9909305948078608
2019-05-15 01:30:00+00:00,0.9774599136348596,,,,
2019-05-15 17:30:00+00:00,0.9950346428820142,,,,
2019-05-15 21:00:00+00:00,0.9731637814314676,,,,
2019-05-16 08:00:00+00:00,,,0.870484192517092,,0.9625501022463643
2019-05-16 10:00:00+00:00,0.9408290477713442,,,,
2019-05-17 02:30:00+00:00,,,,1.1726624629571138,
2019-05-17 03:00:00+00:00,,0.9969366471295916,,,
2019-05-18 09:00:00+00:00,0.92014962530133,,,,
2019-05-19 01:00:00+00:00,0.936693915564248,,,,
2019-05-20 05:00:00+00:00,0.991439064632789,,,,
2019-05-20 08:00:00+00:00,0.96964723399216,,,,
2019-05-20 08:30:00+00:00,,,0.8681225148470295,,0.9599386440460513
2019-05-20 12:30:00+00:00,,,,1.118593617956722,
2019-05-21 11:30:00+00:00,0.9483343877890124,,,,
2019-05-21 21:00:00+00:00,0.965385440081459,,,,
2019-05-22 11:00:00+00:00,0.9441662681084684,,,,
2019-05-23 16:00:00+00:00,,0.9757493905065256,,,
2019-05-25 05:30:00+00:00,,,0.8563147352087827,,0.9468820261363884
2019-05-25 09:30:00+00:00,0.9611423776090589,,,,
2019-05-26 11:30:00+00:00,0.9400164681492116,,,1.0889787390968726,
2019-05-26 19:30:00+00:00,,1.013910492343468,,,
2019-05-28 00:30:00+00:00,1.0070340901230406,,,,
2019-05-28 13:30:00+00:00,0.9848994808221362,,,1.1378456400344994,
2019-05-28 14:30:00+00:00,,,0.874102665475125,,0.9665512794597713
2019-05-29 04:30:00+00:00,0.9632513902336656,,,,
2019-05-30 15:30:00+00:00,0.9805706502300668,,,,
2019-05-30 16:30:00+00:00,0.9492218065422114,,,,
2019-05-30 17:00:00+00:00,,,,1.092090187834439,
2019-06-02 07:30:00+00:00,0.9662888146238404,,,,
2019-06-02 19:30:00+00:00,,,0.8571973163474274,,
2019-06-03 07:00:00+00:00,0.935396561220316,,,,
2019-06-06 18:00:00+00:00,0.9054919331581024,,,,
2019-06-08 04:00:00+00:00,,,0.8525912228622732,,
2019-06-09 14:00:00+00:00,0.876543356055038,,,,
2019-06-09 16:00:00+00:00,,0.9584003589728308,,,0.9136339945144684
2019-06-11 16:00:00+00:00,0.8485202649619583,,,,
2019-06-13 15:30:00+00:00,0.8666858938523876,,,,
2019-06-14 03:00:00+00:00,,,0.8431189216471452,,
2019-06-14 21:00:00+00:00,,1.0013455121425192,,,0.9545732027150052
2019-06-16 01:00:00+00:00,,1.033852074113667,,,0.9855614006884095
2019-06-16 19:00:00+00:00,,,0.9071737820634383,,
2019-06-16 19:30:00+00:00,,,,1.1949955393657807,
2019-06-17 05:30:00+00:00,0.9705048574125912,,,,
2019-06-17 12:00:00+00:00,,1.0706018382644715,,,1.020594603153556
2019-06-17 14:30:00+00:00,0.9879545347488696,,,,
2019-06-17 15:30:00+00:00,0.956369628272948,,,,
2019-06-18 15:30:00+00:00,0.925794491257062,,,,
2019-06-19 12:30:00+00:00,,,,1.1608365202455595,
2019-06-20 10:00:00+00:00,,,0.8954034133861986,,
2019-06-21 20:30:00+00:00,,1.1108781477045164,,,1.058989627877302
2019-06-22 01:00:00+00:00,,1.1476048811561148,,,1.0940008753947952
2019-06-22 14:30:00+00:00,,,,1.2663323030949172,
2019-06-22 19:30:00+00:00,,,1.0010835410179444,,
2019-06-23 00:00:00+00:00,,1.207506746577221,,,1.1511047569524029
2019-06-23 02:30:00+00:00,1.0949539108709865,,,,
2019-06-24 01:00:00+00:00,,,0.9621420943192106,,
2019-06-24 22:00:00+00:00,1.114641182188447,,,,
2019-06-26 20:30:00+00:00,,,,1.4115770594133756,
2019-06-26 21:00:00+00:00,,1.3222478717886528,,,1.2604863860185258
2019-06-26 22:30:00+00:00,,,1.0705659051134016,,
2019-06-27 05:30:00+00:00,1.3008987300271653,,,,
2019-06-27 06:30:00+00:00,1.252342728611441,,,,
2019-06-29 00:00:00+00:00,1.2966032996686645,,,,
2019-06-29 02:00:00+00:00,1.2437920804071518,,,,
2019-06-30 07:30:00+00:00,1.204028047596535,,,,
2019-06-30 23:30:00+00:00,,,,1.2480855685835024,
2019-07-03 12:30:00+00:00,1.28366771102301,,,,
2019-07-03 18:00:00+00:00,1.2426288543016044,,,,
2019-07-03 18:30:00+00:00,,,1.0430011270019248,,
2019-07-03 22:00:00+00:00,1.2773851833564205,,,,
2019-07-04 10:30:00+00:00,,,1.011983842204985,,
2019-07-04 23:00:00+00:00,1.2365471790445155,,,,
2019-07-05 07:00:00+00:00,,,,1.2602793958949146,
2019-07-05 20:30:00+00:00,1.1970147657304622,,,,
2019-07-06 22:00:00+00:00,1.158746203670059,,,,
2019-07-08 09:00:00+00:00,1.191156334986711,,,,
2019-07-09 08:00:00+00:00,1.2537177333046692,,,,
2019-07-09 10:30:00+00:00,1.2082856329175922,,,,
2019-07-09 11:00:00+00:00,,,1.0408192169042467,,
2019-07-10 12:30:00+00:00,1.2474307670878944,,,,
2019-07-10 15:00:00+00:00,,,1.0015923069444943,1.3462982615634074,
2019-07-11 20:00:00+00:00,1.2075504054640944,,,,
2019-07-13 10:00:00+00:00,1.1689450190014077,,,,
2019-07-13 20:30:00+00:00,,,,1.2427672273179795,
2019-07-15 06:30:00+00:00,,1.165738832905838,,,1.1112878000274078
2019-07-16 03:00:00+00:00,1.2302664564685732,,,,
2019-07-16 07:30:00+00:00,1.190934837855273,,,,
2019-07-16 16:00:00+00:00,,,,1.1465884177893415,
2019-07-17 21:00:00+00:00,1.2242452852700851,,,,
2019-07-18 12:00:00+00:00,1.1851061635000004,,,,
2019-07-19 04:00:00+00:00,1.2182535828930956,,,,
2019-07-20 17:00:00+00:00,1.2523281356066156,,,,
2019-07-21 03:00:00+00:00,1.2122912051112722,,0.976289068394521,,
2019-07-22 14:30:00+00:00,1.1735342552838648,,,1.1900116068077045,
2019-07-24 16:30:00+00:00,1.1360163651424395,,,,
2019-07-26 00:00:00+00:00,1.0996979219488356,,,,
2019-07-27 10:00:00+00:00,,,,1.153542148090378,
2019-07-27 10:30:00+00:00,1.0413531771208195,,,,
2019-07-28 22:00:00+00:00,1.0080611160482669,,,,
2019-08-01 06:00:00+00:00,,,0.9798521007887112,,
2019-08-01 14:30:00+00:00,1.0541161001993566,,,,
2019-08-01 19:00:00+00:00,,1.202148684979886,,,1.1459969675257857
2019-08-02 19:30:00+00:00,,,0.9973392897940572,,
2019-08-02 20:30:00+00:00,1.09707986292573,,,,
2019-08-03 02:00:00+00:00,,1.2428206312108276,,,1.184769149059063
2019-08-04 03:00:00+00:00,1.1308364311687236,,,,
2019-08-04 04:00:00+00:00,,,0.9905752853598542,,
2019-08-05 01:00:00+00:00,,1.2896634503059805,,,1.2294239653094359
2019-08-06 02:30:00+00:00,,,1.0051442132373751,,
2019-08-06 06:30:00+00:00,,1.3453618133349383,,,1.2825206878071227
2019-08-06 12:00:00+00:00,1.2266022798502745,,,,
2019-08-06 12:30:00+00:00,,,0.9600336090023968,1.309796818303682,
2019-08-10 11:30:00+00:00,1.1873296224717278,,,,
2019-08-13 14:00:00+00:00,1.149370694441307,,,,
2019-08-16 05:00:00+00:00,1.112625313340018,,,,
2019-08-16 22:30:00+00:00,1.1437454433541383,,,,
2019-08-17 17:00:00+00:00,1.1071799015301067,,,,
2019-08-20 09:00:00+00:00,,,0.958929966476132,,
2019-08-20 09:30:00+00:00,1.138147723375904,,,,
2019-08-21 03:30:00+00:00,1.1017611406595762,,,,
2019-08-21 04:00:00+00:00,,1.2786714956884488,,,1.2189454389705052
2019-08-24 05:00:00+00:00,,,0.9510176623023754,,
2019-08-26 00:00:00+00:00,1.1325773997638249,,,,
2019-08-27 02:30:00+00:00,1.0963689002933752,,,,
2019-08-28 18:00:00+00:00,1.061317986550996,,,,
2019-09-03 18:30:00+00:00,,1.380336052530808,,,1.3158612991314684
2019-09-04 13:00:00+00:00,1.168732629420984,,,,
2019-09-04 14:30:00+00:00,,,1.0159372014529804,,
2019-09-05 02:30:00+00:00,,,1.0025192935459608,,
2019-09-05 19:30:00+00:00,1.2014220810658889,,,,
2019-09-06 17:30:00+00:00,,,,1.3187125016803456,
2019-09-06 18:00:00+00:00,,,0.9739129763352836,,
2019-09-06 20:00:00+00:00,1.1630126171342123,1.3181169014121163,,,1.2565483710428418
2019-09-09 07:00:00+00:00,1.1258311037644315,,,,
2019-09-10 19:30:00+00:00,1.0898382833770828,,,,
2019-09-13 08:30:00+00:00,,,0.9640366434080074,,
2019-09-19 03:00:00+00:00,1.0549961534575174,,,,
2019-09-21 12:30:00+00:00,1.0212679264314803,,,,
2019-09-23 14:00:00+00:00,0.988617990823466,,,,
2019-09-26 13:30:00+00:00,0.9570118736568396,,,,
2019-09-28 22:30:00+00:00,0.9837794957630216,,,,
2019-09-29 12:30:00+00:00,0.9523280652834776,,,,
2019-10-02 00:00:00+00:00,0.9789646812694566,,,,
2019-10-02 03:30:00+00:00,,,0.9578009351415202,,
2019-10-03 10:00:00+00:00,,,,1.301658861518247,
2019-10-03 14:00:00+00:00,0.947667180409272,,,,
2019-10-04 05:00:00+00:00,,1.2500878940623363,,,1.1916969619777962
2019-10-06 06:30:00+00:00,0.9173702606515876,,,,
2019-10-08 20:30:00+00:00,,,0.9560425817866296,,
2019-10-09 10:00:00+00:00,0.9430291068420124,,,,
2019-10-09 15:00:00+00:00,,1.30435933046134,,,1.2434334088197003
2019-10-10 13:00:00+00:00,,,0.9409841982127296,,
2019-10-10 15:30:00+00:00,0.975778127295618,,,,
2019-10-11 05:30:00+00:00,0.9426256602241104,,,1.3276750868267344,
2019-10-11 23:30:00+00:00,,1.2490093518654837,,,1.1906687979059265
2019-10-13 22:00:00+00:00,,,0.922053584889147,,
2019-10-15 19:00:00+00:00,0.9124899178667456,,,,
2019-10-21 19:00:00+00:00,,,0.9337594166575446,,
2019-10-22 12:00:00+00:00,0.9380122608694784,,,,
2019-10-22 20:00:00+00:00,,,,1.3284897357828025,
2019-10-23 03:30:00+00:00,0.9080240088894812,1.2091138566697632,,,1.1526367997983047
2019-10-26 09:00:00+00:00,,,,1.477520752152562,
2019-10-26 16:00:00+00:00,,1.4374338793147283,,,1.3702921171860425
2019-10-27 23:00:00+00:00,0.9225804206603568,,,,
2019-10-28 03:30:00+00:00,0.933919446559351,,,,
2019-10-29 19:30:00+00:00,0.9040620418528486,,,,
2019-11-04 20:00:00+00:00,0.911285497567253,,,,
2019-11-05 07:00:00+00:00,,,0.9288626025743444,1.4510959406570396,
2019-11-07 10:00:00+00:00,0.8821517002100279,,,,
2019-11-11 06:30:00+00:00,0.8539493103543132,,,,
2019-11-23 09:00:00+00:00,0.8266485509022857,,,,
2019-11-24 14:30:00+00:00,0.8002205967299396,,,,
2019-11-28 05:00:00+00:00,0.8217694643342186,,,,
2019-11-28 22:30:00+00:00,,,,1.4549810812710622,
2019-11-28 23:30:00+00:00,,,0.9099346606230928,,
2019-11-29 12:00:00+00:00,0.828335402354249,,,,
2019-11-29 15:30:00+00:00,,1.5531257607462463,,,1.4805800931614026
2019-11-29 21:30:00+00:00,0.8378821510224148,,,,
2019-11-30 10:00:00+00:00,0.8445768294090841,,,1.4546316527589516,
2019-11-30 13:00:00+00:00,,,0.9004276646134501,,
2019-12-04 14:00:00+00:00,,,,1.4554479910409883,
2019-12-04 21:00:00+00:00,0.79910998020926,,,,
2019-12-05 19:30:00+00:00,0.805494868951132,,,,
2019-12-07 19:00:00+00:00,,,0.8902102163474013,,
2019-12-09 15:00:00+00:00,0.8119307729540515,,,,
2019-12-09 15:30:00+00:00,,,,1.4290411593264498,
2019-12-14 08:30:00+00:00,,,,1.4124585335075068,
2019-12-19 01:00:00+00:00,,,,1.4161570468535107,
2019-12-19 08:00:00+00:00,0.8381863227525567,,,,
2019-12-20 01:30:00+00:00,,,0.8857146370730282,,
2019-12-23 06:00:00+00:00,,,,1.4654259353599812,
2019-12-23 07:00:00+00:00,0.8548653647263142,,,,
2019-12-23 15:30:00+00:00,0.8616957389904775,,,,
2019-12-23 17:00:00+00:00,,,,1.4411625496666542,
2019-12-23 20:00:00+00:00,,,0.8965565045103174,,
2019-12-27 11:30:00+00:00,0.8341473262149518,,,,
2019-12-29 20:30:00+00:00,,,,1.435174407167897,
2019-12-30 00:00:00+00:00,,1.5194848549742537,,,1.4485105359749972
2019-12-30 01:00:00+00:00,,,0.8885226947680965,,
2019-12-30 16:00:00+00:00,0.8074796361958597,,,,
2020-01-03 18:00:00+00:00,0.8220905323596345,,,,
2020-01-04 14:00:00+00:00,,,0.8823029197019496,,
2020-01-04 18:30:00+00:00,,,,1.4234886073875326,
2020-01-05 01:00:00+00:00,0.8286590357131881,1.553521752860081,,,1.480957588696929
2020-01-05 21:30:00+00:00,,,,1.4152088891730743,
2020-01-05 22:00:00+00:00,,,0.8715037738539904,,
2020-01-06 02:00:00+00:00,0.8352800214085364,,,,
2020-01-06 22:00:00+00:00,0.8419539087795905,,,,
2020-01-07 04:30:00+00:00,,,,1.4761168377936733,
2020-01-07 12:00:00+00:00,0.8601783827696322,,,,
2020-01-07 18:00:00+00:00,,1.5823406496120955,,,1.5084303703069675
2020-01-07 21:30:00+00:00,,,,1.4689575306843918,
2020-01-07 23:30:00+00:00,0.8670512080479615,,,,
2020-01-08 09:00:00+00:00,0.8829822894264294,,,,
2020-01-08 13:30:00+00:00,0.8900373179189466,,,,
2020-01-08 14:00:00+00:00,,,,1.470360657552128,
2020-01-08 19:00:00+00:00,,,0.9299596044447344,,
2020-01-08 20:00:00+00:00,,1.5021163772202168,,,1.4319533304601086
2020-01-11 03:30:00+00:00,0.9096672531906832,,,,
2020-01-11 11:00:00+00:00,,,0.907057321837504,,
2020-01-11 17:00:00+00:00,0.9169354945436768,,,,
2020-01-11 23:00:00+00:00,,,,1.429741911269372,
2020-01-14 13:30:00+00:00,,1.525956308217867,,,1.454679711123902
2020-01-14 14:00:00+00:00,0.950418693008292,,,,
2020-01-14 16:00:00+00:00,,,,1.4733703373235196,
2020-01-14 17:00:00+00:00,0.9580125383654284,,,,
2020-01-14 18:30:00+00:00,,,,1.4458189402010535,
2020-01-15 00:00:00+00:00,,1.5555537319321762,,,1.482894655121234
2020-01-15 02:30:00+00:00,0.9656670585469684,,,,
2020-01-15 04:00:00+00:00,,,,1.4072766328090172,
2020-01-15 22:30:00+00:00,0.9733827383447584,,,,
2020-01-16 01:00:00+00:00,,,,1.3636240696204474,
2020-01-16 02:30:00+00:00,,,0.9344310729335892,,
2020-01-17 12:00:00+00:00,,,,1.3418937224975196,
2020-01-17 15:00:00+00:00,,,0.9131419570651692,,
2020-01-17 19:00:00+00:00,0.9811600664241332,,,,
2020-01-19 11:00:00+00:00,0.9497923791005536,,,1.3341307208255249,
2020-01-19 11:30:00+00:00,,,0.8595335200173467,,
2020-01-23 09:00:00+00:00,0.9194275167407088,,,,
2020-01-27 00:00:00+00:00,0.9267737425994672,,,,
2020-01-27 09:30:00+00:00,,,0.8644136590120179,,
2020-01-27 13:30:00+00:00,0.9341786648028368,,,,
2020-01-28 07:00:00+00:00,0.9461516589870916,,,,
2020-01-28 08:30:00+00:00,,,0.8807115328616139,,
2020-01-28 11:30:00+00:00,,1.5803440069402783,,,1.50652698973872
2020-01-30 16:00:00+00:00,0.9537114107423984,,,,
2020-01-31 02:30:00+00:00,,,0.8676085930185626,,
2020-01-31 05:00:00+00:00,0.9327488339342804,,,,
2020-01-31 13:00:00+00:00,,,,1.4408818289593557,
2020-02-03 11:00:00+00:00,,,,1.410073978837986,
2020-02-05 23:00:00+00:00,,1.6065536399913662,,,1.53151238494964
2020-02-06 00:30:00+00:00,0.949530307136163,,,,
2020-02-06 03:00:00+00:00,,,0.879655073689829,,
2020-02-06 12:30:00+00:00,,1.6298054920527525,,,1.553678155527472
2020-02-08 21:30:00+00:00,0.9571170542901808,,,,
2020-02-09 16:30:00+00:00,,,0.8808828093645614,,
2020-02-09 23:00:00+00:00,0.9647644195539594,,,,
2020-02-10 00:00:00+00:00,,1.6463691748959943,,,1.56946815766829
2020-02-10 05:30:00+00:00,,,,1.451241265910577,
2020-02-12 04:00:00+00:00,0.9890280659766424,,,,
2020-02-12 15:30:00+00:00,,,0.8845593730265353,,
2020-02-13 08:00:00+00:00,,,,1.442896501276841,
2020-02-13 13:30:00+00:00,,1.6866529212954977,,,1.6078702719751248
2020-02-15 12:00:00+00:00,,,,1.4017008999087273,
2020-02-15 15:30:00+00:00,0.967289229086476,,,,
2020-02-18 15:00:00+00:00,0.9750178700268768,,,,
2020-02-19 05:00:00+00:00,0.9856359214221082,,,,
2020-02-19 08:00:00+00:00,,,0.8891538143514094,,
2020-02-19 17:30:00+00:00,0.993511152434271,,,,
2020-02-19 21:30:00+00:00,,1.6135236012858334,,1.3724655197265865,1.5381567831068987
2020-02-23 03:30:00+00:00,1.0014493065422208,,,,
2020-02-23 16:30:00+00:00,,,0.8834801442222501,,
2020-02-24 00:30:00+00:00,1.009450886501493,,,,
2020-02-24 02:30:00+00:00,,1.5700607742783037,,1.3663780319592005,1.4967240813346048
2020-02-27 22:00:00+00:00,0.9872631560161902,,,,
2020-02-29 11:00:00+00:00,0.9655631118469544,,,,
2020-02-29 23:30:00+00:00,,1.529456346544916,,,1.4580162645462342
2020-03-02 15:30:00+00:00,0.9749640924035254,,,,
2020-03-03 00:00:00+00:00,0.9827540555018298,,,,
2020-03-03 02:00:00+00:00,,,0.8951035389182805,,
2020-03-03 16:30:00+00:00,,,,1.343169970398781,
2020-03-05 09:00:00+00:00,,1.552439827914618,,,1.479926199882814
2020-03-05 15:00:00+00:00,0.9921726377092492,,,,
2020-03-05 23:30:00+00:00,,,0.9121719143979624,,
2020-03-07 10:30:00+00:00,,1.5540832180305095,,,1.4814928281317192
2020-03-07 16:30:00+00:00,1.0001000970845462,,,,
2020-03-07 17:00:00+00:00,,,,1.340679121296212,
2020-03-10 10:30:00+00:00,1.0080908968602516,,,,
2020-03-10 15:30:00+00:00,0.9859330589472632,,,,
2020-03-10 16:00:00+00:00,,,0.8753698121962125,,
2020-03-11 10:00:00+00:00,0.9642622503116022,,,,
2020-03-13 13:30:00+00:00,,1.848718309637435,,,1.7623656733354456
2020-03-13 15:30:00+00:00,0.9313695779173504,,,,
2020-03-13 18:30:00+00:00,0.9032767609619238,,,,
2020-03-13 22:30:00+00:00,0.9104939422820096,,,,
2020-03-14 00:30:00+00:00,0.890481285430651,,,,
2020-03-14 08:30:00+00:00,0.8516759339379636,,,,
2020-03-15 14:30:00+00:00,0.8289676283580374,,,,
2020-03-15 17:00:00+00:00,0.835591079708618,,,,
2020-03-15 18:00:00+00:00,0.8172247877766226,,,,
2020-03-15 20:00:00+00:00,0.7992621869412923,,,,
2020-03-15 22:30:00+00:00,0.7813707801131674,1.6842356459268328,,,1.6055659062366963
2020-03-16 20:30:00+00:00,0.7471564089329112,,,,
2020-03-17 13:00:00+00:00,,,0.8557518646222899,,
2020-03-17 13:30:00+00:00,0.7902074820147975,,,,
2020-03-17 20:30:00+00:00,0.7965212397960957,,,,
2020-03-17 21:00:00+00:00,,1.8667188646349608,,,1.7795254321062923
2020-03-18 00:00:00+00:00,0.7777787429187221,,,,
2020-03-18 05:30:00+00:00,0.7606831661493686,,,,
2020-03-19 02:00:00+00:00,0.7668234818302417,,,,
2020-03-19 07:00:00+00:00,0.7736769904968309,,,,
2020-03-19 19:30:00+00:00,,2.008558989860579,,,1.914740281494707
2020-03-20 04:30:00+00:00,0.8618580524230219,,,,
2020-03-20 16:30:00+00:00,,,0.9781571354347433,,
2020-03-20 18:30:00+00:00,0.8231475396574089,1.904832776599343,,,1.8158590637755374
2020-03-20 20:00:00+00:00,,,,1.4745917628802638,
2020-03-21 09:30:00+00:00,0.8003426799509439,,,,
2020-03-22 00:00:00+00:00,0.7812715789656953,,,,
2020-03-22 03:30:00+00:00,0.7875139388816312,,,,
2020-03-22 08:30:00+00:00,0.770204382505013,,,,
2020-03-22 10:30:00+00:00,0.7532752901775528,,,,
2020-03-24 00:00:00+00:00,,2.019387000235713,,,1.925062521338482
2020-03-24 05:00:00+00:00,0.7757068832102476,,,,
2020-03-24 12:30:00+00:00,0.785860473107056,,,,
2020-03-24 15:00:00+00:00,0.7685872599081628,,,,
2020-03-24 15:30:00+00:00,,,1.01971407859625,,
2020-03-24 19:30:00+00:00,0.774728272114829,,,,
2020-03-24 22:30:00+00:00,0.7809183510090264,,,,
2020-03-25 11:00:00+00:00,0.7578163603982039,,,,
2020-03-26 13:30:00+00:00,0.7411595567966514,,,,
2020-03-27 05:30:00+00:00,,,1.0101545348118115,,
2020-03-29 08:00:00+00:00,0.7248688697382609,,,,
2020-03-30 09:30:00+00:00,0.7545731052775365,,,,
2020-03-30 15:30:00+00:00,,2.093127274080259,,,1.9953584267170956
2020-03-30 23:30:00+00:00,0.7379875884235363,2.050379191750189,,,1.9546070842834244
2020-03-31 04:30:00+00:00,,,1.043581472304039,,
2020-04-02 03:00:00+00:00,0.7676269909988399,,,,
2020-04-02 07:00:00+00:00,,2.109109267279842,,,2.0105939096241423
2020-04-02 18:30:00+00:00,,,,1.509243247827393,
2020-04-02 19:00:00+00:00,0.7507545497366853,2.0688254602596894,,,1.9721917375282163
2020-04-02 20:30:00+00:00,,,1.067401234293085,,
2020-04-03 14:00:00+00:00,0.734252964733473,,1.0491109048664735,,
2020-04-04 11:30:00+00:00,0.7181140845686312,,,,
2020-04-06 17:00:00+00:00,,2.1177612577654052,,,2.018841770295124
2020-04-06 17:30:00+00:00,0.7381997355140159,,,,
2020-04-07 05:30:00+00:00,,,1.0980215691874486,,
2020-04-07 14:30:00+00:00,,,1.0788886739602777,,
2020-04-07 20:00:00+00:00,0.7219741053274178,2.081922325665734,,,1.9846768554066856
2020-04-08 10:30:00+00:00,,2.041524348767155,,,1.946165846245849
2020-04-08 13:30:00+00:00,0.706105114492321,,,,
2020-04-09 12:00:00+00:00,,,,1.5230946407567458,
2020-04-11 16:30:00+00:00,0.6905849240757799,,,,
2020-04-12 20:00:00+00:00,,2.080242701474417,,,1.9830756855564984
2020-04-12 23:30:00+00:00,,,1.0863872636339986,,
2020-04-13 00:00:00+00:00,0.6754058674445942,,,,
2020-04-14 08:00:00+00:00,,,1.0695411520372382,,
2020-04-14 16:30:00+00:00,0.6942969695570195,,,,
2020-04-14 20:30:00+00:00,,,1.0582619993703768,,
2020-04-16 22:00:00+00:00,0.7137164557955293,2.139163536999669,,,2.0392443605961876
2020-04-17 04:30:00+00:00,,,1.056850748044999,,
2020-04-17 13:30:00+00:00,0.6980289680971437,,,,
2020-04-19 05:30:00+00:00,,2.1071175233359773,1.0543382247094355,,2.0086951989669046
2020-04-19 13:30:00+00:00,0.6826862913783683,,,,
2020-04-20 10:30:00+00:00,,,,1.53611377046222,
2020-04-23 06:30:00+00:00,,,1.069809113024115,,
2020-04-23 13:30:00+00:00,,2.149328354396887,,,2.04893438484877
2020-04-23 14:00:00+00:00,0.7017810269482213,,,,
2020-04-23 18:30:00+00:00,,2.2303328152538295,,,2.1261551709777926
2020-04-26 15:00:00+00:00,,2.2054742768526445,,,2.10245776151354
2020-04-26 15:30:00+00:00,,,1.049477530203771,,
2020-04-26 22:00:00+00:00,,2.181358548389648,,,2.079468465735429
2020-04-27 01:00:00+00:00,,2.156694385746929,,,2.0559563528426787
2020-04-27 06:00:00+00:00,,2.1321188918017246,,,2.0325287669803496
2020-04-29 15:30:00+00:00,0.7331919062827303,,,,
2020-04-29 21:30:00+00:00,0.7722050260376351,2.3939532544641597,,,2.28213298761818
2020-04-30 07:30:00+00:00,0.7938036006159078,,,,
2020-04-30 09:00:00+00:00,,2.3451125996664515,,,2.235573653494644
2020-04-30 09:30:00+00:00,,,,1.7522410916086288,
2020-04-30 10:00:00+00:00,,,1.1534358821882342,,
2020-04-30 16:00:00+00:00,0.7763557974743702,,,,
2020-04-30 23:00:00+00:00,0.7592914970458835,,,,
2020-05-01 14:00:00+00:00,0.742602269940815,,,,
2020-05-03 06:00:00+00:00,0.7262798720475159,2.305585615496053,,,2.1978929534608755
2020-05-05 05:00:00+00:00,0.746593920068685,,,,
2020-05-05 10:00:00+00:00,0.7301837857055754,,,,
2020-05-06 23:30:00+00:00,,2.26836702964063,,,2.16241282770037
2020-05-07 00:00:00+00:00,0.7141343460957669,,1.141275786407652,,
2020-05-07 21:00:00+00:00,0.7341086837560653,2.331491104243226,,,2.222588410784468
2020-05-08 05:00:00+00:00,0.717972974887107,,,,
2020-05-08 07:00:00+00:00,,,1.1708989990083796,,
2020-05-09 11:00:00+00:00,,,,1.8288735673301104,
2020-05-10 14:30:00+00:00,0.7021919288990883,,,,
2020-05-11 09:30:00+00:00,0.6867577503018863,,,,
2020-05-11 16:30:00+00:00,0.6716628149502509,,,,
2020-05-12 21:30:00+00:00,0.6568996662776444,,,,
2020-05-13 21:00:00+00:00,0.6752731499434301,,,,
2020-05-14 11:00:00+00:00,,2.396949079748542,,,2.284988879517439
2020-05-14 12:00:00+00:00,0.6969476583237659,2.351483526454543,,,2.2416469977246085
2020-05-14 21:00:00+00:00,,,1.242495840106884,,
2020-05-15 02:30:00+00:00,,,,1.858355007925032,
2020-05-15 15:00:00+00:00,0.6816287487938095,,,,
2020-05-17 22:00:00+00:00,,2.3079470517319316,,,2.200144088282329
2020-05-17 22:30:00+00:00,,,1.2186761633049348,,
2020-05-18 08:30:00+00:00,0.6666465488953216,,,1.778377051813201,
2020-05-19 12:00:00+00:00,,2.2616148902376905,,,2.155976077091431
2020-05-19 12:30:00+00:00,0.6519936577506025,,,,
2020-05-22 03:30:00+00:00,,2.216988301889534,,,2.1134339726437896
2020-05-22 04:30:00+00:00,0.6376628371532441,,,,
2020-05-26 15:30:00+00:00,0.6236470079926159,,,,
2020-05-27 22:30:00+00:00,,,1.2115759717042458,,2.101120786751582
2020-05-28 12:00:00+00:00,0.634860181196323,,,,
2020-05-29 08:30:00+00:00,,,1.2145441864580115,,2.106268278831594
2020-05-30 22:30:00+00:00,0.646274967254233,2.3405379644163937,,,
2020-05-31 04:00:00+00:00,0.6320698434739849,,,,
2020-05-31 23:00:00+00:00,,,,1.8191899548865629,
2020-06-02 14:30:00+00:00,,,,1.8676808634785969,
2020-06-02 15:00:00+00:00,0.6181769483144266,2.208436220955042,1.1513954491400955,,1.9967554395755034
2020-06-04 13:00:00+00:00,0.62929176984512,,,,
2020-06-05 08:00:00+00:00,0.6154599367439243,,,,
2020-06-05 23:30:00+00:00,0.6019321273342928,,,,
2020-06-10 18:30:00+00:00,0.6127548669837635,,,,
2020-06-11 06:30:00+00:00,,,1.143766508395702,,1.983525294414739
2020-06-11 12:30:00+00:00,,,,1.8480401312688977,
2020-06-15 01:30:00+00:00,0.5992865150074603,,,,
2020-06-16 15:00:00+00:00,,,1.1437599452574447,,1.983513912589298
2020-06-17 19:30:00+00:00,,,,1.8099628048418257,
2020-06-17 20:00:00+00:00,0.5861141974075964,,,,
2020-06-26 14:00:00+00:00,,2.147211487441234,,,
2020-06-30 21:00:00+00:00,,2.1361038429887924,,,
2020-07-02 00:00:00+00:00,,,1.1349489914430313,,
2020-07-02 15:00:00+00:00,,,,1.7844407839449017,1.9555446728949673
2020-07-06 18:30:00+00:00,,2.1575284903960013,,,
2020-07-07 04:00:00+00:00,,,1.1315288321430557,,
2020-07-09 04:00:00+00:00,,2.1619297172258007,,,
2020-07-09 14:30:00+00:00,,,,1.7979672176401116,1.9703681097912358
2020-07-21 22:30:00+00:00,,2.174620718339677,,,
2020-07-22 02:00:00+00:00,,,1.1351269050650006,,
2020-07-22 07:30:00+00:00,,,,1.8067813667400925,1.9800274173309709
2020-07-22 22:30:00+00:00,0.6025078115090869,,,,
2020-07-24 07:00:00+00:00,,2.1401600473973037,,,
2020-07-26 12:30:00+00:00,,,,1.8317235925379352,
2020-07-26 20:00:00+00:00,,2.171359364277218,,,
2020-07-26 20:30:00+00:00,,,1.1181399374012757,,1.9503966671818813
2020-07-27 16:30:00+00:00,,2.2200464799590525,,,
2020-07-28 06:00:00+00:00,,,1.1892130045975302,,2.0743710184675925
2020-07-28 10:00:00+00:00,,,,1.9140272834783696,
2020-07-28 14:00:00+00:00,,2.3015915156958124,,,
2020-07-28 17:30:00+00:00,0.6725353766349755,,,,
2020-07-31 20:00:00+00:00,0.6913461911194558,,,,
2020-08-01 08:30:00+00:00,,2.3606856900677236,,,
2020-08-01 15:00:00+00:00,,,1.1759571281501555,,2.051248494730874
2020-08-02 04:30:00+00:00,,2.287611446792844,,1.9353753032353955,
2020-08-02 05:00:00+00:00,,,1.0924314803343596,,1.9055528267067452
2020-08-02 11:00:00+00:00,0.6692438533893668,,,,
2020-08-03 22:00:00+00:00,,,1.0673487352832385,,1.86180042978836
2020-08-06 03:30:00+00:00,,,1.087918737390977,,1.8976811475884074
2020-08-06 13:00:00+00:00,0.7002309301741391,,,,
2020-08-07 14:00:00+00:00,0.6778445473364718,,,1.93732148744038,
2020-08-09 10:00:00+00:00,,2.29980147895765,,,
2020-08-10 10:00:00+00:00,,,,1.895059998006379,
2020-08-10 10:30:00+00:00,,2.2146539842514255,1.0463853295185968,,1.8252334891322863
2020-08-11 16:00:00+00:00,0.6561738571581248,,,,
2020-08-13 09:00:00+00:00,,2.150747095347747,,,
2020-08-14 07:30:00+00:00,,,1.0420452006097067,,1.8176629045606336
2020-08-15 00:00:00+00:00,0.6745270399428376,,,,
2020-08-15 00:30:00+00:00,,2.2045360772407596,,,
2020-08-18 05:00:00+00:00,,,1.0454558292804277,,1.8236121409396056
2020-08-18 13:30:00+00:00,,,,1.9250873299102471,
2020-08-18 14:30:00+00:00,,2.1485595077423176,,,
2020-08-19 04:00:00+00:00,0.652962410475865,,,,
2020-08-25 06:00:00+00:00,,2.1152195868288164,,,
2020-08-25 07:00:00+00:00,,,,1.883118269880104,1.7838553536886288
2020-08-25 07:30:00+00:00,,,1.0257612106356624,,
2020-08-25 17:00:00+00:00,0.6320872022129516,,,,
2020-08-27 17:30:00+00:00,0.6118793743582035,,,,
2020-09-01 00:00:00+00:00,,,,1.8701046644355777,1.7715277213171963
2020-09-01 05:30:00+00:00,0.6289936404590025,,,,
2020-09-02 07:30:00+00:00,,,,1.8533182858033757,1.7556261861502076
2020-09-02 08:00:00+00:00,,2.074191484349202,,,
2020-09-02 11:00:00+00:00,0.6088847137735283,,1.0279199677244737,,
2020-09-05 11:30:00+00:00,0.5894186694741885,,,,
2020-09-05 18:30:00+00:00,0.5705749546110986,,,,
2020-09-07 12:00:00+00:00,0.5523336733121817,,,,
2020-09-08 09:30:00+00:00,0.5346755657763913,,,,
2020-09-10 20:00:00+00:00,0.549630441351157,,,,
2020-09-13 11:30:00+00:00,,2.0357762678904323,,1.833381087888788,1.7367399176633371
2020-09-13 16:30:00+00:00,,,1.015622317984469,,
2020-09-15 10:30:00+00:00,,2.078864607078864,,,
2020-09-15 16:30:00+00:00,0.5706976302127079,,,,
2020-09-19 11:30:00+00:00,0.5866600429297574,,,,
2020-09-20 03:00:00+00:00,,,,1.8862551721878755,1.7868269036253586
2020-09-20 12:30:00+00:00,,,1.0371647110929878,,
2020-09-20 13:00:00+00:00,0.567904521357293,,,,
2020-09-23 20:30:00+00:00,0.5497486138095002,,,,
2020-09-24 15:30:00+00:00,0.5596330938857951,,,,
2020-09-26 05:30:00+00:00,,2.1247177863007045,,,1.8262386546222007
2020-09-26 06:00:00+00:00,0.5696952969138618,,,,
2020-09-27 13:00:00+00:00,,,1.0414565796169408,,
2020-09-28 23:00:00+00:00,,2.09370993372491,,1.904709755143664,1.7995867673288128
2020-09-29 03:00:00+00:00,,,1.0187738994303084,,
2020-10-01 16:30:00+00:00,0.5514821382715256,,,,
2020-10-01 17:30:00+00:00,,,0.982665470836848,,
2020-10-05 06:00:00+00:00,,2.073597175189557,,,1.7822994375360426
2020-10-06 18:30:00+00:00,,,,1.8913536972021523,
2020-10-06 20:00:00+00:00,,,0.9731933992957348,,
2020-10-08 19:00:00+00:00,0.5641498041875168,,,,
2020-10-10 02:00:00+00:00,0.5742932176668083,2.122618150906222,,,1.824433974799431
2020-10-11 21:00:00+00:00,,,,1.9638564391861355,
2020-10-12 21:00:00+00:00,0.5846190097204575,,,,
2020-10-13 00:30:00+00:00,,2.0863247020875524,,,1.7932390087810939
2020-10-13 03:00:00+00:00,,,,1.947439113247195,
2020-10-13 18:30:00+00:00,,,1.0158206992498229,,
2020-10-14 15:30:00+00:00,0.5659287399796945,,,,
2020-10-16 07:30:00+00:00,,,0.9993033986130914,,
2020-10-19 13:00:00+00:00,0.5761041387245294,,,,
2020-10-20 11:00:00+00:00,0.5864624911387963,2.11943850232625,,,1.8217010014218373
2020-10-21 07:30:00+00:00,0.6016003429392303,,,,
2020-10-25 07:00:00+00:00,,,0.9893241366010542,,
2020-10-28 02:00:00+00:00,,2.1645175419445564,,,1.8604473635010716
2020-10-28 10:00:00+00:00,,,1.0038132918960665,,
2020-10-28 11:00:00+00:00,,2.1144471550252963,,,1.8174108357168113
2020-10-28 11:30:00+00:00,0.6199825699323139,,,,
2020-10-28 12:00:00+00:00,,,,1.9348644887318944,
2020-10-30 05:30:00+00:00,,,0.9867570120161124,,
2020-10-31 01:00:00+00:00,0.6373234824133208,,,,
2020-11-02 08:30:00+00:00,,,,1.9150577129375312,
2020-11-02 12:30:00+00:00,0.6169482506805669,,,,
2020-11-04 02:30:00+00:00,,2.0603352112056377,,,1.7709005066192887
2020-11-04 15:00:00+00:00,0.6342042932521024,,,,
2020-11-06 04:00:00+00:00,,2.1477664570284167,,,1.8460494613523937
2020-11-06 16:00:00+00:00,,,1.0587232468470371,,
2020-11-06 20:00:00+00:00,,2.076943086466288,,,1.785175317122452
2020-11-06 23:00:00+00:00,0.7103836768859708,,,,
2020-11-07 16:00:00+00:00,,,,2.0802991284921504,
2020-11-07 18:30:00+00:00,0.6876727107359264,,,,
2020-11-09 08:00:00+00:00,,,1.0531462668938365,,
2020-11-09 15:00:00+00:00,,,,1.9692060169543235,
2020-11-09 16:00:00+00:00,0.6656878141736988,,,,
2020-11-12 00:00:00+00:00,,2.030331849240129,,,1.745111999673417
2020-11-12 01:30:00+00:00,,,1.052123725265836,,
2020-11-12 18:00:00+00:00,0.6875484298166514,,,,
2020-11-13 11:30:00+00:00,,,1.0354697193539366,,
2020-11-14 09:30:00+00:00,,,,1.9626389201691672,
2020-11-16 22:00:00+00:00,,2.083172917722678,,,1.790529985269699
2020-11-17 14:30:00+00:00,,2.1325377695916337,,,1.8329600911614312
2020-11-18 01:00:00+00:00,,2.1905397061354663,,,1.8828139490442304
2020-11-18 05:30:00+00:00,,2.2578928056712515,,2.100717076057269,1.9407053239241974
2020-11-18 15:00:00+00:00,,,1.1257859030710833,,
2020-11-18 18:00:00+00:00,0.7669447056941158,,,,
2020-11-21 12:00:00+00:00,,,,2.0891091045479606,
2020-11-22 10:30:00+00:00,0.7424254834530749,,,,
2020-11-24 11:30:00+00:00,0.7694719583750851,,,,
2020-11-25 03:30:00+00:00,,,,2.06810867072061,
2020-11-25 16:30:00+00:00,,,,2.0063378768801763,
2020-11-25 23:00:00+00:00,0.7448719398658334,,,,
2020-11-26 03:00:00+00:00,0.7210583839483227,2.1298854902914957,1.1015408862448297,,1.8306804025307828
2020-11-26 07:30:00+00:00,0.6980061474134946,,,,
2020-11-26 14:00:00+00:00,0.6756908908806852,,,,
2020-11-26 17:00:00+00:00,0.6540890530992297,,,,
2020-11-27 00:30:00+00:00,0.6723839239144151,,,,
2020-11-27 08:00:00+00:00,0.6508878098668713,,,,
2020-11-28 18:30:00+00:00,0.6839575248106442,,,,
2020-11-29 21:00:00+00:00,0.703087816779598,,,,
2020-11-30 15:30:00+00:00,,,,1.977782399161888,
2020-11-30 17:00:00+00:00,0.7369225317321927,,,,
2020-12-01 04:00:00+00:00,,2.280633629531817,,,1.9602515299379508
2020-12-01 12:00:00+00:00,0.7133631183927145,,,1.907282842752535,
2020-12-01 13:00:00+00:00,,2.1328874576440935,,,1.8332606552375545
2020-12-03 10:30:00+00:00,0.7333158848141588,,,,
2020-12-04 11:30:00+00:00,0.7098717759766501,,,,
2020-12-04 22:30:00+00:00,,,1.1657944905069186,,
2020-12-08 11:00:00+00:00,,,1.131124390549158,,
2020-12-08 22:30:00+00:00,0.6871771752986765,,,,
2020-12-09 08:30:00+00:00,0.6652081210043779,,,,
2020-12-12 18:00:00+00:00,0.6838139921488704,,,,
2020-12-13 10:00:00+00:00,0.703171128475903,,,,
2020-12-15 01:30:00+00:00,,2.2455711717144524,,,1.930114626013587
2020-12-16 13:00:00+00:00,0.722838824939374,,,,
2020-12-16 17:30:00+00:00,0.750246926067553,,,,
2020-12-17 01:00:00+00:00,0.7712313325896626,,,,
2020-12-17 09:30:00+00:00,,,,2.2348435260300397,
2020-12-17 10:30:00+00:00,0.7980649136813863,,,,
2020-12-17 19:00:00+00:00,0.8203867893170548,,,,
2020-12-17 22:00:00+00:00,,2.51321318676286,,,2.160158444836876
2020-12-19 18:30:00+00:00,0.8506694020049463,,,,
2020-12-20 00:00:00+00:00,0.8234735012228482,,,2.1875665981800156,
2020-12-21 09:30:00+00:00,0.8053735536659701,,,,
2020-12-23 11:30:00+00:00,0.787671442956392,,,,
2020-12-23 15:30:00+00:00,0.7703584246402105,,,,
2020-12-24 03:30:00+00:00,,,1.0886530046921885,,
2020-12-26 12:00:00+00:00,0.8107716034310186,,,,
2020-12-27 11:30:00+00:00,,,,2.4071861822952942,
2020-12-27 21:00:00+00:00,0.8523558933981609,,,,
2020-12-28 08:00:00+00:00,0.8336211108612693,,,,
2020-12-29 04:00:00+00:00,0.8152981188445386,,,,
2020-12-30 00:00:00+00:00,,2.63061826298973,,,2.261070523531185
2020-12-31 07:00:00+00:00,0.8463820158471093,,,,
2020-12-31 13:30:00+00:00,0.8208005036697021,,,,
2021-01-01 01:00:00+00:00,0.8437582937573438,,,,
2021-01-01 18:30:00+00:00,0.8252124864605573,,,,
2021-01-02 20:30:00+00:00,,,,2.640092076752573,
2021-01-03 14:00:00+00:00,,2.765385796868338,,,2.3769059918197675
2021-01-03 17:00:00+00:00,0.9056845331038028,,,,
2021-01-04 00:30:00+00:00,0.8795010818106355,,,,
2021-01-04 07:00:00+00:00,0.8601696480324378,,,2.526372058942843,
2021-01-04 10:30:00+00:00,,,1.325446460280668,,
2021-01-05 16:00:00+00:00,0.8842285930879051,,,,
2021-01-07 12:00:00+00:00,,2.9813418256274526,,,2.562524641958361
2021-01-08 03:00:00+00:00,1.0097755653475446,,,,
2021-01-08 06:00:00+00:00,0.9875806984212058,,,,
2021-01-08 21:00:00+00:00,1.015203330556047,,,,
2021-01-09 06:30:00+00:00,0.9759517990590664,,,,
2021-01-09 14:00:00+00:00,1.0032491708787483,,,,
2021-01-10 11:00:00+00:00,0.9811977541028336,,,,
2021-01-10 17:00:00+00:00,,,,2.7859225173318336,
2021-01-10 18:00:00+00:00,,,1.5290790634068565,,
2021-01-12 10:00:00+00:00,0.9596310274676534,,,,
2021-01-12 12:30:00+00:00,0.9385383374839144,,,,
2021-01-12 14:00:00+00:00,0.8904156035113653,,,,
2021-01-12 22:30:00+00:00,0.8708442685461854,,,,
2021-01-13 18:30:00+00:00,0.8952017827374222,,,,
2021-01-15 06:00:00+00:00,0.9434493598562944,,,,
2021-01-15 15:30:00+00:00,,,,2.6432770042235254,
2021-01-15 16:30:00+00:00,,,1.4731274197362936,,
2021-01-16 19:30:00+00:00,0.9125439603771188,,,,
2021-01-16 22:00:00+00:00,0.8924862441280297,,,,
2021-01-19 07:30:00+00:00,0.9174490843762908,,,,
2021-01-21 08:30:00+00:00,0.8881182371487807,,,,
2021-01-23 02:30:00+00:00,0.910472498430876,,,,
2021-01-23 05:30:00+00:00,0.926842793952663,,,,
2021-01-23 09:30:00+00:00,0.8972116298299964,,,,
2021-01-24 19:30:00+00:00,0.8685277740243313,,,,
2021-01-25 20:00:00+00:00,0.8890684828755653,,,,
2021-01-25 22:00:00+00:00,,2.7630268421343893,,,2.3748784216890804
2021-01-26 04:00:00+00:00,,,1.3848665339905322,,
2021-01-26 12:30:00+00:00,0.8606449634780334,,,,
2021-01-26 22:30:00+00:00,0.8761193599213684,,,,
2021-01-27 04:00:00+00:00,0.8481098239846822,,,,
2021-01-27 09:00:00+00:00,0.8209957529118919,,,2.4838049541344507,
2021-01-27 22:30:00+00:00,0.7947485186912987,,,,
2021-01-28 10:30:00+00:00,0.8090380970573683,,,,
2021-01-29 07:00:00+00:00,0.8329178857169631,,,,
2021-01-29 09:00:00+00:00,,3.1107909356590846,,,2.673788815520821
2021-01-29 21:00:00+00:00,0.7933817667731257,,,,
2021-01-31 02:00:00+00:00,,,,2.6398546014639623,
2021-01-31 10:00:00+00:00,0.7680173516893888,,,,
2021-01-31 17:30:00+00:00,,,1.3947540360263908,,
2021-02-02 06:30:00+00:00,0.7818263036727641,,,,
2021-02-03 09:30:00+00:00,0.8146843950576192,,,,
2021-02-03 13:00:00+00:00,0.8293324204807553,,,,
2021-02-04 09:30:00+00:00,0.8442438174009993,,,,
2021-02-04 15:00:00+00:00,0.8172533425586894,,,,
2021-02-06 22:00:00+00:00,0.8680517200951615,,,,
2021-02-06 23:30:00+00:00,0.8403001066037191,,,,
2021-02-07 16:30:00+00:00,,,1.4906096707584322,,
2021-02-09 11:30:00+00:00,1.0108260240402185,,,,
2021-02-09 13:30:00+00:00,,3.8283663304889455,,,3.290559631905663
2021-02-10 12:30:00+00:00,0.9785099160516528,,,,
2021-02-11 09:30:00+00:00,0.9961035243422616,,,,
2021-02-12 01:30:00+00:00,1.0501324714268756,,,,
2021-02-12 04:00:00+00:00,1.0165597363153582,,,,
2021-02-14 18:00:00+00:00,1.044562897072254,,,,
2021-02-15 05:30:00+00:00,,,1.5740264918084237,,
2021-02-16 07:30:00+00:00,1.063344137961613,,,,
2021-02-17 23:00:00+00:00,,4.180883403763789,,,3.593555309627962
2021-02-18 07:30:00+00:00,1.1097664483112244,,,,
2021-02-20 08:00:00+00:00,1.1769099333378394,,,,
2021-02-20 15:00:00+00:00,1.198070773939254,,,,
2021-02-21 22:30:00+00:00,1.2196120864546816,,,,
2021-02-22 09:30:00+00:00,,,,2.5033491651084465,
2021-02-23 04:30:00+00:00,1.1806210880507253,,,,
2021-02-24 01:00:00+00:00,1.2018486552138774,,,,
2021-02-25 00:00:00+00:00,1.223457894034623,,,,
2021-02-25 17:30:00+00:00,1.184343945162336,,,,
2021-02-26 00:30:00+00:00,,,,2.2377503124872606,
2021-02-26 22:00:00+00:00,1.1464804692354962,,,,
2021-02-27 22:30:00+00:00,1.1098274886340374,,,,
2021-03-02 03:30:00+00:00,1.1745116916779903,,,,
2021-03-02 14:00:00+00:00,1.1956294118943604,,,,
2021-03-03 20:30:00+00:00,1.235398214157115,,,,
2021-03-04 03:30:00+00:00,1.195902533250512,,,,
2021-03-04 09:00:00+00:00,,,,2.3473103982227093,
2021-03-04 18:00:00+00:00,1.157669529262493,,,,
2021-03-04 19:30:00+00:00,,,1.5965750249919373,,
2021-03-06 04:00:00+00:00,1.1900209230763037,,,,
2021-03-07 20:30:00+00:00,1.2213912870834458,,,,
2021-03-08 08:00:00+00:00,1.182343407635388,,,,
2021-03-09 01:30:00+00:00,,4.617832380034579,,,3.9691219452104916
2021-03-09 16:00:00+00:00,1.2524102243065935,,,,
2021-03-10 12:00:00+00:00,1.274928560139626,,,,
2021-03-11 08:00:00+00:00,1.2341690940719618,,,,
2021-03-11 18:30:00+00:00,,4.945652029885818,,,4.250889679336439
2021-03-12 16:00:00+00:00,1.2563594543833758,,,,
2021-03-14 08:00:00+00:00,1.3174578201896463,,,,
2021-03-15 06:30:00+00:00,1.2753386936781834,,,,
2021-03-15 07:00:00+00:00,,,,2.7831713475118005,
2021-03-15 09:00:00+00:00,,,1.8583091594556784,,
2021-03-15 09:30:00+00:00,,4.567292308206847,,,3.9256817135833604
2021-03-16 00:00:00+00:00,1.234566115641292,,,,
2021-03-17 18:00:00+00:00,1.2567636144005223,,,,
2021-03-18 09:30:00+00:00,1.291699726393931,,,,
2021-03-18 19:30:00+00:00,1.250404086141117,,,,
2021-03-22 10:00:00+00:00,1.2728863516099345,,,,
2021-03-22 16:30:00+00:00,1.2321921749489648,,,,
2021-03-22 20:00:00+00:00,,,,2.6778496970984467,
2021-03-24 20:00:00+00:00,,,1.7955011663516909,2.5991578701667675,
2021-03-24 20:30:00+00:00,1.1927989911158463,,,,
2021-03-25 12:00:00+00:00,1.1546652073698729,,,,
2021-03-26 20:00:00+00:00,1.194782396863089,,,,
2021-03-27 15:00:00+00:00,1.2162645843586877,,,,
2021-03-28 21:30:00+00:00,,,1.8063878203644073,,
2021-03-29 21:00:00+00:00,1.2516276978571474,,,,
2021-03-31 06:00:00+00:00,1.274131963864619,,,,
2021-03-31 07:30:00+00:00,,,,2.8380137346527543,
2021-03-31 08:00:00+00:00,1.2333979649798672,,,,
2021-03-31 11:30:00+00:00,,,1.828219419346122,,
2021-04-02 02:30:00+00:00,,4.9548119977618565,,,4.258762860197527
2021-04-02 20:30:00+00:00,,,1.8079373793030664,,
2021-04-03 17:00:00+00:00,,,,2.7891781866290053,
2021-04-03 22:00:00+00:00,1.1939662320394608,,,,
2021-04-06 03:00:00+00:00,1.2154337448915304,,,,
2021-04-06 14:00:00+00:00,,,,2.768375829709775,
2021-04-06 14:30:00+00:00,,,1.7639391187165616,,
2021-04-07 10:30:00+00:00,,4.7713616333123925,,,4.101083497355912
2021-04-07 11:30:00+00:00,,,,2.6514665362039587,
2021-04-09 02:30:00+00:00,1.2372872436246802,,,,
2021-04-10 16:30:00+00:00,1.2807594179683943,,,,
2021-04-10 20:30:00+00:00,,,,2.7516856620295305,
2021-04-13 08:00:00+00:00,,4.979326778150566,,,4.2798338183474005
2021-04-13 22:00:00+00:00,1.3440167271203407,,,,
2021-04-14 18:00:00+00:00,,,,2.812492224480534,
2021-04-14 19:30:00+00:00,,,1.8788712353317736,,
2021-04-16 06:00:00+00:00,1.3010485123543034,,,2.7162850474132916,
2021-04-17 16:00:00+00:00,1.2594539914143363,4.733767784376125,,2.630819994358035,4.068770810680015
2021-04-19 10:30:00+00:00,1.282098974179966,,,,
2021-04-19 14:30:00+00:00,1.2411102699754324,,,,
2021-04-21 11:00:00+00:00,1.2014319746443178,,,,
2021-04-21 22:00:00+00:00,1.163022194414939,,,2.5059280239586865,
2021-04-22 18:00:00+00:00,1.1258403748594934,,,,
2021-04-22 20:30:00+00:00,,,,2.3486281171780696,
2021-04-25 20:30:00+00:00,1.0898472580752354,,,2.257560745943606,
2021-04-26 22:00:00+00:00,1.158530546411785,,,,
2021-04-27 06:00:00+00:00,1.179360925636269,,,,
2021-04-29 04:30:00+00:00,,,,2.3874769768246127,
2021-04-29 05:00:00+00:00,,,1.9338350941725244,,4.1877972454288
2021-04-29 16:30:00+00:00,1.1416567568436773,,,,
2021-05-01 10:30:00+00:00,1.2094356819575418,,,,
2021-05-02 04:00:00+00:00,,,,2.4920740913757085,
2021-05-02 08:30:00+00:00,,,1.9400718164960449,,4.201303117075068
2021-05-03 07:30:00+00:00,,5.1804255056115345,,,
2021-05-03 14:00:00+00:00,1.2311813355191386,,,,
2021-05-03 20:30:00+00:00,,,,2.4589499701275312,
2021-05-03 21:00:00+00:00,,,1.890372745934566,,4.093677791924586
2021-05-04 00:30:00+00:00,,4.96081319825092,,,
2021-05-04 15:00:00+00:00,1.1918204682225917,,,,
2021-05-06 03:00:00+00:00,1.2333347235671044,,,,
2021-05-06 18:30:00+00:00,1.1939050124546642,,,,
2021-05-06 19:30:00+00:00,,,1.8218180716648271,,3.9452199027626733
2021-05-07 12:30:00+00:00,1.2153714245785991,,,,
2021-05-08 21:00:00+00:00,1.2441304775743502,,,,
2021-05-09 10:30:00+00:00,,,1.8250919669210737,,3.952309653888427
2021-05-09 12:00:00+00:00,1.2043556262062982,,,,
2021-05-09 12:30:00+00:00,,,,2.4913696848678337,
2021-05-10 11:30:00+00:00,,,1.7737161502963985,,3.8410532680720695
2021-05-10 18:00:00+00:00,,,,2.41705847845508,
2021-05-10 19:30:00+00:00,1.165852376836483,,,,
2021-05-10 20:00:00+00:00,,4.605937453595752,,,
2021-05-12 16:00:00+00:00,,,,2.3627856713540036,
2021-05-12 18:00:00+00:00,1.1285800763490206,,,,
2021-05-13 16:30:00+00:00,1.0924993713081423,,,,
2021-05-14 13:30:00+00:00,1.1121425100042628,,,,
2021-05-14 20:30:00+00:00,1.0765873139594264,,,,
2021-05-15 10:00:00+00:00,,,,2.243519903407958,
2021-05-15 23:30:00+00:00,1.0421688175321435,,,,
2021-05-16 17:00:00+00:00,1.0088506804356407,,,2.11163610020255,
2021-05-17 16:30:00+00:00,0.9712644087014088,,,,
2021-05-18 12:30:00+00:00,0.9402130855552246,,,,
2021-05-19 01:00:00+00:00,,,,1.9280872890634235,
2021-05-19 18:00:00+00:00,0.910154473210024,,,,
2021-05-20 17:00:00+00:00,0.8810568347014995,,,,
2021-05-20 20:00:00+00:00,0.8968982365894324,,,,
2021-05-21 00:30:00+00:00,0.9130244668833104,,,,
2021-05-21 09:30:00+00:00,0.9294406467978724,,,,
2021-05-21 14:00:00+00:00,0.8997264293197444,,,,
2021-05-22 23:00:00+00:00,0.9315157865142584,,,,
2021-05-23 13:30:00+00:00,,3.543568126945594,,,
2021-05-25 08:00:00+00:00,1.0174676183560076,,,,
2021-05-25 13:00:00+00:00,,,1.7243495516660436,,3.734147924186556
2021-05-26 14:00:00+00:00,1.0357616861340488,,,,
2021-05-27 02:00:00+00:00,,,1.6463987632635562,,3.5653423740470167
2021-05-27 23:30:00+00:00,,,1.5940097791013776,,3.4518919334038025
2021-05-28 00:30:00+00:00,1.0026483850283432,,,,
2021-05-28 06:00:00+00:00,,,,1.8130108718910456,
2021-05-29 00:30:00+00:00,1.020676002991153,,,,
2021-05-29 01:00:00+00:00,,3.443555431681548,,,
2021-05-29 05:00:00+00:00,1.039027757524934,,,,
2021-05-29 08:30:00+00:00,0.9997536164383044,,,,
2021-05-29 11:00:00+00:00,0.967791493320772,,,,
2021-05-30 20:00:00+00:00,1.002211348671327,,,,
2021-05-31 00:30:00+00:00,0.970170651854305,,,,
2021-05-31 23:00:00+00:00,0.9876143201746456,,,,
2021-06-01 08:00:00+00:00,0.956040290358662,,,,
2021-06-01 17:00:00+00:00,,,1.5431212865274966,,3.341690867311292
2021-06-03 00:30:00+00:00,0.9858336806703328,,,,
2021-06-03 05:00:00+00:00,1.0035589702487857,,,,
2021-06-03 23:00:00+00:00,1.0216029605338586,,,,
2021-06-04 01:00:00+00:00,0.9889423138855912,,,,
2021-06-04 04:30:00+00:00,,,1.5522248157602911,,3.3614049239853383
2021-06-04 05:00:00+00:00,,,,1.801894312573974,
2021-06-05 11:30:00+00:00,0.9573258281106688,,,,
2021-06-07 20:30:00+00:00,0.9267201213859708,,,,
2021-06-09 02:00:00+00:00,0.8949562695751888,,,,
2021-06-10 05:30:00+00:00,1.005652344325034,,,,
2021-06-10 09:30:00+00:00,1.023733973475998,,,,
2021-06-10 17:00:00+00:00,0.9910051983439704,,,,
2021-06-11 20:00:00+00:00,1.0088234718101952,,,,
2021-06-12 01:30:00+00:00,0.9765713854164232,,,,
2021-06-12 02:30:00+00:00,,,1.586219536184583,,3.4350218507755144
2021-06-12 10:00:00+00:00,,,,1.6963747114897438,
2021-06-13 20:00:00+00:00,,3.705103469217063,,,
2021-06-14 09:00:00+00:00,1.0703555812200136,,,,
2021-06-15 01:30:00+00:00,1.095795063904286,,,,
2021-06-16 11:00:00+00:00,1.0607624957112658,,,,
2021-06-16 12:00:00+00:00,,,1.663527278189822,,3.602434858221421
2021-06-16 15:00:00+00:00,,,,1.738792581440405,
2021-06-17 17:00:00+00:00,1.0268499187233766,,,,
2021-06-18 05:30:00+00:00,,3.575283979252688,,,
2021-06-20 10:00:00+00:00,0.9940215268217903,,,,
2021-06-20 19:30:00+00:00,,3.645374955199261,,,
2021-06-21 02:30:00+00:00,,3.5347611573481688,,,
2021-06-21 04:30:00+00:00,0.9430635763753796,,,,
2021-06-22 08:30:00+00:00,0.9129138338386588,,,,
2021-06-22 09:00:00+00:00,,3.3699968992002924,,,
2021-06-22 12:00:00+00:00,0.8837279785708367,,,,
2021-06-23 00:30:00+00:00,,3.4991996226941455,,,
2021-06-23 14:00:00+00:00,0.9154170040679632,,,,
2021-06-23 18:00:00+00:00,0.8861511224479103,,,,
2021-06-25 05:30:00+00:00,0.9139475212392936,,,,
2021-06-25 12:30:00+00:00,,,,1.6413841689883335,
2021-06-25 14:00:00+00:00,,,1.6170272779858823,,3.5017372478857163
2021-06-26 07:00:00+00:00,0.8847286189852733,,,,
2021-06-26 13:30:00+00:00,0.8564438450363142,,,,
2021-06-26 14:00:00+00:00,,3.369906829994795,,,
2021-06-27 14:30:00+00:00,0.8908606053807839,,,,
2021-06-27 19:30:00+00:00,,3.345332556750052,,,
2021-06-28 10:30:00+00:00,0.9127346635520844,,,,
2021-06-28 17:00:00+00:00,,3.3614914060178744,,,
2021-06-30 01:00:00+00:00,0.93459676137595,,,,
2021-06-30 08:30:00+00:00,,,,1.6201160936051162,
2021-06-30 16:00:00+00:00,,,1.6648651041878686,,3.6053319739301832
2021-07-01 06:30:00+00:00,0.9047177029147608,,,,
2021-07-03 22:00:00+00:00,0.931005686351875,,,,
2021-07-04 02:00:00+00:00,,3.349741866937085,,,
2021-07-04 07:30:00+00:00,,3.3898012137579516,,,
2021-07-04 19:00:00+00:00,0.9487574274607908,,,,
2021-07-05 00:00:00+00:00,0.9184256525048692,3.3202479465390553,,,
2021-07-05 01:00:00+00:00,,,,1.6059993437112356,
2021-07-05 05:00:00+00:00,,,1.6494695928721748,,3.571992378390669
2021-07-06 10:00:00+00:00,,3.238444518430708,,,
2021-07-07 17:30:00+00:00,0.934938945736907,,,,
2021-07-08 00:30:00+00:00,,,1.570623637818621,,3.401248309063619
2021-07-09 22:30:00+00:00,,3.281267249355218,,,
2021-07-10 05:00:00+00:00,0.9517491479812564,,,,
2021-07-12 10:00:00+00:00,,3.2240646422814914,,,
2021-07-12 12:30:00+00:00,,,,1.5630790873640108,
2021-07-12 14:30:00+00:00,,,1.5452785897234118,,3.34636259366926
2021-07-13 12:30:00+00:00,0.9213217277202956,,,,
2021-07-15 12:00:00+00:00,0.8918670720850778,,,,
2021-07-16 23:30:00+00:00,,3.1672916426986744,,,
2021-07-18 10:00:00+00:00,,3.1039630226538804,,,
2021-07-21 04:00:00+00:00,0.9079028420411672,,,,
2021-07-21 16:30:00+00:00,,3.1930140386040975,,,3.4423679218671666
2021-07-22 03:00:00+00:00,0.9412437406609344,,,,
2021-07-24 14:30:00+00:00,0.9915188226528272,,,,
2021-07-24 17:00:00+00:00,,3.261149335193099,,,3.515824147392383
2021-07-25 05:00:00+00:00,1.0093463310841253,,,,
2021-07-26 13:00:00+00:00,,3.5199313568604675,,,3.794815382436601
2021-07-26 14:00:00+00:00,1.1199515916428844,,,,
2021-07-26 20:30:00+00:00,,,,1.823945694911406,
2021-07-26 21:30:00+00:00,1.0841467392580617,,,,
2021-07-28 14:00:00+00:00,1.1480519828582307,,,,
2021-07-28 17:30:00+00:00,1.1113487609662531,,,,
2021-07-29 01:00:00+00:00,1.075818941078162,,,,
2021-07-30 08:30:00+00:00,1.041425009531893,,,1.75460710434044,
2021-07-30 12:00:00+00:00,,,1.934518133879063,,
2021-07-31 12:00:00+00:00,1.0746220546014529,,,,
2021-08-01 03:00:00+00:00,,3.61937788622312,,,3.902028046859672
2021-08-01 16:00:00+00:00,,,,1.743838369109402,
2021-08-01 19:00:00+00:00,1.0402663875158442,,,,
2021-08-01 23:30:00+00:00,,,1.877239654691794,,
2021-08-05 01:30:00+00:00,1.0589703771633792,,,,
2021-08-05 08:30:00+00:00,,3.521911219929451,,,3.7969498600918685
2021-08-05 09:00:00+00:00,1.025115094205466,,,,
2021-08-05 10:00:00+00:00,,,1.8106133645398743,,
2021-08-06 01:00:00+00:00,,3.4051046302424637,,,3.6710214261608454
2021-08-06 05:30:00+00:00,1.04354666359928,,,,
2021-08-06 15:00:00+00:00,,3.509021029614447,,,3.78305302872481
2021-08-07 14:00:00+00:00,1.0977663748105175,,,,
2021-08-08 00:30:00+00:00,1.1175042142296108,,,,
2021-08-09 00:00:00+00:00,1.0817776045006902,,,,
2021-08-10 01:30:00+00:00,1.1102434778645518,,,,
2021-08-10 16:30:00+00:00,1.074748993877222,,,,
2021-08-11 20:00:00+00:00,1.0940729807871348,,,,
2021-08-11 23:00:00+00:00,,3.483761319757915,,,3.7558206978065876
2021-08-12 05:00:00+00:00,1.05909546759137,,,,
2021-08-12 11:30:00+00:00,,,,1.9452649776200777,
2021-08-12 12:00:00+00:00,,,1.986755324929592,,
2021-08-13 19:30:00+00:00,1.091615980929759,,,,
2021-08-13 20:00:00+00:00,,3.5683759937006436,,,3.84704323418699
2021-08-14 08:30:00+00:00,1.1171731341138615,,,,
2021-08-14 10:30:00+00:00,,,,1.919905941861253,
2021-08-15 07:30:00+00:00,1.0814571090162417,,,,
2021-08-15 09:00:00+00:00,,,1.959176467506925,,
2021-08-16 10:30:00+00:00,1.101370917464792,,,,
2021-08-16 13:30:00+00:00,,3.47098199569363,,,3.742043390632181
2021-08-16 14:30:00+00:00,1.0661600892334426,,,,
2021-08-16 20:30:00+00:00,,,1.8829240252559147,,
2021-08-17 20:00:00+00:00,1.0320749511806495,,,,
2021-08-19 18:00:00+00:00,1.0506316588028777,,,,
2021-08-19 23:00:00+00:00,,3.55680223169687,,,3.8345656357250264
2021-08-20 13:00:00+00:00,1.0695220160281536,,,,
2021-08-21 16:00:00+00:00,1.0887520218763396,,,,
2021-08-22 15:30:00+00:00,,3.5375791794096565,,,3.813841386550473
2021-08-23 04:30:00+00:00,1.1083277832296765,,,,
2021-08-24 01:00:00+00:00,,3.476671243645484,,,3.748176932299155
2021-08-24 13:00:00+00:00,,,,1.983244937535242,
2021-08-24 15:00:00+00:00,,,1.9669762028133588,,
2021-08-26 03:00:00+00:00,1.0950389331087524,3.4214849657883706,,,3.6886809606793043
2021-08-26 05:30:00+00:00,,,1.887584117027568,,
2021-08-28 00:30:00+00:00,1.114727733126048,,,,
2021-08-29 04:00:00+00:00,,,,1.9255948618620171,
2021-08-30 05:30:00+00:00,,,1.8738822274774571,,
2021-09-01 19:30:00+00:00,,3.369171407553627,,,3.632282049628873
2021-09-02 01:30:00+00:00,1.1347705377676545,,,,
2021-09-02 15:00:00+00:00,1.1211646390198202,,,,
2021-09-03 00:30:00+00:00,,3.3171406987287435,,1.898140384567337,3.5761880767100784
2021-09-03 12:30:00+00:00,,3.382177719647015,,,3.6463040711391965
2021-09-06 12:00:00+00:00,1.1077218749979725,,,,
2021-09-07 02:30:00+00:00,,3.450741245361894,,,3.7202219677339134
2021-09-07 08:30:00+00:00,,,,1.927367689033052,
2021-09-07 14:00:00+00:00,,,1.9416084268457872,,
2021-09-08 13:00:00+00:00,1.094440289716747,3.380205056440069,,,3.6441773556089365
2021-09-09 18:00:00+00:00,1.0813179506430428,,,,
2021-09-12 20:30:00+00:00,1.0683529484148329,,,,
2021-09-13 01:00:00+00:00,1.055543396563339,,,,
2021-09-13 14:00:00+00:00,,,,1.828648092576617,
2021-09-13 14:30:00+00:00,1.0075431292058683,3.2264920523509364,,,3.4784603534119802
2021-09-18 20:00:00+00:00,,,,1.8187133974071443,
2021-09-20 15:00:00+00:00,0.99546268708669,,,,
2021-09-21 05:00:00+00:00,0.9835270894685204,,,,
2021-09-22 15:30:00+00:00,1.0012109065371646,,,,
2021-09-23 03:00:00+00:00,1.0192126786367026,,,,
2021-09-23 05:00:00+00:00,1.0069923186198484,,,,
2021-09-23 22:00:00+00:00,0.9949184807195964,,,,
2021-09-24 09:00:00+00:00,,,,1.8374401528326605,
2021-09-24 11:30:00+00:00,,,1.8243085207253984,,
2021-09-24 16:00:00+00:00,0.9799257849203968,,,,
2021-09-26 22:30:00+00:00,0.9681764747592012,,,,
2021-09-26 23:00:00+00:00,,,,1.8224785416882276,
2021-09-27 09:30:00+00:00,0.9565680388268384,,,,
2021-09-27 14:30:00+00:00,,,,1.7852617178932018,
2021-09-28 01:00:00+00:00,,,1.766072797037909,,
2021-09-28 07:00:00+00:00,,3.0892136301795383,,,3.33046136839845
2021-09-30 03:30:00+00:00,0.9740939457703224,,,,
2021-09-30 19:30:00+00:00,0.962414559360536,,,,
2021-10-01 07:30:00+00:00,,3.1722489134615657,,,3.419981173854165
2021-10-01 10:00:00+00:00,0.9797187731378384,,,,
2021-10-01 13:00:00+00:00,0.9973341166788569,,,,
2021-10-02 23:30:00+00:00,,,,1.9883719593759763,
2021-10-03 15:30:00+00:00,,3.2205686081675604,,,3.4720743262923697
2021-10-03 20:30:00+00:00,0.9853760806198774,,,,
2021-10-03 21:00:00+00:00,,,,1.98106382533674,
2021-10-05 00:30:00+00:00,1.003093142549423,,,,
2021-10-06 08:30:00+00:00,0.9910660557702552,,,2.0296648117885376,
2021-10-06 15:30:00+00:00,1.032901191392901,,,,
2021-10-07 09:00:00+00:00,,,,2.108501110564945,
2021-10-08 12:00:00+00:00,1.0205167061081,,,2.093682820521505,
2021-10-08 18:00:00+00:00,,3.2064877405655072,,,3.4568938333915127
2021-10-10 02:00:00+00:00,,,,2.0511182969514876,
2021-10-10 09:00:00+00:00,1.008280710801864,,,,
2021-10-10 10:00:00+00:00,,,,2.018215562652391,
2021-10-10 21:00:00+00:00,,,,1.9739588600930804,
2021-10-11 11:00:00+00:00,0.9961914250793495,,,,
2021-10-12 14:30:00+00:00,,,,1.964602106466564,
2021-10-12 19:00:00+00:00,,,2.2570853880009145,,
2021-10-13 20:00:00+00:00,1.0141029469022764,,,,
2021-10-14 15:00:00+00:00,,,,1.9757014560225905,
2021-10-15 04:00:00+00:00,,3.2923570818379497,,,3.5494690185596136
2021-10-15 05:00:00+00:00,1.0323365178875794,,,,
2021-10-15 20:00:00+00:00,1.0508979284791982,,,,
2021-10-15 21:30:00+00:00,,,,2.0506355243460757,
2021-10-18 00:30:00+00:00,1.0697930732332543,,,,
2021-10-18 13:00:00+00:00,,3.1734635807794325,,1.994235173196954,3.4212906988860663
2021-10-19 17:00:00+00:00,1.0890279526899884,,,,
2021-10-21 02:00:00+00:00,,,,2.0405334525278223,
2021-10-21 14:00:00+00:00,1.0542117290424895,,,,
2021-10-24 15:00:00+00:00,1.0205085800650011,,,,
2021-10-26 21:30:00+00:00,,,,2.0437902586902768,
2021-10-26 22:30:00+00:00,,,2.2021399436089055,,
2021-10-28 13:30:00+00:00,1.0388573243345698,,,,
2021-10-28 18:30:00+00:00,,,,2.0120189600900513,
2021-10-29 16:00:00+00:00,1.0575359790261052,,,,
2021-10-30 14:00:00+00:00,1.023726553776641,,,,
2021-10-31 08:00:00+00:00,,,,1.977041876603136,
2021-10-31 10:30:00+00:00,,,2.18958595774766,,
2021-11-02 12:00:00+00:00,1.0421331572135446,,,,
2021-11-03 13:30:00+00:00,,,,1.978735834787774,
2021-11-04 11:30:00+00:00,,,2.1674078571877144,,
2021-11-08 05:00:00+00:00,1.060870711380244,,,,
2021-11-08 12:30:00+00:00,,3.245982247938557,,,3.4994726080624714
2021-11-10 13:30:00+00:00,,,,2.115648316706627,
2021-11-10 20:30:00+00:00,1.0269546747374176,,,2.0460755301129643,
2021-11-10 22:30:00+00:00,,,2.2545518537708227,,
2021-11-15 15:30:00+00:00,,,,2.020136290793198,
2021-11-15 16:00:00+00:00,0.9941229337860624,,,,
2021-11-15 18:30:00+00:00,,,2.1836151629198097,,
2021-11-17 03:00:00+00:00,0.9623408235929218,,,,
2021-11-18 15:00:00+00:00,0.9315747874626562,,,1.919179594875195,
2021-11-20 16:00:00+00:00,,,2.1639678412605634,,
2021-11-22 00:00:00+00:00,,3.1847932612882652,,,3.433505154656408
2021-11-22 00:30:00+00:00,,,2.116315100725188,,
2021-11-22 01:00:00+00:00,,,,1.8967624586336025,
2021-11-22 02:00:00+00:00,0.901792341507475,,,,
2021-11-22 18:30:00+00:00,0.872962040349481,,,,
2021-11-24 03:00:00+00:00,,,2.0679280481153084,,
2021-11-25 12:30:00+00:00,0.8886578978349647,,,,
2021-11-26 03:30:00+00:00,,,2.089357349505794,,
2021-11-26 07:30:00+00:00,,,,1.8732424987599203,
2021-11-28 02:30:00+00:00,,,2.0541751810768676,,
2021-11-29 00:00:00+00:00,0.9273239908974268,,,,
2021-11-29 02:00:00+00:00,,3.285738051522097,,,3.5423330844992926
2021-11-29 20:00:00+00:00,,3.2278330480807504,,,3.47990607229322
2021-11-30 04:00:00+00:00,,,2.099034910073976,,
2021-11-30 05:30:00+00:00,,,,1.9178107893989331,
2021-11-30 06:00:00+00:00,0.897677442908436,,,,
2021-11-30 15:00:00+00:00,0.9138176833319296,,,,
2021-11-30 16:00:00+00:00,,3.1726683240360884,,,3.420433337700103
2021-12-01 21:00:00+00:00,0.8846029319958078,,,,
2021-12-01 21:30:00+00:00,,,2.0485523948178135,,
2021-12-02 03:00:00+00:00,,,,1.8231719068240169,
2021-12-03 16:00:00+00:00,,,2.0090854098015742,1.749999522470058,
2021-12-04 15:00:00+00:00,0.9005080927130925,,,,
2021-12-04 20:30:00+00:00,0.9205229479831688,,,,
2021-12-05 16:00:00+00:00,,,1.9436733317924455,,
2021-12-06 07:00:00+00:00,0.8910938293361469,,,,
2021-12-06 21:30:00+00:00,0.9071156963876108,,,,
2021-12-07 09:00:00+00:00,0.9234256366086598,,,,
2021-12-07 22:00:00+00:00,,,1.9902680450667352,,
2021-12-08 10:30:00+00:00,,,,1.7476234736169578,
2021-12-09 14:30:00+00:00,0.893903719006281,,,,
2021-12-10 18:00:00+00:00,,,1.9373591613012815,,
2021-12-10 23:30:00+00:00,,,,1.6613605528902706,
2021-12-13 02:00:00+00:00,,,1.9118932794412828,1.644729515209188,
2021-12-15 00:00:00+00:00,0.909976107874014,,,,
2021-12-15 14:30:00+00:00,,3.1095807582694213,,,3.3524190383458787
2021-12-15 15:00:00+00:00,,,1.8934011194334992,,
2021-12-15 22:00:00+00:00,0.9286214321927112,,,,
2021-12-17 22:00:00+00:00,0.8989334050055101,,,,3.245242201689961
2021-12-19 03:00:00+00:00,0.906115882911504,,,,3.2711716868814635
2021-12-20 00:00:00+00:00,0.8771473581348233,,,,3.166592328051863
2021-12-21 06:00:00+00:00,0.8876795182997881,,,,3.2046145112881086
2021-12-22 13:30:00+00:00,,,1.8871943715770507,,
2021-12-23 09:00:00+00:00,,3.0838442723284287,,,
2021-12-23 20:30:00+00:00,0.8997943352481105,,,,3.2483502485602194
2021-12-25 11:00:00+00:00,,,1.8843671061143945,,
2021-12-25 23:00:00+00:00,,3.0707532577647068,,,
2021-12-28 00:00:00+00:00,,,1.8387883340990976,,
2021-12-28 04:00:00+00:00,,,,1.7162318622911383,
2021-12-29 23:00:00+00:00,0.8710279103502284,,,,3.1445004911137495
2021-12-31 17:00:00+00:00,0.8431811480563316,,,,3.043970810412843
2022-01-05 19:30:00+00:00,,,,1.6410210739343305,
2022-01-09 17:00:00+00:00,0.8499181654293017,,,,3.0682921371880414
2022-01-10 14:00:00+00:00,,,,1.513174572628863,
2022-01-11 02:00:00+00:00,0.8567090115710817,,,,3.092807791364174
2022-01-11 18:30:00+00:00,0.8635541165735346,,,,3.1175193256171734
2022-01-13 14:30:00+00:00,0.8704539139649572,,,,3.1424283050288544
2022-01-13 17:30:00+00:00,,,1.7946684305737708,,
2022-01-14 11:30:00+00:00,,,,1.5002421655226417,
2022-01-14 19:30:00+00:00,0.8774088407375371,,,,3.167536307186035
2022-01-20 21:30:00+00:00,0.849358080099158,,,,
2022-01-20 23:00:00+00:00,,,,1.4529599942008355,
2022-01-21 00:00:00+00:00,,,1.6830124276639165,,
2022-01-23 09:00:00+00:00,0.864629538379341,,,,
2022-01-24 02:30:00+00:00,0.8369873320373535,,,,
2022-01-24 20:00:00+00:00,0.8799837544925926,,,,
2022-01-25 00:30:00+00:00,0.8518506738614644,,,,
2022-01-26 10:30:00+00:00,0.8671669489774935,,,,
2022-01-27 03:00:00+00:00,,,1.6035320985984598,,
2022-01-28 03:00:00+00:00,0.8827586107201089,,,,
2022-01-29 20:30:00+00:00,0.8986306105408564,,,,
2022-02-01 16:30:00+00:00,0.9147879889183812,,,,
2022-02-02 16:30:00+00:00,,,1.5514840526265092,,
2022-02-03 10:00:00+00:00,,,,1.4822524648972462,
2022-02-04 18:30:00+00:00,0.9340708050201614,,,,
2022-02-05 15:30:00+00:00,,3.4991050156853616,,,3.6093887230484243
2022-02-06 23:00:00+00:00,0.950865398094424,,,,
2022-02-07 15:30:00+00:00,0.9679619579521618,,,,
2022-02-08 05:30:00+00:00,0.9853659139561416,,,,
2022-02-08 08:30:00+00:00,0.9538637656869636,,,,
2022-02-10 11:30:00+00:00,0.9710142361940152,,,,
2022-02-10 15:30:00+00:00,,3.66883728946257,,,3.7844705660232996
2022-02-10 23:30:00+00:00,0.9399709110628924,,,,
2022-02-11 02:30:00+00:00,,,1.649149535915179,,
2022-02-11 23:00:00+00:00,,,,1.6731839455935205,
2022-02-15 10:30:00+00:00,0.9568715880438032,,,,
2022-02-16 14:30:00+00:00,,,1.649531724001898,,
2022-02-17 14:00:00+00:00,,3.5495478308219144,,,3.661421379198079
2022-02-21 11:30:00+00:00,0.9262804033740428,,,,
2022-02-21 21:30:00+00:00,0.8966672188781747,,,,
2022-02-23 19:00:00+00:00,,,1.6002096513522468,,
2022-02-24 18:30:00+00:00,0.9127892954736044,,,,
2022-02-24 22:30:00+00:00,0.9507239536193132,,,,
2022-02-26 00:30:00+00:00,0.9678179703053884,,,,
2022-02-26 12:30:00+00:00,,,1.613153440015107,,
2022-02-27 20:00:00+00:00,,,1.5228403491723763,,
2022-02-28 17:30:00+00:00,0.9922336479882296,,,,
2022-03-01 11:00:00+00:00,1.010074008979058,,,,
2022-03-01 16:00:00+00:00,0.9777819429119976,4.01100953686989,,1.7862220248021026,4.1374272922706865
2022-03-02 19:00:00+00:00,,,,1.722828991799177,
2022-03-03 04:30:00+00:00,,,1.6027800453894523,,
2022-03-09 06:00:00+00:00,1.0063938889465511,,,,
2022-03-10 02:30:00+00:00,,,1.565603990729321,,
2022-03-10 05:00:00+00:00,,3.8006185038181584,,,3.9204052198483503
2022-03-11 16:00:00+00:00,0.9742194763169296,,,,
2022-03-15 07:00:00+00:00,0.9430736796590774,,,,
2022-03-16 02:00:00+00:00,,4.005819407146869,,,4.132073581647697
2022-03-16 03:30:00+00:00,0.9114477481986676,,,,
2022-03-16 14:00:00+00:00,0.9187302157067748,,,,
2022-03-18 18:00:00+00:00,0.9272548153018476,,,,
2022-03-20 03:00:00+00:00,,,1.5682214732929889,,
2022-03-20 09:00:00+00:00,,,,1.7169592412120998,
2022-03-22 03:00:00+00:00,0.9346635812761092,,,,
2022-03-22 05:30:00+00:00,0.9469400266938122,,,,
2022-03-22 20:00:00+00:00,,,1.5409310854845626,,
2022-03-23 01:00:00+00:00,,,,1.696359418776967,
2022-03-24 17:00:00+00:00,0.9545060775070956,,,,
2022-03-25 16:30:00+00:00,,,,1.7238417989126522,
2022-03-25 23:30:00+00:00,,,1.5474265522753627,,
2022-03-27 20:30:00+00:00,,4.210288019208535,,,4.342986572050813
2022-03-27 23:00:00+00:00,0.9628780423630036,,,,
2022-03-28 23:00:00+00:00,,,,1.797884410823218,
2022-03-29 00:00:00+00:00,,,1.557122980246405,,
2022-04-01 02:30:00+00:00,,4.024294512670498,,,4.151130979821
2022-04-02 00:30:00+00:00,0.9705714379214838,,,,
2022-04-02 16:00:00+00:00,,,1.5470895924461825,,
2022-04-04 22:30:00+00:00,0.9783263037104764,,,,
2022-04-06 00:00:00+00:00,,3.8554360115376984,,,3.97695044878592
2022-04-08 18:00:00+00:00,0.9470492117808524,,,,
2022-04-10 23:00:00+00:00,,,1.5049485218023282,,
2022-04-13 16:00:00+00:00,0.9600144863933476,,,,
2022-04-14 11:00:00+00:00,,,1.487800100518104,,
2022-04-18 19:30:00+00:00,0.9676850021396304,,,,
2022-04-19 12:30:00+00:00,,3.928474616889701,,,4.05229106226364
2022-04-20 13:30:00+00:00,,,,1.7898511317272734,
2022-04-20 16:00:00+00:00,,,1.5089465145220915,,
2022-04-21 15:30:00+00:00,,,,1.7857355264333257,
2022-04-21 16:00:00+00:00,,3.8506750784127504,,,3.972039462046355
2022-04-21 18:00:00+00:00,,,1.4744582057313549,,
2022-04-26 00:30:00+00:00,0.975416805306726,,,,
2022-04-26 08:00:00+00:00,,3.921996608552027,,,4.045608882066989
2022-04-26 13:30:00+00:00,,,1.4706542655142638,,
2022-04-29 09:00:00+00:00,0.94423273004107,,,,
2022-05-02 13:30:00+00:00,,3.840143867928153,,,3.961176332133774
2022-05-04 16:00:00+00:00,,3.899171103132577,,,4.022063969442323
2022-05-04 18:30:00+00:00,,3.821271316604791,,,3.941708961587208
2022-05-05 09:30:00+00:00,,,1.4917348847005554,,
2022-05-05 14:00:00+00:00,0.9140456096616568,3.736916850564038,,,3.8546958376308154
2022-05-09 23:30:00+00:00,0.8848235715207737,,,,
2022-05-10 04:30:00+00:00,0.8918933118572246,,,,
2022-05-10 12:30:00+00:00,0.8990195394189638,,,,
2022-05-10 14:30:00+00:00,0.8702778847437396,,,,
2022-05-11 02:00:00+00:00,0.877231405042842,,,,
2022-05-11 11:00:00+00:00,0.8876729317692102,,,,
2022-05-11 16:00:00+00:00,0.8592940281405486,,,,
2022-05-12 02:30:00+00:00,0.8318223980608952,,,,
2022-05-12 10:30:00+00:00,0.8384686590214017,,,,
2022-05-12 12:00:00+00:00,0.8116628159924874,,,,
2022-05-12 17:00:00+00:00,0.8371340316839097,,,,
2022-05-13 00:30:00+00:00,0.8438227325970641,,,,
2022-05-13 02:00:00+00:00,0.8505648762305146,,,,
2022-05-13 04:30:00+00:00,0.8629522202338673,,,,
2022-05-13 17:30:00+00:00,,,1.464851674140532,,
2022-05-14 21:30:00+00:00,0.8698472084735358,,,,
2022-05-15 20:00:00+00:00,0.8767972876692393,,,,
2022-05-15 23:30:00+00:00,0.8838028979977164,,,,
2022-05-16 04:00:00+00:00,,,1.4241138402008595,,
2022-05-16 06:00:00+00:00,,3.6110396082619216,,1.7225004954363008,3.724851235420526
2022-05-16 21:00:00+00:00,0.890864483152718,,,,
2022-05-17 03:30:00+00:00,0.8979824903731084,,,,
2022-05-20 01:30:00+00:00,0.9051573704711896,,,,
2022-05-20 07:00:00+00:00,,,1.4160446617141873,,
2022-05-20 14:30:00+00:00,,3.50337146377648,,,3.6137896397281244
2022-05-22 22:00:00+00:00,0.9123895778612544,,,,
2022-05-23 18:30:00+00:00,,,,1.6826687485158225,
2022-05-25 11:30:00+00:00,,3.41394789823656,1.3851070914291794,,3.5215476499656795
2022-05-26 17:00:00+00:00,0.9196795705883658,,,,
2022-05-28 13:00:00+00:00,0.9270278103573668,,,,
2022-05-29 20:30:00+00:00,,,1.3729887645369443,,
2022-05-30 05:30:00+00:00,0.934434762562122,,,,
2022-05-30 13:00:00+00:00,,,,1.7187771831674623,
2022-05-30 14:00:00+00:00,,3.460412905962453,,,3.569477127403597
2022-05-30 21:00:00+00:00,0.9419008963149934,,,,
2022-05-30 22:00:00+00:00,,,,1.7473730933478302,
2022-05-31 15:30:00+00:00,0.94942668447655,,,,
2022-05-31 16:30:00+00:00,0.9570126036855175,,,,
2022-05-31 18:30:00+00:00,,,,1.7130432739464994,
2022-06-01 04:00:00+00:00,,,1.4311423618585872,,
2022-06-01 14:30:00+00:00,,3.3737297453581236,,,3.4800619138101347
2022-06-06 03:30:00+00:00,0.9706130874828738,,,,
2022-06-06 14:00:00+00:00,,3.4619580439583975,,,3.571070964579994
2022-06-06 17:00:00+00:00,,,,1.7353187736943705,
2022-06-07 00:30:00+00:00,,,1.4177249003861232,,
2022-06-07 22:00:00+00:00,0.9793330331284442,,,,
2022-06-08 03:30:00+00:00,,3.347525420317265,,,3.4530316889744723
2022-06-08 04:30:00+00:00,,,1.367301578641374,,
2022-06-12 22:00:00+00:00,0.948023756059328,,,,
2022-06-13 17:30:00+00:00,0.917715436578111,,,,
2022-06-14 05:00:00+00:00,0.9250479829163704,,,,
2022-06-14 15:00:00+00:00,0.9324391162998724,,,,
2022-06-14 20:00:00+00:00,0.9026290377517652,,,,
2022-06-15 01:30:00+00:00,0.9098410437634018,,,,
2022-06-15 14:00:00+00:00,0.9336555510828978,,,,
2022-06-15 21:00:00+00:00,0.9411154589360504,,,,
2022-06-16 00:00:00+00:00,0.954879783507662,,,,
2022-06-16 09:30:00+00:00,,,1.328116426956653,,
2022-06-17 07:00:00+00:00,0.9625092729778884,,,,
2022-06-17 12:30:00+00:00,0.9317378515207853,,,,
2022-06-17 17:00:00+00:00,,,1.2843145296556042,,
2022-06-18 16:30:00+00:00,0.9019501924076658,,,,
2022-06-19 00:30:00+00:00,0.9204808186055928,,,,
2022-06-19 12:30:00+00:00,0.9554448657698108,,,,
2022-06-19 18:30:00+00:00,0.9630788702473116,,,,
2022-06-19 21:00:00+00:00,0.9794388084028692,,,,
2022-06-20 08:00:00+00:00,0.9872645244820084,,,,
2022-06-20 10:30:00+00:00,0.9951527680326197,,,,
2022-06-20 19:30:00+00:00,,,1.289214997361314,,
2022-06-20 23:30:00+00:00,1.0031040386492005,,,,
2022-06-21 08:30:00+00:00,1.011118839918007,,,,
2022-06-21 19:30:00+00:00,0.9787933706058286,,,,
2022-06-21 22:30:00+00:00,,,1.2929625277486854,,
2022-06-21 23:00:00+00:00,,,,1.6949738973038908,
2022-06-23 09:30:00+00:00,0.9866139296369691,,,,
2022-06-23 18:00:00+00:00,,,1.2796664902761947,,
2022-06-23 22:00:00+00:00,0.9944969749347689,,,,
2022-06-24 02:30:00+00:00,1.0024430057644975,,,,
2022-06-25 07:30:00+00:00,1.010452525380556,,,,
2022-06-25 15:00:00+00:00,,,1.289884419660138,,
2022-06-26 15:00:00+00:00,,,,1.675520653610955,
2022-06-26 18:30:00+00:00,,,1.2727119130302795,,
2022-06-27 14:30:00+00:00,,,1.2283020835357732,,
2022-06-28 16:30:00+00:00,,,1.1998605977965842,,
2022-06-30 06:00:00+00:00,,,1.1801206093751702,,
2022-07-01 02:30:00+00:00,1.0311992549073834,,,,
2022-07-01 12:00:00+00:00,,,1.1136250119972873,,
2022-07-04 04:30:00+00:00,,,1.1023967850723926,,
2022-07-04 15:00:00+00:00,1.0394385369540933,,,,
2022-07-05 08:30:00+00:00,,,,1.6844201732746351,
2022-07-05 09:30:00+00:00,1.006207686927671,,,,
2022-07-05 10:00:00+00:00,,,1.1166229263213667,,
2022-07-05 11:30:00+00:00,,3.2280052242289585,,,3.3297444923902413
2022-07-05 21:00:00+00:00,1.02125584884611,,,,
2022-07-06 01:30:00+00:00,,,,1.632225852242791,
2022-07-07 16:30:00+00:00,1.0294156830783905,,,,
2022-07-07 21:00:00+00:00,1.0376407143861868,,,,
2022-07-08 07:00:00+00:00,1.0044673407472604,,,,
2022-07-08 08:30:00+00:00,,,,1.7031363511573885,
2022-07-08 14:00:00+00:00,,,1.162207538589051,,
2022-07-10 01:30:00+00:00,,,1.1307015488342058,,
2022-07-10 02:00:00+00:00,0.9723545198635704,,,,
2022-07-10 14:30:00+00:00,,3.084027002621435,,,3.1812284098190595
2022-07-13 17:00:00+00:00,0.9801236324772804,,,,
2022-07-13 23:00:00+00:00,0.9879548203007738,,,,
2022-07-14 17:00:00+00:00,0.9958485793149768,,,,
2022-07-14 19:30:00+00:00,1.0038054094637034,,,,
2022-07-16 02:00:00+00:00,,,1.1138136998674488,,
2022-07-17 07:00:00+00:00,1.0118258146853183,,,,
2022-07-17 16:00:00+00:00,,,1.096124255312111,1.6591434327757784,3.0990555869024896
2022-07-18 05:00:00+00:00,1.019910302944654,,,,
2022-07-18 08:00:00+00:00,1.0357637486660418,,,,
2022-07-18 17:00:00+00:00,,,,1.688199575311115,3.153328532254369
2022-07-18 17:30:00+00:00,1.0026503816211885,,,,
2022-07-18 20:30:00+00:00,,,1.0648061604121304,,
2022-07-19 01:00:00+00:00,,,,1.6429704069195308,3.0688465614820237
2022-07-19 13:00:00+00:00,1.010661558170342,,,,
2022-07-19 15:30:00+00:00,,3.2046047582429176,,,
2022-07-19 17:30:00+00:00,1.034346279645327,,,,
2022-07-20 00:30:00+00:00,,,,1.639767911068551,3.062864732266447
2022-07-20 17:00:00+00:00,,,,1.610320496536381,3.0078609437313735
2022-07-20 23:30:00+00:00,,,1.066902388873821,,
2022-07-21 02:30:00+00:00,1.001278229085066,,,,
2022-07-21 20:00:00+00:00,1.0092784421354557,,,,
2022-07-23 12:00:00+00:00,,3.0212284779722416,,,
2022-07-25 23:30:00+00:00,0.9770118103403852,,,,
2022-07-27 21:00:00+00:00,0.9848181347050048,,,,
2022-07-28 12:30:00+00:00,0.9533334989384856,,,,
2022-07-28 15:30:00+00:00,,3.142152530969631,,,
2022-07-28 17:30:00+00:00,0.960950633595004,,,,
2022-07-29 11:30:00+00:00,,,,1.605306608841791,2.9984956794841313
2022-07-30 05:00:00+00:00,,,1.1038433979538729,,
2022-07-30 12:30:00+00:00,0.968628629157428,,,,
2022-07-30 19:30:00+00:00,,,,1.570799945069488,2.9340418974684246
2022-07-30 22:00:00+00:00,0.937661571883265,,1.0732150458302487,,
2022-08-05 06:00:00+00:00,0.9451534878426124,,,,
2022-08-08 21:00:00+00:00,,,,1.577198495068421,2.9459935236693573
2022-08-09 10:00:00+00:00,,,1.05946275855103,,
2022-08-09 11:30:00+00:00,,3.083090591157835,,,
2022-08-10 21:30:00+00:00,0.9527052642104747,,,,
2022-08-11 05:00:00+00:00,0.9603173792715164,,,,
2022-08-11 15:00:00+00:00,,,,1.5825686051465562,2.956024163161498
2022-08-11 20:00:00+00:00,,,1.0555501546389912,,
2022-08-14 11:30:00+00:00,,3.0367075209348893,,,2.9115527237773073
2022-08-14 13:00:00+00:00,,,,1.5491166145437465,
2022-08-15 06:00:00+00:00,,2.9891202445052003,,1.515311002546989,2.865926708314564
2022-08-15 06:30:00+00:00,0.9392096032751284,,,,
2022-08-15 08:00:00+00:00,,,1.015723473874528,,
2022-08-17 07:30:00+00:00,,2.939608605650518,,,2.8184556410575996
2022-08-17 11:30:00+00:00,,,1.000856980168909,,
2022-08-18 18:00:00+00:00,,,0.9861173377458068,,
2022-08-22 07:30:00+00:00,,,0.9756638531088432,,
2022-08-23 06:00:00+00:00,,2.886896855102405,,,2.767916351440343
2022-08-24 03:00:00+00:00,,,0.9638188586305528,,
2022-08-24 16:00:00+00:00,0.9560965919420152,2.939528938729532,,,2.8183792575273476
2022-08-25 00:00:00+00:00,,,,1.478934735779713,
2022-08-25 00:30:00+00:00,,,0.9516099772546468,,
2022-08-26 05:30:00+00:00,,,0.934203511495397,,
2022-08-26 14:30:00+00:00,0.9350815888511296,2.8899139306499486,,,2.77080908130245
2022-08-29 14:00:00+00:00,,2.931128821882965,,,2.810325342912238
2022-08-30 14:00:00+00:00,,,,1.452240004668839,
2022-08-30 14:30:00+00:00,,2.881762953243694,,,2.7629940381002247
2022-08-30 15:00:00+00:00,,,0.9208042699578662,,
2022-08-31 06:00:00+00:00,,2.940430443197611,,,2.8192436074100535
2022-08-31 17:00:00+00:00,,,0.9056270768630584,,
2022-09-01 07:30:00+00:00,0.9145284955281818,,,,
2022-09-02 18:30:00+00:00,,,0.8964709139398527,,
2022-09-03 19:00:00+00:00,,2.88199436361494,,,2.7632159111295063
2022-09-05 07:30:00+00:00,,,0.8867231368838531,,
2022-09-06 00:30:00+00:00,,2.9113202937503986,,,2.7913332030236266
2022-09-06 02:00:00+00:00,,2.8579725501377715,,1.4266906924331466,2.7401841321460667
2022-09-06 13:30:00+00:00,,2.813812566307259,,,2.697844156920495
2022-09-06 17:30:00+00:00,,,0.8396774247595088,,
2022-09-09 07:00:00+00:00,0.946750691171764,,,,
2022-09-09 09:30:00+00:00,,2.993787279917168,,,2.8704013966314337
2022-09-09 23:00:00+00:00,,3.0584298686219342,,,2.932379807103258
2022-09-12 02:30:00+00:00,,3.0031869092468453,,,2.8794136298440987
2022-09-13 13:00:00+00:00,,2.823437226311638,0.7957940173602531,1.3616847419404596,2.707072146398571
2022-09-18 10:00:00+00:00,,,0.7907070221239506,,
2022-09-18 21:00:00+00:00,,2.76741812477653,,,2.6533618148853515
2022-09-19 19:00:00+00:00,,2.8409808294026733,,,2.7238927078166317
2022-09-19 19:30:00+00:00,0.9637732685990326,,,,
2022-09-20 09:30:00+00:00,,,0.7879470786376969,,
2022-09-20 12:00:00+00:00,0.9425895321552256,,,,
2022-09-20 13:00:00+00:00,,2.759544458894137,,,2.645812654095926
2022-09-21 18:30:00+00:00,0.9024349617044534,2.6936109021155974,,,2.582596481480204
2022-09-21 19:30:00+00:00,0.8825994412461895,,,,
2022-09-21 21:00:00+00:00,,,0.7765581767386683,,
2022-09-22 15:00:00+00:00,0.8631999055275982,,,,
2022-09-23 08:30:00+00:00,,,0.7726026456227792,,
2022-09-24 07:00:00+00:00,0.8442267716041016,,,,
2022-09-24 08:00:00+00:00,,,0.7576524937506914,,
2022-09-25 14:00:00+00:00,,,0.750312440189581,,
2022-09-25 21:30:00+00:00,,2.627848166738751,,,2.5195440900366726
2022-09-26 11:00:00+00:00,0.8256706671642434,,,,
2022-09-26 11:30:00+00:00,,2.571224178692379,,,2.465253801791595
2022-09-27 04:00:00+00:00,0.8405162257598564,,,,
2022-09-27 05:30:00+00:00,,2.6259393209091244,,,2.517713915337197
2022-09-27 15:30:00+00:00,,,,1.353475344169638,
2022-09-27 16:00:00+00:00,,2.5673588264222476,,,2.461547756065138
2022-09-27 16:30:00+00:00,,,0.7573156589111165,,
2022-09-29 07:00:00+00:00,,,0.7592935603537257,,
2022-09-30 13:00:00+00:00,,,0.7464708397486771,,
2022-09-30 14:00:00+00:00,,2.6059110984289684,,,2.4985111355790184
2022-09-30 16:00:00+00:00,0.8220416791176548,,,,
2022-09-30 19:30:00+00:00,,2.5411888715089517,,,2.4364563690996004
2022-09-30 21:00:00+00:00,,,0.7223274767721849,,
2022-10-04 00:00:00+00:00,,2.5764165615864267,,,2.4702321859309424
2022-10-04 14:00:00+00:00,,2.6164690426295554,,,2.5086339448989112
2022-10-04 17:00:00+00:00,,,,1.3256614451737214,
2022-10-05 04:00:00+00:00,,2.574425105973051,,,2.4683228061255336
2022-10-05 08:00:00+00:00,,,,1.3104402616711874,
2022-10-05 09:00:00+00:00,,,0.7475572653287825,,
2022-10-05 21:30:00+00:00,,,0.7373669571869341,,
2022-10-06 09:00:00+00:00,,,0.731366347157047,,
2022-10-06 14:00:00+00:00,,2.536136014736283,,,2.4316117606551257
2022-10-09 21:30:00+00:00,,,0.7275670275177144,,
2022-10-10 16:00:00+00:00,,2.5080244455690024,,,2.404658781082878
2022-10-13 02:30:00+00:00,,,0.721390544934815,,
2022-10-13 17:30:00+00:00,0.8368219885081901,,,,
2022-10-14 14:00:00+00:00,0.81842864120078,,,1.31174839595719,
2022-10-14 15:00:00+00:00,,,0.730945043244256,,
2022-10-16 05:30:00+00:00,,2.4698944116833745,,,2.3681002375774294
2022-10-17 04:00:00+00:00,,,0.7256103685895149,,
2022-10-18 14:30:00+00:00,,,0.7292690863624957,1.2913470585992213,
2022-10-20 18:00:00+00:00,,,0.7236842739625324,,
2022-10-23 06:00:00+00:00,,,0.7232939216357762,,
2022-10-24 01:00:00+00:00,,,,1.297005898918966,
2022-10-24 04:00:00+00:00,,2.431234849086608,,,2.331033989345528
2022-10-24 04:30:00+00:00,,,0.7153785292012341,,
2022-10-26 07:00:00+00:00,,2.4650760749666047,,,2.3634804836844143
2022-10-26 08:30:00+00:00,0.8331439881695699,,,,
2022-10-27 09:00:00+00:00,,,0.7590989175839339,,
2022-10-27 20:00:00+00:00,0.8148314833096028,,,1.3383891790614193,
2022-10-29 11:30:00+00:00,,,,1.3128763447031064,
2022-10-29 23:30:00+00:00,,,0.7676886174573405,,
2022-10-31 14:00:00+00:00,,,0.7508396094049905,,
2022-11-01 14:00:00+00:00,,,0.7418830576607038,,
2022-11-02 07:30:00+00:00,,,0.7357222870835022,,
2022-11-04 16:00:00+00:00,0.7969214873064576,,,1.3069933377300471,
2022-11-05 23:30:00+00:00,,,0.7683364588909009,,
2022-11-06 19:00:00+00:00,,2.4700730107816127,,,2.3682714758963503
2022-11-06 22:00:00+00:00,,,,1.2899219425894466,
2022-11-08 18:00:00+00:00,0.7629233671119267,,,,
2022-11-09 09:00:00+00:00,0.7461543115028066,,,,
2022-11-10 05:00:00+00:00,0.7595701660236271,,,,
2022-11-10 10:30:00+00:00,0.7428748137744278,,,,
2022-11-10 17:30:00+00:00,0.7265464253676659,,,,
2022-11-10 22:30:00+00:00,0.7102034326520994,,,,
2022-11-11 03:00:00+00:00,,,0.7482994156042391,,
2022-11-13 09:00:00+00:00,0.6945931612024062,,,,
2022-11-14 14:00:00+00:00,0.6763296615995783,,,,
2022-11-14 16:00:00+00:00,,2.352969021105905,,,2.2559938074824593
2022-11-15 13:30:00+00:00,0.6952466022345185,,,,
2022-11-16 12:00:00+00:00,0.6799650819174037,,,,
2022-11-16 15:00:00+00:00,,,0.724655804118469,,
2022-11-18 17:00:00+00:00,0.6650194494168592,,,,
2022-11-20 13:00:00+00:00,,,0.7070789646400586,,
2022-11-24 02:30:00+00:00,0.6850944145762018,,,,
2022-11-25 04:30:00+00:00,,,,1.2648576520092665,
2022-11-28 01:30:00+00:00,,,0.69652305701831,,
2022-11-30 17:00:00+00:00,,,,1.2726395010663072,
2022-12-01 01:00:00+00:00,0.7118190999468978,,,,
2022-12-01 21:00:00+00:00,,,,1.2474824226878791,
2022-12-02 07:00:00+00:00,,2.3327974317889044,,,2.2366535696051058
2022-12-02 13:30:00+00:00,0.6961733161300651,,,,
2022-12-05 04:30:00+00:00,,2.348262175320929,,,2.251480949536421
2022-12-05 15:00:00+00:00,,2.311411911638148,,,2.216149431812751
2022-12-05 15:30:00+00:00,,,,1.233845933587294,
2022-12-05 16:00:00+00:00,0.6808714266415262,,,,
2022-12-05 20:30:00+00:00,,,0.7145378992093497,,
2022-12-10 09:00:00+00:00,,,,1.230927493670246,
2022-12-10 23:30:00+00:00,,2.289970222368752,,,2.19559143985458
2022-12-11 20:00:00+00:00,,2.277539781020258,,,2.183673306443161
2022-12-13 07:00:00+00:00,,2.2597691964700295,,,2.1666351183747876
2022-12-13 17:30:00+00:00,,2.294489639371593,,,2.1999245937042
2022-12-14 14:00:00+00:00,0.6999154004446897,,,,
2022-12-14 19:30:00+00:00,0.6845312599429154,,,,
2022-12-15 15:30:00+00:00,,,0.7239682414431021,,
2022-12-16 05:00:00+00:00,,,,1.245751293320599,
2022-12-20 14:30:00+00:00,,2.3151775537223926,,,2.2197598768067355
2022-12-22 16:00:00+00:00,,,0.7143387843462501,,
2022-12-24 22:00:00+00:00,,2.3113475755309167,,,2.2160877472524323
2022-12-25 13:30:00+00:00,,,,1.245867689845363,
2022-12-27 17:00:00+00:00,,,0.7083746456209563,,
2022-12-28 21:00:00+00:00,0.66948526284937,,,1.2210645352629848,
2023-01-01 19:30:00+00:00,,2.3139827088049527,,,2.218614276201514
2023-01-03 00:00:00+00:00,,2.298287737869814,,,2.2035661574542265
2023-01-04 19:00:00+00:00,,2.3107780749072075,,,2.215541718014937
2023-01-06 12:00:00+00:00,,,0.7121818928919501,,
2023-01-08 21:00:00+00:00,,2.3091100020005237,,,2.21394239302844
2023-01-09 04:00:00+00:00,,2.324441739122968,,,2.2286422482734216
2023-01-09 16:00:00+00:00,,2.3347035097614603,,,2.2384810905219115
2023-01-09 20:00:00+00:00,,2.316668467069273,,,2.221189343683641
2023-01-11 05:00:00+00:00,,,0.714053799724829,,
2023-01-11 15:00:00+00:00,,2.303563185308964,,,2.208624182718337
2023-01-11 23:00:00+00:00,,2.3098755153011425,,,2.214676356480679
2023-01-12 04:00:00+00:00,,2.3414473550042496,,,2.244946995074791
2023-01-12 13:30:00+00:00,,,,1.2605409851663625,
2023-01-12 15:00:00+00:00,,,0.7307963650330557,,
2023-01-12 17:30:00+00:00,0.6882107656512669,,,,
2023-01-13 08:00:00+00:00,,,0.7274073818424276,,
2023-01-13 12:00:00+00:00,,2.347181563313114,,,2.250444873848194
2023-01-13 17:00:00+00:00,0.7074600207665328,,,,
2023-01-13 21:30:00+00:00,0.7272476775473727,,,,
2023-01-14 04:30:00+00:00,,2.4071378194552255,,,2.307930094164806
2023-01-14 05:00:00+00:00,0.7653373603958431,,,,
2023-01-14 09:00:00+00:00,,,,1.3922822884297874,
2023-01-14 11:00:00+00:00,,,0.7698783793366006,,
2023-01-16 08:00:00+00:00,,,,1.3594077419626065,
2023-01-16 08:30:00+00:00,,,0.7491329447488165,,
2023-01-17 01:00:00+00:00,,2.3566713790464067,,1.323186116713534,2.2595435765240137
2023-01-17 01:30:00+00:00,,,0.7372206607187893,,
2023-01-17 14:00:00+00:00,0.7867438463661148,,,,
2023-01-17 14:30:00+00:00,,,,1.2948197819305407,
2023-01-17 23:30:00+00:00,,,0.7297240257114028,,
2023-01-18 15:30:00+00:00,,,,1.2703393962141336,
2023-01-20 05:00:00+00:00,,,0.7247706612667614,,
2023-01-21 01:00:00+00:00,0.8104130314880906,2.4702604154044843,,,2.3684511568292073
2023-01-21 23:00:00+00:00,,,0.7758385487531736,,
2023-01-22 02:30:00+00:00,,,,1.3245899652352906,
2023-01-22 20:30:00+00:00,0.7845041268714164,,,,
2023-01-26 00:30:00+00:00,,2.489831564306688,,,2.387215700829849
2023-01-26 06:30:00+00:00,,,0.7746927831484081,,
2023-01-27 01:30:00+00:00,,,,1.2963328798350724,
2023-01-27 22:00:00+00:00,,,0.764757032043946,,
2023-01-29 13:00:00+00:00,,2.509309703560954,,,2.405891068480143
2023-01-29 18:30:00+00:00,0.8064467073000099,,,,
2023-01-30 03:00:00+00:00,,,0.7697005873723998,,
2023-01-30 08:00:00+00:00,,2.4681589756183797,,,2.366436325736352
2023-01-30 09:00:00+00:00,,,,1.290955499880506,
2023-01-31 21:30:00+00:00,,,0.7637178828388034,,
2023-02-02 00:00:00+00:00,,2.489034528497424,,,2.386451514036945
2023-02-02 06:00:00+00:00,,2.4324534693650715,,,2.332202385434567
2023-02-02 09:30:00+00:00,,,0.7637402235040606,,
2023-02-02 21:30:00+00:00,,,,1.2741753040376105,
2023-02-05 17:30:00+00:00,0.7806646060676286,,,,
2023-02-08 14:30:00+00:00,,,,1.2480913769072457,
2023-02-12 21:30:00+00:00,,2.406440173190042,,,
2023-02-14 15:30:00+00:00,,,,1.2393188905435824,
2023-02-15 12:00:00+00:00,0.8024997950993401,,,,
2023-02-15 19:00:00+00:00,,2.445427364491866,,,
2023-02-16 01:00:00+00:00,0.8644707933070164,2.5194564756798092,,,
2023-02-16 07:00:00+00:00,,,,1.3572682405758345,
2023-02-16 14:30:00+00:00,,,0.8166203450982134,,2.493680257004726
2023-02-16 17:00:00+00:00,,,,1.348791514151454,
2023-02-16 23:00:00+00:00,0.8368336620449911,,,,
2023-02-17 22:00:00+00:00,,2.435325653655835,,,
2023-02-18 08:00:00+00:00,,,0.8050640514937731,,2.4583912743354577
2023-02-19 16:00:00+00:00,0.8602398995723896,,,,
2023-02-21 08:30:00+00:00,,,,1.3185275249348285,
2023-02-23 11:00:00+00:00,,,0.7971214163511663,,2.43413717319458
2023-02-27 14:00:00+00:00,,2.454439804283638,,,
2023-02-27 15:30:00+00:00,,,,1.2941661108108562,
2023-02-27 16:00:00+00:00,,2.4146443826949255,,,
2023-03-01 15:00:00+00:00,,,,1.273213662270164,
2023-03-01 19:30:00+00:00,,2.3662681463555404,,,
2023-03-03 01:00:00+00:00,0.8327380299830603,,,,
2023-03-05 08:30:00+00:00,,2.3362483268467447,,,
2023-03-12 19:00:00+00:00,,,,1.243015182253372,
2023-03-12 22:00:00+00:00,,2.374576948225027,,,
2023-03-13 02:30:00+00:00,,2.42281782707612,,,
2023-03-13 09:00:00+00:00,,,,1.2825530113402994,
2023-03-13 12:30:00+00:00,,,0.8346295319876605,,2.548674176836005
2023-03-13 16:30:00+00:00,,,,1.350694616627431,
2023-03-13 18:30:00+00:00,,2.500087158610169,,,
2023-03-13 19:30:00+00:00,0.9056343156312432,,,,
2023-03-14 07:30:00+00:00,,,,1.3283410103622784,
2023-03-14 12:30:00+00:00,0.930964907439449,,,,
2023-03-14 13:30:00+00:00,,,,1.369988984669542,
2023-03-14 18:30:00+00:00,0.9012019593486098,,,,
2023-03-14 19:00:00+00:00,,2.3666193049854667,,,
2023-03-14 19:30:00+00:00,,,0.8506643954756977,,2.597639185782819
2023-03-15 16:00:00+00:00,0.8723905327082347,,,,
2023-03-17 06:30:00+00:00,0.8967912959080842,,,,
2023-03-17 09:30:00+00:00,,2.4142766406276457,,,
2023-03-17 14:30:00+00:00,,2.342790891302454,,,
2023-03-17 21:30:00+00:00,0.9218745484546332,,,,
2023-03-18 15:30:00+00:00,,,0.8993895729048954,,2.746429273739334
2023-03-18 16:30:00+00:00,,2.272284017784631,,1.3933911287416405,
2023-03-19 16:30:00+00:00,0.9476593795749096,,,,
2023-03-20 02:00:00+00:00,,,0.8998025315983997,1.3797187076868132,2.747690308866773
2023-03-20 02:30:00+00:00,,2.2132778529732677,,,
2023-03-20 16:00:00+00:00,,2.15619118364164,,1.3380955337218756,
2023-03-22 18:00:00+00:00,0.9741654124216198,,,,
2023-03-22 18:30:00+00:00,,,,1.3166211345297232,
2023-03-22 19:00:00+00:00,,,0.8796317115540462,,2.686095497992755
2023-03-23 14:30:00+00:00,1.0014128190070526,,,,
2023-03-24 17:00:00+00:00,0.969397651183397,,,,
2023-03-29 14:00:00+00:00,,2.192037441594408,,,
2023-03-30 01:00:00+00:00,,,0.886425868077308,,2.706842536793289
2023-03-30 02:00:00+00:00,0.9965117034869968,,,,
2023-03-30 03:00:00+00:00,,,,1.330847261244006,
2023-03-30 16:00:00+00:00,0.9646532243265172,,,,
2023-04-03 01:30:00+00:00,0.9338132607447986,,,,
2023-04-03 16:30:00+00:00,,2.153631355691506,,,
2023-04-03 20:30:00+00:00,0.9039592507987874,,,,
2023-04-05 14:00:00+00:00,,,,1.315592115885822,
2023-04-09 23:30:00+00:00,,2.162925220945105,,,
2023-04-10 06:30:00+00:00,,,0.8793548707900006,,2.6852501206374413
2023-04-11 00:30:00+00:00,0.9292429910436296,,,,
2023-04-11 17:00:00+00:00,,2.2397952496613707,,,
2023-04-11 20:30:00+00:00,,,0.9016611674321148,,2.7533659493419553
2023-04-14 01:00:00+00:00,0.95523391750312,,,,
2023-04-14 13:00:00+00:00,,,0.890392082190838,,2.7189540031427755
2023-04-14 15:00:00+00:00,,2.1911237643527577,,,
2023-04-19 02:30:00+00:00,,,0.8981950209190075,,2.7427815190378313
2023-04-19 08:00:00+00:00,0.9246950891605452,2.1386603540876017,,,
2023-04-19 23:00:00+00:00,,,,1.2573240637952243,
2023-04-23 02:00:00+00:00,,,0.8882165321355835,,2.712310614628788
2023-04-26 09:00:00+00:00,0.9505588108043656,,,,
2023-04-26 19:30:00+00:00,0.92016944562295,,,,
2023-04-26 20:00:00+00:00,,2.07742853786218,0.8745524968685621,,2.670585307169923
2023-05-01 01:30:00+00:00,0.8907516284463842,,,1.3096570064258422,
2023-05-05 02:00:00+00:00,0.9156659514940296,,,,
2023-05-06 14:00:00+00:00,0.8863921110247655,,,,
2023-05-08 01:30:00+00:00,,,,1.2911840646318455,
2023-05-10 17:00:00+00:00,0.866909212424441,,,,
2023-05-11 19:30:00+00:00,,,,1.247678059381691,
2023-05-15 16:30:00+00:00,0.8911566630959527,,,,
2023-05-15 20:00:00+00:00,,,0.8709781709152064,,
2023-05-17 07:30:00+00:00,,,,1.2521937720504623,
2023-05-18 06:00:00+00:00,,,0.8654032441815732,,
2023-05-18 17:30:00+00:00,0.8715690396411037,,,1.2390274918800968,
2023-05-21 11:30:00+00:00,,,,1.230779963004193,
2023-05-23 17:00:00+00:00,,,0.8585978959647659,,
2023-05-24 03:30:00+00:00,0.8524119521497922,,,1.2235343244306158,
2023-05-29 08:30:00+00:00,,,0.8801980955630597,,
2023-05-29 10:30:00+00:00,0.8336759374415397,,,,
2023-05-31 04:30:00+00:00,,,,1.271804411868343,
2023-05-31 05:00:00+00:00,,2.0364457609240763,,,2.617900942849718
2023-06-01 03:00:00+00:00,,,,1.2405388735915717,
2023-06-03 21:00:00+00:00,,,,1.235928555281154,
2023-06-05 02:30:00+00:00,,,,1.223128121330135,
2023-06-06 21:30:00+00:00,0.8572810745822018,,,,
2023-06-07 07:00:00+00:00,,,0.883717729492884,,
2023-06-07 21:30:00+00:00,,,,1.235170224469327,
2023-06-12 00:00:00+00:00,,,0.8761960264779575,,
2023-06-13 15:30:00+00:00,,,,1.2156809920669096,
2023-06-14 20:00:00+00:00,0.838438036562885,,,1.188616002093731,2.560359480125881
2023-06-16 21:30:00+00:00,0.8736256153454519,,,,2.6678126811852585
2023-06-17 14:30:00+00:00,,,0.8793953886423271,,
2023-06-18 23:00:00+00:00,,,,1.2225952803919853,
2023-06-19 18:30:00+00:00,,,,1.210728487493592,
2023-06-20 16:30:00+00:00,,2.085858346694885,,,
2023-06-20 22:30:00+00:00,0.9208474780469448,,,,2.8120152800232248
2023-06-21 10:30:00+00:00,0.9466035820079178,,,,2.8906673474054747
2023-06-21 21:30:00+00:00,,2.2426729730860555,,,
2023-06-21 23:00:00+00:00,0.9730800841966794,,,,2.971519313112406
2023-06-22 07:30:00+00:00,,,0.942842985059312,,
2023-06-22 14:30:00+00:00,0.9516917839460364,,,1.3194848498358962,2.9062053186101955
2023-06-23 15:30:00+00:00,,2.3333361058032995,,,
2023-06-23 23:00:00+00:00,,,0.9229602230640732,,
2023-06-24 15:30:00+00:00,,,,1.3236829266605332,
2023-06-26 01:00:00+00:00,,,,1.2951984521152822,
2023-06-28 07:30:00+00:00,,,,1.2716322112791671,
2023-06-29 16:30:00+00:00,,,0.9163957344361467,,
2023-06-30 04:30:00+00:00,0.9783106031430072,,,,2.9874918813717226
2023-06-30 13:30:00+00:00,0.9568073360859238,,,1.2650017498318131,2.921826809819172
2023-07-04 05:30:00+00:00,,,0.9162170079447368,,
2023-07-04 19:00:00+00:00,,2.300196945325214,,1.2656790008749057,
2023-07-06 11:30:00+00:00,,,,1.2624563818359948,
2023-07-06 13:00:00+00:00,,,0.9082046920228694,,
2023-07-07 00:00:00+00:00,0.9357767108387552,,,,2.8576050565393465
2023-07-10 21:30:00+00:00,0.9152083387345196,2.2655813909277787,,1.2656660512897706,2.7947948973966117
2023-07-10 23:00:00+00:00,,,0.8902197412492803,,
2023-07-12 19:00:00+00:00,,,,1.2501666951451873,
2023-07-14 07:30:00+00:00,,,0.8880397410161179,,
2023-07-14 17:00:00+00:00,,,,1.2712305890708862,
2023-07-14 17:30:00+00:00,,2.2241640521425845,,,
2023-07-14 18:00:00+00:00,0.8950920594491347,,,,2.733365305551834
2023-07-17 10:00:00+00:00,,,,1.2579686454436612,
2023-07-20 14:30:00+00:00,,,,1.247026722383577,
2023-07-20 15:00:00+00:00,,,0.8715959973689066,,
2023-07-22 22:30:00+00:00,,,,1.2395605313099556,
2023-07-23 21:30:00+00:00,,,,1.2378503697715384,
2023-07-27 01:00:00+00:00,,,0.8633178293205943,,
2023-07-27 15:00:00+00:00,,,,1.2369815295066298,
2023-07-29 08:30:00+00:00,,,,1.2329993575447291,
2023-07-30 10:30:00+00:00,,,,1.2260824673291095,
2023-07-30 19:30:00+00:00,,,,1.219962638401218,
2023-07-31 16:00:00+00:00,,,,1.2073433778507832,
2023-08-02 08:30:00+00:00,,,0.8508917511070653,,
2023-08-02 13:00:00+00:00,,,,1.221889622249861,
2023-08-02 14:00:00+00:00,,2.179111168853168,,,
2023-08-02 15:00:00+00:00,0.8754179359824428,,,,2.673285936135805
2023-08-04 18:30:00+00:00,,,,1.210986830220248,
2023-08-07 14:00:00+00:00,,,,1.204435535609502,
2023-08-09 03:00:00+00:00,,,0.8524552260366348,,
2023-08-09 12:30:00+00:00,,2.2053017813871785,,,
2023-08-11 02:30:00+00:00,,,,1.189569606558547,
2023-08-12 21:00:00+00:00,,,,1.1843849394318118,
2023-08-13 22:00:00+00:00,,,,1.1794240143973247,
2023-08-14 18:00:00+00:00,,,,1.1709408368766576,
2023-08-15 19:00:00+00:00,,,,1.157400388818994,
2023-08-16 23:30:00+00:00,,,,1.1383008850605412,
2023-08-18 14:30:00+00:00,0.8561762497495485,,,,2.6145271112595396
2023-08-21 10:00:00+00:00,,,,1.1298571451477997,
2023-08-22 15:30:00+00:00,,,,1.1160737575133903,
2023-08-22 21:00:00+00:00,0.8373574957800534,,,,2.5570598053540547
2023-08-24 02:00:00+00:00,,,0.8446102183254122,,
2023-08-24 14:00:00+00:00,,,,1.1204164017155658,
2023-08-24 15:00:00+00:00,,2.1614512673862927,,,
2023-08-26 12:30:00+00:00,,,,1.1108945184959034,
2023-08-28 00:30:00+00:00,,,,1.1070941093724322,
2023-08-29 14:00:00+00:00,0.8607783849370215,,,,2.6285807681098077
2023-08-29 20:30:00+00:00,0.8880267970457151,,,,2.7117899347011396
2023-08-30 03:00:00+00:00,,,0.8275770619874329,,
2023-08-30 09:00:00+00:00,,,,1.1572468488384329,
2023-08-31 14:00:00+00:00,,,,1.1432037983394492,
2023-08-31 15:30:00+00:00,,2.0737765212645063,,,
2023-09-01 15:00:00+00:00,,,,1.1185616586265452,
2023-09-04 15:00:00+00:00,,,,1.1131272145485491,
2023-09-06 14:00:00+00:00,,,,1.1021101730208611,
2023-09-07 22:00:00+00:00,,,,1.1049792997355383,
2023-09-08 09:00:00+00:00,,,,1.090730289098908,
2023-09-08 09:30:00+00:00,,,0.8211715988343735,,
2023-09-12 17:00:00+00:00,,,,1.0917155799117766,
2023-09-14 13:00:00+00:00,0.9128649065590838,,,,2.7876386991747304
2023-09-15 01:00:00+00:00,,,,1.0854444490946844,
2023-09-16 05:00:00+00:00,,,,1.069558045133257,
2023-09-18 17:00:00+00:00,,,,1.076199630625075,
2023-09-18 17:30:00+00:00,,2.0437309130708297,,,
2023-09-18 18:00:00+00:00,,,0.8083820462360272,,
2023-09-19 10:00:00+00:00,,,,1.0615411740484404,
2023-09-19 15:30:00+00:00,0.9383977379955414,,,,2.8656089535906477
2023-09-19 17:00:00+00:00,,,,1.0462081801481966,
2023-09-27 13:30:00+00:00,,,,1.0386983229784523,
2023-09-27 15:00:00+00:00,,,0.7899472146658906,,
2023-09-28 18:30:00+00:00,,,,1.0427388861518985,
2023-09-29 03:00:00+00:00,,,0.784722942728182,,
2023-09-29 07:30:00+00:00,0.9646447227272767,,,,2.945760036022578
2023-10-01 16:00:00+00:00,,,0.7836648462496163,,
2023-10-01 22:00:00+00:00,,2.0824240565471395,,,
2023-10-02 05:30:00+00:00,,,,1.0646801315005097,
2023-10-02 14:30:00+00:00,,,,1.0642004016151574,
2023-10-02 16:00:00+00:00,,,0.7793074112109254,,
2023-10-02 21:30:00+00:00,0.9434418317217312,2.030507533590672,,,2.881012230430802
2023-10-06 13:00:00+00:00,0.9227049802604876,,,,2.817687581605933
2023-10-06 23:00:00+00:00,,,,1.0534811152000674,
2023-10-15 23:00:00+00:00,,,,1.0485183052662386,
2023-10-16 05:00:00+00:00,0.9485130385583735,2.0477958266925524,,,2.896498303263451
2023-10-16 09:00:00+00:00,,,,1.0626268752752357,
2023-10-16 13:00:00+00:00,0.9750429482468512,,,,2.97751336080573
2023-10-16 14:00:00+00:00,0.9289055834053128,2.0689766919064136,,1.0612600443025806,2.83662252056628
2023-10-18 04:30:00+00:00,,2.117401630602759,,,
2023-10-18 11:00:00+00:00,,,0.7905130471580012,,
2023-10-20 02:30:00+00:00,0.9548870725731596,,,,2.915962852466519
2023-10-20 12:00:00+00:00,,,,1.0865911899166008,
2023-10-21 09:30:00+00:00,0.9815952639930308,,,,2.9975223334500076
2023-10-21 23:30:00+00:00,,,,1.0737701747671689,
2023-10-22 13:30:00+00:00,,2.129104824215422,,,
2023-10-23 07:30:00+00:00,,,,1.075733544386254,
2023-10-23 16:30:00+00:00,1.009050483526916,,,,3.0813630331166046
2023-10-23 18:30:00+00:00,,,,1.066682168584047,
2023-10-23 23:00:00+00:00,,,,1.1325572359194134,
2023-10-24 03:00:00+00:00,,,,1.1230702029121142,
2023-10-24 06:00:00+00:00,1.0938744728234353,,,,3.340392198858837
2023-10-24 13:30:00+00:00,,2.3345999445085557,,,
2023-10-24 15:00:00+00:00,1.0698311119107762,,,,3.2669703783279194
2023-10-26 17:00:00+00:00,,,0.909709175347038,,
2023-10-27 17:00:00+00:00,1.0463162240709771,,,,3.1951623694122713
2023-10-30 02:00:00+00:00,,,,1.1111221984347674,
2023-10-30 17:00:00+00:00,,,,1.0943927550645185,
2023-11-01 12:30:00+00:00,1.0755816888582423,,,,3.2845310608847327
2023-11-01 13:30:00+00:00,,,,1.0866442580495994,
2023-11-02 02:30:00+00:00,1.1056657086956074,,,,3.3763993946576787
2023-11-02 05:00:00+00:00,,,,1.0903157249811133,
2023-11-02 13:30:00+00:00,1.081363176418478,2.2934327935301293,,,3.3021861359631033
2023-11-02 15:30:00+00:00,,,0.8877853696548735,,
2023-11-03 08:30:00+00:00,1.0575948138008,,,,3.229604084694634
2023-11-06 01:30:00+00:00,,,,1.0739540673404402,
2023-11-07 03:00:00+00:00,,,0.875475860726285,,
2023-11-07 22:00:00+00:00,,,,1.0707354778605258,
2023-11-09 00:00:00+00:00,,,,1.058470042101685,
2023-11-09 02:00:00+00:00,,2.3385782885476463,,,3.293177813789922
2023-11-09 05:30:00+00:00,1.0770828941566248,,,,
2023-11-09 15:30:00+00:00,,,,1.0918475261327196,
2023-11-09 16:00:00+00:00,1.085688786480936,2.380750118330442,,,3.352564037842261
2023-11-10 14:00:00+00:00,1.0956838098028223,,,,
2023-11-11 12:00:00+00:00,,,0.9134090254597812,,
2023-11-11 22:00:00+00:00,,2.333981046038234,,,3.286703992874562
2023-11-14 00:00:00+00:00,1.0606547984034262,,,,
2023-11-14 18:30:00+00:00,1.0267456644984687,,,,
2023-11-15 11:00:00+00:00,1.0349493623578114,,,,
2023-11-15 18:00:00+00:00,1.0432186077630503,,,,
2023-11-15 21:00:00+00:00,1.0520060687292034,,,,
2023-11-16 06:30:00+00:00,,2.396091097503996,,,3.374167151367932
2023-11-16 08:00:00+00:00,,,,1.086261997364396,
2023-11-16 13:30:00+00:00,1.0183734347119309,,0.926244965389854,,
2023-11-17 13:00:00+00:00,1.0265102384552791,,,,
2023-11-18 18:30:00+00:00,1.034712055260537,,,,
2023-11-19 02:30:00+00:00,,,0.91633883310713,,
2023-11-19 23:00:00+00:00,1.0429794045820686,,,,
2023-11-20 14:00:00+00:00,,,,1.086945768291388,
2023-11-20 17:00:00+00:00,,,,1.0715561116119894,
2023-11-20 17:30:00+00:00,1.0513128100246794,,,,
2023-11-21 11:30:00+00:00,,,,1.0559264238299555,
2023-11-21 12:00:00+00:00,,,0.922879843423312,,
2023-11-21 14:30:00+00:00,,2.3468427676194277,,,3.3048158244800083
2023-11-21 15:00:00+00:00,1.0177023394881903,,,,
2023-11-21 23:30:00+00:00,0.9851663956947528,,,,
2023-11-22 05:00:00+00:00,0.9930378751963538,,,,
2023-11-22 18:00:00+00:00,1.0009722478191725,,,,
2023-11-22 22:30:00+00:00,1.0099933048487797,,,,
2023-11-23 11:00:00+00:00,,,,1.0383826264398477,
2023-11-23 16:00:00+00:00,,,0.912661552934714,,
2023-11-24 11:30:00+00:00,1.018063151354521,,,,
2023-11-24 16:30:00+00:00,,,,1.0337733028521068,
2023-11-25 12:00:00+00:00,,,0.9093665834413076,,
2023-11-26 17:30:00+00:00,,2.337307746356228,,,3.291388640694134
2023-11-27 13:30:00+00:00,0.985515672405717,,,,
2023-11-28 15:00:00+00:00,0.9933899426282388,,,,
2023-11-28 19:30:00+00:00,1.0013271282698382,,,,
2023-11-28 22:30:00+00:00,,,,1.03036682149451,
2023-11-29 10:30:00+00:00,,,,1.015551085056231,
2023-11-29 16:30:00+00:00,,,0.9159178194298542,,
2023-12-01 09:00:00+00:00,1.009327732024714,2.382811737025772,,,3.3554672021199785
2023-12-01 12:30:00+00:00,,,,1.0095821875168658,
2023-12-02 19:00:00+00:00,1.0173922606035914,2.4212562894073386,,,3.409604687097095
2023-12-02 19:30:00+00:00,,,,1.017329551797855,
2023-12-03 13:30:00+00:00,1.025521224765814,,,,
2023-12-03 22:30:00+00:00,,2.4587319611437506,,,3.4623777977188785
2023-12-04 01:00:00+00:00,1.0337151393516928,,,,
2023-12-04 08:00:00+00:00,1.0519866747539757,,,,
2023-12-04 11:30:00+00:00,,,,1.062379290290964,
2023-12-04 15:30:00+00:00,,2.5285656380448467,,,3.5607173386922484
2023-12-04 22:00:00+00:00,1.0603920482852598,,,,
2023-12-05 00:00:00+00:00,,,,1.0502957393135977,
2023-12-05 17:30:00+00:00,,,,1.0695919475712496,
2023-12-05 19:30:00+00:00,1.0995969719169143,,,,
2023-12-05 22:00:00+00:00,1.1083827517225304,,,,
2023-12-06 02:00:00+00:00,,,,1.060722724915102,
2023-12-06 05:30:00+00:00,,2.5831230992414516,,,3.637544965831874
2023-12-09 10:30:00+00:00,,,0.911640726422944,,
2023-12-14 08:00:00+00:00,1.1416751665191074,,,,3.746805648259014
2023-12-14 13:30:00+00:00,1.1051758114454917,,,,3.6270202716841733
2023-12-15 06:30:00+00:00,,,0.9247249028439618,,
2023-12-15 15:30:00+00:00,1.069843340753579,,,,3.5110644335984302
2023-12-17 00:30:00+00:00,,,0.9151961588401736,,
2023-12-17 23:30:00+00:00,,,,1.041873679686962,
2023-12-18 01:30:00+00:00,1.0356404491496871,2.4727097896628503,,,3.3988157036562883
2023-12-19 13:30:00+00:00,1.073967523062338,,,,3.5245993777069384
2023-12-19 17:00:00+00:00,,,0.911371733468185,,
2023-12-20 13:30:00+00:00,,2.5455199374430757,,,
2023-12-21 03:00:00+00:00,1.093277459126999,,,,3.5879716745181094
2023-12-22 12:30:00+00:00,,,0.9054401132312132,,
2023-12-24 22:00:00+00:00,1.0583253787587088,,,1.0752430026772055,3.4732642200837653
2023-12-26 09:30:00+00:00,1.0244907163997927,2.4491165440177216,,,3.362223962967687
2023-12-27 23:00:00+00:00,1.0434039226950262,,,,3.424294252531512
2023-12-28 08:30:00+00:00,,,0.9023466774908168,,
2023-12-29 16:00:00+00:00,1.0100462992864665,,,,3.3148195652780794
2023-12-29 22:00:00+00:00,,,,1.028450978739565,
2024-01-01 06:00:00+00:00,,,0.8951120963146361,,
2024-01-02 12:30:00+00:00,,2.5798345060940355,,,
2024-01-02 15:00:00+00:00,1.0845526059482282,,,,3.559338022732445
2024-01-02 21:30:00+00:00,,,0.937065622660638,,
2024-01-03 11:30:00+00:00,1.0498794591360634,,,,3.4455459861456887
2024-01-03 12:00:00+00:00,,,,1.0273124735372845,
2024-01-05 02:00:00+00:00,1.06875629181133,,,,3.507496902976589
2024-01-05 04:00:00+00:00,,,0.9227407612341638,,
2024-01-05 17:00:00+00:00,1.0452650285173168,,,,3.430402121049163
2024-01-08 00:30:00+00:00,,,0.9172520821902944,,
2024-01-09 05:30:00+00:00,,2.6641744076603264,,,
2024-01-09 07:00:00+00:00,1.1101628284722465,,,,3.6433869091584556
2024-01-09 12:30:00+00:00,1.0857614495024264,,,,3.5633052648951526
2024-01-09 21:00:00+00:00,1.0618964128423631,,,,3.484983815172757
2024-01-09 22:00:00+00:00,,,0.9223552108342892,,
2024-01-10 11:30:00+00:00,,,,1.0384975767354392,
2024-01-10 20:30:00+00:00,1.038555929688088,,,,3.4083838709152596
2024-01-10 21:30:00+00:00,1.015728470353544,,,,3.3334675934325424
2024-01-11 14:30:00+00:00,,2.775463565283268,,,
2024-01-11 15:30:00+00:00,,2.674102623275066,,,
2024-01-12 03:30:00+00:00,,,0.8985920927352332,,
2024-01-12 15:00:00+00:00,0.993402758575173,,,0.975763317427818,3.2601979757288952
2024-01-14 23:00:00+00:00,0.9715677659416908,,,,3.1885388242223742
2024-01-18 16:30:00+00:00,0.9502127064462922,2.6267024312332885,,0.9403502162203752,3.118454740865966
2024-01-19 16:30:00+00:00,0.9293270311586028,,,,3.049911105661732
2024-01-22 04:00:00+00:00,0.9089004230137366,,,,2.982874059559287
2024-01-22 09:30:00+00:00,,2.562395016109716,,,
2024-01-25 17:00:00+00:00,,,0.8863120136403038,,
2024-01-27 01:00:00+00:00,,2.614047571624611,,,
2024-01-27 04:30:00+00:00,0.9706439222776706,,,,3.185506908700367
2024-01-28 18:00:00+00:00,,,0.910139088962598,,
2024-01-28 19:30:00+00:00,,,,0.9665590635521718,
2024-01-30 10:00:00+00:00,1.0027616521665403,,,,3.290912452488956
2024-01-31 00:30:00+00:00,,,0.9065518769291736,,
2024-01-31 10:30:00+00:00,0.9807209510519196,2.5667202549348827,,0.9552638063144596,3.2185781967832483
2024-01-31 21:00:00+00:00,0.9591647045477985,,,,3.147833848017952
2024-01-31 22:30:00+00:00,,,0.8846447026081171,,
2024-02-04 00:30:00+00:00,,,0.8766100100777375,,
2024-02-05 15:30:00+00:00,0.9476643197402704,,,,3.110091320180217
2024-02-05 16:00:00+00:00,,2.5201270500944215,,,
2024-02-05 18:00:00+00:00,,,0.8684135626107985,,
2024-02-07 04:00:00+00:00,,,0.8555512807820678,,
2024-02-08 14:00:00+00:00,,2.577314705820789,,,
2024-02-09 15:00:00+00:00,,2.66451836613474,,,
2024-02-10 11:00:00+00:00,1.0409705915063947,,0.9181075084464392,,3.416308426695036
2024-02-11 03:30:00+00:00,,2.722689160071603,,,
2024-02-12 10:00:00+00:00,,2.6738657291798917,,,
2024-02-12 11:00:00+00:00,,,0.9161575020213508,,
2024-02-12 14:30:00+00:00,1.0700865389508287,,,,3.5118625733896964
2024-02-13 14:00:00+00:00,,2.6213738639784836,,,
2024-02-13 14:30:00+00:00,,,0.9001247902193799,,
2024-02-13 17:00:00+00:00,1.0572562013488085,,,,3.4697553411347544
2024-02-15 00:30:00+00:00,,2.7051683541886336,,,
2024-02-15 21:00:00+00:00,,,0.9058938474411604,,
2024-02-16 03:00:00+00:00,1.0868276573005344,,,,3.5668043980262936
2024-02-16 09:00:00+00:00,1.0737965936895009,,,,3.524038413293958
2024-02-17 13:00:00+00:00,1.0609217725311637,,,,3.4817851927185637
2024-02-19 20:00:00+00:00,,,0.8974359340066793,,
2024-02-20 01:00:00+00:00,1.048201320478515,,,,3.440038588257868
2024-02-20 14:30:00+00:00,1.0347275619630312,2.6520079407110133,,,3.3958197456399506
2024-02-21 07:00:00+00:00,1.0223211784950943,,,,3.3551038668897277
2024-02-22 13:00:00+00:00,1.0100635475649384,,,,3.3148761715257202
2024-02-23 08:30:00+00:00,0.9979528856296348,,,,3.275130806229127
2024-02-26 03:00:00+00:00,,,0.8938827440654835,,
2024-02-26 09:00:00+00:00,,,,1.130018863155816,
2024-02-27 14:30:00+00:00,,2.847612412404568,,,
2024-02-28 20:30:00+00:00,,2.9323538581522013,,,
2024-02-29 17:00:00+00:00,1.2106550023696232,,,,3.973187062307548
2024-02-29 18:30:00+00:00,,,1.0212765715341907,,
2024-03-04 00:30:00+00:00,,3.043057427196201,,,
2024-03-08 11:30:00+00:00,1.2445170227859017,,,,4.08431710444029
2024-03-10 05:00:00+00:00,,3.1613212492090805,,,
2024-03-10 22:30:00+00:00,,,1.0409160158338988,,
2024-03-11 00:30:00+00:00,,,,1.1647802430738876,
2024-03-11 07:00:00+00:00,1.2793261639132234,,,,4.198555453851485
2024-03-12 14:00:00+00:00,1.315108916717876,,,,4.315989049895711
2024-03-12 17:00:00+00:00,1.2730648846504056,3.0933556577645875,1.0244550356521018,,4.178006879970545
2024-03-14 13:30:00+00:00,,,1.0172793587615157,,
2024-03-14 16:30:00+00:00,1.232365000288132,,,,4.044436000017886
2024-03-14 18:30:00+00:00,,2.9853501629333743,,1.1683431897468706,
2024-03-15 18:30:00+00:00,1.266834249346191,,,,4.157558874938386
2024-03-16 11:00:00+00:00,1.2263335583945931,,,,4.024641717706605
2024-03-16 23:00:00+00:00,,,,1.1015365144132567,
2024-03-18 15:00:00+00:00,,,0.9980521991103842,,
2024-03-19 01:30:00+00:00,,2.8845717325676894,,,
2024-03-19 03:30:00+00:00,1.1871276745327182,,,,3.8959739219915246
2024-03-19 07:00:00+00:00,,,,1.050167069196117,
2024-03-19 20:00:00+00:00,1.1491752027779072,,,,3.7714196357054552
2024-03-20 05:00:00+00:00,1.1124360715450974,,,,3.6508473499519516
2024-03-21 09:00:00+00:00,1.1849994836355884,,,,3.8889895205542473
2024-03-21 18:00:00+00:00,,,0.99515459348158,,
2024-03-22 11:30:00+00:00,1.1471150501437586,,,,3.764658525582128
2024-03-22 13:30:00+00:00,,2.738234128377327,,1.010519018283226,
2024-03-24 00:30:00+00:00,,,0.979759361443667,,
2024-03-25 04:00:00+00:00,,2.8059744964659226,,,
2024-03-25 10:30:00+00:00,1.1979517335658745,,,,3.9314968506772465
2024-03-25 14:00:00+00:00,,2.8778117228899203,,,
2024-03-26 05:30:00+00:00,1.2540123013426427,,,,4.1154791760798615
2024-03-26 07:00:00+00:00,,2.9674177999842772,,,
2024-03-26 14:30:00+00:00,1.2139215280687186,,,,3.9839073068205884
2024-03-26 20:00:00+00:00,,,1.034917768687222,,
2024-03-29 05:30:00+00:00,,,1.030670203001571,,
2024-03-30 19:00:00+00:00,,,,1.094422245827513,
2024-04-01 05:00:00+00:00,,2.9366875711416287,,,
2024-04-01 05:30:00+00:00,,,1.0297259136032324,1.0760787229549251,
2024-04-01 15:00:00+00:00,1.1751124568163618,,,,3.8565417902215344
2024-04-02 02:30:00+00:00,1.137544111571943,,,,3.733248149188152
2024-04-05 06:30:00+00:00,,,1.0319996646233298,,
2024-04-05 12:30:00+00:00,,2.8711199556677474,,,
2024-04-07 11:00:00+00:00,1.1621390337996116,,,,3.813964973223212
2024-04-08 20:30:00+00:00,1.1856015350303564,,,,3.890965362398417
2024-04-09 05:00:00+00:00,,,1.0737167841507018,,
2024-04-09 07:30:00+00:00,,2.798822338722747,,,
2024-04-11 15:30:00+00:00,,,1.0580271277262805,,
2024-04-12 14:30:00+00:00,,2.734539983600518,,,
2024-04-12 16:00:00+00:00,1.159542013290389,,,,3.8054419437328995
2024-04-13 19:30:00+00:00,1.1340552798382664,,,,3.7217983298096504
2024-04-14 14:30:00+00:00,1.1091287447874212,,,,3.6399932025204342
2024-04-14 17:00:00+00:00,1.0847500949769937,2.647499773334889,,,3.559986151929035
2024-04-15 14:30:00+00:00,,2.557245707457345,,,
2024-04-15 15:00:00+00:00,1.0609072878893997,,,,3.481737656309635
2024-04-15 16:00:00+00:00,,,1.0257654441780932,,
2024-04-17 11:30:00+00:00,1.0375885457015903,,,,3.4052090626239493
2024-04-18 23:30:00+00:00,1.061373542941335,,,,3.4832678350446655
2024-04-19 01:00:00+00:00,1.0380445524674842,,,,3.406705608030384
2024-04-19 02:00:00+00:00,,,0.9788398748896816,,
2024-04-19 23:00:00+00:00,1.0152283332042489,,,,3.331826218765876
2024-04-20 10:30:00+00:00,,,0.9501710998084985,,
2024-04-21 20:00:00+00:00,,,0.9378501007747252,,
2024-04-22 16:00:00+00:00,1.033482138635261,,,,3.391732454179286
2024-04-23 08:30:00+00:00,,,0.9385548093502528,,
2024-04-24 14:00:00+00:00,1.010766201228058,,,,3.317182174836425
2024-04-25 13:00:00+00:00,,,,1.0470560463971783,
2024-04-25 14:30:00+00:00,,2.5037165359750353,,,
2024-04-26 13:30:00+00:00,,,0.9225342174515466,,
2024-04-26 15:00:00+00:00,0.9885495601250652,,,,3.2442705106335206
2024-04-28 23:30:00+00:00,,,0.9034498723225376,,
2024-04-29 05:30:00+00:00,,,,1.0080703473937354,
2024-04-29 06:30:00+00:00,0.9668212407935164,,,,3.1729614448097956
2024-04-30 08:00:00+00:00,,2.4546978174091514,,,
2024-04-30 09:00:00+00:00,,,0.8728402975790336,,
2024-04-30 09:30:00+00:00,0.9455705099208748,,,,3.103219752252876
2024-04-30 19:30:00+00:00,,,,0.9497468895105616,
2024-05-02 01:30:00+00:00,0.924786870112814,,,,3.035010982098358
2024-05-02 12:00:00+00:00,0.9414145380374423,,,,3.0895804795564867
2024-05-03 03:00:00+00:00,0.9583411714313558,,,,3.1451311365789127
2024-05-03 13:30:00+00:00,,2.55190649957718,,,
2024-05-04 08:30:00+00:00,1.0080587510235954,,,,3.3082967317472236
2024-05-06 07:30:00+00:00,1.0261836473669996,,,,
2024-05-06 10:30:00+00:00,,2.497594122000655,,,3.2378860559408764
2024-05-06 14:30:00+00:00,1.003628130797873,,,,
2024-05-07 23:00:00+00:00,0.9815683844829356,,,,
2024-05-10 12:00:00+00:00,0.999216984035939,,,,
2024-05-10 14:30:00+00:00,,2.4431678659473586,,,3.167327747847617
2024-05-10 17:30:00+00:00,,,,0.923689671920762,
2024-05-13 20:30:00+00:00,1.0194072170828188,,,,
2024-05-14 06:00:00+00:00,,2.4028404391578713,,,3.115047190441011
2024-05-16 01:30:00+00:00,,2.4838521671577083,,,3.2200709579730353
2024-05-16 06:30:00+00:00,1.0836076232495733,,,,
2024-05-16 14:30:00+00:00,,,0.885352256963598,,
2024-05-17 19:30:00+00:00,1.105322124220941,,,,
2024-05-19 23:00:00+00:00,,2.4930846635494364,,,3.2320399849117902
2024-05-21 07:30:00+00:00,,2.583826795391197,,,3.3496782676049897
2024-05-21 11:30:00+00:00,1.1746108798141697,,,,
2024-05-21 14:00:00+00:00,,,0.9108218648643516,,
2024-05-23 13:30:00+00:00,1.148792932675854,,,,
2024-05-23 18:00:00+00:00,,,,1.0180013362314546,
2024-05-27 15:00:00+00:00,1.169448229605366,,,,
2024-05-28 03:00:00+00:00,1.14374375751864,,,,
2024-05-28 04:00:00+00:00,,,,1.010543748674272,
2024-05-28 04:30:00+00:00,,2.5206312003516804,,,3.267751370767392
2024-05-30 20:00:00+00:00,,2.478699933575371,,,3.2133915919678677
2024-05-31 16:00:00+00:00,1.1186042697283802,,,,
2024-06-05 04:00:00+00:00,1.145748221261603,,,,
2024-06-06 16:30:00+00:00,,,,1.0174584553335784,
2024-06-07 15:00:00+00:00,,,,1.0046256687316846,
2024-06-07 18:00:00+00:00,1.120564675358273,,,,
2024-06-14 16:00:00+00:00,1.0959346637938985,,,,
2024-06-18 00:30:00+00:00,,,,0.9884722156303348,
2024-06-18 01:30:00+00:00,1.0718460198837083,,,,
2024-06-21 08:30:00+00:00,1.0482868443666644,,,,
2024-06-24 00:00:00+00:00,1.0252454995274851,,,,
2024-06-28 19:30:00+00:00,1.002710603447871,,,,
2024-06-30 22:00:00+00:00,1.0207393400978635,,,,
2024-07-01 08:30:00+00:00,,,,0.998562788414609,
2024-07-01 22:00:00+00:00,,,,0.9820350943930868,
2024-07-02 14:30:00+00:00,,2.421135347134478,,,3.13876474603196
2024-07-02 19:30:00+00:00,,,0.9083068123005112,,
2024-07-03 01:30:00+00:00,0.9983034894025126,,,,
2024-07-04 23:30:00+00:00,0.9763607787054454,,,,
2024-07-07 04:30:00+00:00,0.9980344030693432,,,,
2024-07-08 14:30:00+00:00,0.9567529848655536,,,,
2024-07-09 10:30:00+00:00,0.975878644123928,,,,
2024-07-10 11:30:00+00:00,0.9934249421452762,,,,
2024-07-10 12:30:00+00:00,,,,0.974794753160542,
2024-07-10 20:00:00+00:00,0.9715894619169232,,,,
2024-07-11 14:00:00+00:00,,,,0.9520599552954876,
2024-07-12 01:00:00+00:00,0.950233925543989,,,,
2024-07-13 22:00:00+00:00,0.96731913152527,,,,
2024-07-14 21:00:00+00:00,0.9847115295100946,,,,
2024-07-15 16:00:00+00:00,1.0108308771789656,,,,
2024-07-16 02:30:00+00:00,,2.491462149106652,,,3.229936553916507
2024-07-16 05:30:00+00:00,,,,1.0144954991162012,
2024-07-16 15:00:00+00:00,1.0290056163506434,,,,
2024-07-17 11:30:00+00:00,,,,1.0076232860013223,
2024-07-18 00:30:00+00:00,,,0.9737555733106968,,
2024-07-18 19:00:00+00:00,1.0063880729032562,,,,
2024-07-20 04:30:00+00:00,1.0409021124050757,,,,
2024-07-21 17:30:00+00:00,,,,1.0121222632818183,
2024-07-21 18:00:00+00:00,1.0180230839744122,,,,
2024-07-22 06:30:00+00:00,,,,1.0031906195477402,
2024-07-22 14:30:00+00:00,,,0.980362962252176,,
2024-07-23 13:30:00+00:00,0.9956469365886548,,,,
2024-07-24 02:30:00+00:00,,2.441162756682928,,,3.1647283201540835
2024-07-24 21:30:00+00:00,0.973762616922436,,,,
2024-07-26 14:30:00+00:00,1.0082903439807602,,,,
2024-07-27 19:00:00+00:00,,,,1.0115984627211592,
2024-07-27 21:00:00+00:00,1.0264194043655344,,,,
2024-07-28 00:00:00+00:00,1.00385870585758,,,,
2024-07-28 03:30:00+00:00,,,0.9883429915100472,,
2024-07-29 12:30:00+00:00,,2.5099511660463993,,,3.2539057527586746
2024-07-29 14:00:00+00:00,,,,1.0016227190825706,
2024-07-29 16:00:00+00:00,,,0.9686592429423192,,
2024-07-29 16:30:00+00:00,0.9817938915028304,,,,
2024-07-31 19:30:00+00:00,0.960214061767598,,,,
2024-08-02 02:00:00+00:00,0.939108556689946,,,,
2024-08-03 19:00:00+00:00,0.9090852561325684,,,,
2024-08-04 16:30:00+00:00,0.8800218004940102,,,,
2024-08-05 17:00:00+00:00,0.8518875035322167,,,,
2024-08-06 04:30:00+00:00,0.8700275080962634,,,,
2024-08-06 14:30:00+00:00,0.8856706026918341,,,,
2024-08-07 18:30:00+00:00,0.857355713523776,,,,
2024-08-08 14:30:00+00:00,0.8727709692529336,,,,
2024-08-09 05:00:00+00:00,,,,1.049861994245389,
2024-08-09 10:00:00+00:00,0.8982194145415929,,,,
2024-08-11 09:00:00+00:00,0.9143693996150508,,,,
2024-08-11 12:30:00+00:00,,,0.9813980270425324,,
2024-08-12 14:00:00+00:00,0.8851370099093576,,,,
2024-08-13 03:00:00+00:00,,2.501594534593878,,,3.2430721988932123
2024-08-14 05:00:00+00:00,0.9034674602599702,,,,
2024-08-14 13:30:00+00:00,,,,1.02801675873181,
2024-08-14 14:00:00+00:00,0.8745836055554589,,,,
2024-08-15 18:00:00+00:00,0.8466231676858508,,,,
2024-08-17 16:30:00+00:00,0.8618454522408424,,,,
2024-08-18 03:30:00+00:00,,,,1.0175919593788438,
2024-08-18 17:00:00+00:00,,,,1.0012754342714063,
2024-08-19 00:00:00+00:00,0.8342922531327027,,,,
2024-08-20 12:30:00+00:00,0.8573737525902079,,,,
2024-08-20 13:30:00+00:00,,,,1.0004991693574738,
2024-08-20 15:00:00+00:00,,2.4297507952951563,,,3.149933830399758
2024-08-20 15:30:00+00:00,,,0.9541447695527566,,
2024-08-22 02:30:00+00:00,,,,0.9832875559235764,
2024-08-22 10:30:00+00:00,0.8727893326617799,,,,
2024-08-22 16:00:00+00:00,,,0.93933845787632,,
2024-08-23 14:00:00+00:00,0.8884820848630388,,,,
2024-08-23 14:30:00+00:00,,,,0.9661948887666668,
2024-08-24 07:30:00+00:00,0.9210348772816936,,,,
2024-08-24 15:30:00+00:00,,,,0.9891790175556576,
2024-08-25 23:30:00+00:00,,,,0.9765302545166038,
2024-08-26 08:00:00+00:00,,,0.9449271704347378,,
2024-08-27 10:00:00+00:00,0.8915893922549979,,,,
2024-08-27 15:30:00+00:00,,2.3452404023210356,,,3.0403743865403214
2024-08-28 16:00:00+00:00,0.8630852793846056,,,,
2024-09-01 22:00:00+00:00,,,,0.9603710056633464,
2024-09-03 08:30:00+00:00,,,,0.9657654401996948,
2024-09-03 14:00:00+00:00,0.8527368868847841,,,,
2024-09-05 03:00:00+00:00,,,,0.971056669554245,
2024-09-05 03:30:00+00:00,0.8425125716110355,,,,
2024-09-05 19:00:00+00:00,0.8324108458774193,,,,
2024-09-06 07:00:00+00:00,0.8224302398353491,,,,
2024-09-06 14:00:00+00:00,0.8066573745220416,,,0.948558859537464,
2024-09-07 21:30:00+00:00,,,,0.9384715999051336,
2024-09-08 15:00:00+00:00,,,,0.927113744599469,
2024-09-08 22:00:00+00:00,0.8292195812874231,,,,
2024-09-08 23:00:00+00:00,0.817373001502876,,,,
2024-09-09 18:30:00+00:00,0.8402349243549114,,,,
2024-09-10 00:00:00+00:00,,,,0.959319617138202,
2024-09-10 04:30:00+00:00,0.830160507611896,,,,
2024-09-11 01:30:00+00:00,,,,0.9484696358571816,
2024-09-11 04:00:00+00:00,0.8202068831256294,,,,
2024-09-11 06:00:00+00:00,,,0.929056375873354,,
2024-09-12 04:00:00+00:00,0.8431480696466533,,,,
2024-09-12 13:30:00+00:00,,,,0.951156792534435,
2024-09-12 21:30:00+00:00,0.8330387242915899,,,,
2024-09-13 12:00:00+00:00,,,,0.937294150737391,
2024-09-13 15:30:00+00:00,,2.4357344237850316,,,3.1576910184394937
2024-09-14 11:00:00+00:00,,,,0.9583853762288156,
2024-09-15 17:00:00+00:00,,,,0.9520121268622148,
2024-09-15 21:00:00+00:00,,,0.9243987272106994,,
2024-09-16 01:00:00+00:00,0.8230505899873337,,,,
2024-09-16 14:30:00+00:00,,2.342054287798886,,,3.0362439012492866
2024-09-17 14:00:00+00:00,0.8460713149892795,,,,
2024-09-17 19:30:00+00:00,,,,0.9748027287573962,
2024-09-18 10:00:00+00:00,0.835926919922558,,,,
2024-09-18 18:30:00+00:00,,2.4116230027536885,,,3.126432923595897
2024-09-18 20:00:00+00:00,0.8259041561526865,,,0.9603747990594904,
2024-09-19 10:00:00+00:00,0.8490046954002772,,,,
2024-09-19 17:00:00+00:00,,2.4846004069423104,,,3.2210409775385536
2024-09-20 01:00:00+00:00,0.8388251291024279,,,,
2024-09-20 08:30:00+00:00,0.8287676158044898,,,,
2024-09-20 13:00:00+00:00,,,,0.9849398372978744,
2024-09-21 06:00:00+00:00,,,0.9347788531826388,,
2024-09-22 02:00:00+00:00,,,,0.9801308605658045,
2024-09-22 22:00:00+00:00,,,,0.9718775561509312,
2024-09-23 00:00:00+00:00,,,,0.9647103948960862,
2024-09-23 00:30:00+00:00,0.8181737870320889,,,,
2024-09-23 04:00:00+00:00,0.8083638833255742,,,,
2024-09-23 07:00:00+00:00,,,,0.955074705142124,
2024-09-24 14:00:00+00:00,,,,0.9460712850777656,
2024-09-25 06:30:00+00:00,,,,0.941375419966082,
2024-09-25 09:30:00+00:00,0.7986716003645005,,,,
2024-09-27 14:00:00+00:00,0.8210104450266956,,,,
2024-09-27 18:00:00+00:00,0.8111665297908255,,,,
2024-09-28 08:00:00+00:00,,,,0.9717883348039784,
2024-09-28 21:00:00+00:00,,,0.936595664149886,,
2024-09-29 04:00:00+00:00,,2.5239263587179672,,,3.272023220717844
2024-09-29 07:30:00+00:00,,,,0.9642564160787048,
2024-09-29 23:00:00+00:00,,,,0.9579912992092876,
2024-10-02 11:00:00+00:00,0.8014406430986334,,,,
2024-10-02 18:00:00+00:00,0.7918313697878807,,,,
2024-10-03 07:30:00+00:00,0.782337311664124,,,,
2024-10-06 14:30:00+00:00,0.8042192862713696,,,,
2024-10-08 00:00:00+00:00,,,0.9271813664339148,,
2024-10-08 07:00:00+00:00,0.7945766970289758,,,,
2024-10-09 08:30:00+00:00,,,,0.9512928924940872,
2024-10-11 14:00:00+00:00,0.8168010072448764,,,,
2024-10-13 15:00:00+00:00,,,0.9247607318577648,,
2024-10-13 22:30:00+00:00,,2.5139092777731156,,,3.2590370567823737
2024-10-14 08:00:00+00:00,0.8526908584161561,,,,
2024-10-14 16:00:00+00:00,,2.570201688277254,,,3.332014651268641
2024-10-15 13:30:00+00:00,0.8765406217260561,,,,
2024-10-15 15:00:00+00:00,0.8452528708731081,,,,
2024-10-17 20:00:00+00:00,,,0.9619523927893344,,
2024-10-18 15:00:00+00:00,0.868894593671429,,,,
2024-10-21 10:00:00+00:00,,,0.9562207821087482,,
2024-10-21 13:00:00+00:00,0.8584765474933086,,,1.0317333982124686,
2024-10-24 21:00:00+00:00,0.8824881365266964,2.602198878208168,,,3.3734958728146025
2024-10-25 00:30:00+00:00,0.8719071037697415,,,,
2024-10-25 17:30:00+00:00,0.8614529375955422,,,,
2024-10-25 18:00:00+00:00,,,0.9295816183834492,1.0033892809689942,
2024-10-28 12:30:00+00:00,0.8855477762600895,,,,
2024-10-29 14:00:00+00:00,0.9103165475620842,,,,
2024-10-29 16:00:00+00:00,,2.640738109645881,,,3.4234582101614297
2024-10-30 13:00:00+00:00,0.8994018521568148,,,,
2024-10-30 21:30:00+00:00,0.8886180239494545,,,,
2024-11-02 22:00:00+00:00,,,,0.9734264452119288,
2024-11-03 02:00:00+00:00,0.8690861997830457,,,,
2024-11-04 21:30:00+00:00,0.8499836851118142,,,,
2024-11-05 14:30:00+00:00,0.8737577287843917,,,,
2024-11-06 05:30:00+00:00,0.926987523077568,,,,
2024-11-06 13:30:00+00:00,,2.692765471327258,,,3.4909065867537734
2024-11-07 20:00:00+00:00,0.9529153640980472,,,,
2024-11-10 04:30:00+00:00,0.9795684068318696,,,,
2024-11-10 18:00:00+00:00,,2.747354648430896,,,3.561676106025212
2024-11-10 22:00:00+00:00,1.0069669351709571,,,,
2024-11-11 15:00:00+00:00,1.0351318003476888,,,,
2024-11-11 22:30:00+00:00,1.071077693801027,,,,
2024-11-12 06:00:00+00:00,,2.8643061487296233,,,3.713292266834913
2024-11-12 10:30:00+00:00,1.04753540609128,,,,
2024-11-13 04:30:00+00:00,1.0245105778653938,,,,
2024-11-13 17:00:00+00:00,1.0775502820325569,,,,
2024-11-14 15:00:00+00:00,1.0538657268334812,,,,
2024-11-14 16:00:00+00:00,,2.7330179473955805,,,3.5430899778943306
2024-11-14 21:00:00+00:00,1.0307017581576814,,,,
2024-11-17 21:00:00+00:00,,,,1.2496205304624666,
2024-11-17 22:00:00+00:00,,,1.1822238338820052,,
2024-11-18 06:30:00+00:00,1.059530486333352,,,,
2024-11-18 11:30:00+00:00,1.0362420062437447,,,,
2024-11-19 18:00:00+00:00,1.0652256951583825,,,,
2024-11-19 22:30:00+00:00,1.041812034378801,,,,
2024-11-21 06:30:00+00:00,1.0710009753105674,,,,
2024-11-24 12:30:00+00:00,,,,1.3150523510054997,
2024-11-24 13:00:00+00:00,,,1.246561397814714,,
2024-11-25 14:30:00+00:00,1.047460373873241,,,,
2024-11-25 16:00:00+00:00,,,1.2127149955221597,,
2024-11-25 19:00:00+00:00,,,,1.2606496986672748,
2024-11-26 08:00:00+00:00,1.0244371948555075,,,,
2024-11-26 20:00:00+00:00,1.0019200653125837,,,,
2024-11-27 15:30:00+00:00,1.0299437695393765,,,,
2024-11-29 16:30:00+00:00,1.058751296773393,,,,
2024-11-30 01:00:00+00:00,,2.7208068235518703,,,3.5272594523206857
2024-12-04 20:00:00+00:00,1.088364570544145,,,,
2024-12-05 22:00:00+00:00,1.0535695552238489,2.6026999150208057,,1.2401623366977068,3.3741454179488035
2024-12-09 07:00:00+00:00,1.0198869365433425,,,,
2024-12-09 11:30:00+00:00,,,1.2288623221086408,,
2024-12-14 15:30:00+00:00,,2.6260683571900123,,,3.4044403134973744
2024-12-16 04:30:00+00:00,1.059803020971026,,,,
2024-12-18 05:30:00+00:00,,,1.2822623202509629,,
2024-12-18 19:30:00+00:00,,,,1.2588492533259483,
2024-12-18 20:00:00+00:00,1.0259211183905823,2.4868020240129276,,,3.2238951583482702
2024-12-22 14:30:00+00:00,0.9931224202356356,,,,
2024-12-26 09:30:00+00:00,,,1.2549816012013155,,
2024-12-27 07:30:00+00:00,,,,1.2175585039248804,
2024-12-27 15:00:00+00:00,0.9613722964607024,,,,
2024-12-29 05:00:00+00:00,,2.4025502040097906,,,3.1146709290098062
2025-01-02 12:30:00+00:00,0.9882618795927084,,,,
2025-01-06 14:00:00+00:00,,2.491713952618847,,,3.230262992497457
2025-01-06 14:30:00+00:00,1.0159035643649164,,,,
2025-01-07 15:00:00+00:00,0.98342512741217,2.4209565514824516,,1.2602183308851191,3.1385329549881473
2025-01-07 16:30:00+00:00,,,1.2842944841188169,,
2025-01-13 10:00:00+00:00,,,,1.2130841933606562,
2025-01-13 10:30:00+00:00,0.9519850260888028,,,,
2025-01-15 01:30:00+00:00,0.9786120472685066,,,,
2025-01-15 13:30:00+00:00,,2.4993116378095825,,,3.240112646898791
2025-01-17 14:00:00+00:00,1.006537323113682,,,,
2025-01-17 15:00:00+00:00,,2.584132242565432,,,3.3500742499375757
2025-01-19 23:00:00+00:00,,2.481018508188671,,1.271065732081786,3.2163973967717516
2025-01-19 23:30:00+00:00,0.9743583248937376,,,,
2025-01-20 01:00:00+00:00,,,1.3488295691372614,,
2025-01-20 17:30:00+00:00,0.9424712823809686,2.297244406935066,,,2.9781522813422407
2025-01-21 01:30:00+00:00,,,1.2486037619357109,,
2025-01-23 00:00:00+00:00,,,,1.2307900411286508,
2025-01-23 02:30:00+00:00,,,1.193928674483871,,
2025-01-23 10:30:00+00:00,0.9123404754832488,,,,
2025-01-27 00:00:00+00:00,,,1.1483223906470337,,
2025-01-27 00:30:00+00:00,0.8831729504820495,,,,
2025-01-27 01:00:00+00:00,,2.1889616372279836,,,2.837774280351282
2025-01-31 00:30:00+00:00,,,1.13825552798784,,
2025-02-01 22:00:00+00:00,0.8549379112551383,,,,
2025-02-03 19:30:00+00:00,0.8788505246329446,,,,
2025-02-04 05:00:00+00:00,0.8507536733604293,,,,
2025-02-04 06:00:00+00:00,,,1.1010403152116623,,
2025-02-07 20:00:00+00:00,0.8235550784230963,,,,
2025-02-16 02:00:00+00:00,,2.1066999905432255,,,2.7311301157157746
2025-02-16 07:30:00+00:00,,,,1.2125825299449255,
2025-02-21 15:30:00+00:00,,,,1.1930708646316406,
2025-02-21 18:00:00+00:00,,,1.0936849277834426,,
2025-02-21 20:30:00+00:00,,2.02996975399409,,,2.631656882333691
2025-03-02 15:00:00+00:00,0.8465899139665903,,,,
2025-03-03 05:00:00+00:00,0.882031098486745,,,,
2025-03-03 18:00:00+00:00,,,1.0631771147243358,1.2034265436704263,
2025-03-05 10:00:00+00:00,0.9067015083114192,,,,
2025-03-05 16:00:00+00:00,0.8867722091587343,,,,
2025-03-06 01:30:00+00:00,0.9115752278489042,,,,
2025-03-06 12:30:00+00:00,0.8915388043407853,,,,
2025-03-06 14:30:00+00:00,,,1.0326377150706214,,
2025-03-07 16:00:00+00:00,0.8719427814213748,,,,
2025-03-10 14:00:00+00:00,0.852777479085733,,,,
2025-03-10 17:00:00+00:00,,1.849083469892868,,,2.397155538883559
2025-03-11 18:00:00+00:00,0.876629665175761,,,,
2025-03-12 15:00:00+00:00,0.8573613451351977,,,,
2025-03-13 13:30:00+00:00,0.8385165427691259,,,,
2025-03-14 15:00:00+00:00,0.8619698504703784,,,,
2025-03-16 11:00:00+00:00,0.8430237531570395,,,1.181420647532407,
2025-03-19 18:30:00+00:00,0.866603127532842,,,,
2025-03-20 16:30:00+00:00,0.8475551907896701,,1.0111732321160627,,
2025-03-21 12:30:00+00:00,,,,1.1630523225621472,
2025-03-24 23:00:00+00:00,,1.9478074276414816,,,2.525141476777053
2025-03-25 07:00:00+00:00,,,1.0144549038784731,,
2025-03-26 14:30:00+00:00,,,0.9976912578255192,,
2025-03-28 07:00:00+00:00,,,,1.1654016583216813,
2025-03-28 14:00:00+00:00,0.8289259276961131,,,,
2025-04-01 08:00:00+00:00,,1.9715770465205,,,
2025-04-01 14:00:00+00:00,,1.9390920292354965,,,
2025-04-02 06:00:00+00:00,,1.905131793039329,0.981171680765158,,
2025-04-02 20:00:00+00:00,0.8521109858937734,1.9319318380504955,,,2.5957696838825073
2025-04-02 21:00:00+00:00,,,,1.1791625520769742,
2025-04-02 22:30:00+00:00,,,0.9421406233821378,,
2025-04-04 11:00:00+00:00,,1.8923251329276185,,,
2025-04-07 03:30:00+00:00,0.8333815864238283,,,,2.53871466623077
2025-04-07 14:30:00+00:00,,1.9342534599780028,,,
2025-04-08 01:30:00+00:00,0.8566912693961029,,,,2.6097225154452444
2025-04-08 17:00:00+00:00,,1.8816952032071703,,,
2025-04-09 17:00:00+00:00,0.8806529242011119,1.9335312059002203,,,2.682716454202248
2025-04-09 20:30:00+00:00,0.9052847864910168,,,,2.7577520334262844
2025-04-09 22:00:00+00:00,,1.990733714093579,,,
2025-04-10 15:30:00+00:00,,,0.9057625349850916,1.144271043337109,
2025-04-13 14:30:00+00:00,,,0.9040285922384642,,
2025-04-13 19:00:00+00:00,,2.003223735757237,,,
2025-04-13 19:30:00+00:00,,,,1.1375585016259906,
2025-04-15 22:30:00+00:00,,,,1.1036040007327388,
2025-04-20 09:30:00+00:00,,,,1.088130151188854,
2025-04-21 00:30:00+00:00,0.9306056019691706,,,,2.8348863578012176
2025-04-21 14:00:00+00:00,,2.0306093787385633,,,
2025-04-21 17:00:00+00:00,,1.995111914730888,,,
2025-04-22 13:00:00+00:00,0.9566346406562484,,,,2.914178129228918
2025-04-22 19:00:00+00:00,,2.0231468263166343,,,
2025-04-22 21:30:00+00:00,0.9833917115554036,,,,2.9956876915034507
2025-04-23 13:30:00+00:00,,2.0534315236146106,,,
2025-04-24 08:30:00+00:00,0.9617767617354158,,,,2.9298424760442043
2025-04-26 21:00:00+00:00,,,0.9725097844044857,,
2025-04-27 05:00:00+00:00,,2.0156666016527476,,1.1887696665133822,
2025-05-03 01:30:00+00:00,,,0.9651034056135251,,
2025-05-04 10:00:00+00:00,,,,1.183263560351757,
2025-05-06 13:30:00+00:00,,1.9408274165247204,,,
2025-05-08 08:00:00+00:00,0.9886776577611556,,,,3.011790170099161
2025-05-08 15:00:00+00:00,,1.992114929102001,,,
2025-05-10 07:00:00+00:00,,2.053769217022249,,,
2025-05-12 13:00:00+00:00,,,1.0271631896460922,,
2025-05-12 14:30:00+00:00,,,,1.2585320821363382,
2025-05-12 18:30:00+00:00,0.9669465228435652,,,,2.945591022160381
2025-05-18 19:30:00+00:00,,,,1.247781083264045,
2025-05-18 22:00:00+00:00,,,1.0121007477503106,,
2025-05-19 03:00:00+00:00,0.9456930382714636,,,,2.880846931493296
2025-05-19 04:00:00+00:00,,,0.9830231028423222,1.2152120779208633,
2025-05-19 05:00:00+00:00,,2.008548523229043,,,
2025-05-20 11:00:00+00:00,,,0.9678560942429592,,
2025-05-21 17:30:00+00:00,0.9249067052902568,,,,2.8175259159390733
2025-05-21 23:00:00+00:00,,2.0778965007411023,,,
2025-05-23 12:00:00+00:00,,,,1.222888170796319,
2025-05-23 12:30:00+00:00,,,0.9736682884184288,,
2025-05-27 01:00:00+00:00,,,,1.1909134670043526,
2025-05-28 14:30:00+00:00,,,,1.158333922873478,
2025-06-04 14:00:00+00:00,,,,1.1391076646406408,
2025-06-09 05:30:00+00:00,,,0.9676081698581012,,
2025-06-09 14:00:00+00:00,,2.124373695975641,,,
2025-06-10 10:30:00+00:00,,2.156491164907132,,,
2025-06-11 18:30:00+00:00,,,0.9744738644871216,,
2025-06-11 22:00:00+00:00,,,,1.1609479411271322,
2025-06-17 00:00:00+00:00,,,,1.1617228803295176,
2025-06-17 09:00:00+00:00,,,0.9653799121953172,,
2025-06-17 15:00:00+00:00,,2.1002358389001623,,,
2025-06-23 22:00:00+00:00,0.9507763458372254,,,,2.896332115807889
2025-06-25 13:00:00+00:00,,2.17401910542508,,,
2025-06-27 00:00:00+00:00,,,0.9767419494348552,,
2025-06-29 14:30:00+00:00,,,,1.157608402559318,
2025-06-30 06:30:00+00:00,,,,1.1496465586936722,
2025-06-30 09:30:00+00:00,,,0.9671107620218884,,
2025-06-30 14:30:00+00:00,,2.1359502208717305,,,
2025-07-03 09:00:00+00:00,,2.1645278484019936,,,
2025-07-03 12:30:00+00:00,,,,1.1502180592980853,
2025-07-03 15:30:00+00:00,,,,1.1362243013000115,
2025-07-04 08:00:00+00:00,,,0.9591024006232368,,
2025-07-07 06:30:00+00:00,,,,1.1250996469799122,
2025-07-07 18:00:00+00:00,,2.120344609995079,,,
2025-07-09 14:30:00+00:00,,,,1.1137060081316914,
2025-07-09 20:30:00+00:00,,,,1.1218124326333427,
2025-07-10 21:00:00+00:00,0.9773695602302926,2.154055732294184,,,2.977342525087036
2025-07-11 00:00:00+00:00,,,,1.1524499283775993,
2025-07-11 15:30:00+00:00,,,,1.152572915371376,
2025-07-13 14:00:00+00:00,1.004706586829934,2.207111919205562,,,3.0606187955137205
2025-07-13 22:00:00+00:00,,,,1.144310979219498,
2025-07-14 11:00:00+00:00,,,,1.1618700929887191,
2025-07-14 14:30:00+00:00,,2.246994612071046,,,
2025-07-15 01:30:00+00:00,0.972586117248981,,,,2.9627708126211467
2025-07-15 02:00:00+00:00,,,1.0191835629134365,,
2025-07-18 08:30:00+00:00,,,,1.1463495824334695,
2025-07-23 06:00:00+00:00,,,,1.132524856210034,
2025-07-31 19:30:00+00:00,,2.215935532584376,,,
2025-08-01 08:30:00+00:00,,,,1.0931764554305556,
2025-08-07 13:30:00+00:00,,2.2358754985073377,,,
2025-08-08 21:30:00+00:00,,2.2344675332840485,,,
2025-08-09 23:30:00+00:00,,,1.0165376327188207,,
2025-08-11 00:00:00+00:00,,2.2494595359869813,,,
2025-08-11 06:30:00+00:00,,2.2845782106345514,,,
2025-08-11 21:30:00+00:00,0.9414925390805312,,1.0191012760691844,,2.868051029741649
2025-08-13 13:30:00+00:00,,2.3016451305603827,,,
2025-08-13 22:00:00+00:00,,2.319836245191658,,,
2025-08-14 05:30:00+00:00,,2.2856672960006983,,,
2025-08-14 13:00:00+00:00,,,0.9933042352800124,,
2025-08-15 13:30:00+00:00,,,,1.1350440776149844,
2025-08-18 02:30:00+00:00,,,,1.1101963052737824,
2025-08-19 03:30:00+00:00,,2.2504080348132502,,,
2025-08-21 16:30:00+00:00,,2.214388722810599,,,
2025-08-22 19:00:00+00:00,,2.240979731013534,,,
2025-08-24 07:00:00+00:00,,,0.9737081953174084,,
2025-08-24 19:30:00+00:00,0.9113930226061266,,,1.087482079939917,2.776359438320809
2025-08-29 02:00:00+00:00,,,0.957759707390885,,
2025-08-29 05:30:00+00:00,,2.201256021495513,,,
2025-09-01 21:30:00+00:00,,2.1661380616224135,,,
2025-09-02 06:00:00+00:00,,2.1845508401117946,,,
2025-09-03 14:30:00+00:00,,2.205138319291937,,,
2025-09-04 06:30:00+00:00,,,0.9406323231866852,,
2025-09-05 07:00:00+00:00,,2.225598153083615,,,
2025-09-05 14:00:00+00:00,,2.1902180808524845,,,
2025-09-05 17:00:00+00:00,,,0.9227618893714538,,
2025-09-09 14:30:00+00:00,,2.156766151890335,,,
2025-09-09 16:00:00+00:00,,,0.9064780868735496,,
2025-09-11 13:30:00+00:00,0.93688468544842,,,,2.8540142118106417
2025-09-11 21:00:00+00:00,,2.1662772513405515,,,
2025-09-12 07:30:00+00:00,,,,1.1009345624686482,
2025-09-13 08:00:00+00:00,,2.161861147783347,,,
2025-09-13 13:30:00+00:00,,,,1.0942497779011728,
2025-09-14 15:00:00+00:00,,,0.9161863116423604,,
2025-09-15 07:30:00+00:00,,,,1.0833404420237922,
2025-09-15 08:30:00+00:00,,2.136710527493598,,,
2025-09-17 12:00:00+00:00,,,,1.0765403492647398,
2025-09-17 14:00:00+00:00,,2.1112552974948176,,,
2025-09-17 15:00:00+00:00,,,0.9045061552326936,,
2025-09-18 03:00:00+00:00,,2.1236780431653446,,,
2025-09-18 23:00:00+00:00,,,,1.069215251063792,
2025-09-19 09:30:00+00:00,,2.0978689442802585,,,
2025-09-23 18:00:00+00:00,,2.0728455521541895,,,
2025-09-30 00:30:00+00:00,,2.134588616899392,,,
2025-09-30 09:30:00+00:00,,2.099250317301654,,,
2025-10-02 13:30:00+00:00,,2.160404260186914,,,
2025-10-03 16:00:00+00:00,,2.2231637841001857,,,
2025-10-06 18:30:00+00:00,0.9537298720927826,,,,2.905329387338997
2025-10-07 15:00:00+00:00,,,,1.182533505461404,
2025-10-07 16:00:00+00:00,,2.1729199283798435,,,
2025-10-07 20:30:00+00:00,,,0.9871662951157156,,
2025-10-10 15:00:00+00:00,,,,1.143303021696538,
2025-10-12 15:00:00+00:00,0.9708779351930108,,,,2.9575672097233525
2025-10-14 06:30:00+00:00,,2.097083056929999,,,
2025-10-14 10:00:00+00:00,0.9398389676048904,,,,2.863013786028497
2025-10-16 09:30:00+00:00,,,,1.115046561511934,
2025-10-21 14:30:00+00:00,0.9567372722424264,,,,2.9144907739012895
2025-10-21 15:00:00+00:00,,2.1570426031882475,,,
2025-10-21 22:30:00+00:00,0.926150381648836,,,,2.821314503859665
2025-10-22 07:00:00+00:00,,,0.956894710677088,,
2025-10-22 10:30:00+00:00,,,,1.1168167955947863,
2025-10-28 05:00:00+00:00,,,0.9656466332615704,,
2025-10-28 20:00:00+00:00,,2.097738392748725,,,
2025-10-30 15:30:00+00:00,0.8965413539475227,,,,2.7311170791712716
2025-11-03 03:30:00+00:00,,,,1.0894105138204064,
2025-11-03 15:00:00+00:00,0.8678789268618203,,,,2.643803266150166
2025-11-05 16:30:00+00:00,0.883483389966796,,,,2.6913388488755463
2025-11-09 18:30:00+00:00,0.8993684213183991,,,,2.739729121378329
2025-11-11 13:00:00+00:00,,,0.9618208219020308,,
2025-11-12 15:30:00+00:00,,,,1.077588108295227,
2025-11-16 21:00:00+00:00,0.8706156128888498,,,,2.6521399813678634
2025-11-17 19:30:00+00:00,,,,1.0229977022128431,
2025-11-18 16:00:00+00:00,0.8862692816085914,,,,2.699825458232858
2025-11-19 05:00:00+00:00,0.8579352526755647,,,,2.6135120383331536
2025-11-20 16:00:00+00:00,0.8305070626475268,,,,2.5299580584676424
2025-11-20 17:00:00+00:00,,,,0.9598692114489188,
2025-11-23 01:30:00+00:00,0.8454395796339295,,,,2.575446704358891
2025-11-24 11:00:00+00:00,,,0.9396250400726204,,
2025-11-28 16:00:00+00:00,,,,0.9523984025486932,
2025-11-28 19:00:00+00:00,,,0.946404711116948,,
2025-12-01 00:00:00+00:00,,2.029572746142526,,,2.4917580087096725
2025-12-02 10:30:00+00:00,0.8521946418752046,,,,
2025-12-02 20:00:00+00:00,0.8814750239766306,,,,
2025-12-03 14:00:00+00:00,,,,0.9373754869227116,
2025-12-04 14:30:00+00:00,,,,0.9141614919588285,
2025-12-04 18:00:00+00:00,,,0.9545225017071156,,
2025-12-08 01:30:00+00:00,0.8885180094182038,,,,
2025-12-09 20:00:00+00:00,0.897209079559516,,,,
2025-12-09 21:30:00+00:00,,,,0.89481843653748,
2025-12-10 13:00:00+00:00,,,0.9330098665198152,,
2025-12-11 23:30:00+00:00,0.9043777801051964,,,,
2025-12-14 16:00:00+00:00,,1.9996202693801293,,,2.454984592238031
2025-12-17 16:00:00+00:00,0.8754648224752334,,,,
2025-12-19 08:00:00+00:00,0.8824597864068104,,,,
2025-12-22 19:00:00+00:00,,,,0.8804065900888934,
2025-12-22 19:30:00+00:00,,1.9603241735586123,0.9128532597758812,,2.40673977733283
2025-12-29 06:00:00+00:00,0.890749908418721,,,,
2025-12-29 09:30:00+00:00,,1.926458853298985,,,2.3651624635189603
2025-12-29 11:00:00+00:00,,,0.893687611708025,,
2026-01-02 22:00:00+00:00,,1.9471354347820145,,,2.3905476277615327
2026-01-03 11:30:00+00:00,,,0.8973677378301373,,
2026-01-06 14:00:00+00:00,,1.9704126387873795,,,2.419125642326902
2026-01-06 17:00:00+00:00,,,0.916063482898403,,
2026-01-07 15:00:00+00:00,,,,0.908061714315303,
2026-01-12 08:30:00+00:00,,1.9455127204691525,,,2.388555380184989
2026-01-12 09:00:00+00:00,,,0.8980880256084973,,
2026-01-14 14:30:00+00:00,0.8978670001869866,,,,
2026-01-14 20:00:00+00:00,0.9050409575184806,2.000473415771486,,,2.4560320217314087
2026-01-15 19:00:00+00:00,,,0.9197845042510234,,
2026-01-16 15:30:00+00:00,,1.9276860613419975,,,2.3666691380027114
2026-01-18 23:30:00+00:00,,,,0.9305186198601728,
2026-01-23 17:30:00+00:00,0.9122722347690532,,,,
2026-01-29 02:30:00+00:00,,1.8804913118567708,,,
2026-01-29 15:00:00+00:00,,,,0.9059587187122372,
2026-01-31 14:00:00+00:00,0.8831068914234865,,,,2.2910067256607647
2026-02-01 20:00:00+00:00,0.8548739641046776,,,,2.21776324064139
2026-02-02 12:00:00+00:00,0.861704407077874,,,,2.2354831689341146
2026-02-03 18:30:00+00:00,,,,0.8446630304986813,
2026-02-04 01:30:00+00:00,0.8685894252904262,,,,2.253344679453898
2026-02-06 06:00:00+00:00,0.8760048153127461,,,,2.2725821110485582
2026-02-06 13:30:00+00:00,0.8830040937870951,,,,2.2907400421158366
2026-02-06 14:30:00+00:00,0.890059296496454,,,,2.309043055052342
2026-02-06 20:30:00+00:00,0.9193981258504196,,,,2.3851555347824043
2026-02-07 06:30:00+00:00,0.8900049677669816,,,,2.308902112335411
2026-02-08 23:00:00+00:00,0.8971161074594397,,,,2.327350240212971
2026-02-10 11:30:00+00:00,0.8684353055039614,,,,2.252944853033362
2026-02-11 06:30:00+00:00,,1.7902880179312497,,,
2026-02-11 10:30:00+00:00,,,,0.8150783303070432,
2026-02-12 11:00:00+00:00,0.8753741035949381,,,,2.2709458824090984
2026-02-14 08:00:00+00:00,0.8823683426826617,,,,2.2890907400095477
2026-02-15 14:00:00+00:00,,,0.9013987203842726,,
2026-02-17 14:30:00+00:00,,,,0.8039336431335441,
2026-02-18 02:30:00+00:00,,1.7393584098408128,,,
2026-02-23 01:00:00+00:00,,,,0.792504331804263,
2026-02-25 16:00:00+00:00,0.907048185227496,,,,2.353116608007615
2026-02-26 01:30:00+00:00,,1.8005724658921505,,,
2026-02-26 16:30:00+00:00,0.8780498547457729,,,,2.2778874700496115
2026-02-27 11:30:00+00:00,,1.730869833017419,0.8922732379552438,0.8036243440792271,
2026-03-02 15:00:00+00:00,0.902608909183012,,,,2.3415999825868985
2026-03-02 16:30:00+00:00,,1.8014001062505507,,,
2026-03-03 09:30:00+00:00,0.873752502356431,,,,2.266739031143595
2026-03-03 10:00:00+00:00,,,0.855063382519359,,
2026-03-04 08:30:00+00:00,0.8981913598473404,,,,2.3301397218446818
2026-03-04 16:30:00+00:00,0.9233137721822706,,,,2.395313729864678
2026-03-05 07:30:00+00:00,,1.8868754704343744,,,
2026-03-05 16:00:00+00:00,0.8937954308856034,,,,2.318735549920904
2026-03-05 19:00:00+00:00,,,0.8470220054995071,,
2026-03-06 12:30:00+00:00,,,,0.8466809510335228,
2026-03-10 02:30:00+00:00,0.9187948890874738,,,,2.3835905832521918
2026-03-10 09:00:00+00:00,,1.9480652251785568,,,
2026-03-11 11:30:00+00:00,0.8894210164833471,,,,2.307387192305619
2026-03-11 12:00:00+00:00,,,0.8348760154766873,,
2026-03-13 17:30:00+00:00,,1.8903440526801265,,,
2026-03-14 00:00:00+00:00,,,0.8228931161134538,,
2026-03-14 10:30:00+00:00,,,,0.8731555294417912,
2026-03-16 03:30:00+00:00,,1.9206980946444283,,,
2026-03-17 00:00:00+00:00,,1.957003710897306,,,
2026-03-18 11:30:00+00:00,,1.902928751848268,,,
2026-03-18 12:00:00+00:00,,,0.8260255223023886,0.8886619006978461,
2026-03-21 23:30:00+00:00,,,,0.8665722519885393,
2026-03-29 22:30:00+00:00,,,,0.8445466235800237,
2026-03-31 01:30:00+00:00,0.8965274904050492,,,,2.3258232159721413
2026-03-31 17:00:00+00:00,0.9036907450533856,,,,2.344406543467759
2026-04-02 02:00:00+00:00,0.8747997519340288,,,,2.269455866273095
2026-04-02 04:00:00+00:00,,,0.8110957656179505,,
2026-04-02 13:30:00+00:00,,,,0.8261174848259915,
2026-04-06 09:00:00+00:00,0.8817894019519816,,,,2.2875888186446165
2026-04-07 21:00:00+00:00,,1.9320582398006796,,,
2026-04-08 02:30:00+00:00,0.8931111318086913,,,,2.316960301870193
2026-04-09 22:00:00+00:00,0.9002470897518426,,,,2.3354728146821357
2026-04-11 18:30:00+00:00,,1.983667463312483,,,
2026-04-12 01:30:00+00:00,,,,0.8765712749395649,
2026-04-12 04:30:00+00:00,,,0.8583438852066254,,
2026-04-13 19:30:00+00:00,0.9074400639989598,,,,2.354133242471446
2026-04-13 22:00:00+00:00,0.9146905101103114,,,,2.3729427670787926
2026-04-14 07:00:00+00:00,0.9219988872860928,,,,2.391902579787752
2026-04-17 09:00:00+00:00,,2.038157286356301,,,
2026-04-17 13:30:00+00:00,0.9293656583955088,,,,2.411013881400256
2026-04-18 22:00:00+00:00,,,,0.9261786180374012,
2026-04-19 02:30:00+00:00,,,0.8926551363358467,,
2026-04-19 07:00:00+00:00,0.8996538382966042,1.975568923345587,,,2.3339337676118896
2026-04-22 05:00:00+00:00,0.906842072464594,,,,2.3525818984151083
2026-04-22 14:00:00+00:00,0.9140877406235864,,,,2.3713790277834454
2026-04-27 05:00:00+00:00,,1.942699929626258,,,
2026-04-27 15:00:00+00:00,,,,0.9104235341642102,
2026-04-29 16:30:00+00:00,,,0.8674176505687641,,
2026-04-29 18:00:00+00:00,,,,0.8867262464761501,
2026-05-04 02:00:00+00:00,,1.980325830336984,,,
2026-05-04 10:00:00+00:00,,1.9419553525184456,,,
2026-05-06 11:00:00+00:00,0.939654774728828,,,,2.4377064991905484
2026-05-07 15:00:00+00:00,,,0.9012284065499756,0.9228955709579796,
2026-05-11 03:00:00+00:00,,1.9095644777308016,,,
2026-05-12 14:00:00+00:00,,,0.893053265896745,,
2026-05-12 16:30:00+00:00,,,,0.914932145555084,
2026-05-13 15:30:00+00:00,,,,0.8879028380700108,
2026-05-15 13:30:00+00:00,0.9096140115807474,1.8668463771355088,,0.8732445878002726,2.3597730224114266
2026-05-15 14:30:00+00:00,,,0.8641745358845566,,
2026-05-17 23:30:00+00:00,,,,0.8545870693905457,
2026-05-22 15:30:00+00:00,,,0.8557138827172293,,
2026-05-22 18:30:00+00:00,,,,0.8398181832467613,
2026-06-01 07:30:00+00:00,,,,0.8264093662664819,
2026-06-03 20:30:00+00:00,0.8805336516305109,,,,2.284331078884933
2026-06-05 06:00:00+00:00,0.8523829907878834,,,,2.2113010142929816
2026-06-06 04:30:00+00:00,0.8251323065723947,,,,2.1406057208660347
2026-06-07 05:00:00+00:00,0.8317251137019083,,,,2.1577091605757546
2026-06-08 12:30:00+00:00,0.8383705973603864,,,,2.1749492567687545
2026-06-09 15:00:00+00:00,,,0.836144344720498,,
2026-06-09 16:00:00+00:00,,,,0.8179238044499334,
2026-06-11 06:00:00+00:00,0.8450691784332959,,,,2.1923271013303367
2026-06-15 03:30:00+00:00,0.851821281168978,,,,2.2098437948699665
2026-06-16 14:00:00+00:00,,,,0.8566581542662028,
2026-06-17 09:30:00+00:00,,,0.8633149647774498,,
2026-06-17 11:00:00+00:00,,1.804229940091588,,,
2026-06-17 19:30:00+00:00,0.8245885548100058,,,0.8299292838186666,2.1391950887479734
2026-06-22 22:30:00+00:00,,,,0.833667032865758,
2026-06-23 05:00:00+00:00,0.7982264587127299,,,,2.0708050217607004
2026-06-23 06:00:00+00:00,,,0.8536000458381924,,
2026-06-24 13:30:00+00:00,,,,0.8109402974780828,
2026-06-25 13:30:00+00:00,0.7806814411502241,,,,
2026-06-26 10:30:00+00:00,0.7635220630737422,,,,
2026-06-29 14:00:00+00:00,0.7467398481273813,,,,
2026-06-30 12:00:00+00:00,,,,0.7852560186973228,
2026-07-03 12:00:00+00:00,0.7676261616795041,,,,
2026-07-04 17:30:00+00:00,,1.8687882473259052,,,
2026-07-06 12:00:00+00:00,,,,0.8221485252589812,
2026-07-06 13:00:00+00:00,,,0.877993404976283,,2.1299824911704732
2026-07-07 05:00:00+00:00,0.7507537386457886,,,,
2026-07-08 06:30:00+00:00,,,0.8606366862889375,,2.087875674993174
2026-07-08 08:00:00+00:00,,,,0.800518876387677,
2026-07-13 03:00:00+00:00,,,0.8606541840714202,0.8020360810291646,2.087918124025378
2026-07-13 03:30:00+00:00,0.7342521714703542,,,,
2026-07-17 00:00:00+00:00,,,0.8577911938294792,,2.0809726059233475
2026-07-17 00:30:00+00:00,,,,0.8098119992948751,
2026-07-17 08:30:00+00:00,0.7181133087414358,,,,
2026-07-17 19:00:00+00:00,,1.87998225224336,,,
2026-07-20 06:30:00+00:00,,,,0.8016157361155576,
2026-07-21 07:30:00+00:00,0.7381989379869337,,,,
2026-07-23 07:00:00+00:00,0.7219733253299809,,,,
2026-07-27 04:00:00+00:00,,1.8942305454638932,,,2.096744195169848
2026-07-27 14:30:00+00:00,,1.866179308402382,,,2.06569397870232
2026-07-27 23:30:00+00:00,,,0.8439244508441494,,
2026-07-31 09:30:00+00:00,,,0.829162978816887,,
2026-08-03 08:00:00+00:00,,1.8372057804882,,,2.0336228685551783
2026-08-04 23:00:00+00:00,0.7277418921993675,,,,
2026-08-07 17:30:00+00:00,,,,0.7945379447653363,
2026-08-09 23:00:00+00:00,,,,0.7871798219120529,
2026-08-10 15:30:00+00:00,,,0.8338849087820144,,
2026-08-18 05:00:00+00:00,,1.8510412054423624,,,2.0489374494702717
2026-08-18 13:30:00+00:00,,,,0.7798537865814793,
2026-08-19 03:00:00+00:00,,,,0.775037205449721,
2026-08-19 14:00:00+00:00,,1.87482851117418,,,2.075267874418469
2026-08-19 17:00:00+00:00,,,,0.811226318209999,
2026-08-19 19:30:00+00:00,0.7511966793564296,,,,
2026-08-20 03:00:00+00:00,,,,0.803080204227556,
2026-08-20 08:00:00+00:00,0.7571987408244875,,,,
2026-08-20 13:00:00+00:00,0.763248758763675,,,,
2026-08-20 16:30:00+00:00,,1.983925886664878,,,2.1960289345313315
2026-08-21 05:00:00+00:00,0.7693471163461968,,,,
2026-08-21 09:00:00+00:00,,,,0.8926248767317662,
2026-08-21 11:30:00+00:00,0.7779538811808535,,,,
2026-08-21 12:00:00+00:00,,2.092932021712378,,,2.316688999614789
2026-08-25 07:30:00+00:00,,,,0.889681148535621,
2026-08-25 15:30:00+00:00,0.799713251237482,,,,
2026-08-28 02:30:00+00:00,,,,0.8714733257821864,
2026-08-28 16:00:00+00:00,0.7741464185954198,,,,
2026-08-30 23:00:00+00:00,,2.0477321587274617,,,2.2666567843899594
2026-08-31 02:00:00+00:00,,,0.8192482925185255,,
2026-09-01 17:00:00+00:00,,,0.8021497777583275,,
2026-09-04 12:30:00+00:00,,,,0.8588038041949488,
2026-09-06 23:00:00+00:00,0.7957992939235337,,,,
2026-09-07 10:00:00+00:00,,,0.8089066866694103,,
2026-09-08 13:30:00+00:00,0.7703575904967982,,,,
2026-09-09 20:30:00+00:00,,,0.7911614974346441,,
2026-09-10 12:30:00+00:00,0.7457292583286155,1.9552263924844688,,,2.1642611552759576
2026-09-15 08:00:00+00:00,,1.9004986377343864,0.7798153526257889,,2.103682414023101
2026-09-15 14:30:00+00:00,0.7218882939398495,,,,
2026-09-18 13:30:00+00:00,,1.9478185373357149,,,2.1560613206153856
2026-09-19 19:30:00+00:00,0.7694743897209129,,,,
2026-09-20 02:30:00+00:00,,,,0.8660230038625646,
2026-09-21 01:30:00+00:00,,,,0.853208556505429,
2026-09-23 08:30:00+00:00,,,,0.8416078817420188,2.126746370642461
2026-09-23 16:00:00+00:00,0.7448742934815352,,,,
2026-09-25 13:30:00+00:00,,,,0.8264876836819718,2.088537571693193
2026-09-27 22:00:00+00:00,,,,0.8243622906472988,2.0831666952782486
2026-09-28 03:00:00+00:00,,,0.7654775565141109,,
2026-09-29 15:00:00+00:00,,,,0.8114339012653876,2.0504966053317046
2026-09-30 14:00:00+00:00,,,,0.804309891824474,2.0324942059345825
