exit_time,accurate,vol_adjusted,trend_reversal,donchian_breakout,hybrid
2018-07-03 10:30:00+00:00,,,,-0.0015454495547777,
2018-07-03 19:00:00+00:00,-0.0119899999999999,,,,
2018-07-04 13:00:00+00:00,,0.0256134871905722,,,0.025613487190572215
2018-07-05 00:00:00+00:00,,,,-0.023429521609992,
2018-07-05 11:00:00+00:00,0.0079899999999999,,,,
2018-07-07 13:00:00+00:00,-0.01199,,,,
2018-07-08 23:00:00+00:00,,,,-0.0065204034783079,
2018-07-08 23:30:00+00:00,-0.0144851409747804,,,,
2018-07-10 01:00:00+00:00,,,-0.0151698371195568,,
2018-07-13 19:00:00+00:00,-0.01199,,,,
2018-07-15 15:00:00+00:00,0.0079899999999999,,,,
2018-07-16 09:00:00+00:00,0.0079899999999999,,,,
2018-07-16 22:00:00+00:00,,0.019930817369191,,,0.019930817369191
2018-07-17 11:30:00+00:00,0.0304793545646513,,,,
2018-07-18 06:00:00+00:00,,0.0374931150143236,,,0.03749311501432362
2018-07-18 18:30:00+00:00,0.1029508121971229,,,,
2018-07-18 20:00:00+00:00,,,,0.1464682908193,
2018-07-20 00:00:00+00:00,-0.0119899999999999,,,,
2018-07-20 06:30:00+00:00,-0.01199,,,,
2018-07-20 17:00:00+00:00,,,,-0.0267686262124364,
2018-07-21 01:30:00+00:00,,,0.1393099824455064,,
2018-07-22 14:30:00+00:00,0.0079900000000001,,,,
2018-07-22 21:00:00+00:00,-0.01199,,,,
2018-07-24 02:30:00+00:00,0.0175791910023677,,,,
2018-07-24 05:00:00+00:00,,0.0173643781445944,,,0.01736437814459446
2018-07-24 17:30:00+00:00,,0.0241224926877192,,,0.024122492687719266
2018-07-25 09:00:00+00:00,,,,0.0640827037772158,
2018-07-25 10:30:00+00:00,0.0356796603834035,,,,
2018-07-26 20:30:00+00:00,-0.01199,,,,
2018-07-26 22:30:00+00:00,,,0.0715588739682215,,
2018-07-28 15:30:00+00:00,-0.0214042111176218,,,,
2018-07-30 11:00:00+00:00,,,-0.0122836202732583,,
2018-08-04 12:30:00+00:00,-0.03197,,,,
2018-08-06 13:30:00+00:00,-0.0319699999999999,,,,
2018-08-07 20:00:00+00:00,-0.03197,,,,
2018-08-07 22:00:00+00:00,,,-0.0536091562543871,,
2018-08-10 20:30:00+00:00,-0.03197,,,,
2018-08-12 00:00:00+00:00,-0.0319699999999999,,,,
2018-08-12 19:30:00+00:00,0.0179800000000001,,,,
2018-08-13 15:00:00+00:00,,,,-0.0309145135295122,
2018-08-13 15:30:00+00:00,-0.03197,,,,
2018-08-13 19:30:00+00:00,,,-0.0351098099973763,,
2018-08-15 16:00:00+00:00,,0.0298645980484884,,,0.0298645980484884
2018-08-15 20:00:00+00:00,,,,-0.0352197929254355,
2018-08-16 07:00:00+00:00,0.0179800000000001,,,,
2018-08-16 20:30:00+00:00,-0.0319699999999999,,,,
2018-08-17 10:00:00+00:00,0.0179800000000001,,,,
2018-08-18 13:00:00+00:00,,,,-0.0328147518142487,
2018-08-18 16:30:00+00:00,,,0.0005891495601173,,
2018-08-20 22:00:00+00:00,-0.0319699999999999,,,,
2018-08-20 23:30:00+00:00,,,-0.0351221386248183,,
2018-08-22 15:30:00+00:00,,,,0.0050188299309414,
2018-08-22 20:00:00+00:00,,-0.0626708066681357,,,-0.06267080666813574
2018-08-22 21:00:00+00:00,,,-0.0722043618739902,,
2018-08-22 22:00:00+00:00,-0.03197,,,,
2018-08-25 07:30:00+00:00,0.0200108560517922,,,,
2018-08-27 03:00:00+00:00,,-0.0058631979088872,,,-0.00586319790888723
2018-08-27 23:30:00+00:00,0.0179800000000001,,,,
2018-08-28 12:30:00+00:00,,0.0183665944582611,,,0.018366594458261165
2018-08-29 07:00:00+00:00,0.0186445479104593,,,,
2018-08-29 15:00:00+00:00,,,,0.0265627126741205,
2018-08-30 10:30:00+00:00,,,0.0479341418695475,,
2018-08-30 11:30:00+00:00,-0.0319699999999999,,,,
2018-09-01 15:00:00+00:00,,0.0215209218934153,,,
2018-09-02 00:30:00+00:00,,,,0.0018329056145056,
2018-09-02 01:30:00+00:00,,,-0.0097136322163756,,
2018-09-02 13:30:00+00:00,,,,-0.011938444337209,
2018-09-04 21:00:00+00:00,,,-0.0028169612524631,,
2018-09-05 09:30:00+00:00,,-0.0201354974934612,,-0.0046337981445501,
2018-09-05 10:30:00+00:00,-0.0319699999999999,,,,
2018-09-08 17:30:00+00:00,-0.03197,,,,
2018-09-09 22:30:00+00:00,,,-0.0279749277317704,,
2018-09-13 20:00:00+00:00,,,,-0.0008937828579993,
2018-09-13 20:30:00+00:00,,,-0.0055115838840992,,
2018-09-13 21:30:00+00:00,0.0403217843690844,,,,
2018-09-14 08:30:00+00:00,,,,-0.0138672380081953,
2018-09-17 15:00:00+00:00,-0.03197,,,,
2018-09-19 19:00:00+00:00,0.02797,,,,
2018-09-21 21:00:00+00:00,0.0331116995666826,,,,
2018-09-22 04:00:00+00:00,,,0.0031022683371046,,
2018-09-22 08:00:00+00:00,,,,0.024652654867991,
2018-09-25 00:00:00+00:00,-0.0319699999999999,,,,
2018-09-26 20:30:00+00:00,,,-0.0088979945531072,,
2018-09-28 09:00:00+00:00,,,,0.0030054319652663,
2018-09-28 09:30:00+00:00,0.02797,,-0.0189454325202356,,
2018-09-29 01:00:00+00:00,,-0.0212626429341636,,,
2018-10-05 22:00:00+00:00,0.0079899999999999,,,,
2018-10-06 02:00:00+00:00,,,,-0.0134744150056549,
2018-10-08 11:00:00+00:00,,0.0043972293800929,,,0.004397229380092904
2018-10-09 08:00:00+00:00,,-0.009086256921878,,-0.0107399511602596,-0.009086256921878033
2018-10-10 05:30:00+00:00,,,-0.017564,,
2018-10-15 07:00:00+00:00,,,,0.0721081167537214,
2018-10-15 08:00:00+00:00,,0.0222483113555738,,,0.022248311355573813
2018-10-15 10:30:00+00:00,0.0505903376224314,,,,
2018-10-15 19:30:00+00:00,-0.03197,,,,
2018-10-17 16:00:00+00:00,,-0.0400045910081825,,,-0.040004591008182544
2018-10-18 17:30:00+00:00,-0.03197,,,,
2018-10-18 19:00:00+00:00,,,-0.0403743450147195,,
2018-11-02 09:30:00+00:00,,,,-0.0058220065466402,
2018-11-03 11:00:00+00:00,,,-0.013202270602626,,
2018-11-04 20:30:00+00:00,,,,-0.0009656161187011,
2018-11-06 20:30:00+00:00,,-0.0015376213030532,,,
2018-11-07 14:00:00+00:00,,,,0.0020181599714097,
2018-11-08 16:00:00+00:00,,-0.0161832858114298,,,
2018-11-08 17:30:00+00:00,,,-0.0043427552545625,,
2018-11-14 09:30:00+00:00,,,,-0.0116761374946353,
2018-11-14 10:00:00+00:00,,-0.0122218126856777,,,
2018-11-15 23:30:00+00:00,0.0079899999999999,,,,
2018-11-20 17:00:00+00:00,-0.03197,,,,
2018-11-21 06:00:00+00:00,-0.03197,,,,
2018-11-21 10:00:00+00:00,0.012439945181115,,,,
2018-11-22 01:30:00+00:00,0.0079899999999999,,,,
2018-11-24 00:30:00+00:00,0.0079899999999999,,,,
2018-11-25 13:30:00+00:00,0.0079899999999999,,,,
2018-11-25 23:00:00+00:00,0.0243490250485582,,,,
2018-11-26 08:30:00+00:00,-0.03197,,,,
2018-11-26 15:30:00+00:00,,-0.08331859498094,,,
2018-11-26 19:00:00+00:00,0.0173576304216696,,,,
2018-11-27 00:30:00+00:00,0.0079899999999999,,,,
2018-11-27 08:30:00+00:00,-0.0319699999999999,,,,
2018-11-28 00:00:00+00:00,0.0079899999999999,,,,
2018-11-28 12:30:00+00:00,0.0079899999999999,,,,
2018-11-28 15:00:00+00:00,0.0143367596998273,,,,
2018-11-28 20:00:00+00:00,0.0079899999999999,,,,
2018-11-29 01:30:00+00:00,,,,-0.0225008340431851,
2018-11-29 11:30:00+00:00,0.016751352221507,,,,
2018-11-30 00:00:00+00:00,-0.0119899999999999,,,,
2018-12-01 12:30:00+00:00,0.0118198622189991,,,,
2018-12-01 17:30:00+00:00,-0.0119899999999999,,,,
2018-12-02 03:00:00+00:00,-0.0119899999999999,,,,
2018-12-03 02:30:00+00:00,,,-0.0570756113074205,,
2018-12-04 14:00:00+00:00,0.0079899999999999,,,,
2018-12-06 10:00:00+00:00,-0.01199,,,,
2018-12-07 06:30:00+00:00,-0.01199,,,,
2018-12-07 21:30:00+00:00,-0.0306995356814913,,,,
2018-12-08 01:30:00+00:00,-0.0154916406272396,,,,
2018-12-08 17:00:00+00:00,-0.01199,,,,
2018-12-08 23:30:00+00:00,-0.0167755786127118,,,,
2018-12-09 01:30:00+00:00,0.0079899999999999,,,,
2018-12-09 15:30:00+00:00,0.0079899999999999,,,,
2018-12-09 21:30:00+00:00,-0.01199,,,,
2018-12-10 16:30:00+00:00,,,-0.0340650823792236,,
2018-12-17 15:00:00+00:00,0.0116361894520458,,,,
2018-12-17 21:00:00+00:00,-0.0119899999999999,,,,
2018-12-17 21:30:00+00:00,,,,0.049289189834105,
2018-12-18 15:30:00+00:00,-0.0119899999999999,,,,
2018-12-18 23:00:00+00:00,,0.0491854975777537,,,
2018-12-19 01:30:00+00:00,0.0081651765868115,,,,
2018-12-19 13:00:00+00:00,0.0079899999999999,,,,
2018-12-19 14:00:00+00:00,,,,0.0556701804096497,
2018-12-20 09:00:00+00:00,,0.0722542115290714,,,
2018-12-20 10:30:00+00:00,0.0157035465431316,,,,
2018-12-20 11:30:00+00:00,-0.01199,,,,
2018-12-20 17:30:00+00:00,-0.0146896978109253,,,,
2018-12-20 20:00:00+00:00,,,,0.0111367601778837,
2018-12-21 01:00:00+00:00,0.0079899999999999,,,,
2018-12-21 02:30:00+00:00,,,,-0.0380466343532368,
2018-12-21 23:30:00+00:00,,,0.1174374035854526,,
2018-12-22 11:00:00+00:00,-0.01199,,,,
2018-12-23 01:30:00+00:00,0.0079900000000001,,,,
2018-12-24 03:00:00+00:00,0.0324180502736295,,,,
2018-12-24 15:30:00+00:00,-0.01199,,,-0.026948782198682,
2018-12-25 01:30:00+00:00,,,-0.0381578593125701,,
2018-12-26 02:30:00+00:00,-0.0119899999999999,,,,
2018-12-27 19:00:00+00:00,,-0.1053906177402606,,,
2018-12-28 18:30:00+00:00,0.0079899999999999,,,,
2018-12-29 10:00:00+00:00,,,,-0.0226210866549545,
2018-12-30 12:00:00+00:00,-0.0119899999999999,,,,
2018-12-30 12:30:00+00:00,,,,-0.0353350796505652,
2019-01-02 06:30:00+00:00,-0.0119899999999999,,,,
2019-01-03 16:00:00+00:00,,,,-0.0136289476451385,
2019-01-03 18:30:00+00:00,,,-0.0130627171816583,,
2019-01-06 17:00:00+00:00,,0.0282594541874776,,,
2019-01-07 09:00:00+00:00,-0.0119899999999999,,,,
2019-01-07 09:30:00+00:00,,,,0.0213534691956533,
2019-01-08 16:00:00+00:00,,,,-0.0190565151452077,
2019-01-10 06:30:00+00:00,,-0.0477893825285553,,,
2019-01-10 07:00:00+00:00,,,-0.0546715864661654,,
2019-01-14 21:00:00+00:00,-0.0119899999999999,,,,
2019-01-15 09:30:00+00:00,,,,-0.023306036625996,
2019-01-15 23:00:00+00:00,,,-0.0237916008832459,,
2019-01-19 18:00:00+00:00,-0.01199,,,,
2019-01-20 11:00:00+00:00,,,,-0.0012406696963626,
2019-01-20 11:30:00+00:00,,-0.0266732620389559,,,
2019-01-20 13:00:00+00:00,,,-0.0505987288204385,,
2019-01-23 21:00:00+00:00,,,-0.0172834873429714,,
2019-01-26 15:00:00+00:00,,,,-0.0128719126676764,
2019-01-27 00:30:00+00:00,,,-0.0170696925036843,,
2019-02-01 01:30:00+00:00,,-0.020017010190782,,,
2019-02-08 17:30:00+00:00,,,,0.0290997674682393,
2019-02-08 19:30:00+00:00,-0.01199,,,,
2019-02-09 13:00:00+00:00,,0.0532764713524749,,,
2019-02-10 09:30:00+00:00,,,0.0504067374378292,,
2019-02-17 10:00:00+00:00,,0.0096907757573425,,,
2019-02-17 10:30:00+00:00,,,,-0.01379292103627,
2019-02-18 01:30:00+00:00,,,,-0.0056826905146064,
2019-02-18 15:00:00+00:00,,,,0.0019789699400065,
2019-02-18 16:00:00+00:00,0.0179800000000001,,,,
2019-02-18 17:00:00+00:00,,,,0.0013067436175906,
2019-02-19 01:00:00+00:00,,,,-0.006837245916567,
2019-02-19 13:30:00+00:00,,0.0591614541832667,,,
2019-02-19 21:30:00+00:00,,,,-0.0156019638615525,
2019-02-21 08:30:00+00:00,,,,-0.0153379519838051,
2019-02-21 10:00:00+00:00,,,0.0602207512632073,,
2019-02-23 17:30:00+00:00,,0.0282949012100299,,,
2019-02-24 03:00:00+00:00,0.0179799999999998,,,,
2019-02-24 09:30:00+00:00,,,,0.0258057804847882,
2019-02-24 14:30:00+00:00,,-0.069810021978022,-0.0696417179172793,,
2019-03-04 04:00:00+00:00,-0.02198,,,,
2019-03-06 02:00:00+00:00,,,0.0205854156396145,,
2019-03-06 10:30:00+00:00,,0.0123231301393562,,,
2019-03-06 13:00:00+00:00,,,,-0.0131338634077882,
2019-03-07 06:30:00+00:00,,,-0.0100411374407582,,
2019-03-08 22:00:00+00:00,,,,-0.0107340644806267,
2019-03-09 15:00:00+00:00,0.02797,,,,
2019-03-09 17:00:00+00:00,,,,-0.0079324955968065,
2019-03-09 18:00:00+00:00,,,-0.0098523840544261,,
2019-03-11 05:00:00+00:00,,,-0.0079288738357324,,
2019-03-15 23:00:00+00:00,,,-0.0030093226176808,,
2019-03-16 05:30:00+00:00,,,,0.005849860044613,
2019-03-16 12:30:00+00:00,,-0.0141486750219667,,,
2019-03-16 13:30:00+00:00,,,0.005399159090909,,
2019-03-18 06:00:00+00:00,,,-0.0158539081800969,,
2019-03-21 05:30:00+00:00,,,-0.0040914994184464,,
2019-03-21 13:00:00+00:00,,,,-0.0104923461953697,
2019-03-21 14:30:00+00:00,-0.02198,,,,
2019-03-25 18:30:00+00:00,-0.02198,,,,
2019-03-28 03:30:00+00:00,,,0.0068671381814078,,
2019-03-29 05:30:00+00:00,,,-0.0076014818911518,,
2019-03-29 09:00:00+00:00,,0.0114438939578891,,,
2019-03-29 10:30:00+00:00,0.02797,,,,
2019-03-29 12:00:00+00:00,,,,0.0055550091367779,
2019-03-29 21:00:00+00:00,,,-0.0027528406588567,,
2019-03-30 04:00:00+00:00,,,-0.0109635122182636,,
2019-04-01 11:00:00+00:00,,,-0.0053148811823802,,
2019-04-02 07:30:00+00:00,0.0301073297496625,,,,
2019-04-02 14:00:00+00:00,-0.0119899999999999,,,,
2019-04-02 17:00:00+00:00,,0.0480307521700211,,,
2019-04-03 02:00:00+00:00,0.0179799999999998,,,,
2019-04-03 04:30:00+00:00,,-0.0395732561380164,,,
2019-04-03 11:00:00+00:00,,,0.1731992603054533,,
2019-04-03 16:00:00+00:00,0.0179799999999998,,,,
2019-04-03 20:00:00+00:00,0.0179800000000001,,,,
2019-04-03 22:00:00+00:00,-0.0204450963091978,,,,
2019-04-03 22:30:00+00:00,,-0.0420397151101262,,0.0121497598742248,
2019-04-03 23:30:00+00:00,,,-0.0386532300900623,,
2019-04-04 03:00:00+00:00,-0.0119899999999999,,,,
2019-04-04 22:30:00+00:00,-0.0119899999999999,,,,
2019-04-05 15:30:00+00:00,,,-0.0141277105888355,,
2019-04-06 20:30:00+00:00,-0.0119899999999999,,,,
2019-04-06 21:30:00+00:00,,,-0.025989577902106,,
2019-04-08 07:30:00+00:00,,,-0.0142779781879194,,
2019-04-10 20:30:00+00:00,-0.0119899999999999,,,,
2019-04-10 23:00:00+00:00,,,0.0101288239051742,,
2019-04-11 03:30:00+00:00,,,,-0.0095464356219236,
2019-04-13 08:30:00+00:00,,,-0.0108474429133857,,
2019-04-15 10:30:00+00:00,,,0.006209147997251,,
2019-04-15 17:30:00+00:00,,,,-0.0166818455888315,
2019-04-17 09:00:00+00:00,,,-0.0004340327496574,,
2019-04-18 10:30:00+00:00,,,-0.0058573413352593,,
2019-04-18 19:30:00+00:00,0.0179799999999998,,,,
2019-04-19 00:30:00+00:00,,,-0.0088987380319197,,
2019-04-19 05:00:00+00:00,,0.0013031014874991,,,
2019-04-20 11:30:00+00:00,,,-0.0044735282683444,,
2019-04-21 12:30:00+00:00,,,,-0.0008831296389929,
2019-04-23 03:30:00+00:00,,0.0126626786954311,,,
2019-04-23 06:00:00+00:00,-0.0119899999999999,,,,
2019-04-23 07:00:00+00:00,,0.014629396989565,,,
2019-04-23 22:30:00+00:00,,,0.0370733344184233,,
2019-04-24 07:30:00+00:00,,-0.0187150626556295,,0.0059508589900629,
2019-04-25 22:00:00+00:00,,,-0.0174795704504715,,
2019-04-26 04:30:00+00:00,-0.01199,,,,
2019-04-28 00:00:00+00:00,,,-0.0097474218111777,,
2019-05-02 08:00:00+00:00,0.0179800000000001,0.0159170035494193,,,
2019-05-04 04:30:00+00:00,,0.0604191169881846,,,
2019-05-04 09:00:00+00:00,0.0706148544808373,,,,
2019-05-04 13:30:00+00:00,-0.02198,,,0.059818702613674,
2019-05-04 14:00:00+00:00,,,0.0509331626072491,,
2019-05-05 08:00:00+00:00,-0.0219800000000001,,,,
2019-05-06 00:30:00+00:00,-0.02198,,,,
2019-05-08 00:00:00+00:00,,,,-0.0195145706063468,
2019-05-08 00:30:00+00:00,,,-0.0249130512701551,,
2019-05-08 06:00:00+00:00,0.0179799999999998,,,,
2019-05-09 21:30:00+00:00,,0.0312761843442745,,,
2019-05-10 21:30:00+00:00,,0.0285352951184458,,,
2019-05-11 09:00:00+00:00,,0.0333277287184254,,,
2019-05-12 05:00:00+00:00,,0.0641730263196886,,,
2019-05-12 15:00:00+00:00,,-0.0687537775618089,,0.1353986878502711,
2019-05-12 15:30:00+00:00,0.1428139997928728,,,,
2019-05-12 16:00:00+00:00,,,0.1217383146255655,,
2019-05-12 22:30:00+00:00,-0.02198,,,,
2019-05-14 18:30:00+00:00,0.0768183186765274,,,,
2019-05-14 21:00:00+00:00,,,0.0328742657308847,,
2019-05-15 01:30:00+00:00,0.023952884449802,,,,
2019-05-15 17:30:00+00:00,0.0179799999999998,,,,
2019-05-15 21:00:00+00:00,-0.02198,,,,
2019-05-16 08:00:00+00:00,,,-0.0286402425257638,,
2019-05-16 10:00:00+00:00,-0.0332264047194201,,,,
2019-05-17 02:30:00+00:00,,,,0.021863704872526,
2019-05-17 03:00:00+00:00,,-0.0896840162458653,,,
2019-05-18 09:00:00+00:00,-0.0219800000000001,,,,
2019-05-19 01:00:00+00:00,0.0179799999999998,,,,
2019-05-20 05:00:00+00:00,0.0584450781187828,,,,
2019-05-20 08:00:00+00:00,-0.0219800000000001,,,,
2019-05-20 08:30:00+00:00,,,-0.002713062098501,,
2019-05-20 12:30:00+00:00,,,,-0.0461077647732033,
2019-05-21 11:30:00+00:00,-0.02198,,,,
2019-05-21 21:00:00+00:00,0.0179800000000001,,,,
2019-05-22 11:00:00+00:00,-0.02198,,,,
2019-05-23 16:00:00+00:00,,-0.0212523601013856,,,
2019-05-25 05:30:00+00:00,,,-0.0136015129619435,,
2019-05-25 09:30:00+00:00,0.0179800000000001,,,,
2019-05-26 11:30:00+00:00,-0.02198,,,-0.0264751008627649,
2019-05-26 19:30:00+00:00,,0.0391095318205962,,,
2019-05-28 00:30:00+00:00,0.0712940935021906,,,,
2019-05-28 13:30:00+00:00,-0.02198,,,0.0448740633615618,
2019-05-28 14:30:00+00:00,,,0.0207726546501683,,
2019-05-29 04:30:00+00:00,-0.02198,,,,
2019-05-30 15:30:00+00:00,0.0179799999999998,,,,
2019-05-30 16:30:00+00:00,-0.0319700000000001,,,,
2019-05-30 17:00:00+00:00,,,,-0.0402123544619579,
2019-06-02 07:30:00+00:00,0.0179799999999998,,,,
2019-06-02 19:30:00+00:00,,,-0.0193402328987393,,
2019-06-03 07:00:00+00:00,-0.0319700000000001,,,,
2019-06-06 18:00:00+00:00,-0.0319699999999999,,,,
2019-06-08 04:00:00+00:00,,,-0.0053734343275606,,
2019-06-09 14:00:00+00:00,-0.03197,,,,
2019-06-09 16:00:00+00:00,,-0.0547485540290005,,,-0.054748554029000585
2019-06-11 16:00:00+00:00,-0.03197,,,,
2019-06-13 15:30:00+00:00,0.0214085975792737,,,,
2019-06-14 03:00:00+00:00,,,-0.011110014929931,,
2019-06-14 21:00:00+00:00,,0.044809199795913,,,0.044809199795913024
2019-06-16 01:00:00+00:00,,0.0324628827682018,,,0.03246288276820186
2019-06-16 19:00:00+00:00,,,0.0759736957286565,,
2019-06-16 19:30:00+00:00,,,,0.0942278876577018,
2019-06-17 05:30:00+00:00,0.119788454267707,,,,
2019-06-17 12:00:00+00:00,,0.035546443317155,,,0.03554644331715506
2019-06-17 14:30:00+00:00,0.0179800000000001,,,,
2019-06-17 15:30:00+00:00,-0.03197,,,,
2019-06-18 15:30:00+00:00,-0.0319699999999999,,,,
2019-06-19 12:30:00+00:00,,,,-0.0285850599395126,
2019-06-20 10:00:00+00:00,,,-0.0129747672496302,,
2019-06-21 20:30:00+00:00,,0.0376202505922611,,,0.03762025059226115
2019-06-22 01:00:00+00:00,,0.0330609919076088,,,0.033060991907608805
2019-06-22 14:30:00+00:00,,,,0.0908791039991068,
2019-06-22 19:30:00+00:00,,,0.1180251560937089,,
2019-06-23 00:00:00+00:00,,0.0521972905524417,,,0.05219729055244171
2019-06-23 02:30:00+00:00,0.1827181099168524,,,,
2019-06-24 01:00:00+00:00,,,-0.0388992977140912,,
2019-06-24 22:00:00+00:00,0.0179800000000001,,,,
2019-06-26 20:30:00+00:00,,,,0.114697189642466,
2019-06-26 21:00:00+00:00,,0.0950231752631405,,,0.09502317526314052
2019-06-26 22:30:00+00:00,,,0.1126900189009079,,
2019-06-27 05:30:00+00:00,0.1671009027972811,,,,
2019-06-27 06:30:00+00:00,-0.0373249664212603,,,,
2019-06-29 00:00:00+00:00,0.035342219063545,,,,
2019-06-29 02:00:00+00:00,-0.0407304371930935,,,,
2019-06-30 07:30:00+00:00,-0.03197,,,,
2019-06-30 23:30:00+00:00,,,,-0.1158218672792948,
2019-07-03 12:30:00+00:00,0.06614435900015,,,,
2019-07-03 18:00:00+00:00,-0.0319699999999999,,,,
2019-07-03 18:30:00+00:00,,,-0.0257478572592473,,
2019-07-03 22:00:00+00:00,0.02797,,,,
2019-07-04 10:30:00+00:00,,,-0.0297384959555107,,
2019-07-04 23:00:00+00:00,-0.03197,,,,
2019-07-05 07:00:00+00:00,,,,0.0097700250834975,
2019-07-05 20:30:00+00:00,-0.03197,,,,
2019-07-06 22:00:00+00:00,-0.03197,,,,
2019-07-08 09:00:00+00:00,0.02797,,,,
2019-07-09 08:00:00+00:00,0.052521567891973,,,,
2019-07-09 10:30:00+00:00,-0.0362379020254605,,,,
2019-07-09 11:00:00+00:00,,,0.0284939081995945,,
2019-07-10 12:30:00+00:00,0.0323972520270561,,,,
2019-07-10 15:00:00+00:00,,,-0.0376884951033347,0.068253806218431,
2019-07-11 20:00:00+00:00,-0.0319699999999999,,,,
2019-07-13 10:00:00+00:00,-0.0319699999999999,,,,
2019-07-13 20:30:00+00:00,,,,-0.0769005184075635,
2019-07-15 06:30:00+00:00,,-0.118365884507796,,,-0.11836588450779606
2019-07-16 03:00:00+00:00,0.052458786743923,,,,
2019-07-16 07:30:00+00:00,-0.0319699999999999,,,,
2019-07-16 16:00:00+00:00,,,,-0.0773908479516327,
2019-07-17 21:00:00+00:00,0.02797,,,,
2019-07-18 12:00:00+00:00,-0.03197,,,,
2019-07-19 04:00:00+00:00,0.02797,,,,
2019-07-20 17:00:00+00:00,0.02797,,,,
2019-07-21 03:00:00+00:00,-0.0319699999999999,,-0.0252630120803988,,
2019-07-22 14:30:00+00:00,-0.0319699999999999,,,0.0378716445628188,
2019-07-24 16:30:00+00:00,-0.03197,,,,
2019-07-26 00:00:00+00:00,-0.03197,,,,
2019-07-27 10:00:00+00:00,,,,-0.0306463050517283,
2019-07-27 10:30:00+00:00,-0.0530552469578373,,,,
2019-07-28 22:00:00+00:00,-0.03197,,,,
2019-08-01 06:00:00+00:00,,,0.0036495670283898,,
2019-08-01 14:30:00+00:00,0.0456866983736377,,,,
2019-08-01 19:00:00+00:00,,0.031233284030943,,,0.031233284030943054
2019-08-02 19:30:00+00:00,,,0.0178467638037109,,
2019-08-02 20:30:00+00:00,0.0407580936466562,,,,
2019-08-03 02:00:00+00:00,,0.0338327086650034,,,0.03383270866500343
2019-08-04 03:00:00+00:00,0.0307694721084117,,,,
2019-08-04 04:00:00+00:00,,,-0.0067820495025316,,
2019-08-05 01:00:00+00:00,,0.0376907318069832,,,0.037690731806983235
2019-08-06 02:30:00+00:00,,,0.0147075422664399,,
2019-08-06 06:30:00+00:00,,0.0431882930509841,,,0.04318829305098415
2019-08-06 12:00:00+00:00,0.084685853799896,,,,
2019-08-06 12:30:00+00:00,,,-0.0448797333167603,0.1354564031075711,
2019-08-10 11:30:00+00:00,-0.0320174338688986,,,,
2019-08-13 14:00:00+00:00,-0.03197,,,,
2019-08-16 05:00:00+00:00,-0.03197,,,,
2019-08-16 22:30:00+00:00,0.02797,,,,
2019-08-17 17:00:00+00:00,-0.03197,,,,
2019-08-20 09:00:00+00:00,,,-0.0011495873851871,,
2019-08-20 09:30:00+00:00,0.02797,,,,
2019-08-21 03:30:00+00:00,-0.03197,,,,
2019-08-21 04:00:00+00:00,,-0.0495705445074102,,,-0.049570544507410275
2019-08-24 05:00:00+00:00,,,-0.008251180430655,,
2019-08-26 00:00:00+00:00,0.02797,,,,
2019-08-27 02:30:00+00:00,-0.03197,,,,
2019-08-28 18:00:00+00:00,-0.0319699999999999,,,,
2019-09-03 18:30:00+00:00,,0.0795079558629106,,,0.0795079558629106
2019-09-04 13:00:00+00:00,0.1012087274795532,,,,
2019-09-04 14:30:00+00:00,,,0.0682632318241465,,
2019-09-05 02:30:00+00:00,,,-0.0132074186158646,,
2019-09-05 19:30:00+00:00,0.02797,,,,
2019-09-06 17:30:00+00:00,,,,0.00680692093008,
2019-09-06 18:00:00+00:00,,,-0.0285344306038193,,
2019-09-06 20:00:00+00:00,-0.03197,-0.0450753648030959,,,-0.04507536480309593
2019-09-09 07:00:00+00:00,-0.0319699999999999,,,,
2019-09-10 19:30:00+00:00,-0.03197,,,,
2019-09-13 08:30:00+00:00,,,-0.0101408782583836,,
2019-09-19 03:00:00+00:00,-0.0319699999999999,,,,
2019-09-21 12:30:00+00:00,-0.0319700000000001,,,,
2019-09-23 14:00:00+00:00,-0.03197,,,,
2019-09-26 13:30:00+00:00,-0.03197,,,,
2019-09-28 22:30:00+00:00,0.02797,,,,
2019-09-29 12:30:00+00:00,-0.03197,,,,
2019-10-02 00:00:00+00:00,0.02797,,,,
2019-10-02 03:30:00+00:00,,,-0.0064683311667936,,
2019-10-03 10:00:00+00:00,,,,-0.0129320379842977,
2019-10-03 14:00:00+00:00,-0.03197,,,,
2019-10-04 05:00:00+00:00,,-0.0516107541576165,,,-0.05161075415761651
2019-10-06 06:30:00+00:00,-0.03197,,,,
2019-10-08 20:30:00+00:00,,,-0.0018358233849821,,
2019-10-09 10:00:00+00:00,0.0279699999999998,,,,
2019-10-09 15:00:00+00:00,,0.0434140964461635,,,0.043414096446163564
2019-10-10 13:00:00+00:00,,,-0.0157507456893386,,
2019-10-10 15:30:00+00:00,0.0347274757650635,,,,
2019-10-11 05:30:00+00:00,-0.03397541525489,,,0.0199869766784688,
2019-10-11 23:30:00+00:00,,-0.0424346093160383,,,-0.042434609316038374
2019-10-13 22:00:00+00:00,,,-0.0201178865272538,,
2019-10-15 19:00:00+00:00,-0.03197,,,,
2019-10-21 19:00:00+00:00,,,0.0126953920685692,,
2019-10-22 12:00:00+00:00,0.02797,,,,
2019-10-22 20:00:00+00:00,,,,0.0006135906022119,
2019-10-23 03:30:00+00:00,-0.03197,-0.0319417105533547,,,-0.03194171055335471
2019-10-26 09:00:00+00:00,,,,0.1121807811950796,
2019-10-26 16:00:00+00:00,,0.1888325250641176,,,0.18883252506411763
2019-10-27 23:00:00+00:00,0.0160308666162674,,,,
2019-10-28 03:30:00+00:00,0.0122905555386467,,,,
2019-10-29 19:30:00+00:00,-0.0319699999999999,,,,
2019-11-04 20:00:00+00:00,0.0079900000000001,,,,
2019-11-05 07:00:00+00:00,,,-0.0052441924502658,-0.0178845619982154,
2019-11-07 10:00:00+00:00,-0.03197,,,,
2019-11-11 06:30:00+00:00,-0.03197,,,,
2019-11-23 09:00:00+00:00,-0.03197,,,,
2019-11-24 14:30:00+00:00,-0.03197,,,,
2019-11-28 05:00:00+00:00,0.026928659037692,,,,
2019-11-28 22:30:00+00:00,,,,0.0026773836968101,
2019-11-28 23:30:00+00:00,,,-0.020377547657525,,
2019-11-29 12:00:00+00:00,0.0079899999999999,,,,
2019-11-29 15:30:00+00:00,,0.0804850108908468,,,0.08048501089084681
2019-11-29 21:30:00+00:00,0.0115252211133709,,,,
2019-11-30 10:00:00+00:00,0.0079900000000001,,,-0.0002401601756948,
2019-11-30 13:00:00+00:00,,,-0.0104479985443489,,
2019-12-04 14:00:00+00:00,,,,0.0005611993115153,
2019-12-04 21:00:00+00:00,-0.0538338817933654,,,,
2019-12-05 19:30:00+00:00,0.0079899999999999,,,,
2019-12-07 19:00:00+00:00,,,-0.0113473282392263,,
2019-12-09 15:00:00+00:00,0.0079899999999999,,,,
2019-12-09 15:30:00+00:00,,,,-0.0181434389116518,
2019-12-14 08:30:00+00:00,,,,-0.0116040225368727,
2019-12-19 01:00:00+00:00,,,,0.0026184933987545,
2019-12-19 08:00:00+00:00,0.0323371778396568,,,,
2019-12-20 01:30:00+00:00,,,-0.0050500198625205,,
2019-12-23 06:00:00+00:00,,,,0.0347905542086159,
2019-12-23 07:00:00+00:00,0.0198989669969613,,,,
2019-12-23 15:30:00+00:00,0.0079899999999999,,,,
2019-12-23 17:00:00+00:00,,,,-0.0165572241543321,
2019-12-23 20:00:00+00:00,,,0.012240813218485,,
2019-12-27 11:30:00+00:00,-0.03197,,,,
2019-12-29 20:30:00+00:00,,,,-0.0041550777878196,
2019-12-30 00:00:00+00:00,,-0.0216601299278103,,,-0.0216601299278103
2019-12-30 01:00:00+00:00,,,-0.0089607400111483,,
2019-12-30 16:00:00+00:00,-0.03197,,,,
2020-01-03 18:00:00+00:00,0.0180944453690603,,,,
2020-01-04 14:00:00+00:00,,,-0.0070001307819945,,
2020-01-04 18:30:00+00:00,,,,-0.0081424248662742,
2020-01-05 01:00:00+00:00,0.0079900000000001,0.0224002876859239,,,0.022400287685923947
2020-01-05 21:30:00+00:00,,,,-0.0058164977025377,
2020-01-05 22:00:00+00:00,,,-0.0122397258433728,,
2020-01-06 02:00:00+00:00,0.0079899999999999,,,,
2020-01-06 22:00:00+00:00,0.0079899999999999,,,,
2020-01-07 04:30:00+00:00,,,,0.0430381331594011,
2020-01-07 12:00:00+00:00,0.0216454532724457,,,,
2020-01-07 18:00:00+00:00,,0.0185506876224668,,,0.01855068762246681
2020-01-07 21:30:00+00:00,,,,-0.0048500951455728,
2020-01-07 23:30:00+00:00,0.0079899999999999,,,,
2020-01-08 09:00:00+00:00,0.0183738644622091,,,,
2020-01-08 13:30:00+00:00,0.0079899999999999,,,,
2020-01-08 14:00:00+00:00,,,,0.0009551854552816,
2020-01-08 19:00:00+00:00,,,0.0670746729325553,,
2020-01-08 20:00:00+00:00,,-0.0506997481304328,,,-0.050699748130432876
2020-01-11 03:30:00+00:00,0.0220551822676768,,,,
2020-01-11 11:00:00+00:00,,,-0.0246271800385405,,
2020-01-11 17:00:00+00:00,0.0079899999999999,,,,
2020-01-11 23:00:00+00:00,,,,-0.0276250225236429,
2020-01-14 13:30:00+00:00,,0.0158708947982899,,,0.01587089479828996
2020-01-14 14:00:00+00:00,0.03651641654605,,,,
2020-01-14 16:00:00+00:00,,,,0.030514896227259,
2020-01-14 17:00:00+00:00,0.0079900000000001,,,,
2020-01-14 18:30:00+00:00,,,,-0.0186995736404704,
2020-01-15 00:00:00+00:00,,0.0193959837217587,,,0.01939598372175877
2020-01-15 02:30:00+00:00,0.0079900000000001,,,,
2020-01-15 04:00:00+00:00,,,,-0.0266577690472618,
2020-01-15 22:30:00+00:00,0.0079899999999999,,,,
2020-01-16 01:00:00+00:00,,,,-0.0310191771616618,
2020-01-16 02:30:00+00:00,,,0.0301786341800669,,
2020-01-17 12:00:00+00:00,,,,-0.0159357315605144,
2020-01-17 15:00:00+00:00,,,-0.0227829708205059,,
2020-01-17 19:00:00+00:00,0.0079899999999999,,,,
2020-01-19 11:00:00+00:00,-0.03197,,,-0.0057851091646411,
2020-01-19 11:30:00+00:00,,,-0.0587076704044128,,
2020-01-23 09:00:00+00:00,-0.03197,,,,
2020-01-27 00:00:00+00:00,0.0079900000000001,,,,
2020-01-27 09:30:00+00:00,,,0.0056776598946051,,
2020-01-27 13:30:00+00:00,0.0079899999999999,,,,
2020-01-28 07:00:00+00:00,0.0128165999025269,,,,
2020-01-28 08:30:00+00:00,,,0.0188542530299944,,
2020-01-28 11:30:00+00:00,,0.0159366240453229,,,
2020-01-30 16:00:00+00:00,0.0079899999999999,,,,
2020-01-31 02:30:00+00:00,,,-0.0148776748732664,,
2020-01-31 05:00:00+00:00,-0.02198,,,,
2020-01-31 13:00:00+00:00,,,,0.0800154785940134,
2020-02-03 11:00:00+00:00,,,,-0.0213812468879699,
2020-02-05 23:00:00+00:00,,0.0165847644158392,,,
2020-02-06 00:30:00+00:00,0.0179914169724546,,,,
2020-02-06 03:00:00+00:00,,,0.0138846949744406,,
2020-02-06 12:30:00+00:00,,0.0144731252555694,,,
2020-02-08 21:30:00+00:00,0.0079899999999999,,,,
2020-02-09 16:30:00+00:00,,,0.0013957012372844,,
2020-02-09 23:00:00+00:00,0.0079899999999999,,,,
2020-02-10 00:00:00+00:00,,0.0101629813643466,,,
2020-02-10 05:30:00+00:00,,,,0.0291951257100113,
2020-02-12 04:00:00+00:00,0.0251498147432727,,,,
2020-02-12 15:30:00+00:00,,,0.0041737262015886,,
2020-02-13 08:00:00+00:00,,,,-0.0057500877557389,
2020-02-13 13:30:00+00:00,,0.0244682341079716,,,
2020-02-15 12:00:00+00:00,,,,-0.0285506280815425,
2020-02-15 15:30:00+00:00,-0.02198,,,,
2020-02-18 15:00:00+00:00,0.0079899999999999,,,,
2020-02-19 05:00:00+00:00,0.0108901095268527,,,,
2020-02-19 08:00:00+00:00,,,0.0051940451539778,,
2020-02-19 17:30:00+00:00,0.0079900000000001,,,,
2020-02-19 21:30:00+00:00,,-0.0433576576937324,,-0.0208570745613736,
2020-02-23 03:30:00+00:00,0.0079899999999999,,,,
2020-02-23 16:30:00+00:00,,,-0.0063809771015804,,
2020-02-24 00:30:00+00:00,0.0079899999999999,,,,
2020-02-24 02:30:00+00:00,,-0.0269365920479215,,-0.0044354394918416,
2020-02-27 22:00:00+00:00,-0.02198,,,,
2020-02-29 11:00:00+00:00,-0.0219799999999998,,,,
2020-02-29 23:30:00+00:00,,-0.0258616917246734,,,
2020-03-02 15:30:00+00:00,0.0097362673047736,,,,
2020-03-03 00:00:00+00:00,0.0079900000000001,,,,
2020-03-03 02:00:00+00:00,,,0.0131563734307382,,
2020-03-03 16:30:00+00:00,,,,-0.0169850956452675,
2020-03-05 09:00:00+00:00,,0.0150272228570773,,,
2020-03-05 15:00:00+00:00,0.0095838650114854,,,,
2020-03-05 23:30:00+00:00,,,0.0190686046223309,,
2020-03-07 10:30:00+00:00,,0.0010585853869127,,,
2020-03-07 16:30:00+00:00,0.0079899999999999,,,,
2020-03-07 17:00:00+00:00,,,,-0.0018544556217477,
2020-03-10 10:30:00+00:00,0.0079899999999999,,,,
2020-03-10 15:30:00+00:00,-0.0219800000000001,,,,
2020-03-10 16:00:00+00:00,,,-0.0403455769914156,,
2020-03-11 10:00:00+00:00,-0.0219800000000001,,,,
2020-03-13 13:30:00+00:00,,0.189587718462282,,,
2020-03-13 15:30:00+00:00,-0.0341117495615146,,,,
2020-03-13 18:30:00+00:00,-0.0301629102147026,,,,
2020-03-13 22:30:00+00:00,0.0079900000000001,,,,
2020-03-14 00:30:00+00:00,-0.0219800000000001,,,,
2020-03-14 08:30:00+00:00,-0.0435779528751358,,,,
2020-03-15 14:30:00+00:00,-0.0266630823709294,,,,
2020-03-15 17:00:00+00:00,0.0079899999999999,,,,
2020-03-15 18:00:00+00:00,-0.02198,,,,
2020-03-15 20:00:00+00:00,-0.0219800000000001,,,,
2020-03-15 22:30:00+00:00,-0.0223849033776935,-0.0889711876888698,,,
2020-03-16 20:30:00+00:00,-0.0437876256075263,,,,
2020-03-17 13:00:00+00:00,,,-0.0224110396550037,,
2020-03-17 13:30:00+00:00,0.0576198939969903,,,,
2020-03-17 20:30:00+00:00,0.0079899999999999,,,,
2020-03-17 21:00:00+00:00,,0.1083477951256088,,,
2020-03-18 00:00:00+00:00,-0.0235304420534617,,,,
2020-03-18 05:30:00+00:00,-0.0219799999999998,,,,
2020-03-19 02:00:00+00:00,0.0080721066984508,,,,
2020-03-19 07:00:00+00:00,0.0089375310341714,,,,
2020-03-19 19:30:00+00:00,,0.075983656624885,,,
2020-03-20 04:30:00+00:00,0.113976585848267,,,,
2020-03-20 16:30:00+00:00,,,0.143038275314165,,
2020-03-20 18:30:00+00:00,-0.0449151837205471,-0.0516421045061943,,,
2020-03-20 20:00:00+00:00,,,,0.0998841851542975,
2020-03-21 09:30:00+00:00,-0.0277044619679679,,,,
2020-03-22 00:00:00+00:00,-0.0238286692225603,,,,
2020-03-22 03:30:00+00:00,0.0079899999999999,,,,
2020-03-22 08:30:00+00:00,-0.02198,,,,
2020-03-22 10:30:00+00:00,-0.02198,,,,
2020-03-24 00:00:00+00:00,,0.0601387297843967,,,
2020-03-24 05:00:00+00:00,0.029778745334136,,,,
2020-03-24 12:30:00+00:00,0.0130894673188768,,,,
2020-03-24 15:00:00+00:00,-0.0219800000000001,,,,
2020-03-24 15:30:00+00:00,,,0.0424849358615953,,
2020-03-24 19:30:00+00:00,0.0079899999999999,,,,
2020-03-24 22:30:00+00:00,0.0079899999999999,,,,
2020-03-25 11:00:00+00:00,-0.0295831063272778,,,,
2020-03-26 13:30:00+00:00,-0.02198,,,,
2020-03-27 05:30:00+00:00,,,-0.0093747296277385,,
2020-03-29 08:00:00+00:00,-0.02198,,,,
2020-03-30 09:30:00+00:00,0.0409787711672613,,,,
2020-03-30 15:30:00+00:00,,0.0365161674488043,,,
2020-03-30 23:30:00+00:00,-0.02198,-0.0204230688020888,,,
2020-03-31 04:30:00+00:00,,,0.0330909146474849,,
2020-04-02 03:00:00+00:00,0.0401624675539846,,,,
2020-04-02 07:00:00+00:00,,0.0286435190943981,,,
2020-04-02 18:30:00+00:00,,,,0.0234990360175657,
2020-04-02 19:00:00+00:00,-0.0219800000000001,-0.0190999146630782,,,
2020-04-02 20:30:00+00:00,,,0.0228250142621411,,
2020-04-03 14:00:00+00:00,-0.02198,,-0.0171353834331329,,
2020-04-04 11:30:00+00:00,-0.02198,,,,
2020-04-06 17:00:00+00:00,,0.0236539033600124,,,
2020-04-06 17:30:00+00:00,0.02797,,,,
2020-04-07 05:30:00+00:00,,,0.0466210617906028,,
2020-04-07 14:30:00+00:00,,,-0.0174248810443036,,
2020-04-07 20:00:00+00:00,-0.02198,-0.0169230275453652,,,
2020-04-08 10:30:00+00:00,,-0.0194041710396956,,,
2020-04-08 13:30:00+00:00,-0.0219800000000001,,,,
2020-04-09 12:00:00+00:00,,,,0.0091777074035563,
2020-04-11 16:30:00+00:00,-0.02198,,,,
2020-04-12 20:00:00+00:00,,0.0189654131387868,,,
2020-04-12 23:30:00+00:00,,,0.0069502904745453,,
2020-04-13 00:00:00+00:00,-0.0219800000000001,,,,
2020-04-14 08:00:00+00:00,,,-0.0155065437166573,,
2020-04-14 16:30:00+00:00,0.02797,,,,
2020-04-14 20:30:00+00:00,,,-0.0105457865229188,,
2020-04-16 22:00:00+00:00,0.02797,0.0283240198287877,,,
2020-04-17 04:30:00+00:00,,,-0.0013335557038025,,
2020-04-17 13:30:00+00:00,-0.02198,,,,
2020-04-19 05:30:00+00:00,,-0.0149806282266004,-0.0023773681763588,,
2020-04-19 13:30:00+00:00,-0.0219800000000001,,,,
2020-04-20 10:30:00+00:00,,,,0.0085478140078054,
2020-04-23 06:30:00+00:00,,,0.014673553468995,,
2020-04-23 13:30:00+00:00,,0.020032499655777,,,
2020-04-23 14:00:00+00:00,0.02797,,,,
2020-04-23 18:30:00+00:00,,0.0376882669840703,,,
2020-04-26 15:00:00+00:00,,-0.0111456632082758,,,
2020-04-26 15:30:00+00:00,,,-0.0190048697219179,,
2020-04-26 22:00:00+00:00,,-0.0109344863896627,,,
2020-04-27 01:00:00+00:00,,-0.0113067898264256,,,
2020-04-27 06:00:00+00:00,,-0.0113949821113357,,,
2020-04-29 15:30:00+00:00,0.0447588038552466,,,,
2020-04-29 21:30:00+00:00,0.0532099705692341,0.1228047665021037,,,
2020-04-30 07:30:00+00:00,0.02797,,,,
2020-04-30 09:00:00+00:00,,-0.0204016743880157,,,
2020-04-30 09:30:00+00:00,,,,0.1406974700066492,
2020-04-30 10:00:00+00:00,,,0.0990572441930015,,
2020-04-30 16:00:00+00:00,-0.02198,,,,
2020-04-30 23:00:00+00:00,-0.0219800000000001,,,,
2020-05-01 14:00:00+00:00,-0.02198,,,,
2020-05-03 06:00:00+00:00,-0.02198,-0.0168550474616956,,,
2020-05-05 05:00:00+00:00,0.02797,,,,
2020-05-05 10:00:00+00:00,-0.0219799999999998,,,,
2020-05-06 23:30:00+00:00,,-0.0161427906234639,,,
2020-05-07 00:00:00+00:00,-0.02198,,-0.0105424982596457,,
2020-05-07 21:00:00+00:00,0.0279699999999998,0.0278279810003216,,,
2020-05-08 05:00:00+00:00,-0.02198,,,,
2020-05-08 07:00:00+00:00,,,0.0259562263157895,,
2020-05-09 11:00:00+00:00,,,,0.0437339793527669,
2020-05-10 14:30:00+00:00,-0.02198,,,,
2020-05-11 09:30:00+00:00,-0.02198,,,,
2020-05-11 16:30:00+00:00,-0.02198,,,,
2020-05-12 21:30:00+00:00,-0.02198,,,,
2020-05-13 21:00:00+00:00,0.02797,,,,
2020-05-14 11:00:00+00:00,,0.0280755844987723,,,
2020-05-14 12:00:00+00:00,0.0320973940429165,-0.0189680930972337,,,
2020-05-14 21:00:00+00:00,,,0.0611468975198876,,
2020-05-15 02:30:00+00:00,,,,0.0161199992834717,
2020-05-15 15:00:00+00:00,-0.0219800000000001,,,,
2020-05-17 22:00:00+00:00,,-0.0185144714954705,,,
2020-05-17 22:30:00+00:00,,,-0.0191708302217736,,
2020-05-18 08:30:00+00:00,-0.02198,,,-0.043036963212498,
2020-05-19 12:00:00+00:00,,-0.0200750539140281,,,
2020-05-19 12:30:00+00:00,-0.02198,,,,
2020-05-22 03:30:00+00:00,,-0.0197321783389329,,,
2020-05-22 04:30:00+00:00,-0.0219800000000001,,,,
2020-05-26 15:30:00+00:00,-0.02198,,,,
2020-05-27 22:30:00+00:00,,,-0.0058261512077448,,
2020-05-28 12:00:00+00:00,0.0179799999999998,,,,
2020-05-29 08:30:00+00:00,,,0.002449879184704,,
2020-05-30 22:30:00+00:00,0.0179800000000001,0.0557286037195408,,,
2020-05-31 04:00:00+00:00,-0.02198,,,,
2020-05-31 23:00:00+00:00,,,,0.022949521886683,
2020-06-02 14:30:00+00:00,,,,0.026655220067471,
2020-06-02 15:00:00+00:00,-0.0219800000000001,-0.0564407608292271,-0.0519937751314567,,
2020-06-04 13:00:00+00:00,0.0179800000000001,,,,
2020-06-05 08:00:00+00:00,-0.02198,,,,
2020-06-05 23:30:00+00:00,-0.02198,,,,
2020-06-10 18:30:00+00:00,0.0179800000000001,,,,
2020-06-11 06:30:00+00:00,,,-0.0066258215195231,,
2020-06-11 12:30:00+00:00,,,,-0.0105161072181882,
2020-06-15 01:30:00+00:00,-0.02198,,,,
2020-06-16 15:00:00+00:00,,,-5.73818013471783e-06,,
2020-06-17 19:30:00+00:00,,,,-0.0206041664262599,
2020-06-17 20:00:00+00:00,-0.0219799999999998,,,,
2020-06-26 14:00:00+00:00,,-0.0277231159916999,,,
2020-06-30 21:00:00+00:00,,-0.0051730556200023,,,
2020-07-02 00:00:00+00:00,,,-0.0077034991922455,,
2020-07-02 15:00:00+00:00,,,,-0.0141008538013325,-0.014100853801332525
2020-07-06 18:30:00+00:00,,0.0100297780360865,,,
2020-07-07 04:00:00+00:00,,,-0.0030134916421459,,
2020-07-09 04:00:00+00:00,,0.0020399391476826,,,
2020-07-09 14:30:00+00:00,,,,0.007580208778521,0.007580208778521058
2020-07-21 22:30:00+00:00,,0.0058702190976687,,,
2020-07-22 02:00:00+00:00,,,0.0031798331776755,,
2020-07-22 07:30:00+00:00,,,,0.0049022857666725,0.0049022857666725095
2020-07-22 22:30:00+00:00,0.02797,,,,
2020-07-24 07:00:00+00:00,,-0.0158467500340399,,,
2020-07-26 12:30:00+00:00,,,,0.0138047836096766,
2020-07-26 20:00:00+00:00,,0.014578029768314,,,
2020-07-26 20:30:00+00:00,,,-0.0149648181079387,,
2020-07-27 16:30:00+00:00,,0.0224224126521042,,,
2020-07-28 06:00:00+00:00,,,0.0635636603424067,,
2020-07-28 10:00:00+00:00,,,,0.0449323747729859,
2020-07-28 14:00:00+00:00,,0.036731229040873,,,
2020-07-28 17:30:00+00:00,0.1162268169610818,,,,
2020-07-31 20:00:00+00:00,0.02797,,,,
2020-08-01 08:30:00+00:00,,0.0256753528890403,,,
2020-08-01 15:00:00+00:00,,,-0.0111467637808593,,
2020-08-02 04:30:00+00:00,,-0.0309546686296824,,0.0111534563489763,
2020-08-02 05:00:00+00:00,,,-0.0710278000926669,,
2020-08-02 11:00:00+00:00,-0.03197,,,,
2020-08-03 22:00:00+00:00,,,-0.0229604744120371,,
2020-08-06 03:30:00+00:00,,,0.0192720536669583,,
2020-08-06 13:00:00+00:00,0.0463016232840078,,,,
2020-08-07 14:00:00+00:00,-0.03197,,,0.0010055849125134,
2020-08-09 10:00:00+00:00,,0.0053287161951807,,,
2020-08-10 10:00:00+00:00,,,,-0.0218143915235451,
2020-08-10 10:30:00+00:00,,-0.0370238455298395,-0.0381769395497174,,
2020-08-11 16:00:00+00:00,-0.0319699999999999,,,,
2020-08-13 09:00:00+00:00,,-0.028856376372167,,,
2020-08-14 07:30:00+00:00,,,-0.0041477348606241,,
2020-08-15 00:00:00+00:00,0.02797,,,,
2020-08-15 00:30:00+00:00,,0.0250094406773175,,,
2020-08-18 05:00:00+00:00,,,0.0032730141348238,,
2020-08-18 13:30:00+00:00,,,,0.0158450560591523,
2020-08-18 14:30:00+00:00,,-0.025391541592961,,,
2020-08-19 04:00:00+00:00,-0.03197,,,,
2020-08-25 06:00:00+00:00,,-0.0155173365193568,,,
2020-08-25 07:00:00+00:00,,,,-0.0218011200728748,-0.021801120072874824
2020-08-25 07:30:00+00:00,,,-0.0188383077440208,,
2020-08-25 17:00:00+00:00,-0.03197,,,,
2020-08-27 17:30:00+00:00,-0.03197,,,,
2020-09-01 00:00:00+00:00,,,,-0.0069106681469108,-0.006910668146910881
2020-09-01 05:30:00+00:00,0.02797,,,,
2020-09-02 07:30:00+00:00,,,,-0.0089761706665054,-0.008976170666505467
2020-09-02 08:00:00+00:00,,-0.0193966161882628,,,
2020-09-02 11:00:00+00:00,-0.0319699999999999,,0.0021045415506337,,
2020-09-05 11:30:00+00:00,-0.03197,,,,
2020-09-05 18:30:00+00:00,-0.0319700000000001,,,,
2020-09-07 12:00:00+00:00,-0.03197,,,,
2020-09-08 09:30:00+00:00,-0.03197,,,,
2020-09-10 20:00:00+00:00,0.02797,,,,
2020-09-13 11:30:00+00:00,,-0.0185205737988181,,-0.0107575682317001,-0.010757568231700154
2020-09-13 16:30:00+00:00,,,-0.0119636256966852,,
2020-09-15 10:30:00+00:00,,0.0211655572707318,,,
2020-09-15 16:30:00+00:00,0.0383297344480437,,,,
2020-09-19 11:30:00+00:00,0.02797,,,,
2020-09-20 03:00:00+00:00,,,,0.0288396584040113,0.02883965840401137
2020-09-20 12:30:00+00:00,,,0.021211027689181,,
2020-09-20 13:00:00+00:00,-0.03197,,,,
2020-09-23 20:30:00+00:00,-0.03197,,,,
2020-09-24 15:30:00+00:00,0.0179800000000001,,,,
2020-09-26 05:30:00+00:00,,0.0220568376919321,,,
2020-09-26 06:00:00+00:00,0.0179800000000001,,,,
2020-09-27 13:00:00+00:00,,,0.0041380780487896,,
2020-09-28 23:00:00+00:00,,-0.0145938687837605,,0.009783714964918,
2020-09-29 03:00:00+00:00,,,-0.0217797655999978,,
2020-10-01 16:30:00+00:00,-0.03197,,,,
2020-10-01 17:30:00+00:00,,,-0.0354430248101683,,
2020-10-05 06:00:00+00:00,,-0.0096062774558129,,,
2020-10-06 18:30:00+00:00,,,,-0.0070121224010344,
2020-10-06 20:00:00+00:00,,,-0.0096391618737214,,
2020-10-08 19:00:00+00:00,0.0229702197712053,,,,
2020-10-10 02:00:00+00:00,0.0179799999999998,0.0236405490435644,,,
2020-10-11 21:00:00+00:00,,,,0.0383337828832519,
2020-10-12 21:00:00+00:00,0.0179800000000001,,,,
2020-10-13 00:30:00+00:00,,-0.0170984351580968,,,
2020-10-13 03:00:00+00:00,,,,-0.0083597383247342,
2020-10-13 18:30:00+00:00,,,0.0438014684285115,,
2020-10-14 15:30:00+00:00,-0.03197,,,,
2020-10-16 07:30:00+00:00,,,-0.016260055193726,,
2020-10-19 13:00:00+00:00,0.0179799999999998,,,,
2020-10-20 11:00:00+00:00,0.0179799999999998,0.0158718344299735,,,
2020-10-21 07:30:00+00:00,0.0258121397858526,,,,
2020-10-25 07:00:00+00:00,,,-0.0099862184256424,,
2020-10-28 02:00:00+00:00,,0.0212693312728009,,,
2020-10-28 10:00:00+00:00,,,0.0146455087457904,,
2020-10-28 11:00:00+00:00,,-0.0231323544156993,,,
2020-10-28 11:30:00+00:00,0.0305555460677995,,,,
2020-10-28 12:00:00+00:00,,,,-0.0064570052176539,
2020-10-30 05:30:00+00:00,,,-0.0169914863826291,,
2020-10-31 01:00:00+00:00,0.02797,,,,
2020-11-02 08:30:00+00:00,,,,-0.0102367767405482,
2020-11-02 12:30:00+00:00,-0.03197,,,,
2020-11-04 02:30:00+00:00,,-0.0255915328463298,,,
2020-11-04 15:00:00+00:00,0.02797,,,,
2020-11-06 04:00:00+00:00,,0.0424354470802919,,,
2020-11-06 16:00:00+00:00,,,0.0729320734026359,,
2020-11-06 20:00:00+00:00,,-0.0329753592763143,,,
2020-11-06 23:00:00+00:00,0.1201180509883215,,,,
2020-11-07 16:00:00+00:00,,,,0.0862853450516398,
2020-11-07 18:30:00+00:00,-0.0319699999999999,,,,
2020-11-09 08:00:00+00:00,,,-0.0052676466392982,,
2020-11-09 15:00:00+00:00,,,,-0.0534024698738155,
2020-11-09 16:00:00+00:00,-0.0319699999999999,,,,
2020-11-12 00:00:00+00:00,,-0.0224422313398403,,,
2020-11-12 01:30:00+00:00,,,-0.0009709398021381,,
2020-11-12 18:00:00+00:00,0.032839140476212,,,,
2020-11-13 11:30:00+00:00,,,-0.015828942463674,,
2020-11-14 09:30:00+00:00,,,,-0.0033348957542355,
2020-11-16 22:00:00+00:00,,0.0260258284882468,,,
2020-11-17 14:30:00+00:00,,0.0236969535505104,,,
2020-11-18 01:00:00+00:00,,0.0271985506521366,,,
2020-11-18 05:30:00+00:00,,0.0307472625796905,,0.0703533158693296,
2020-11-18 15:00:00+00:00,,,0.0872224286515088,,
2020-11-18 18:00:00+00:00,0.1154773575712142,,,,
2020-11-21 12:00:00+00:00,,,,-0.0055257186422716,
2020-11-22 10:30:00+00:00,-0.0319699999999999,,,,
2020-11-24 11:30:00+00:00,0.0364298849174937,,,,
2020-11-25 03:30:00+00:00,,,,-0.01005233943102,
2020-11-25 16:30:00+00:00,,,,-0.0298682534022308,
2020-11-25 23:00:00+00:00,-0.0319700000000001,,,,
2020-11-26 03:00:00+00:00,-0.0319700000000001,-0.0566932650913426,-0.0215360813811175,,-0.05669326509134265
2020-11-26 07:30:00+00:00,-0.0319700000000001,,,,
2020-11-26 14:00:00+00:00,-0.0319699999999999,,,,
2020-11-26 17:00:00+00:00,-0.03197,,,,
2020-11-27 00:30:00+00:00,0.02797,,,,
2020-11-27 08:00:00+00:00,-0.0319699999999999,,,,
2020-11-28 18:30:00+00:00,0.0508070890904175,,,,
2020-11-29 21:00:00+00:00,0.02797,,,,
2020-11-30 15:30:00+00:00,,,,-0.0142326365102032,
2020-11-30 17:00:00+00:00,0.0481230283687323,,,,
2020-12-01 04:00:00+00:00,,0.0707775793240836,,,0.07077757932408368
2020-12-01 12:00:00+00:00,-0.03197,,,-0.0356457598364855,
2020-12-01 13:00:00+00:00,,-0.0647829489026931,,,-0.0647829489026931
2020-12-03 10:30:00+00:00,0.02797,,,,
2020-12-04 11:30:00+00:00,-0.03197,,,,
2020-12-04 22:30:00+00:00,,,0.0583306575946815,,
2020-12-08 11:00:00+00:00,,,-0.0297394611486669,,
2020-12-08 22:30:00+00:00,-0.03197,,,,
2020-12-09 08:30:00+00:00,-0.0319699999999999,,,,
2020-12-12 18:00:00+00:00,0.02797,,,,
2020-12-13 10:00:00+00:00,0.0283076049178274,,,,
2020-12-15 01:30:00+00:00,,0.0528315329843165,,,0.05283153298431653
2020-12-16 13:00:00+00:00,0.02797,,,,
2020-12-16 17:30:00+00:00,0.0379173062964317,,,,
2020-12-17 01:00:00+00:00,0.02797,,,,
2020-12-17 09:30:00+00:00,,,,0.171742059402568,
2020-12-17 10:30:00+00:00,0.0347931677018633,,,,
2020-12-17 19:00:00+00:00,0.02797,,,,
2020-12-17 22:00:00+00:00,,0.1191866098120897,,,0.11918660981208973
2020-12-19 18:30:00+00:00,0.0369126040085321,,,,
2020-12-20 00:00:00+00:00,-0.0319699999999999,,,-0.0211544688920598,
2020-12-21 09:30:00+00:00,-0.02198,,,,
2020-12-23 11:30:00+00:00,-0.02198,,,,
2020-12-23 15:30:00+00:00,-0.02198,,,,
2020-12-24 03:30:00+00:00,,,-0.0375479356751824,,
2020-12-26 12:00:00+00:00,0.052460228249834,,,,
2020-12-27 11:30:00+00:00,,,,0.1003944676692334,
2020-12-27 21:00:00+00:00,0.0512897711157693,,,,
2020-12-28 08:00:00+00:00,-0.02198,,,,
2020-12-29 04:00:00+00:00,-0.02198,,,,
2020-12-30 00:00:00+00:00,,0.0467151282052968,,,0.046715128205296885
2020-12-31 07:00:00+00:00,0.038125804885486,,,,
2020-12-31 13:30:00+00:00,-0.0302245460069275,,,,
2021-01-01 01:00:00+00:00,0.02797,,,,
2021-01-01 18:30:00+00:00,-0.02198,,,,
2021-01-02 20:30:00+00:00,,,,0.096754416492703,
2021-01-03 14:00:00+00:00,,0.0512303650342043,,,0.051230365034204306
2021-01-03 17:00:00+00:00,0.0975167583665639,,,,
2021-01-04 00:30:00+00:00,-0.0289101230463063,,,,
2021-01-04 07:00:00+00:00,-0.0219799999999998,,,-0.0430742619968053,
2021-01-04 10:30:00+00:00,,,0.2175104965199006,,
2021-01-05 16:00:00+00:00,0.02797,,,,
2021-01-07 12:00:00+00:00,,0.0780925500534766,,,0.0780925500534766
2021-01-08 03:00:00+00:00,0.1419847460725105,,,,
2021-01-08 06:00:00+00:00,-0.0219799999999998,,,,
2021-01-08 21:00:00+00:00,0.02797,,,,
2021-01-09 06:30:00+00:00,-0.0386637142684331,,,,
2021-01-09 14:00:00+00:00,0.02797,,,,
2021-01-10 11:00:00+00:00,-0.02198,,,,
2021-01-10 17:00:00+00:00,,,,0.1027364348296344,
2021-01-10 18:00:00+00:00,,,0.1536332166016485,,
2021-01-12 10:00:00+00:00,-0.0219799999999998,,,,
2021-01-12 12:30:00+00:00,-0.02198,,,,
2021-01-12 14:00:00+00:00,-0.0512741270660921,,,,
2021-01-12 22:30:00+00:00,-0.0219800000000001,,,,
2021-01-13 18:30:00+00:00,0.02797,,,,
2021-01-15 06:00:00+00:00,0.0538957562967945,,,,
2021-01-15 15:30:00+00:00,,,,-0.051202254269772,
2021-01-15 16:30:00+00:00,,,-0.0365917270137097,,
2021-01-16 19:30:00+00:00,-0.0327578784767876,,,,
2021-01-16 22:00:00+00:00,-0.0219800000000001,,,,
2021-01-19 07:30:00+00:00,0.02797,,,,
2021-01-21 08:30:00+00:00,-0.0319699999999999,,,,
2021-01-23 02:30:00+00:00,0.0251703662272058,,,,
2021-01-23 05:30:00+00:00,0.0179799999999998,,,,
2021-01-23 09:30:00+00:00,-0.03197,,,,
2021-01-24 19:30:00+00:00,-0.03197,,,,
2021-01-25 20:00:00+00:00,0.0236500310819749,,,,
2021-01-25 22:00:00+00:00,,-0.0732270890967414,,,-0.07322708909674147
2021-01-26 04:00:00+00:00,,,-0.0599139521559928,,
2021-01-26 12:30:00+00:00,-0.03197,,,,
2021-01-26 22:30:00+00:00,0.0179799999999998,,,,
2021-01-27 04:00:00+00:00,-0.03197,,,,
2021-01-27 09:00:00+00:00,-0.03197,,,-0.0603311911064426,
2021-01-27 22:30:00+00:00,-0.0319699999999999,,,,
2021-01-28 10:30:00+00:00,0.0179800000000001,,,,
2021-01-29 07:00:00+00:00,0.0295162721588146,,,,
2021-01-29 09:00:00+00:00,,0.1258634509884288,,,0.12586345098842888
2021-01-29 21:00:00+00:00,-0.0474670067984016,,,,
2021-01-31 02:00:00+00:00,,,,0.0628268524345105,
2021-01-31 10:00:00+00:00,-0.03197,,,,
2021-01-31 17:30:00+00:00,,,0.0071396786572404,,
2021-02-02 06:30:00+00:00,0.0179800000000001,,,,
2021-02-03 09:30:00+00:00,0.0420273547084546,,,,
2021-02-03 13:00:00+00:00,0.0179800000000001,,,,
2021-02-04 09:30:00+00:00,0.0179800000000001,,,,
2021-02-04 15:00:00+00:00,-0.0319699999999999,,,,
2021-02-06 22:00:00+00:00,0.0621574423635031,,,,
2021-02-06 23:30:00+00:00,-0.03197,,,,
2021-02-07 16:30:00+00:00,,,0.0687258342733541,,
2021-02-09 11:30:00+00:00,0.202934542190792,,,,
2021-02-09 13:30:00+00:00,,0.2306729734243062,,,0.23067297342430626
2021-02-10 12:30:00+00:00,-0.0319699999999999,,,,
2021-02-11 09:30:00+00:00,0.0179800000000001,,,,
2021-02-12 01:30:00+00:00,0.0542402930662151,,,,
2021-02-12 04:00:00+00:00,-0.03197,,,,
2021-02-14 18:00:00+00:00,0.0275469898683933,,,,
2021-02-15 05:30:00+00:00,,,0.0559615455919779,,
2021-02-16 07:30:00+00:00,0.0179800000000001,,,,
2021-02-17 23:00:00+00:00,,0.0920802877372033,,,0.09208028773720334
2021-02-18 07:30:00+00:00,0.0436569015545622,,,,
2021-02-20 08:00:00+00:00,0.0605023562649509,,,,
2021-02-20 15:00:00+00:00,0.0179800000000001,,,,
2021-02-21 22:30:00+00:00,0.0179799999999998,,,,
2021-02-22 09:30:00+00:00,,,,-0.0517094525887202,
2021-02-23 04:30:00+00:00,-0.03197,,,,
2021-02-24 01:00:00+00:00,0.0179800000000001,,,,
2021-02-25 00:00:00+00:00,0.0179800000000001,,,,
2021-02-25 17:30:00+00:00,-0.0319699999999999,,,,
2021-02-26 00:30:00+00:00,,,,-0.1060974059564239,
2021-02-26 22:00:00+00:00,-0.03197,,,,
2021-02-27 22:30:00+00:00,-0.0319699999999999,,,,
2021-03-02 03:30:00+00:00,0.0582831149042502,,,,
2021-03-02 14:00:00+00:00,0.0179799999999998,,,,
2021-03-03 20:30:00+00:00,0.033261813290244,,,,
2021-03-04 03:30:00+00:00,-0.0319699999999999,,,,
2021-03-04 09:00:00+00:00,,,,0.0489599242257159,
2021-03-04 18:00:00+00:00,-0.03197,,,,
2021-03-04 19:30:00+00:00,,,0.0143253835312564,,
2021-03-06 04:00:00+00:00,0.0279452753968745,,,,
2021-03-07 20:30:00+00:00,0.0263611869327871,,,,
2021-03-08 08:00:00+00:00,-0.0319699999999999,,,,
2021-03-09 01:30:00+00:00,,0.1045111604589192,,,0.10451116045891928
2021-03-09 16:00:00+00:00,0.0592609695446559,,,,
2021-03-10 12:00:00+00:00,0.0179799999999998,,,,
2021-03-11 08:00:00+00:00,-0.03197,,,,
2021-03-11 18:30:00+00:00,,0.0709899413561616,,,0.07098994135616166
2021-03-12 16:00:00+00:00,0.0179800000000001,,,,
2021-03-14 08:00:00+00:00,0.048631277930135,,,,
2021-03-15 06:30:00+00:00,-0.03197,,,,
2021-03-15 07:00:00+00:00,,,,0.1856852632779662,
2021-03-15 09:00:00+00:00,,,0.1639347543126343,,
2021-03-15 09:30:00+00:00,,-0.0765035063915944,,,-0.07650350639159442
2021-03-16 00:00:00+00:00,-0.0319699999999999,,,,
2021-03-17 18:00:00+00:00,0.0179800000000001,,,,
2021-03-18 09:30:00+00:00,0.0277984750617346,,,,
2021-03-18 19:30:00+00:00,-0.0319699999999999,,,,
2021-03-22 10:00:00+00:00,0.0179800000000001,,,,
2021-03-22 16:30:00+00:00,-0.0319699999999999,,,,
2021-03-22 20:00:00+00:00,,,,-0.0378423162869626,
2021-03-24 20:00:00+00:00,,,-0.0337984628577008,-0.0293862000607968,
2021-03-24 20:30:00+00:00,-0.03197,,,,
2021-03-25 12:00:00+00:00,-0.03197,,,,
2021-03-26 20:00:00+00:00,0.0347435682976855,,,,
2021-03-27 15:00:00+00:00,0.0179800000000001,,,,
2021-03-28 21:30:00+00:00,,,0.0060632954278929,,
2021-03-29 21:00:00+00:00,0.0290751814639955,,,,
2021-03-31 06:00:00+00:00,0.0179799999999998,,,,
2021-03-31 07:30:00+00:00,,,,0.0918974053971801,
2021-03-31 08:00:00+00:00,-0.0319699999999999,,,,
2021-03-31 11:30:00+00:00,,,0.0120857762301069,,
2021-04-02 02:30:00+00:00,,0.0848467020292713,,,0.08484670202927136
2021-04-02 20:30:00+00:00,,,-0.0110938762756985,,
2021-04-03 17:00:00+00:00,,,,-0.0172076503462462,
2021-04-03 22:00:00+00:00,-0.0319699999999999,,,,
2021-04-06 03:00:00+00:00,0.0179800000000001,,,,
2021-04-06 14:00:00+00:00,,,,-0.0074582387812132,
2021-04-06 14:30:00+00:00,,,-0.0243361640121991,,
2021-04-07 10:30:00+00:00,,-0.0370246872196827,,,-0.03702468721968277
2021-04-07 11:30:00+00:00,,,,-0.0422302825545448,
2021-04-09 02:30:00+00:00,0.0179800000000001,,,,
2021-04-10 16:30:00+00:00,0.0351350703466084,,,,
2021-04-10 20:30:00+00:00,,,,0.0377976204704635,
2021-04-13 08:00:00+00:00,,0.0435861208645798,,,0.0435861208645798
2021-04-13 22:00:00+00:00,0.0493904696420566,,,,
2021-04-14 18:00:00+00:00,,,,0.022097931929534,
2021-04-14 19:30:00+00:00,,,0.0651565098793409,,
2021-04-16 06:00:00+00:00,-0.03197,,,-0.0342070908604953,
2021-04-17 16:00:00+00:00,-0.03197,-0.0493157016430335,,-0.0314639485780937,-0.04931570164303356
2021-04-19 10:30:00+00:00,0.0179799999999998,,,,
2021-04-19 14:30:00+00:00,-0.03197,,,,
2021-04-21 11:00:00+00:00,-0.03197,,,,-0.031970000000000054
2021-04-21 22:00:00+00:00,-0.03197,,,-0.0474726399628964,-0.031970000000000054
2021-04-22 18:00:00+00:00,-0.03197,,,,-0.031970000000000054
2021-04-22 20:30:00+00:00,,,,-0.0627711192327566,
2021-04-25 20:30:00+00:00,-0.03197,,,-0.0387747087622724,-0.031970000000000054
2021-04-26 22:00:00+00:00,0.0630210222832969,,,,0.06302102228329698
2021-04-27 06:00:00+00:00,0.0179800000000001,,,,0.017980000000000107
2021-04-29 04:30:00+00:00,,,,0.057547169490097,
2021-04-29 05:00:00+00:00,,,0.0292536592221794,,
2021-04-29 16:30:00+00:00,-0.03197,,,,-0.031970000000000054
2021-05-01 10:30:00+00:00,0.0593689168899169,,,,0.05936891688991697
2021-05-02 04:00:00+00:00,,,,0.0438107322359238,
2021-05-02 08:30:00+00:00,,,0.0032250538540303,,
2021-05-03 07:30:00+00:00,,0.0943556468294897,,,
2021-05-03 14:00:00+00:00,0.0179800000000001,,,,0.017980000000000107
2021-05-03 20:30:00+00:00,,,,-0.0132917882990756,
2021-05-03 21:00:00+00:00,,,-0.0256171292933061,,
2021-05-04 00:30:00+00:00,,-0.0423927160274241,,,
2021-05-04 15:00:00+00:00,-0.03197,,,,-0.031970000000000054
2021-05-06 03:00:00+00:00,0.0348326417035147,,,,0.034832641703514744
2021-05-06 18:30:00+00:00,-0.0319699999999999,,,,-0.03196999999999994
2021-05-06 19:30:00+00:00,,,-0.03626516221056,,
2021-05-07 12:30:00+00:00,0.0179800000000001,,,,0.017980000000000107
2021-05-08 21:00:00+00:00,0.0236627687751689,,,,0.02366276877516893
2021-05-09 10:30:00+00:00,,,0.0017970484030025,,
2021-05-09 12:00:00+00:00,-0.03197,,,,-0.031970000000000054
2021-05-09 12:30:00+00:00,,,,0.0131843734659722,
2021-05-10 11:30:00+00:00,,,-0.02814971385324,,
2021-05-10 18:00:00+00:00,,,,-0.0298274506847007,
2021-05-10 19:30:00+00:00,-0.0319699999999999,,,,-0.03196999999999994
2021-05-10 20:00:00+00:00,,-0.0715358007796562,,,
2021-05-12 16:00:00+00:00,,,,-0.0224540728264738,
2021-05-12 18:00:00+00:00,-0.03197,,,,-0.031970000000000054
2021-05-13 16:30:00+00:00,-0.03197,,,,-0.031970000000000054
2021-05-14 13:30:00+00:00,0.0179800000000001,,,,0.017980000000000107
2021-05-14 20:30:00+00:00,-0.03197,,,,-0.031970000000000054
2021-05-15 10:00:00+00:00,,,,-0.0504767611349616,
2021-05-15 23:30:00+00:00,-0.03197,,,,-0.031970000000000054
2021-05-16 17:00:00+00:00,-0.03197,,,-0.058784325026523,-0.031970000000000054
2021-05-17 16:30:00+00:00,-0.0372565261273368,,,,-0.037256526127336875
2021-05-18 12:30:00+00:00,-0.03197,,,,-0.031970000000000054
2021-05-19 01:00:00+00:00,,,,-0.0869225578789453,
2021-05-19 18:00:00+00:00,-0.03197,,,,-0.031970000000000054
2021-05-20 17:00:00+00:00,-0.03197,,,,
2021-05-20 20:00:00+00:00,0.0179799999999998,,,,
2021-05-21 00:30:00+00:00,0.0179800000000001,,,,
2021-05-21 09:30:00+00:00,0.0179800000000001,,,,
2021-05-21 14:00:00+00:00,-0.0319699999999999,,,,
2021-05-22 23:00:00+00:00,0.0353322478462134,,,,
2021-05-23 13:30:00+00:00,,-0.2306521391906418,,,
2021-05-25 08:00:00+00:00,0.092270934197886,,,,
2021-05-25 13:00:00+00:00,,,-0.0278322992222319,,-0.02783229922223196
2021-05-26 14:00:00+00:00,0.0179800000000001,,,,
2021-05-27 02:00:00+00:00,,,-0.0452059087017319,,-0.04520590870173191
2021-05-27 23:30:00+00:00,,,-0.0318203495599881,,-0.03182034955998814
2021-05-28 00:30:00+00:00,-0.03197,,,,
2021-05-28 06:00:00+00:00,,,,-0.0596842361988066,
2021-05-29 00:30:00+00:00,0.0179800000000001,,,,
2021-05-29 01:00:00+00:00,,-0.0282237258269542,,,
2021-05-29 05:00:00+00:00,0.0179800000000001,,,,
2021-05-29 08:30:00+00:00,-0.0377989334762185,,,,
2021-05-29 11:00:00+00:00,-0.0319699999999999,,,,
2021-05-30 20:00:00+00:00,0.0355653625683884,,,,
2021-05-31 00:30:00+00:00,-0.03197,,,,
2021-05-31 23:00:00+00:00,0.0179800000000001,,,,
2021-06-01 08:00:00+00:00,-0.0319699999999999,,,,
2021-06-01 17:00:00+00:00,,,-0.0319248308517714,,-0.031924830851771446
2021-06-03 00:30:00+00:00,0.0311633208475905,,,,
2021-06-03 05:00:00+00:00,0.0179800000000001,,,,
2021-06-03 23:00:00+00:00,0.0179799999999998,,,,
2021-06-04 01:00:00+00:00,-0.0319699999999999,,,,
2021-06-04 04:30:00+00:00,,,0.0058994256072251,,0.005899425607225117
2021-06-04 05:00:00+00:00,,,,-0.0061315458662839,
2021-06-05 11:30:00+00:00,-0.0319699999999999,,,,
2021-06-07 20:30:00+00:00,-0.0319699999999999,,,,
2021-06-09 02:00:00+00:00,-0.0342755607413349,,,,
2021-06-10 05:30:00+00:00,0.1236888086189837,,,,
2021-06-10 09:30:00+00:00,0.0179799999999998,,,,
2021-06-10 17:00:00+00:00,-0.0319699999999999,,,,
2021-06-11 20:00:00+00:00,0.0179800000000001,,,,
2021-06-12 01:30:00+00:00,-0.0319699999999999,,,,
2021-06-12 02:30:00+00:00,,,0.0219006422775434,,0.021900642277543403
2021-06-12 10:00:00+00:00,,,,-0.0585603719085484,
2021-06-13 20:00:00+00:00,,0.0759529047011147,,,
2021-06-14 09:00:00+00:00,0.0960341427202471,,,,
2021-06-15 01:30:00+00:00,0.023767319132653,,,,
2021-06-16 11:00:00+00:00,-0.03197,,,,
2021-06-16 12:00:00+00:00,,,0.0487371011651964,,0.04873710116519647
2021-06-16 15:00:00+00:00,,,,0.0250050119607183,
2021-06-17 17:00:00+00:00,-0.03197,,,,
2021-06-18 05:30:00+00:00,,-0.0350380201370752,,,
2021-06-20 10:00:00+00:00,-0.0319699999999999,,,,
2021-06-20 19:30:00+00:00,,0.0196043101340508,,,
2021-06-21 02:30:00+00:00,,-0.0303435995502542,,,
2021-06-21 04:30:00+00:00,-0.051264433487009,,,,
2021-06-22 08:30:00+00:00,-0.0319699999999999,,,,
2021-06-22 09:00:00+00:00,,-0.0466125576279345,,,
2021-06-22 12:00:00+00:00,-0.0319699999999999,,,,
2021-06-23 00:30:00+00:00,,0.038339122366704,,,
2021-06-23 14:00:00+00:00,0.035858348117906,,,,
2021-06-23 18:00:00+00:00,-0.0319700000000001,,,,
2021-06-25 05:30:00+00:00,0.0313675603260517,,,,
2021-06-25 12:30:00+00:00,,,,-0.0560207200627568,
2021-06-25 14:00:00+00:00,,,-0.0279526526637655,,
2021-06-26 07:00:00+00:00,-0.03197,,,,
2021-06-26 13:30:00+00:00,-0.0319699999999999,,,,
2021-06-26 14:00:00+00:00,,-0.0369492474395627,,,
2021-06-27 14:30:00+00:00,0.0401856590410902,,,,
2021-06-27 19:30:00+00:00,,-0.0072922708206687,,,
2021-06-28 10:30:00+00:00,0.0245538505566207,,,,
2021-06-28 17:00:00+00:00,,0.0048302669446773,,,
2021-06-30 01:00:00+00:00,0.0239523036615976,,,,
2021-06-30 08:30:00+00:00,,,,-0.0129574025295529,
2021-06-30 16:00:00+00:00,,,0.0295838090385038,,
2021-07-01 06:30:00+00:00,-0.03197,,,,
2021-07-03 22:00:00+00:00,0.029056559137089,,,,
2021-07-04 02:00:00+00:00,,-0.0034953351538412,,,
2021-07-04 07:30:00+00:00,,0.0119589354679128,,,
2021-07-04 19:00:00+00:00,0.0190672746355349,,,,
2021-07-05 00:00:00+00:00,-0.03197,-0.0205183911483084,,,
2021-07-05 01:00:00+00:00,,,,-0.0087134187170918,
2021-07-05 05:00:00+00:00,,,-0.0092473025453938,,
2021-07-06 10:00:00+00:00,,-0.0246377467663573,,,
2021-07-07 17:30:00+00:00,0.0179800000000001,,,,
2021-07-08 00:30:00+00:00,,,-0.0478007932939591,,
2021-07-09 22:30:00+00:00,,0.0132232405652763,,,
2021-07-10 05:00:00+00:00,0.0179799999999998,,,,
2021-07-12 10:00:00+00:00,,-0.0174330838443491,,,
2021-07-12 12:30:00+00:00,,,,-0.0267249526067938,
2021-07-12 14:30:00+00:00,,,-0.0161369327984963,,
2021-07-13 12:30:00+00:00,-0.03197,,,,
2021-07-15 12:00:00+00:00,-0.03197,,,,
2021-07-16 23:30:00+00:00,,-0.017609138116611,,,
2021-07-18 10:00:00+00:00,,-0.0199945654486162,,,
2021-07-21 04:00:00+00:00,0.0179799999999998,,,,
2021-07-21 16:30:00+00:00,,0.0286894577352532,,,
2021-07-22 03:00:00+00:00,0.0367229807815219,,,,
2021-07-24 14:30:00+00:00,0.0534134569188107,,,,
2021-07-24 17:00:00+00:00,,0.0213388653370245,,,
2021-07-25 05:00:00+00:00,0.0179800000000001,,,,
2021-07-26 13:00:00+00:00,,0.0793530117970036,,,
2021-07-26 14:00:00+00:00,0.109581079509111,,,,
2021-07-26 20:30:00+00:00,,,,0.1668927757118947,
2021-07-26 21:30:00+00:00,-0.0319699999999999,,,,
2021-07-28 14:00:00+00:00,0.0589451974406185,,,,
2021-07-28 17:30:00+00:00,-0.03197,,,,
2021-07-29 01:00:00+00:00,-0.03197,,,,
2021-07-30 08:30:00+00:00,-0.0319699999999999,,,-0.0380157099876451,
2021-07-30 12:00:00+00:00,,,0.2518895600729967,,
2021-07-31 12:00:00+00:00,0.0318765583366209,,,,
2021-08-01 03:00:00+00:00,,0.0282524058796851,,,
2021-08-01 16:00:00+00:00,,,,-0.0061374054649608,
2021-08-01 19:00:00+00:00,-0.0319699999999999,,,,
2021-08-01 23:30:00+00:00,,,-0.0296086545709524,,
2021-08-05 01:30:00+00:00,0.0179800000000001,,,,
2021-08-05 08:30:00+00:00,,-0.0269291213455961,,,
2021-08-05 09:00:00+00:00,-0.03197,,,,
2021-08-05 10:00:00+00:00,,,-0.0354916272865853,,
2021-08-06 01:00:00+00:00,,-0.0331656826060843,,,
2021-08-06 05:30:00+00:00,0.0179799999999998,,,,
2021-08-06 15:00:00+00:00,,0.0305178285709781,,,
2021-08-07 14:00:00+00:00,0.051957150650292,,,,
2021-08-08 00:30:00+00:00,0.0179800000000001,,,,
2021-08-09 00:00:00+00:00,-0.03197,,,,
2021-08-10 01:30:00+00:00,0.0263139791815161,,,,
2021-08-10 16:30:00+00:00,-0.0319699999999999,,,,
2021-08-11 20:00:00+00:00,0.0179800000000001,,,,
2021-08-11 23:00:00+00:00,,-0.0071985062623882,,,
2021-08-12 05:00:00+00:00,-0.03197,,,,
2021-08-12 11:30:00+00:00,,,,0.1155076135946855,
2021-08-12 12:00:00+00:00,,,0.0972830333849215,,
2021-08-13 19:30:00+00:00,0.0307059319329807,,,,
2021-08-13 20:00:00+00:00,,0.0242883097251358,,,
2021-08-14 08:30:00+00:00,0.0234122197096591,,,,
2021-08-14 10:30:00+00:00,,,,-0.013036288655055,
2021-08-15 07:30:00+00:00,-0.0319699999999999,,,,
2021-08-15 09:00:00+00:00,,,-0.0138813557344533,,
2021-08-16 10:30:00+00:00,0.0184138679958056,,,,
2021-08-16 13:30:00+00:00,,-0.0272936479168524,,,
2021-08-16 14:30:00+00:00,-0.03197,,,,
2021-08-16 20:30:00+00:00,,,-0.0389206605508294,,
2021-08-17 20:00:00+00:00,-0.03197,,,,
2021-08-19 18:00:00+00:00,0.0179800000000001,,,,
2021-08-19 23:00:00+00:00,,0.024725059395213,,,
2021-08-20 13:00:00+00:00,0.0179800000000001,,,,
2021-08-21 16:00:00+00:00,0.0179799999999998,,,,
2021-08-22 15:30:00+00:00,,-0.0054045884575489,,,
2021-08-23 04:30:00+00:00,0.0179800000000001,,,,
2021-08-24 01:00:00+00:00,,-0.0172174056537547,,,
2021-08-24 13:00:00+00:00,,,,0.0329906764143794,
2021-08-24 15:00:00+00:00,,,0.0446391763183435,,
2021-08-26 03:00:00+00:00,-0.01199,-0.0158733092632731,,,
2021-08-26 05:30:00+00:00,,,-0.0403625044737383,,
2021-08-28 00:30:00+00:00,0.0179800000000001,,,,
2021-08-29 04:00:00+00:00,,,,-0.0290685606110115,
2021-08-30 05:30:00+00:00,,,-0.007258955734215,,
2021-09-01 19:30:00+00:00,,-0.0152897232511116,,,
2021-09-02 01:30:00+00:00,0.0179800000000001,,,,
2021-09-02 15:00:00+00:00,-0.01199,,,,
2021-09-03 00:30:00+00:00,,-0.0154431765354031,,-0.0142576602370719,
2021-09-03 12:30:00+00:00,,0.019606349813017,,,
2021-09-06 12:00:00+00:00,-0.01199,,,,
2021-09-07 02:30:00+00:00,,0.0202720056124181,,,
2021-09-07 08:30:00+00:00,,,,0.0153978624043538,
2021-09-07 14:00:00+00:00,,,0.0361421856588608,,
2021-09-08 13:00:00+00:00,-0.01199,-0.0204408803519048,,,
2021-09-09 18:00:00+00:00,-0.01199,,,,
2021-09-12 20:30:00+00:00,-0.0119899999999999,,,,
2021-09-13 01:00:00+00:00,-0.01199,,,,
2021-09-13 14:00:00+00:00,,,,-0.0512199083849754,
2021-09-13 14:30:00+00:00,-0.0454744613189291,-0.0454744613189291,,,
2021-09-18 20:00:00+00:00,,,,-0.0054328086468919,
2021-09-20 15:00:00+00:00,-0.0119899999999999,,,,
2021-09-21 05:00:00+00:00,-0.01199,,,,
2021-09-22 15:30:00+00:00,0.0179800000000001,,,,
2021-09-23 03:00:00+00:00,0.0179799999999998,,,,
2021-09-23 05:00:00+00:00,-0.01199,,,,
2021-09-23 22:00:00+00:00,-0.01199,,,,
2021-09-24 09:00:00+00:00,,,,0.0102967050510618,
2021-09-24 11:30:00+00:00,,,-0.0604137809140779,,
2021-09-24 16:00:00+00:00,-0.0150692705882352,,,,
2021-09-26 22:30:00+00:00,-0.0119899999999999,,,,
2021-09-26 23:00:00+00:00,,,,-0.0081426386167556,
2021-09-27 09:30:00+00:00,-0.0119899999999999,,,,
2021-09-27 14:30:00+00:00,,,,-0.0204209942359873,
2021-09-28 01:00:00+00:00,,,-0.0319220806272028,,
2021-09-28 07:00:00+00:00,,-0.0425472680372394,,,-0.042547268037239405
2021-09-30 03:30:00+00:00,0.0183216522318454,,,,
2021-09-30 19:30:00+00:00,-0.01199,,,,
2021-10-01 07:30:00+00:00,,0.026879100386852,,,0.02687910038685204
2021-10-01 10:00:00+00:00,0.0179799999999998,,,,
2021-10-01 13:00:00+00:00,0.0179800000000001,,,,
2021-10-02 23:30:00+00:00,,,,0.1137705690135262,
2021-10-03 15:30:00+00:00,,0.0152319997655128,,,0.015231999765512816
2021-10-03 20:30:00+00:00,-0.0119899999999999,,,,
2021-10-03 21:00:00+00:00,,,,-0.0036754360796407,
2021-10-05 00:30:00+00:00,0.0179800000000001,,,,
2021-10-06 08:30:00+00:00,-0.01199,,,0.0245327716503713,
2021-10-06 15:30:00+00:00,0.042212257577656,,,,
2021-10-07 09:00:00+00:00,,,,0.0388420286534587,
2021-10-08 12:00:00+00:00,-0.01199,,,-0.0070278786997983,
2021-10-08 18:00:00+00:00,,-0.0043721681837,,,-0.004372168183700009
2021-10-10 02:00:00+00:00,,,,-0.0203299769921286,
2021-10-10 09:00:00+00:00,-0.0119899999999999,,,,
2021-10-10 10:00:00+00:00,,,,-0.0160413635566503,
2021-10-10 21:00:00+00:00,,,,-0.0219286301118141,
2021-10-11 11:00:00+00:00,-0.0119899999999999,,,,
2021-10-12 14:30:00+00:00,,,,-0.0047400955590711,
2021-10-12 19:00:00+00:00,,,0.2780251141326344,,
2021-10-13 20:00:00+00:00,0.0179800000000001,,,,
2021-10-14 15:00:00+00:00,,,,0.0056496679503155,
2021-10-15 04:00:00+00:00,,0.0267798751219607,,,0.026779875121960783
2021-10-15 05:00:00+00:00,0.0179800000000001,,,,
2021-10-15 20:00:00+00:00,0.0179800000000001,,,,
2021-10-15 21:30:00+00:00,,,,0.0379278296804719,
2021-10-18 00:30:00+00:00,0.0179800000000001,,,,
2021-10-18 13:00:00+00:00,,-0.036111970270292,,-0.0275038398971982,-0.036111970270292004
2021-10-19 17:00:00+00:00,0.0179800000000001,,,,
2021-10-21 02:00:00+00:00,,,,0.0232160579419766,
2021-10-21 14:00:00+00:00,-0.03197,,,,
2021-10-24 15:00:00+00:00,-0.03197,,,,
2021-10-26 21:30:00+00:00,,,,0.001596056246184,
2021-10-26 22:30:00+00:00,,,-0.0243435382126476,,
2021-10-28 13:30:00+00:00,0.0179799999999998,,,,
2021-10-28 18:30:00+00:00,,,,-0.0155452833113048,
2021-10-29 16:00:00+00:00,0.0179799999999998,,,,
2021-10-30 14:00:00+00:00,-0.0319699999999999,,,,
2021-10-31 08:00:00+00:00,,,,-0.0173840725066278,
2021-10-31 10:30:00+00:00,,,-0.0057008120204531,,
2021-11-02 12:00:00+00:00,0.0179799999999998,,,,
2021-11-03 13:30:00+00:00,,,,0.0008568145190472,
2021-11-04 11:30:00+00:00,,,-0.0101289015311184,,
2021-11-08 05:00:00+00:00,0.0179799999999998,,,,
2021-11-08 12:30:00+00:00,,0.0228515832349061,,,0.022851583234906103
2021-11-10 13:30:00+00:00,,,,0.0691918949016947,
2021-11-10 20:30:00+00:00,-0.03197,,,-0.0328848542757638,
2021-11-10 22:30:00+00:00,,,0.0402065519390433,,
2021-11-15 15:30:00+00:00,,,,-0.0126775570784203,
2021-11-15 16:00:00+00:00,-0.03197,,,,
2021-11-15 18:30:00+00:00,,,-0.0314637655072642,,
2021-11-17 03:00:00+00:00,-0.03197,,,,
2021-11-18 15:00:00+00:00,-0.0319699999999999,,,-0.0499751904750755,
2021-11-20 16:00:00+00:00,,,-0.008997611847032,,
2021-11-22 00:00:00+00:00,,-0.018850684315711,,,-0.01885068431571102
2021-11-22 00:30:00+00:00,,,-0.0220210021733117,,
2021-11-22 01:00:00+00:00,,,,-0.0116805828393827,
2021-11-22 02:00:00+00:00,-0.03197,,,,
2021-11-22 18:30:00+00:00,-0.03197,,,,
2021-11-24 03:00:00+00:00,,,-0.0228638224021077,,
2021-11-25 12:30:00+00:00,0.0179800000000001,,,,
2021-11-26 03:30:00+00:00,,,0.0103626919756789,,
2021-11-26 07:30:00+00:00,,,,-0.0124000555613195,
2021-11-28 02:30:00+00:00,,,-0.0168387511295032,,
2021-11-29 00:00:00+00:00,0.0435106615905447,,,,
2021-11-29 02:00:00+00:00,,0.0316958690728323,,,0.031695869072832394
2021-11-29 20:00:00+00:00,,-0.0176231344475322,,,-0.017623134447532274
2021-11-30 04:00:00+00:00,,,0.0218383171067191,,
2021-11-30 05:30:00+00:00,,,,0.0237920561104698,
2021-11-30 06:00:00+00:00,-0.03197,,,,
2021-11-30 15:00:00+00:00,0.0179799999999998,,,,
2021-11-30 16:00:00+00:00,,-0.0170903275426411,,,-0.01709032754264117
2021-12-01 21:00:00+00:00,-0.03197,,,,
2021-12-01 21:30:00+00:00,,,-0.0240503457154904,,
2021-12-02 03:00:00+00:00,,,,-0.0493473512079769,
2021-12-03 16:00:00+00:00,,,-0.0192657923302709,-0.0401346598639871,
2021-12-04 15:00:00+00:00,0.0179800000000001,,,,
2021-12-04 20:30:00+00:00,0.022226180344226,,,,
2021-12-05 16:00:00+00:00,,,-0.0325581369960716,,
2021-12-06 07:00:00+00:00,-0.03197,,,,
2021-12-06 21:30:00+00:00,0.0179799999999998,,,,
2021-12-07 09:00:00+00:00,0.0179799999999998,,,,
2021-12-07 22:00:00+00:00,,,0.0239725022266577,,
2021-12-08 10:30:00+00:00,,,,-0.0013577425722645,
2021-12-09 14:30:00+00:00,-0.03197,,,,
2021-12-10 18:00:00+00:00,,,-0.0265837980449913,,
2021-12-10 23:30:00+00:00,,,,-0.0493601293579295,
2021-12-13 02:00:00+00:00,,,-0.0131446364559959,-0.010010492696573,
2021-12-15 00:00:00+00:00,0.0179800000000001,,,,
2021-12-15 14:30:00+00:00,,-0.0198847025037935,,,-0.019884702503793594
2021-12-15 15:00:00+00:00,,,-0.0096721716670228,,
2021-12-15 22:00:00+00:00,0.0204899053473595,,,,
2021-12-17 22:00:00+00:00,-0.03197,,,,
2021-12-19 03:00:00+00:00,0.0079899999999999,,,,
2021-12-20 00:00:00+00:00,-0.03197,,,,
2021-12-21 06:00:00+00:00,0.0120072871077905,,,,
2021-12-22 13:30:00+00:00,,,-0.0032780945319741,,
2021-12-23 09:00:00+00:00,,-0.0082765131191883,,,
2021-12-23 20:30:00+00:00,0.0136477373855898,,,,
2021-12-25 11:00:00+00:00,,,-0.0014981315678117,,
2021-12-25 23:00:00+00:00,,-0.0042450310092466,,,
2021-12-28 00:00:00+00:00,,,-0.0241878410355407,,
2021-12-28 04:00:00+00:00,,,,0.0434736206900598,
2021-12-29 23:00:00+00:00,-0.0319699999999999,,,,
2021-12-31 17:00:00+00:00,-0.03197,,,,
2022-01-05 19:30:00+00:00,,,,-0.0438232094446743,
2022-01-09 17:00:00+00:00,0.0079899999999999,,,,
2022-01-10 14:00:00+00:00,,,,-0.0779066785528577,
2022-01-11 02:00:00+00:00,0.0079899999999999,,,,
2022-01-11 18:30:00+00:00,0.0079899999999999,,,,
2022-01-13 14:30:00+00:00,0.0079899999999999,,,,
2022-01-13 17:30:00+00:00,,,-0.0239940088302458,,
2022-01-14 11:30:00+00:00,,,,-0.0085465400622967,
2022-01-14 19:30:00+00:00,0.0079899999999999,,,,
2022-01-20 21:30:00+00:00,-0.03197,,,,
2022-01-20 23:00:00+00:00,,,,-0.0315163594307685,
2022-01-21 00:00:00+00:00,,,-0.0622153936669833,,
2022-01-23 09:00:00+00:00,0.0179800000000001,,,,
2022-01-24 02:30:00+00:00,-0.0319699999999999,,,,
2022-01-24 20:00:00+00:00,0.0513704578426286,,,,
2022-01-25 00:30:00+00:00,-0.0319699999999999,,,,
2022-01-26 10:30:00+00:00,0.0179799999999998,,,,
2022-01-27 03:00:00+00:00,,,-0.0472250399100012,,
2022-01-28 03:00:00+00:00,0.0179800000000001,,,,
2022-01-29 20:30:00+00:00,0.0179799999999998,,,,
2022-02-01 16:30:00+00:00,0.0179800000000001,,,,
2022-02-02 16:30:00+00:00,,,-0.0324583748697281,,
2022-02-03 10:00:00+00:00,,,,0.0201605486822245,
2022-02-04 18:30:00+00:00,0.0210790000911356,,,,
2022-02-05 15:30:00+00:00,,0.139494033536405,,,
2022-02-06 23:00:00+00:00,0.0179800000000001,,,,
2022-02-07 15:30:00+00:00,0.0179800000000001,,,,
2022-02-08 05:30:00+00:00,0.0179799999999998,,,,
2022-02-08 08:30:00+00:00,-0.03197,,,,
2022-02-10 11:30:00+00:00,0.0179799999999998,,,,
2022-02-10 15:30:00+00:00,,0.0485073391671164,,,
2022-02-10 23:30:00+00:00,-0.03197,,,,
2022-02-11 02:30:00+00:00,,,0.0629497178029847,,
2022-02-11 23:00:00+00:00,,,,0.1288117140756519,
2022-02-15 10:30:00+00:00,0.0179800000000001,,,,
2022-02-16 14:30:00+00:00,,,0.0002317485942879,,
2022-02-17 14:00:00+00:00,,-0.0325142406787218,,,
2022-02-21 11:30:00+00:00,-0.03197,,,,
2022-02-21 21:30:00+00:00,-0.03197,,,,
2022-02-23 19:00:00+00:00,,,-0.029900651155706,,
2022-02-24 18:30:00+00:00,0.0179800000000001,,,,
2022-02-24 22:30:00+00:00,0.0415590523835254,,,,
2022-02-26 00:30:00+00:00,0.0179800000000001,,,,
2022-02-26 12:30:00+00:00,,,0.0080888080208254,,
2022-02-27 20:00:00+00:00,,,-0.0559854311452757,,
2022-02-28 17:30:00+00:00,0.0252275514941482,,,,
2022-03-01 11:00:00+00:00,0.0179800000000001,,,,
2022-03-01 16:00:00+00:00,-0.0319699999999999,0.1300057720143814,,0.0675586683139519,
2022-03-02 19:00:00+00:00,,,,-0.0354900074697874,
2022-03-03 04:30:00+00:00,,,0.0524938128021896,,
2022-03-09 06:00:00+00:00,0.0292620928847819,,,,
2022-03-10 02:30:00+00:00,,,-0.0231947326565935,,
2022-03-10 05:00:00+00:00,,-0.0524533863900799,,,
2022-03-11 16:00:00+00:00,-0.0319700000000001,,,,
2022-03-15 07:00:00+00:00,-0.03197,,,,
2022-03-16 02:00:00+00:00,,0.0539914498449562,,,
2022-03-16 03:30:00+00:00,-0.0335349529337334,,,,
2022-03-16 14:00:00+00:00,0.0079899999999999,,,,
2022-03-18 18:00:00+00:00,0.0092786755560387,,,,
2022-03-20 03:00:00+00:00,,,0.0016718675853963,,
2022-03-20 09:00:00+00:00,,,,-0.0034070419147912,
2022-03-22 03:00:00+00:00,0.0079899999999999,,,,
2022-03-22 05:30:00+00:00,0.0131346140618229,,,,
2022-03-22 20:00:00+00:00,,,-0.0174021260856231,,
2022-03-23 01:00:00+00:00,,,,-0.0119978517489967,
2022-03-24 17:00:00+00:00,0.0079899999999999,,,,
2022-03-25 16:30:00+00:00,,,,0.0162008002735052,
2022-03-25 23:30:00+00:00,,,0.0042152870118508,,
2022-03-27 20:30:00+00:00,,0.0510428931710873,,,
2022-03-27 23:00:00+00:00,0.0087709916711824,,,,
2022-03-28 23:00:00+00:00,,,,0.0429520922147668,
2022-03-29 00:00:00+00:00,,,0.0062661636229419,,
2022-04-01 02:30:00+00:00,,-0.0441759579604723,,,
2022-04-02 00:30:00+00:00,0.0079899999999999,,,,
2022-04-02 16:00:00+00:00,,,-0.0064435423068736,,
2022-04-04 22:30:00+00:00,0.0079899999999999,,,,
2022-04-06 00:00:00+00:00,,-0.0419597771984998,,,
2022-04-08 18:00:00+00:00,-0.03197,,,,
2022-04-10 23:00:00+00:00,,,-0.0272389335754128,,
2022-04-13 16:00:00+00:00,0.0136901804586426,,,,
2022-04-14 11:00:00+00:00,,,-0.011394689609507,,
2022-04-18 19:30:00+00:00,0.0079899999999999,,,,
2022-04-19 12:30:00+00:00,,0.0189443178757029,,,
2022-04-20 13:30:00+00:00,,,,-0.0044681844102905,
2022-04-20 16:00:00+00:00,,,0.0142132091512989,,
2022-04-21 15:30:00+00:00,,,,-0.0022994120689668,
2022-04-21 16:00:00+00:00,,-0.0198040069146602,,,
2022-04-21 18:00:00+00:00,,,-0.0228558855193483,,
2022-04-26 00:30:00+00:00,0.0079899999999999,,,,
2022-04-26 08:00:00+00:00,,0.0185218250532515,,,
2022-04-26 13:30:00+00:00,,,-0.0025798901605381,,
2022-04-29 09:00:00+00:00,-0.0319699999999999,,,,
2022-05-02 13:30:00+00:00,,-0.0208701711891824,,,
2022-05-04 16:00:00+00:00,,0.0153710999469065,,,
2022-05-04 18:30:00+00:00,,-0.0199785504322191,,,
2022-05-05 09:30:00+00:00,,,0.014334177434232,,
2022-05-05 14:00:00+00:00,-0.03197,-0.0220749742825646,,,
2022-05-09 23:30:00+00:00,-0.03197,,,,
2022-05-10 04:30:00+00:00,0.0079899999999999,,,,
2022-05-10 12:30:00+00:00,0.0079899999999999,,,,
2022-05-10 14:30:00+00:00,-0.03197,,,,
2022-05-11 02:00:00+00:00,0.0079899999999999,,,,
2022-05-11 11:00:00+00:00,0.0119028191037668,,,,
2022-05-11 16:00:00+00:00,-0.03197,,,,
2022-05-12 02:30:00+00:00,-0.03197,,,,
2022-05-12 10:30:00+00:00,0.0079899999999999,,,,
2022-05-12 12:00:00+00:00,-0.03197,,,,
2022-05-12 17:00:00+00:00,0.0313815234473646,,,,
2022-05-13 00:30:00+00:00,0.0079899999999999,,,,
2022-05-13 02:00:00+00:00,0.0079899999999999,,,,
2022-05-13 04:30:00+00:00,0.0145636674515061,,,,
2022-05-13 17:30:00+00:00,,,-0.0180214398923974,,
2022-05-14 21:30:00+00:00,0.0079899999999999,,,,
2022-05-15 20:00:00+00:00,0.0079899999999999,,,,
2022-05-15 23:30:00+00:00,0.0079899999999999,,,,
2022-05-16 04:00:00+00:00,,,-0.0278102108621846,,
2022-05-16 06:00:00+00:00,,-0.0336847854356505,,-0.0354111961491436,
2022-05-16 21:00:00+00:00,0.0079899999999999,,,,
2022-05-17 03:30:00+00:00,0.0079900000000001,,,,
2022-05-20 01:30:00+00:00,0.0079899999999999,,,,
2022-05-20 07:00:00+00:00,,,-0.0056661049551588,,
2022-05-20 14:30:00+00:00,,-0.0298163842454403,,,
2022-05-22 22:00:00+00:00,0.0079900000000001,,,,
2022-05-23 18:30:00+00:00,,,,-0.0231243747250065,
2022-05-25 11:30:00+00:00,,-0.025525002548124,-0.0218478774868275,,
2022-05-26 17:00:00+00:00,0.0079899999999999,,,,
2022-05-28 13:00:00+00:00,0.0079899999999999,,,,
2022-05-29 20:30:00+00:00,,,-0.0087490180125574,,
2022-05-30 05:30:00+00:00,0.0079899999999999,,,,
2022-05-30 13:00:00+00:00,,,,0.0214590273239987,
2022-05-30 14:00:00+00:00,,0.0136103447126108,,,
2022-05-30 21:00:00+00:00,0.0079899999999999,,,,
2022-05-30 22:00:00+00:00,,,,0.0166373573377729,
2022-05-31 15:30:00+00:00,0.0079899999999999,,,,
2022-05-31 16:30:00+00:00,0.0079899999999999,,,,
2022-05-31 18:30:00+00:00,,,,-0.0196465308593928,
2022-06-01 04:00:00+00:00,,,0.0423554793918912,,
2022-06-01 14:30:00+00:00,,-0.0250499472057135,,,
2022-06-06 03:30:00+00:00,0.0142113946514181,,,,
2022-06-06 14:00:00+00:00,,0.0261515608123816,,,
2022-06-06 17:00:00+00:00,,,,0.013003465870744,
2022-06-07 00:30:00+00:00,,,-0.0093753506499794,,
2022-06-07 22:00:00+00:00,0.0089839563859417,,,,
2022-06-08 03:30:00+00:00,,-0.0330543068945717,,,
2022-06-08 04:30:00+00:00,,,-0.0355663653301258,,
2022-06-12 22:00:00+00:00,-0.0319699999999999,,,,
2022-06-13 17:30:00+00:00,-0.03197,,,,
2022-06-14 05:00:00+00:00,0.0079900000000001,,,,
2022-06-14 15:00:00+00:00,0.0079900000000001,,,,
2022-06-14 20:00:00+00:00,-0.03197,,,,
2022-06-15 01:30:00+00:00,0.0079899999999999,,,,
2022-06-15 14:00:00+00:00,0.026174360326713,,,,
2022-06-15 21:00:00+00:00,0.0079900000000001,,,,
2022-06-16 00:00:00+00:00,0.014625542956411,,,,
2022-06-16 09:30:00+00:00,,,-0.0286587482211916,,
2022-06-17 07:00:00+00:00,0.0079900000000001,,,,
2022-06-17 12:30:00+00:00,-0.03197,,,,
2022-06-17 17:00:00+00:00,,,-0.0329804649743094,,
2022-06-18 16:30:00+00:00,-0.0319699999999999,,,,
2022-06-19 00:30:00+00:00,0.0205450659625241,,,,
2022-06-19 12:30:00+00:00,0.037984547268659,,,,
2022-06-19 18:30:00+00:00,0.0079899999999999,,,,
2022-06-19 21:00:00+00:00,0.0169871218868675,,,,
2022-06-20 08:00:00+00:00,0.0079900000000001,,,,
2022-06-20 10:30:00+00:00,0.0079899999999999,,,,
2022-06-20 19:30:00+00:00,,,0.0038156289542436,,
2022-06-20 23:30:00+00:00,0.0079899999999999,,,,
2022-06-21 08:30:00+00:00,0.0079899999999999,,,,
2022-06-21 19:30:00+00:00,-0.03197,,,,
2022-06-21 22:30:00+00:00,,,0.0029068312073947,,
2022-06-21 23:00:00+00:00,,,,-0.0232492594456222,
2022-06-23 09:30:00+00:00,0.0079899999999999,,,,
2022-06-23 18:00:00+00:00,,,-0.0102833896475266,,
2022-06-23 22:00:00+00:00,0.0079900000000001,,,,
2022-06-24 02:30:00+00:00,0.0079899999999999,,,,
2022-06-25 07:30:00+00:00,0.0079900000000001,,,,
2022-06-25 15:00:00+00:00,,,0.0079848378164046,,
2022-06-26 15:00:00+00:00,,,,-0.0114770166808344,
2022-06-26 18:30:00+00:00,,,-0.0133132134694541,,
2022-06-27 14:30:00+00:00,,,-0.0348938585706863,,
2022-06-28 16:30:00+00:00,,,-0.0231551229297908,,
2022-06-30 06:00:00+00:00,,,-0.0164519015439497,,
2022-07-01 02:30:00+00:00,0.0205321170522223,,,,
2022-07-01 12:00:00+00:00,,,-0.0563464419226522,,
2022-07-04 04:30:00+00:00,,,-0.0100825922585529,,
2022-07-04 15:00:00+00:00,0.0079899999999999,,,,
2022-07-05 08:30:00+00:00,,,,0.0053114950534931,
2022-07-05 09:30:00+00:00,-0.0319699999999999,,,,
2022-07-05 10:00:00+00:00,,,0.0129047376059245,,
2022-07-05 11:30:00+00:00,,-0.0357040443555403,,,
2022-07-05 21:00:00+00:00,0.0149553239494588,,,,
2022-07-06 01:30:00+00:00,,,,-0.0309865209761616,
2022-07-07 16:30:00+00:00,0.0079899999999999,,,,
2022-07-07 21:00:00+00:00,0.0079899999999999,,,,
2022-07-08 07:00:00+00:00,-0.03197,,,,
2022-07-08 08:30:00+00:00,,,,0.0434440483938918,
2022-07-08 14:00:00+00:00,,,0.0408236399174242,,
2022-07-10 01:30:00+00:00,,,-0.0271087466814179,,
2022-07-10 02:00:00+00:00,-0.03197,,,,
2022-07-10 14:30:00+00:00,,-0.0446028465278938,,,
2022-07-13 17:00:00+00:00,0.0079899999999999,,,,
2022-07-13 23:00:00+00:00,0.0079899999999999,,,,
2022-07-14 17:00:00+00:00,0.0079899999999999,,,,
2022-07-14 19:30:00+00:00,0.0079899999999999,,,,
2022-07-16 02:00:00+00:00,,,-0.014935726394086,,
2022-07-17 07:00:00+00:00,0.0079899999999999,,,,
2022-07-17 16:00:00+00:00,,,-0.0158818701524705,-0.0258305322129458,
2022-07-18 05:00:00+00:00,0.0079899999999999,,,,
2022-07-18 08:00:00+00:00,0.0155439607538194,,,,
2022-07-18 17:00:00+00:00,,,,0.0175127369709833,
2022-07-18 17:30:00+00:00,-0.03197,,,,
2022-07-18 20:30:00+00:00,,,-0.0285716648894546,,
2022-07-19 01:00:00+00:00,,,,-0.0267913634460243,
2022-07-19 13:00:00+00:00,0.0079900000000001,,,,
2022-07-19 15:30:00+00:00,,0.0390975032057083,,,
2022-07-19 17:30:00+00:00,0.0234348692532277,,,,
2022-07-20 00:30:00+00:00,,,,-0.0019492109154809,
2022-07-20 17:00:00+00:00,,,,-0.017958281982101,
2022-07-20 23:30:00+00:00,,,0.0019686479470397,,
2022-07-21 02:30:00+00:00,-0.03197,,,,
2022-07-21 20:00:00+00:00,0.0079899999999999,,,,
2022-07-23 12:00:00+00:00,,-0.0572227448015214,,,
2022-07-25 23:30:00+00:00,-0.03197,,,,
2022-07-27 21:00:00+00:00,0.0079899999999999,,,,
2022-07-28 12:30:00+00:00,-0.03197,,,,
2022-07-28 15:30:00+00:00,,0.0400247958335644,,,
2022-07-28 17:30:00+00:00,0.0079899999999999,,,,
2022-07-29 11:30:00+00:00,,,,-0.0031135961477075,
2022-07-30 05:00:00+00:00,,,0.0346245443494086,,
2022-07-30 12:30:00+00:00,0.0079899999999999,,,,
2022-07-30 19:30:00+00:00,,,,-0.0214953726485928,
2022-07-30 22:00:00+00:00,-0.03197,,-0.0277470084800053,,
2022-08-05 06:00:00+00:00,0.0079899999999999,,,,
2022-08-08 21:00:00+00:00,,,,0.0040734340607899,
2022-08-09 10:00:00+00:00,,,-0.0128141021994152,,
2022-08-09 11:30:00+00:00,,-0.0187966495036987,,,
2022-08-10 21:30:00+00:00,0.0079899999999999,,,,
2022-08-11 05:00:00+00:00,0.0079899999999999,,,,
2022-08-11 15:00:00+00:00,,,,0.0034048409854094,
2022-08-11 20:00:00+00:00,,,-0.0036930074988099,,
2022-08-14 11:30:00+00:00,,-0.0150443423089707,,,
2022-08-14 13:00:00+00:00,,,,-0.0211377822699267,
2022-08-15 06:00:00+00:00,,-0.0156706815199109,,-0.0218225094737067,
2022-08-15 06:30:00+00:00,-0.02198,,,,
2022-08-15 08:00:00+00:00,,,-0.0377307327268444,,
2022-08-17 07:30:00+00:00,,-0.0165639501942747,,,
2022-08-17 11:30:00+00:00,,,-0.0146363592926627,,
2022-08-18 18:00:00+00:00,,,-0.0147270216575944,,
2022-08-22 07:30:00+00:00,,,-0.0106006498789074,,
2022-08-23 06:00:00+00:00,,-0.0179315540330066,,,
2022-08-24 03:00:00+00:00,,,-0.0121404461593483,,
2022-08-24 16:00:00+00:00,0.0179799999999998,0.0182313696224039,,,
2022-08-25 00:00:00+00:00,,,,-0.0240058091745745,
2022-08-25 00:30:00+00:00,,,-0.012667194947039,,
2022-08-26 05:30:00+00:00,,,-0.0182915965314558,,
2022-08-26 14:30:00+00:00,-0.02198,-0.016878557453844,,,
2022-08-29 14:00:00+00:00,,0.0142616327759446,,,
2022-08-30 14:00:00+00:00,,,,-0.018049972365278,
2022-08-30 14:30:00+00:00,,-0.0168419307506103,,,
2022-08-30 15:00:00+00:00,,,-0.0143429577952264,,
2022-08-31 06:00:00+00:00,,0.0203581942393566,,,
2022-08-31 17:00:00+00:00,,,-0.0164825398729984,,
2022-09-01 07:30:00+00:00,-0.02198,,,,
2022-09-02 18:30:00+00:00,,,-0.0101103016430573,,
2022-09-03 19:00:00+00:00,,-0.0198733079090025,,,
2022-09-05 07:30:00+00:00,,,-0.0108735006394793,,
2022-09-06 00:30:00+00:00,,0.0101755681779593,,,
2022-09-06 02:00:00+00:00,,-0.0183242440645045,,-0.0175930370693228,
2022-09-06 13:30:00+00:00,,-0.0154515073380896,,,
2022-09-06 17:30:00+00:00,,,-0.0530556948019577,,
2022-09-09 07:00:00+00:00,0.0352336704664106,,,,
2022-09-09 09:30:00+00:00,,0.0639611592346043,,,
2022-09-09 23:00:00+00:00,,0.0215922450931633,,,
2022-09-12 02:30:00+00:00,,-0.0180625228460707,,,
2022-09-13 13:00:00+00:00,,-0.0598529789743541,-0.0522622213069789,-0.0455641512469831,
2022-09-18 10:00:00+00:00,,,-0.0063923516957022,,
2022-09-18 21:00:00+00:00,,-0.0198407462411649,,,
2022-09-19 19:00:00+00:00,,0.0265817094885447,,,
2022-09-19 19:30:00+00:00,0.0179800000000001,,,,
2022-09-20 09:30:00+00:00,,,-0.0034904754972836,,
2022-09-20 12:00:00+00:00,-0.0219800000000001,,,,
2022-09-20 13:00:00+00:00,,-0.0286648785749317,,,
2022-09-21 18:30:00+00:00,-0.0426002719964002,-0.0238929133995404,,,
2022-09-21 19:30:00+00:00,-0.02198,,,,
2022-09-21 21:00:00+00:00,,,-0.0144538919018762,,
2022-09-22 15:00:00+00:00,-0.0219800000000001,,,,
2022-09-23 08:30:00+00:00,,,-0.0050936700357739,,
2022-09-24 07:00:00+00:00,-0.0219799999999998,,,,
2022-09-24 08:00:00+00:00,,,-0.0193503762338748,,
2022-09-25 14:00:00+00:00,,,-0.009687889397386,,
2022-09-25 21:30:00+00:00,,-0.0244143411081366,,,
2022-09-26 11:00:00+00:00,-0.0219800000000001,,,,
2022-09-26 11:30:00+00:00,,-0.0215476635077607,,,
2022-09-27 04:00:00+00:00,0.0179799999999998,,,,
2022-09-27 05:30:00+00:00,,0.0212798023097975,,,
2022-09-27 15:30:00+00:00,,,,-0.0060288534621626,
2022-09-27 16:00:00+00:00,,-0.0223083960929438,,,
2022-09-27 16:30:00+00:00,,,0.0093337366494496,,
2022-09-29 07:00:00+00:00,,,0.0026117265889538,,
2022-09-30 13:00:00+00:00,,,-0.0168876983482844,,
2022-09-30 14:00:00+00:00,,0.0150163162273835,,,
2022-09-30 16:00:00+00:00,-0.02198,,,,
2022-09-30 19:30:00+00:00,,-0.0248366979821513,,,
2022-09-30 21:00:00+00:00,,,-0.0323433437595779,,
2022-10-04 00:00:00+00:00,,0.013862680760347,,,
2022-10-04 14:00:00+00:00,,0.0155458094938134,,,
2022-10-04 17:00:00+00:00,,,,-0.0205499857206341,
2022-10-05 04:00:00+00:00,,-0.0160689601029064,,,
2022-10-05 08:00:00+00:00,,,,-0.0114819538261062,
2022-10-05 09:00:00+00:00,,,0.0349284630142276,,
2022-10-05 21:30:00+00:00,,,-0.0136314749577969,,
2022-10-06 09:00:00+00:00,,,-0.0081378884304493,,
2022-10-06 14:00:00+00:00,,-0.0148728705091989,,,
2022-10-09 21:30:00+00:00,,,-0.0051948242547681,,
2022-10-10 16:00:00+00:00,,-0.0110844091184137,,,
2022-10-13 02:30:00+00:00,,,-0.0084892282762896,,
2022-10-13 17:30:00+00:00,0.0179799999999998,,,,
2022-10-14 14:00:00+00:00,-0.0219800000000001,,,0.0009982403046242,
2022-10-14 15:00:00+00:00,,,0.0132445571632828,,
2022-10-16 05:30:00+00:00,,-0.015203214607016,,,
2022-10-17 04:00:00+00:00,,,-0.0072983252353193,,
2022-10-18 14:30:00+00:00,,,0.0050422622544559,-0.0155527823939756,
2022-10-20 18:00:00+00:00,,,-0.0076580956253329,,
2022-10-23 06:00:00+00:00,,,-0.0005393958951448,,
2022-10-24 01:00:00+00:00,,,,0.0043821219726036,
2022-10-24 04:00:00+00:00,,-0.0156523138859275,,,
2022-10-24 04:30:00+00:00,,,-0.0109435351214357,,
2022-10-26 07:00:00+00:00,,0.0139193570266198,,,
2022-10-26 08:30:00+00:00,0.0179799999999998,,,,
2022-10-27 09:00:00+00:00,,,0.0611150413355519,,
2022-10-27 20:00:00+00:00,-0.02198,,,0.031906778663802,
2022-10-29 11:30:00+00:00,,,,-0.0190623435675147,
2022-10-29 23:30:00+00:00,,,0.0113156529069307,,
2022-10-31 14:00:00+00:00,,,-0.0219477111802902,,
2022-11-01 14:00:00+00:00,,,-0.0119287150439284,,
2022-11-02 07:30:00+00:00,,,-0.0083042340886281,,
2022-11-04 16:00:00+00:00,-0.0219800000000001,,,-0.0044810061486709,
2022-11-05 23:30:00+00:00,,,0.0443294601509021,,
2022-11-06 19:00:00+00:00,,0.0020270919286236,,,
2022-11-06 22:00:00+00:00,,,,-0.0130615777814518,
2022-11-08 18:00:00+00:00,-0.0426618189320535,,,,
2022-11-09 09:00:00+00:00,-0.0219799999999998,,,,
2022-11-10 05:00:00+00:00,0.0179800000000001,,,,
2022-11-10 10:30:00+00:00,-0.0219800000000001,,,,
2022-11-10 17:30:00+00:00,-0.02198,,,,
2022-11-10 22:30:00+00:00,-0.0224940790360316,,,,
2022-11-11 03:00:00+00:00,,,-0.0260784751976828,,
2022-11-13 09:00:00+00:00,-0.02198,,,,
2022-11-14 14:00:00+00:00,-0.0262938085529261,,,,
2022-11-14 16:00:00+00:00,,-0.0474091207687226,,,
2022-11-15 13:30:00+00:00,0.02797,,,,
2022-11-16 12:00:00+00:00,-0.0219800000000001,,,,
2022-11-16 15:00:00+00:00,,,-0.0315964585735755,,
2022-11-18 17:00:00+00:00,-0.02198,,,,
2022-11-20 13:00:00+00:00,,,-0.0242554318595327,,
2022-11-24 02:30:00+00:00,0.0301870346452963,,,,
2022-11-25 04:30:00+00:00,,,,-0.0194308583741625,
2022-11-28 01:30:00+00:00,,,-0.0149288950027274,,
2022-11-30 17:00:00+00:00,,,,0.006152351645799,
2022-12-01 01:00:00+00:00,0.0390087625911064,,,,
2022-12-01 21:00:00+00:00,,,,-0.019767639113315,
2022-12-02 07:00:00+00:00,,-0.0085728240091829,,,
2022-12-02 13:30:00+00:00,-0.02198,,,,
2022-12-05 04:30:00+00:00,,0.0066292697862606,,,
2022-12-05 15:00:00+00:00,,-0.015692567921103,,,
2022-12-05 15:30:00+00:00,,,,-0.0109312074082802,
2022-12-05 16:00:00+00:00,-0.02198,,,,
2022-12-05 20:30:00+00:00,,,0.0258639567054077,,
2022-12-10 09:00:00+00:00,,,,-0.0023653195570072,
2022-12-10 23:30:00+00:00,,-0.0092764466434716,,,
2022-12-11 20:00:00+00:00,,-0.0054282109116843,,,
2022-12-13 07:00:00+00:00,,-0.0078025353051209,,,
2022-12-13 17:30:00+00:00,,0.0153645969490159,,,
2022-12-14 14:00:00+00:00,0.02797,,,,
2022-12-14 19:30:00+00:00,-0.02198,,,,
2022-12-15 15:30:00+00:00,,,0.0131978195197024,,
2022-12-16 05:00:00+00:00,,,,0.0120427886504939,
2022-12-20 14:30:00+00:00,,0.0090163468144774,,,
2022-12-22 16:00:00+00:00,,,-0.0133009385572734,,
2022-12-24 22:00:00+00:00,,-0.0016542913459566,,,
2022-12-25 13:30:00+00:00,,,,9.343480146317697e-05,
2022-12-27 17:00:00+00:00,,,-0.0083491738877822,,
2022-12-28 21:00:00+00:00,-0.0219800000000001,,,-0.0199083376064248,
2023-01-01 19:30:00+00:00,,0.0011400852480747,,,
2023-01-03 00:00:00+00:00,,-0.006782665607404,,,
2023-01-04 19:00:00+00:00,,0.005434627192925,,,
2023-01-06 12:00:00+00:00,,,0.0053746238583347,,
2023-01-08 21:00:00+00:00,,-0.000721866337922,,,
2023-01-09 04:00:00+00:00,,0.0066396737743812,,,
2023-01-09 16:00:00+00:00,,0.0044147248200612,,,
2023-01-09 20:00:00+00:00,,-0.0077247678845654,,,
2023-01-11 05:00:00+00:00,,,0.0026284111567027,,
2023-01-11 15:00:00+00:00,,-0.0056569517592165,,,
2023-01-11 23:00:00+00:00,,0.0027402460815644,,,
2023-01-12 04:00:00+00:00,,0.0136681996471099,,,
2023-01-12 13:30:00+00:00,,,,0.0323295360428066,
2023-01-12 15:00:00+00:00,,,0.0234472042788354,,
2023-01-12 17:30:00+00:00,0.02797,,,,
2023-01-13 08:00:00+00:00,,,-0.0046373837539199,,
2023-01-13 12:00:00+00:00,,0.0024490015957903,,,
2023-01-13 17:00:00+00:00,0.0279699999999998,,,,
2023-01-13 21:30:00+00:00,0.02797,,,,
2023-01-14 04:30:00+00:00,,0.0255439362166263,,,
2023-01-14 05:00:00+00:00,0.0523751178923348,,,,
2023-01-14 09:00:00+00:00,,,,0.1045117174401419,
2023-01-14 11:00:00+00:00,,,0.0583868112344414,,
2023-01-16 08:00:00+00:00,,,,-0.0236119835326332,
2023-01-16 08:30:00+00:00,,,-0.0269463789925629,,
2023-01-17 01:00:00+00:00,,-0.0209653306931301,,-0.0266451515104499,
2023-01-17 01:30:00+00:00,,,-0.0159014285962572,,
2023-01-17 14:00:00+00:00,0.02797,,,,
2023-01-17 14:30:00+00:00,,,,-0.0214379023666362,
2023-01-17 23:30:00+00:00,,,-0.0101687804029764,,
2023-01-18 15:30:00+00:00,,,,-0.0189064038548341,
2023-01-20 05:00:00+00:00,,,-0.0067879969277596,,
2023-01-21 01:00:00+00:00,0.0300849955564332,0.048198928950391,,,
2023-01-21 23:00:00+00:00,,,0.0704607542986843,,
2023-01-22 02:30:00+00:00,,,,0.0427055707969339,
2023-01-22 20:30:00+00:00,-0.03197,,,,
2023-01-26 00:30:00+00:00,,0.0079227067640961,,,
2023-01-26 06:30:00+00:00,,,-0.0014768093266399,,
2023-01-27 01:30:00+00:00,,,,-0.0213327038116273,
2023-01-27 22:00:00+00:00,,,-0.0128254081109191,,
2023-01-29 13:00:00+00:00,,0.0078230750760401,,,
2023-01-29 18:30:00+00:00,0.02797,,,,
2023-01-30 03:00:00+00:00,,,0.006464216896759,,
2023-01-30 08:00:00+00:00,,-0.0163992224172956,,,
2023-01-30 09:00:00+00:00,,,,-0.0041481474690749,
2023-01-31 21:30:00+00:00,,,-0.0077727685696851,,
2023-02-02 00:00:00+00:00,,0.0084579450048651,,,
2023-02-02 06:00:00+00:00,,-0.0227321310671047,,,
2023-02-02 09:30:00+00:00,,,2.9252510330257664e-05,,
2023-02-02 21:30:00+00:00,,,,-0.0129982759626098,
2023-02-05 17:30:00+00:00,-0.03197,,,,
2023-02-08 14:30:00+00:00,,,,-0.0204712232670889,
2023-02-12 21:30:00+00:00,,-0.0106942626046694,,,
2023-02-14 15:30:00+00:00,,,,-0.0070287212346593,
2023-02-15 12:00:00+00:00,0.02797,,,,
2023-02-15 19:00:00+00:00,,0.0162011886836734,,,
2023-02-16 01:00:00+00:00,0.0772224473901641,0.0302724637267342,,,
2023-02-16 07:00:00+00:00,,,,0.0951727202193439,
2023-02-16 14:30:00+00:00,,,0.0692383613783458,,
2023-02-16 17:00:00+00:00,,,,-0.0062454319426087,
2023-02-16 23:00:00+00:00,-0.0319699999999999,,,,
2023-02-17 22:00:00+00:00,,-0.0333924490603766,,,
2023-02-18 08:00:00+00:00,,,-0.0141513662668426,,
2023-02-19 16:00:00+00:00,0.02797,,,,
2023-02-21 08:30:00+00:00,,,,-0.022437855590799,
2023-02-23 11:00:00+00:00,,,-0.0098658425101325,,
2023-02-27 14:00:00+00:00,,0.0078487041760142,,,
2023-02-27 15:30:00+00:00,,,,-0.0184762272028992,
2023-02-27 16:00:00+00:00,,-0.0162136474152917,,,
2023-03-01 15:00:00+00:00,,,,-0.0161899221171573,
2023-03-01 19:30:00+00:00,,-0.0200345179961421,,,
2023-03-03 01:00:00+00:00,-0.0319699999999999,,,,
2023-03-05 08:30:00+00:00,,-0.0126865670549769,,,
2023-03-12 19:00:00+00:00,,,,-0.0237183128894074,
2023-03-12 22:00:00+00:00,,0.0164060562132173,,,
2023-03-13 02:30:00+00:00,,0.0203155677423518,,,
2023-03-13 09:00:00+00:00,,,,0.0318080017456039,
2023-03-13 12:30:00+00:00,,,0.0470544572847988,,
2023-03-13 16:30:00+00:00,,,,0.0531296598929051,
2023-03-13 18:30:00+00:00,,0.031892340674783,,,
2023-03-13 19:30:00+00:00,0.0875380768303155,,,,
2023-03-14 07:30:00+00:00,,,,-0.0165497115261832,
2023-03-14 12:30:00+00:00,0.02797,,,,
2023-03-14 13:30:00+00:00,,,,0.0313533753624792,
2023-03-14 18:30:00+00:00,-0.03197,,,,
2023-03-14 19:00:00+00:00,,-0.0533852802551487,,,
2023-03-14 19:30:00+00:00,,,0.0192119531762198,,
2023-03-15 16:00:00+00:00,-0.03197,,,,
2023-03-17 06:30:00+00:00,0.02797,,,,
2023-03-17 09:30:00+00:00,,0.0201373053713307,,,
2023-03-17 14:30:00+00:00,,-0.0296095932513381,,,
2023-03-17 21:30:00+00:00,0.02797,,,,
2023-03-18 15:30:00+00:00,,,0.0572789665211628,,
2023-03-18 16:30:00+00:00,,-0.0300952482697358,,0.0170819943327817,
2023-03-19 16:30:00+00:00,0.02797,,,,
2023-03-20 02:00:00+00:00,,,0.0004591544153336,-0.0098123353685872,
2023-03-20 02:30:00+00:00,,-0.0259677770690354,,,
2023-03-20 16:00:00+00:00,,-0.0257928164125164,,-0.0301678695324218,
2023-03-22 18:00:00+00:00,0.02797,,,,
2023-03-22 18:30:00+00:00,,,,-0.0160484798364298,
2023-03-22 19:00:00+00:00,,,-0.0224169407575708,,
2023-03-23 14:30:00+00:00,0.02797,,,,
2023-03-24 17:00:00+00:00,-0.03197,,,,
2023-03-29 14:00:00+00:00,,0.016624804991655,,,
2023-03-30 01:00:00+00:00,,,0.0077238649243995,,
2023-03-30 02:00:00+00:00,0.02797,,,,
2023-03-30 03:00:00+00:00,,,,0.0108050268533506,
2023-03-30 16:00:00+00:00,-0.03197,,,,
2023-04-03 01:30:00+00:00,-0.0319699999999999,,,,
2023-04-03 16:30:00+00:00,,-0.017520725318892,,,
2023-04-03 20:30:00+00:00,-0.03197,,,,
2023-04-05 14:00:00+00:00,,,,-0.0114627319020246,
2023-04-09 23:30:00+00:00,,0.0043154392366351,,,
2023-04-10 06:30:00+00:00,,,-0.0079769753365216,,
2023-04-11 00:30:00+00:00,0.02797,,,,
2023-04-11 17:00:00+00:00,,0.0355398457477309,,,
2023-04-11 20:30:00+00:00,,,0.025366660699877,,0.02536666069987703
2023-04-14 01:00:00+00:00,0.02797,,,,
2023-04-14 13:00:00+00:00,,,-0.0124981374914598,,-0.012498137491459893
2023-04-14 15:00:00+00:00,,-0.0217303279467048,,,
2023-04-19 02:30:00+00:00,,,0.0087634862037071,,0.00876348620370715
2023-04-19 08:00:00+00:00,-0.03197,-0.0239436088087215,,,
2023-04-19 23:00:00+00:00,,,,-0.0442903627857061,
2023-04-23 02:00:00+00:00,,,-0.0111094902009302,,-0.011109490200930217
2023-04-26 09:00:00+00:00,0.02797,,,,
2023-04-26 19:30:00+00:00,-0.0319699999999999,,,,
2023-04-26 20:00:00+00:00,,-0.0286309212719962,-0.0153836759085853,,-0.01538367590858536
2023-05-01 01:30:00+00:00,-0.03197,,,0.041622477559724,
2023-05-05 02:00:00+00:00,0.02797,,,,
2023-05-06 14:00:00+00:00,-0.03197,,,,
2023-05-08 01:30:00+00:00,,,,-0.0141051754034521,
2023-05-10 17:00:00+00:00,-0.0219800000000001,,,,-0.02198000000000011
2023-05-11 19:30:00+00:00,,,,-0.0336946578275495,
2023-05-15 16:30:00+00:00,0.02797,,,,0.02797000000000005
2023-05-15 20:00:00+00:00,,,-0.0040870341873746,,
2023-05-17 07:30:00+00:00,,,,0.0036192931620591,
2023-05-18 06:00:00+00:00,,,-0.0064007651624323,,
2023-05-18 17:30:00+00:00,-0.02198,,,-0.010514570878919,-0.02198
2023-05-21 11:30:00+00:00,,,,-0.0066564534927219,
2023-05-23 17:00:00+00:00,,,-0.0078637886587116,,
2023-05-24 03:30:00+00:00,-0.02198,,,-0.0058870300064776,-0.02198
2023-05-29 08:30:00+00:00,,,0.0251575268234529,,
2023-05-29 10:30:00+00:00,-0.02198,,,,-0.02198
2023-05-31 04:30:00+00:00,,,,0.0394513553677295,
2023-05-31 05:00:00+00:00,,-0.0197276470363104,,,
2023-06-01 03:00:00+00:00,,,,-0.0245836057690983,
2023-06-03 21:00:00+00:00,,,,-0.0037163835882628,
2023-06-05 02:30:00+00:00,,,,-0.0103569368118587,
2023-06-06 21:30:00+00:00,0.0283145237621991,,,,0.028314523762199117
2023-06-07 07:00:00+00:00,,,0.0039986838730579,,
2023-06-07 21:30:00+00:00,,,,0.0098453325773397,
2023-06-12 00:00:00+00:00,,,-0.0085114316075143,,
2023-06-13 15:30:00+00:00,,,,-0.0157785801635483,
2023-06-14 20:00:00+00:00,-0.0219800000000001,,,-0.0222632336524094,
2023-06-16 21:30:00+00:00,0.0419680134346192,,,,
2023-06-17 14:30:00+00:00,,,0.003651422818282,,
2023-06-18 23:00:00+00:00,,,,0.0285872630339825,
2023-06-19 18:30:00+00:00,,,,-0.0097062315622457,
2023-06-20 16:30:00+00:00,,0.0242641305351469,,,
2023-06-20 22:30:00+00:00,0.0540527451027408,,,,
2023-06-21 10:30:00+00:00,0.02797,,,,
2023-06-21 21:30:00+00:00,,0.0751799021441934,,,
2023-06-21 23:00:00+00:00,0.02797,,,,
2023-06-22 07:30:00+00:00,,,0.0721491120335982,,
2023-06-22 14:30:00+00:00,-0.02198,,,0.0898272102008996,
2023-06-23 15:30:00+00:00,,0.0404263723713966,,,
2023-06-23 23:00:00+00:00,,,-0.0210880945293219,,
2023-06-24 15:30:00+00:00,,,,0.0031816028999189,
2023-06-26 01:00:00+00:00,,,,-0.021519107009345,
2023-06-28 07:30:00+00:00,,,,-0.0181950810685631,
2023-06-29 16:30:00+00:00,,,-0.0071124285357968,,
2023-06-30 04:30:00+00:00,0.02797,,,,
2023-06-30 13:30:00+00:00,-0.02198,,,-0.0052141345497094,
2023-07-04 05:30:00+00:00,,,-0.0001950319983974,,
2023-07-04 19:00:00+00:00,,-0.0142024804723437,,0.0005353755780832,
2023-07-06 11:30:00+00:00,,,,-0.0025461582570961,
2023-07-06 13:00:00+00:00,,,-0.0087449980216377,,
2023-07-07 00:00:00+00:00,-0.02198,,,,
2023-07-10 21:30:00+00:00,-0.02198,-0.0150489524246112,,0.0025424002761251,-0.02198
2023-07-10 23:00:00+00:00,,,-0.0198027503398278,,
2023-07-12 19:00:00+00:00,,,,-0.0122460076485331,
2023-07-14 07:30:00+00:00,,,-0.0024488338464647,,
2023-07-14 17:00:00+00:00,,,,0.0168488682409289,
2023-07-14 17:30:00+00:00,,-0.0182811083066998,,,
2023-07-14 18:00:00+00:00,-0.02198,,,,-0.02198
2023-07-17 10:00:00+00:00,,,,-0.010432366669935,
2023-07-20 14:30:00+00:00,,,,-0.0086980888591425,
2023-07-20 15:00:00+00:00,,,-0.0185169006382484,,
2023-07-22 22:30:00+00:00,,,,-0.0059871941311332,
2023-07-23 21:30:00+00:00,,,,-0.0013796514935902,
2023-07-27 01:00:00+00:00,,,-0.0094977123269285,,
2023-07-27 15:00:00+00:00,,,,-0.0007018944180378,
2023-07-29 08:30:00+00:00,,,,-0.0032192654998567,
2023-07-30 10:30:00+00:00,,,,-0.0056098084506654,
2023-07-30 19:30:00+00:00,,,,-0.0049913681101915,
2023-07-31 16:00:00+00:00,,,,-0.010343972965412,
2023-08-02 08:30:00+00:00,,,-0.0143933992690825,,
2023-08-02 13:00:00+00:00,,,,0.0120481419502809,
2023-08-02 14:00:00+00:00,,-0.0202560972271879,,,
2023-08-02 15:00:00+00:00,-0.02198,,,,-0.02198
2023-08-04 18:30:00+00:00,,,,-0.0089228943687545,
2023-08-07 14:00:00+00:00,,,,-0.0054098809724912,
2023-08-09 03:00:00+00:00,,,0.0018374545616823,,
2023-08-09 12:30:00+00:00,,0.0120189428186878,,,
2023-08-11 02:30:00+00:00,,,,-0.0123426523142495,
2023-08-12 21:00:00+00:00,,,,-0.0043584394710071,
2023-08-13 22:00:00+00:00,,,,-0.004188608677232,
2023-08-14 18:00:00+00:00,,,,-0.0071926443900686,
2023-08-15 19:00:00+00:00,,,,-0.0115637337354987,
2023-08-16 23:30:00+00:00,,,,-0.0165020713168601,
2023-08-18 14:30:00+00:00,-0.0219800000000001,,,,
2023-08-21 10:00:00+00:00,,,,-0.0074178453373445,
2023-08-22 15:30:00+00:00,,,,-0.0121992304014737,
2023-08-22 21:00:00+00:00,-0.0219800000000001,,,,
2023-08-24 02:00:00+00:00,,,-0.0092028384267134,,
2023-08-24 14:00:00+00:00,,,,0.0038910010856727,
2023-08-24 15:00:00+00:00,,-0.0198841330338485,,,
2023-08-26 12:30:00+00:00,,,,-0.0084985218041101,
2023-08-28 00:30:00+00:00,,,,-0.0034210350849661,
2023-08-29 14:00:00+00:00,0.02797,,,,
2023-08-29 20:30:00+00:00,0.0316555487283607,,,,
2023-08-30 03:00:00+00:00,,,-0.0201668840471176,,
2023-08-30 09:00:00+00:00,,,,0.0453012431747381,
2023-08-31 14:00:00+00:00,,,,-0.0121348790131328,
2023-08-31 15:30:00+00:00,,-0.0405629067121212,,,
2023-09-01 15:00:00+00:00,,,,-0.0215553340084224,
2023-09-04 15:00:00+00:00,,,,-0.0048584215595847,
2023-09-06 14:00:00+00:00,,,,-0.0098973786497134,
2023-09-07 22:00:00+00:00,,,,0.0026033029953917,
2023-09-08 09:00:00+00:00,,,,-0.0128952738210035,
2023-09-08 09:30:00+00:00,,,-0.0077400201712655,,
2023-09-12 17:00:00+00:00,,,,0.0009033313026289,
2023-09-14 13:00:00+00:00,0.02797,,,,
2023-09-15 01:00:00+00:00,,,,-0.0057442899345624,
2023-09-16 05:00:00+00:00,,,,-0.0146358516777873,
2023-09-18 17:00:00+00:00,,,,0.00620965409221,
2023-09-18 17:30:00+00:00,,-0.0144883539212585,,,
2023-09-18 18:00:00+00:00,,,-0.0155747624692581,,
2023-09-19 10:00:00+00:00,,,,-0.0136205738782131,
2023-09-19 15:30:00+00:00,0.02797,,,,
2023-09-19 17:00:00+00:00,,,,-0.0144440877801921,
2023-09-27 13:30:00+00:00,,,,-0.007178167129873,
2023-09-27 15:00:00+00:00,,,-0.0228046029176086,,
2023-09-28 18:30:00+00:00,,,,0.0038900257024192,
2023-09-29 03:00:00+00:00,,,-0.0066134443425035,,
2023-09-29 07:30:00+00:00,0.02797,,,,
2023-10-01 16:00:00+00:00,,,-0.0013483694957191,,
2023-10-01 22:00:00+00:00,,0.0189326017573276,,,
2023-10-02 05:30:00+00:00,,,,0.0210419364233962,
2023-10-02 14:30:00+00:00,,,,-0.00045058592826,
2023-10-02 16:00:00+00:00,,,-0.005560329852161,,
2023-10-02 21:30:00+00:00,-0.02198,-0.0249308121433009,,,
2023-10-06 13:00:00+00:00,-0.02198,,,,
2023-10-06 23:00:00+00:00,,,,-0.0100726201557725,
2023-10-15 23:00:00+00:00,,,,-0.0047108674870609,
2023-10-16 05:00:00+00:00,0.02797,0.008514271833953,,,
2023-10-16 09:00:00+00:00,,,,0.0134557212193013,
2023-10-16 13:00:00+00:00,0.02797,,,,
2023-10-16 14:00:00+00:00,-0.0473182898502003,0.0103432505026983,,-0.001286275553967,
2023-10-18 04:30:00+00:00,,0.0234052606226924,,,
2023-10-18 11:00:00+00:00,,,0.0143789675112468,,
2023-10-20 02:30:00+00:00,0.02797,,,,
2023-10-20 12:00:00+00:00,,,,0.0238689336793667,
2023-10-21 09:30:00+00:00,0.02797,,,,
2023-10-21 23:30:00+00:00,,,,-0.011799299744383,
2023-10-22 13:30:00+00:00,,0.0055271486729377,,,
2023-10-23 07:30:00+00:00,,,,0.0018284821698562,
2023-10-23 16:30:00+00:00,0.02797,,,,
2023-10-23 18:30:00+00:00,,,,-0.008414142934783,
2023-10-23 23:00:00+00:00,,,,0.0617569781098068,
2023-10-24 03:00:00+00:00,,,,-0.0083766477370104,
2023-10-24 06:00:00+00:00,0.0840631768987767,,,,
2023-10-24 13:30:00+00:00,,0.096517145589043,,,
2023-10-24 15:00:00+00:00,-0.0219800000000001,,,,
2023-10-26 17:00:00+00:00,,,0.1507832522405072,,
2023-10-27 17:00:00+00:00,-0.0219800000000001,,,,
2023-10-30 02:00:00+00:00,,,,-0.0106386977825302,
2023-10-30 17:00:00+00:00,,,,-0.015056348792073,
2023-11-01 12:30:00+00:00,0.02797,,,,
2023-11-01 13:30:00+00:00,,,,-0.0070801793771582,
2023-11-02 02:30:00+00:00,0.02797,,,,
2023-11-02 05:00:00+00:00,,,,0.0033787202245045,
2023-11-02 13:30:00+00:00,-0.0219799999999998,-0.0176334926569581,,,
2023-11-02 15:30:00+00:00,,,-0.0240997961615601,,
2023-11-03 08:30:00+00:00,-0.02198,,,,
2023-11-06 01:30:00+00:00,,,,-0.0150063484051434,
2023-11-07 03:00:00+00:00,,,-0.0138654108857119,,
2023-11-07 22:00:00+00:00,,,,-0.0029969526423834,
2023-11-09 00:00:00+00:00,,,,-0.0114551502331358,
2023-11-09 02:00:00+00:00,,0.0196846819077822,,,
2023-11-09 05:30:00+00:00,0.0184267926634287,,,,
2023-11-09 15:30:00+00:00,,,,0.0315337068631254,
2023-11-09 16:00:00+00:00,0.0079899999999999,0.0180331058358476,,,
2023-11-10 14:00:00+00:00,0.0092061587504124,,,,
2023-11-11 12:00:00+00:00,,,0.0433286243917989,,
2023-11-11 22:00:00+00:00,,-0.0196446791841409,,,
2023-11-14 00:00:00+00:00,-0.0319699999999999,,,,
2023-11-14 18:30:00+00:00,-0.0319699999999999,,,,
2023-11-15 11:00:00+00:00,0.0079899999999999,,,,
2023-11-15 18:00:00+00:00,0.0079899999999999,,,,
2023-11-15 21:00:00+00:00,0.0084234127926416,,,,
2023-11-16 06:30:00+00:00,,0.0266112064496792,,,
2023-11-16 08:00:00+00:00,,,,-0.0051156673753774,
2023-11-16 13:30:00+00:00,-0.0319699999999999,,0.0140527842098032,,
2023-11-17 13:00:00+00:00,0.0079900000000001,,,,
2023-11-18 18:30:00+00:00,0.0079899999999999,,,,
2023-11-19 02:30:00+00:00,,,-0.0106949377895454,,
2023-11-19 23:00:00+00:00,0.0079899999999999,,,,
2023-11-20 14:00:00+00:00,,,,0.0006294714614438,
2023-11-20 17:00:00+00:00,,,,-0.0141586242187501,
2023-11-20 17:30:00+00:00,0.0079899999999999,,,,
2023-11-21 11:30:00+00:00,,,,-0.0145859723188189,
2023-11-21 12:00:00+00:00,,,0.0071382004994842,,
2023-11-21 14:30:00+00:00,,-0.0205536133145649,,,
2023-11-21 15:00:00+00:00,-0.0319699999999999,,,,
2023-11-21 23:30:00+00:00,-0.0319700000000001,,,,
2023-11-22 05:00:00+00:00,0.0079899999999999,,,,
2023-11-22 18:00:00+00:00,0.0079899999999999,,,,
2023-11-22 22:30:00+00:00,0.0090122948455975,,,,
2023-11-23 11:00:00+00:00,,,,-0.0166146021106989,
2023-11-23 16:00:00+00:00,,,-0.0110721786388731,,
2023-11-24 11:30:00+00:00,0.0079899999999999,,,,
2023-11-24 16:30:00+00:00,,,,-0.0044389452118861,
2023-11-25 12:00:00+00:00,,,-0.0036102862915735,,
2023-11-26 17:30:00+00:00,,-0.0040629143949305,,,
2023-11-27 13:30:00+00:00,-0.03197,,,,
2023-11-28 15:00:00+00:00,0.0079899999999999,,,,
2023-11-28 19:30:00+00:00,0.0079899999999999,,,,
2023-11-28 22:30:00+00:00,,,,-0.0032951918454446,
2023-11-29 10:30:00+00:00,,,,-0.014379089203192,
2023-11-29 16:30:00+00:00,,,0.0072041749805176,,
2023-12-01 09:00:00+00:00,0.0079899999999999,0.0194685491204498,,,
2023-12-01 12:30:00+00:00,,,,-0.0058774960976332,
2023-12-02 19:00:00+00:00,0.0079899999999999,0.0161341123951122,,,
2023-12-02 19:30:00+00:00,,,,0.0076738321820475,
2023-12-03 13:30:00+00:00,0.0079899999999999,,,,
2023-12-03 22:30:00+00:00,,0.0154777798204852,,,
2023-12-04 01:00:00+00:00,0.0079899999999999,,,,
2023-12-04 08:00:00+00:00,0.0176756000823805,,,,
2023-12-04 11:30:00+00:00,,,,0.0442823452965621,
2023-12-04 15:30:00+00:00,,0.0284023138775204,,,
2023-12-04 22:00:00+00:00,0.0079899999999999,,,,
2023-12-05 00:00:00+00:00,,,,-0.0113740460566179,
2023-12-05 17:30:00+00:00,,,,0.0183721665578331,
2023-12-05 19:30:00+00:00,0.036972102624734,,,,
2023-12-05 22:00:00+00:00,0.0079899999999999,,,,
2023-12-06 02:00:00+00:00,,,,-0.0082921554114978,
2023-12-06 05:30:00+00:00,,0.0215764464943017,,,
2023-12-09 10:30:00+00:00,,,-0.0046697344632651,,
2023-12-14 08:00:00+00:00,0.0300369297021605,,,,0.030036929702160542
2023-12-14 13:30:00+00:00,-0.03197,,,,-0.031970000000000054
2023-12-15 06:30:00+00:00,,,0.0143523386371262,,
2023-12-15 15:30:00+00:00,-0.03197,,,,-0.031970000000000054
2023-12-17 00:30:00+00:00,,,-0.0103044094243409,,
2023-12-17 23:30:00+00:00,,,,-0.0177700022686406,
2023-12-18 01:30:00+00:00,-0.03197,-0.0427441145220779,,,-0.031970000000000054
2023-12-19 13:30:00+00:00,0.0370080889985702,,,,0.03700808899857022
2023-12-19 17:00:00+00:00,,,-0.0041788040028876,,
2023-12-20 13:30:00+00:00,,0.0294454885424111,,,
2023-12-21 03:00:00+00:00,0.0179800000000001,,,,0.017980000000000107
2023-12-22 12:30:00+00:00,,,-0.0065084531581852,,
2023-12-24 22:00:00+00:00,-0.03197,,,0.0320281850293691,-0.031970000000000054
2023-12-26 09:30:00+00:00,-0.03197,-0.0378717887875548,,,-0.031970000000000054
2023-12-27 23:00:00+00:00,0.0184610811913428,,,,0.01846108119134282
2023-12-28 08:30:00+00:00,,,-0.0034164995510934,,
2023-12-29 16:00:00+00:00,-0.03197,,,,-0.031970000000000054
2023-12-29 22:00:00+00:00,,,,-0.0435176270118801,
2024-01-01 06:00:00+00:00,,,-0.0080175184955499,,
2024-01-02 12:30:00+00:00,,0.0533735164198736,,,
2024-01-02 15:00:00+00:00,0.0737652389938916,,,,0.07376523899389165
2024-01-02 21:30:00+00:00,,,0.0468695781441601,,
2024-01-03 11:30:00+00:00,-0.03197,,,,-0.031970000000000054
2024-01-03 12:00:00+00:00,,,,-0.0011070096930395,
2024-01-05 02:00:00+00:00,0.0179800000000001,,,,0.017980000000000107
2024-01-05 04:00:00+00:00,,,-0.0152869351730149,,
2024-01-05 17:00:00+00:00,-0.0219800000000001,,,,
2024-01-08 00:30:00+00:00,,,-0.0059482351646937,,
2024-01-09 05:30:00+00:00,,0.0326919813527049,,,
2024-01-09 07:00:00+00:00,0.0620874115026937,,,,
2024-01-09 12:30:00+00:00,-0.02198,,,,
2024-01-09 21:00:00+00:00,-0.02198,,,,
2024-01-09 22:00:00+00:00,,,0.005563496385649,,
2024-01-10 11:30:00+00:00,,,,0.0108877322978877,
2024-01-10 20:30:00+00:00,-0.0219800000000001,,,,
2024-01-10 21:30:00+00:00,-0.02198,,,,
2024-01-11 14:30:00+00:00,,0.0417724745433147,,,
2024-01-11 15:30:00+00:00,,-0.0365203648414158,,,
2024-01-12 03:30:00+00:00,,,-0.0257635212767559,,
2024-01-12 15:00:00+00:00,-0.02198,,,-0.0604086718284205,
2024-01-14 23:00:00+00:00,-0.02198,,,,
2024-01-18 16:30:00+00:00,-0.0219800000000001,-0.0177256443448401,,-0.0362927162508982,
2024-01-19 16:30:00+00:00,-0.02198,,,,
2024-01-22 04:00:00+00:00,-0.02198,,,,
2024-01-22 09:30:00+00:00,,-0.0244821850998092,,,
2024-01-25 17:00:00+00:00,,,-0.0136659104773001,,
2024-01-27 01:00:00+00:00,,0.0201579206914455,,,
2024-01-27 04:30:00+00:00,0.0679320833179992,,,,
2024-01-28 18:00:00+00:00,,,0.0268833942850785,,
2024-01-28 19:30:00+00:00,,,,0.0278713684324336,
2024-01-30 10:00:00+00:00,0.0330890959616825,,,,
2024-01-31 00:30:00+00:00,,,-0.003941388823892,,
2024-01-31 10:30:00+00:00,-0.0219800000000001,-0.0181049944168822,,-0.0116860496824697,
2024-01-31 21:00:00+00:00,-0.0219800000000001,,,,
2024-01-31 22:30:00+00:00,,,-0.0241653841093618,,
2024-02-04 00:30:00+00:00,,,-0.0090823948944606,,
2024-02-05 15:30:00+00:00,-0.0119899999999999,,,,
2024-02-05 16:00:00+00:00,,-0.0181528176866486,,,
2024-02-05 18:00:00+00:00,,,-0.0093501641239668,,
2024-02-07 04:00:00+00:00,,,-0.014811240153898,,
2024-02-08 14:00:00+00:00,,0.0226923701026202,,,
2024-02-09 15:00:00+00:00,,0.0338350842902515,,,
2024-02-10 11:00:00+00:00,0.098459201029851,,0.0731180340320314,,
2024-02-11 03:30:00+00:00,,0.0218316355691885,,,
2024-02-12 10:00:00+00:00,,-0.0179320620244537,,,
2024-02-12 11:00:00+00:00,,,-0.002123941267388,,
2024-02-12 14:30:00+00:00,0.02797,,,,
2024-02-13 14:00:00+00:00,,-0.019631451433243,,,
2024-02-13 14:30:00+00:00,,,-0.0174999514456821,,
2024-02-13 17:00:00+00:00,-0.0119899999999999,,,,
2024-02-15 00:30:00+00:00,,0.0319658677312721,,,
2024-02-15 21:00:00+00:00,,,0.0064091749104859,,
2024-02-16 03:00:00+00:00,0.02797,,,,
2024-02-16 09:00:00+00:00,-0.01199,,,,
2024-02-17 13:00:00+00:00,-0.0119899999999999,,,,
2024-02-19 20:00:00+00:00,,,-0.0093365392185539,,
2024-02-20 01:00:00+00:00,-0.01199,,,,
2024-02-20 14:30:00+00:00,-0.0128541705226368,-0.0196514251674235,,,
2024-02-21 07:00:00+00:00,-0.0119899999999999,,,,
2024-02-22 13:00:00+00:00,-0.0119899999999999,,,,
2024-02-23 08:30:00+00:00,-0.0119899999999999,,,,
2024-02-26 03:00:00+00:00,,,-0.0039592686302768,,
2024-02-26 09:00:00+00:00,,,,0.1829390537840909,
2024-02-27 14:30:00+00:00,,0.0737571214214058,,,
2024-02-28 20:30:00+00:00,,0.0297587710246269,,,
2024-02-29 17:00:00+00:00,0.2131384354941654,,,,
2024-02-29 18:30:00+00:00,,,0.1425173808471849,,
2024-03-04 00:30:00+00:00,,0.0377524590820559,,,
2024-03-08 11:30:00+00:00,0.02797,,,,0.02797000000000005
2024-03-10 05:00:00+00:00,,0.0388634867537958,,,
2024-03-10 22:30:00+00:00,,,0.0192302896660061,,
2024-03-11 00:30:00+00:00,,,,0.0307617696053261,
2024-03-11 07:00:00+00:00,0.02797,,,,0.02797000000000005
2024-03-12 14:00:00+00:00,0.0279699999999998,,,,0.02796999999999983
2024-03-12 17:00:00+00:00,-0.0319699999999999,-0.021499109418727,-0.0158139368896248,,-0.03196999999999994
2024-03-14 13:30:00+00:00,,,-0.007004384419877,,
2024-03-14 16:30:00+00:00,-0.03197,,,,-0.031970000000000054
2024-03-14 18:30:00+00:00,,-0.0349153174676537,,0.0030589003326328,
2024-03-15 18:30:00+00:00,0.0279699999999998,,,,0.02796999999999983
2024-03-16 11:00:00+00:00,-0.03197,,,,-0.031970000000000054
2024-03-16 23:00:00+00:00,,,,-0.0571806947820596,
2024-03-18 15:00:00+00:00,,,-0.0189005699226409,,
2024-03-19 01:30:00+00:00,,-0.0337576581859533,,,
2024-03-19 03:30:00+00:00,-0.03197,,,,-0.031970000000000054
2024-03-19 07:00:00+00:00,,,,-0.0466343553254811,
2024-03-19 20:00:00+00:00,-0.03197,,,,-0.031970000000000054
2024-03-20 05:00:00+00:00,-0.03197,,,,-0.031970000000000054
2024-03-21 09:00:00+00:00,0.065229287279138,,,,0.06522928727913802
2024-03-21 18:00:00+00:00,,,-0.0029032606023883,,
2024-03-22 11:30:00+00:00,-0.03197,,,,-0.031970000000000054
2024-03-22 13:30:00+00:00,,-0.0507311371522388,,-0.0377540413100563,
2024-03-24 00:30:00+00:00,,,-0.0154701914041839,,
2024-03-25 04:00:00+00:00,,0.0247387056448451,,,
2024-03-25 10:30:00+00:00,0.0443169875730815,,,,0.04431698757308156
2024-03-25 14:00:00+00:00,,0.025601525072475,,,
2024-03-26 05:30:00+00:00,0.0467970171134493,,,,0.0467970171134493
2024-03-26 07:00:00+00:00,,0.0311368795886251,,,
2024-03-26 14:30:00+00:00,-0.0319699999999999,,,,-0.03196999999999994
2024-03-26 20:00:00+00:00,,,0.0562979129510734,,
2024-03-29 05:30:00+00:00,,,-0.0041042542839311,,
2024-03-30 19:00:00+00:00,,,,0.0830298351898715,
2024-04-01 05:00:00+00:00,,-0.0103558820880603,,,
2024-04-01 05:30:00+00:00,,,-0.0009161896750178,-0.0167609192361745,
2024-04-01 15:00:00+00:00,-0.0319699999999999,,,,-0.03196999999999994
2024-04-02 02:30:00+00:00,-0.0319699999999999,,,,-0.03196999999999994
2024-04-05 06:30:00+00:00,,,0.0022081128483413,,
2024-04-05 12:30:00+00:00,,-0.022327065404643,,,
2024-04-07 11:00:00+00:00,0.021621071198445,,,,0.02162107119844503
2024-04-08 20:30:00+00:00,0.0201890656353174,,,,0.020189065635317416
2024-04-09 05:00:00+00:00,,,0.0404235785702491,,
2024-04-09 07:30:00+00:00,,-0.0251809809625963,,,
2024-04-11 15:30:00+00:00,,,-0.014612471981456,,
2024-04-12 14:30:00+00:00,,-0.0229676440097172,,,
2024-04-12 16:00:00+00:00,-0.0219800000000001,,,,-0.02198000000000011
2024-04-13 19:30:00+00:00,-0.02198,,,,-0.02198
2024-04-14 14:30:00+00:00,-0.02198,,,,-0.02198
2024-04-14 17:00:00+00:00,-0.02198,-0.0318299278078302,,,-0.02198
2024-04-15 14:30:00+00:00,,-0.0340903016448067,,,
2024-04-15 15:00:00+00:00,-0.02198,,,,-0.02198
2024-04-15 16:00:00+00:00,,,-0.0304923027990012,,
2024-04-17 11:30:00+00:00,-0.02198,,,,-0.02198
2024-04-18 23:30:00+00:00,0.0229233421458612,,,,0.022923342145861225
2024-04-19 01:00:00+00:00,-0.02198,,,,-0.02198
2024-04-19 02:00:00+00:00,,,-0.0457468805902417,,
2024-04-19 23:00:00+00:00,-0.02198,,,,-0.02198
2024-04-20 10:30:00+00:00,,,-0.029288523911446,,
2024-04-21 20:00:00+00:00,,,-0.012967137220082,,
2024-04-22 16:00:00+00:00,0.0179799999999998,,,,0.017979999999999885
2024-04-23 08:30:00+00:00,,,0.000751408540603,,
2024-04-24 14:00:00+00:00,-0.02198,,,,-0.02198
2024-04-25 13:00:00+00:00,,,,-0.0269707744783304,
2024-04-25 14:30:00+00:00,,-0.0209323536358707,,,
2024-04-26 13:30:00+00:00,,,-0.017069426035755,,
2024-04-26 15:00:00+00:00,-0.02198,,,,-0.02198
2024-04-28 23:30:00+00:00,,,-0.0206868696770171,,
2024-04-29 05:30:00+00:00,,,,-0.0372336315115022,
2024-04-29 06:30:00+00:00,-0.02198,,,,-0.02198
2024-04-30 08:00:00+00:00,,-0.0195783819220549,,,
2024-04-30 09:00:00+00:00,,,-0.0338807671363265,,
2024-04-30 09:30:00+00:00,-0.02198,,,,-0.02198
2024-04-30 19:30:00+00:00,,,,-0.057856535542349,
2024-05-02 01:30:00+00:00,-0.02198,,,,-0.02198
2024-05-02 12:00:00+00:00,0.0179800000000001,,,,0.017980000000000107
2024-05-03 03:00:00+00:00,0.0179800000000001,,,,0.017980000000000107
2024-05-03 13:30:00+00:00,,0.0396010789917224,,,
2024-05-04 08:30:00+00:00,0.0518787891769094,,,,0.05187878917690947
2024-05-06 07:30:00+00:00,0.0179799999999998,,,,
2024-05-06 10:30:00+00:00,,-0.0212830593854139,,,
2024-05-06 14:30:00+00:00,-0.02198,,,,
2024-05-07 23:00:00+00:00,-0.02198,,,,
2024-05-10 12:00:00+00:00,0.0179800000000001,,,,
2024-05-10 14:30:00+00:00,,-0.0217914734719583,,,
2024-05-10 17:30:00+00:00,,,,-0.0274359599147806,
2024-05-13 20:30:00+00:00,0.0202060547102886,,,,
2024-05-14 06:00:00+00:00,,-0.0165062038313318,,,
2024-05-16 01:30:00+00:00,,0.0337149844324367,,,
2024-05-16 06:30:00+00:00,0.0629781750520397,,,,
2024-05-16 14:30:00+00:00,,,0.0143347636666963,,
2024-05-17 19:30:00+00:00,0.0200390810340087,,,,
2024-05-19 23:00:00+00:00,,0.0037170072010739,,,
2024-05-21 07:30:00+00:00,,0.0363975332119568,,,
2024-05-21 11:30:00+00:00,0.0626864821348482,,,,
2024-05-21 14:00:00+00:00,,,0.0287677675190032,,
2024-05-23 13:30:00+00:00,-0.0219800000000001,,,,
2024-05-23 18:00:00+00:00,,,,0.102103192422382,
2024-05-27 15:00:00+00:00,0.0179800000000001,,,,
2024-05-28 03:00:00+00:00,-0.0219800000000001,,,,
2024-05-28 04:00:00+00:00,,,,-0.0073257149001296,
2024-05-28 04:30:00+00:00,,-0.0244581390487317,,,
2024-05-30 20:00:00+00:00,,-0.0166352248478311,,,
2024-05-31 16:00:00+00:00,-0.02198,,,,
2024-06-05 04:00:00+00:00,0.0242659108925213,,,,
2024-06-06 16:30:00+00:00,,,,0.0068425604219291,
2024-06-07 15:00:00+00:00,,,,-0.0126125902582296,
2024-06-07 18:00:00+00:00,-0.0219800000000001,,,,
2024-06-14 16:00:00+00:00,-0.0219799999999998,,,,
2024-06-18 00:30:00+00:00,,,,-0.0160790766193968,
2024-06-18 01:30:00+00:00,-0.02198,,,,
2024-06-21 08:30:00+00:00,-0.02198,,,,
2024-06-24 00:00:00+00:00,-0.0219800000000001,,,,
2024-06-28 19:30:00+00:00,-0.02198,,,,
2024-06-30 22:00:00+00:00,0.0179799999999998,,,,
2024-07-01 08:30:00+00:00,,,,0.010208251304099,
2024-07-01 22:00:00+00:00,,,,-0.0165514820032127,
2024-07-02 14:30:00+00:00,,-0.0232237011270097,,,
2024-07-02 19:30:00+00:00,,,-0.0027613001629192,,
2024-07-03 01:30:00+00:00,-0.0219800000000001,,,,
2024-07-04 23:30:00+00:00,-0.02198,,,,
2024-07-07 04:30:00+00:00,0.0221983767031639,,,,
2024-07-08 14:30:00+00:00,-0.0413627206405244,,,,
2024-07-09 10:30:00+00:00,0.019990174643732,,,,
2024-07-10 11:30:00+00:00,0.0179800000000001,,,,
2024-07-10 12:30:00+00:00,,,,-0.0073727927585107,
2024-07-10 20:00:00+00:00,-0.02198,,,,
2024-07-11 14:00:00+00:00,,,,-0.0233226510415058,
2024-07-12 01:00:00+00:00,-0.0219800000000001,,,,
2024-07-13 22:00:00+00:00,0.0179800000000001,,,,
2024-07-14 21:00:00+00:00,0.0179800000000001,,,,
2024-07-15 16:00:00+00:00,0.0265248723977729,,,,
2024-07-16 02:30:00+00:00,,0.0290470345061084,,,
2024-07-16 05:30:00+00:00,,,,0.0655794243560381,
2024-07-16 15:00:00+00:00,0.0179799999999998,,,,
2024-07-17 11:30:00+00:00,,,,-0.0067740203094697,
2024-07-18 00:30:00+00:00,,,0.0720557856925243,,
2024-07-18 19:00:00+00:00,-0.02198,,,,
2024-07-20 04:30:00+00:00,0.0342949607920655,,,,
2024-07-21 17:30:00+00:00,,,,0.0044649397676685,
2024-07-21 18:00:00+00:00,-0.0219799999999998,,,,
2024-07-22 06:30:00+00:00,,,,-0.0088246687758031,
2024-07-22 14:30:00+00:00,,,0.0067854697036695,,
2024-07-23 13:30:00+00:00,-0.02198,,,,
2024-07-24 02:30:00+00:00,,-0.0201887042280611,,,
2024-07-24 21:30:00+00:00,-0.02198,,,,
2024-07-26 14:30:00+00:00,0.0354580535936455,,,,
2024-07-27 19:00:00+00:00,,,,0.0083811022647015,
2024-07-27 21:00:00+00:00,0.0179800000000001,,,,
2024-07-28 00:00:00+00:00,-0.02198,,,,
2024-07-28 03:30:00+00:00,,,0.0081398722362366,,
2024-07-29 12:30:00+00:00,,0.02817854285838,,,
2024-07-29 14:00:00+00:00,,,,-0.0098613669417351,
2024-07-29 16:00:00+00:00,,,-0.0199159084819876,,
2024-07-29 16:30:00+00:00,-0.02198,,,,
2024-07-31 19:30:00+00:00,-0.02198,,,,
2024-08-02 02:00:00+00:00,-0.0219800000000001,,,,
2024-08-03 19:00:00+00:00,-0.0319699999999999,,,,
2024-08-04 16:30:00+00:00,-0.03197,,,,
2024-08-05 17:00:00+00:00,-0.03197,,,,
2024-08-06 04:30:00+00:00,0.0212938967749052,,,,
2024-08-06 14:30:00+00:00,0.0179799999999998,,,,
2024-08-07 18:30:00+00:00,-0.03197,,,,
2024-08-08 14:30:00+00:00,0.0179800000000001,,,,
2024-08-09 05:00:00+00:00,,,,0.0481611231891814,
2024-08-09 10:00:00+00:00,0.029158216972366,,,,
2024-08-11 09:00:00+00:00,0.0179799999999998,,,,
2024-08-11 12:30:00+00:00,,,0.0131509446619422,,
2024-08-12 14:00:00+00:00,-0.0319699999999999,,,,
2024-08-13 03:00:00+00:00,,-0.0033294000160507,,,
2024-08-14 05:00:00+00:00,0.0207091672197614,,,,
2024-08-14 13:30:00+00:00,,,,-0.0208077210464987,
2024-08-14 14:00:00+00:00,-0.03197,,,,
2024-08-15 18:00:00+00:00,-0.03197,,,,
2024-08-17 16:30:00+00:00,0.0179800000000001,,,,
2024-08-18 03:30:00+00:00,,,,-0.0101406900854676,
2024-08-18 17:00:00+00:00,,,,-0.0160344477538889,
2024-08-19 00:00:00+00:00,-0.0319699999999999,,,,
2024-08-20 12:30:00+00:00,0.027665964020205,,,,
2024-08-20 13:30:00+00:00,,,,-0.0007752761002243,
2024-08-20 15:00:00+00:00,,-0.0287191782302103,,,
2024-08-20 15:30:00+00:00,,,-0.0277698311376315,,
2024-08-22 02:30:00+00:00,,,,-0.0172030262103574,
2024-08-22 10:30:00+00:00,0.0179800000000001,,,,
2024-08-22 16:00:00+00:00,,,-0.0155178880070546,,
2024-08-23 14:00:00+00:00,0.0179800000000001,,,,
2024-08-23 14:30:00+00:00,,,,-0.01738318262439,
2024-08-24 07:30:00+00:00,0.0366386593193637,,,,
2024-08-24 15:30:00+00:00,,,,0.0237882947386836,
2024-08-25 23:30:00+00:00,,,,-0.0127871323739863,
2024-08-26 08:00:00+00:00,,,0.0059496260496487,,
2024-08-27 10:00:00+00:00,-0.03197,,,,
2024-08-27 15:30:00+00:00,,-0.034781506456449,,,
2024-08-28 16:00:00+00:00,-0.03197,,,,
2024-09-01 22:00:00+00:00,,,,-0.0165476172177138,
2024-09-03 08:30:00+00:00,,,,0.005617031860122,
2024-09-03 14:00:00+00:00,-0.01199,,,,
2024-09-05 03:00:00+00:00,,,,0.0054787934360707,
2024-09-05 03:30:00+00:00,-0.01199,,,,
2024-09-05 19:00:00+00:00,-0.0119899999999999,,,,
2024-09-06 07:00:00+00:00,-0.0119899999999999,,,,
2024-09-06 14:00:00+00:00,-0.0191783625520206,,,-0.0231683800978458,
2024-09-07 21:30:00+00:00,,,,-0.0106343001606131,
2024-09-08 15:00:00+00:00,,,,-0.012102502949277,
2024-09-08 22:00:00+00:00,0.02797,,,,
2024-09-08 23:00:00+00:00,-0.0142864206922784,,,,
2024-09-09 18:30:00+00:00,0.02797,,,,
2024-09-10 00:00:00+00:00,,,,0.0347377791844156,
2024-09-10 04:30:00+00:00,-0.01199,,,,
2024-09-11 01:30:00+00:00,,,,-0.0113100796514385,
2024-09-11 04:00:00+00:00,-0.0119899999999999,,,,
2024-09-11 06:00:00+00:00,,,-0.0167957860224107,,
2024-09-12 04:00:00+00:00,0.02797,,,,
2024-09-12 13:30:00+00:00,,,,0.0028331499245359,
2024-09-12 21:30:00+00:00,-0.01199,,,,
2024-09-13 12:00:00+00:00,,,,-0.0145745074900909,
2024-09-13 15:30:00+00:00,,0.038586245305358,,,
2024-09-14 11:00:00+00:00,,,,0.0225022480667693,
2024-09-15 17:00:00+00:00,,,,-0.0066499860334673,
2024-09-15 21:00:00+00:00,,,-0.0050133111225637,,
2024-09-16 01:00:00+00:00,-0.01199,,,,
2024-09-16 14:30:00+00:00,,-0.0384607349107339,,,
2024-09-17 14:00:00+00:00,0.02797,,,,
2024-09-17 19:30:00+00:00,,,,0.023939402925778,
2024-09-18 10:00:00+00:00,-0.01199,,,,
2024-09-18 18:30:00+00:00,,0.0297041427763762,,,
2024-09-18 20:00:00+00:00,-0.0119899999999999,,,-0.0148008712658175,
2024-09-19 10:00:00+00:00,0.02797,,,,
2024-09-19 17:00:00+00:00,,0.0302607016541529,,,
2024-09-20 01:00:00+00:00,-0.0119899999999999,,,,
2024-09-20 08:30:00+00:00,-0.01199,,,,
2024-09-20 13:00:00+00:00,,,,0.0255785952134945,
2024-09-21 06:00:00+00:00,,,0.0112290569711845,,
2024-09-22 02:00:00+00:00,,,,-0.0048825080984266,
2024-09-22 22:00:00+00:00,,,,-0.0084206147841409,
2024-09-23 00:00:00+00:00,,,,-0.0073745516700994,
2024-09-23 00:30:00+00:00,-0.0127826287735886,,,,
2024-09-23 04:00:00+00:00,-0.0119899999999999,,,,
2024-09-23 07:00:00+00:00,,,,-0.0099881682678458,
2024-09-24 14:00:00+00:00,,,,-0.0094269275648115,
2024-09-25 06:30:00+00:00,,,,-0.0049635425847401,
2024-09-25 09:30:00+00:00,-0.01199,,,,
2024-09-27 14:00:00+00:00,0.02797,,,,
2024-09-27 18:00:00+00:00,-0.01199,,,,
2024-09-28 08:00:00+00:00,,,,0.0323068928642646,
2024-09-28 21:00:00+00:00,,,0.0019435730291301,,
2024-09-29 04:00:00+00:00,,0.0158278778614762,,,
2024-09-29 07:30:00+00:00,,,,-0.0077505753624765,
2024-09-29 23:00:00+00:00,,,,-0.0064973556462244,
2024-10-02 11:00:00+00:00,-0.01199,,,,
2024-10-02 18:00:00+00:00,-0.01199,,,,
2024-10-03 07:30:00+00:00,-0.0119899999999999,,,,
2024-10-06 14:30:00+00:00,0.02797,,,,
2024-10-08 00:00:00+00:00,,,-0.0100516136005351,,
2024-10-08 07:00:00+00:00,-0.01199,,,,
2024-10-09 08:30:00+00:00,,,,-0.0069921373197533,
2024-10-11 14:00:00+00:00,0.02797,,,,
2024-10-13 15:00:00+00:00,,,-0.0026107454957384,,
2024-10-13 22:30:00+00:00,,-0.0039688483422868,,,
2024-10-14 08:00:00+00:00,0.0439395285423784,,,,
2024-10-14 16:00:00+00:00,,0.0223923794712286,,,
2024-10-15 13:30:00+00:00,0.02797,,,,
2024-10-15 15:00:00+00:00,-0.0356945817198262,,,,
2024-10-17 20:00:00+00:00,,,0.0402176040248321,,
2024-10-18 15:00:00+00:00,0.02797,,,,
2024-10-21 10:00:00+00:00,,,-0.0059583101238164,,
2024-10-21 13:00:00+00:00,-0.0119899999999999,,,0.0845591366792233,
2024-10-24 21:00:00+00:00,0.02797,0.0124492914609988,,,
2024-10-25 00:30:00+00:00,-0.0119899999999999,,,,
2024-10-25 17:30:00+00:00,-0.01199,,,,
2024-10-25 18:00:00+00:00,,,-0.0278588002098758,-0.0274723269524685,
2024-10-28 12:30:00+00:00,0.02797,,,,
2024-10-29 14:00:00+00:00,0.02797,,,,
2024-10-29 16:00:00+00:00,,0.0148102559571658,,,
2024-10-30 13:00:00+00:00,-0.01199,,,,
2024-10-30 21:30:00+00:00,-0.01199,,,,
2024-11-02 22:00:00+00:00,,,,-0.0298616263152917,
2024-11-03 02:00:00+00:00,-0.0219799999999998,,,,
2024-11-04 21:30:00+00:00,-0.0219800000000001,,,,
2024-11-05 14:30:00+00:00,0.02797,,,,
2024-11-06 05:30:00+00:00,0.0609205418614513,,,,
2024-11-06 13:30:00+00:00,,0.0197018255961602,,,0.019701825596160294
2024-11-07 20:00:00+00:00,0.0279699999999998,,,,
2024-11-10 04:30:00+00:00,0.02797,,,,
2024-11-10 18:00:00+00:00,,0.0202725330835185,,,0.020272533083518507
2024-11-10 22:00:00+00:00,0.02797,,,,
2024-11-11 15:00:00+00:00,0.02797,,,,
2024-11-11 22:30:00+00:00,0.0347259097259537,,,,
2024-11-12 06:00:00+00:00,,0.0425687671467978,,,0.042568767146797803
2024-11-12 10:30:00+00:00,-0.02198,,,,
2024-11-13 04:30:00+00:00,-0.02198,,,,
2024-11-13 17:00:00+00:00,0.0517707726138594,,,,
2024-11-14 15:00:00+00:00,-0.02198,,,,
2024-11-14 16:00:00+00:00,,-0.0458359527637336,,,-0.045835952763733645
2024-11-14 21:00:00+00:00,-0.02198,,,,
2024-11-17 21:00:00+00:00,,,,0.2837339036853539,
2024-11-17 22:00:00+00:00,,,0.2717805628922642,,
2024-11-18 06:30:00+00:00,0.02797,,,,
2024-11-18 11:30:00+00:00,-0.02198,,,,
2024-11-19 18:00:00+00:00,0.02797,,,,
2024-11-19 22:30:00+00:00,-0.02198,,,,
2024-11-21 06:30:00+00:00,0.0280174733719318,,,,
2024-11-24 12:30:00+00:00,,,,0.0523613520648686,
2024-11-24 13:00:00+00:00,,,0.0544207975586541,,
2024-11-25 14:30:00+00:00,-0.0219799999999998,,,,
2024-11-25 16:00:00+00:00,,,-0.0271518132615758,,
2024-11-25 19:00:00+00:00,,,,-0.0413691913455978,
2024-11-26 08:00:00+00:00,-0.02198,,,,
2024-11-26 20:00:00+00:00,-0.02198,,,,
2024-11-27 15:30:00+00:00,0.02797,,,,
2024-11-29 16:30:00+00:00,0.02797,,,,
2024-11-30 01:00:00+00:00,,-0.0044679998736733,,,-0.004467999873673301
2024-12-04 20:00:00+00:00,0.02797,,,,
2024-12-05 22:00:00+00:00,-0.03197,-0.0434087813617294,,-0.0162514312986603,-0.04340878136172943
2024-12-09 07:00:00+00:00,-0.0319699999999999,,,,
2024-12-09 11:30:00+00:00,,,0.0133150217867377,,
2024-12-14 15:30:00+00:00,,0.0089785387990146,,,0.008978538799014668
2024-12-16 04:30:00+00:00,0.0391377543896871,,,,
2024-12-18 05:30:00+00:00,,,0.0434548258023659,,
2024-12-18 19:30:00+00:00,,,,0.0150681213864316,
2024-12-18 20:00:00+00:00,-0.0319699999999999,-0.0530322574413503,,,-0.05303225744135032
2024-12-22 14:30:00+00:00,-0.0319699999999999,,,,
2024-12-26 09:30:00+00:00,,,-0.0212754587098119,,
2024-12-27 07:30:00+00:00,,,,-0.0328003923360765,
2024-12-27 15:00:00+00:00,-0.0319699999999999,,,,
2024-12-29 05:00:00+00:00,,-0.0338795847798052,,,-0.03387958477980524
2025-01-02 12:30:00+00:00,0.02797,,,,
2025-01-06 14:00:00+00:00,,0.0371121271306817,,,0.037112127130681793
2025-01-06 14:30:00+00:00,0.02797,,,,
2025-01-07 15:00:00+00:00,-0.03197,-0.0283970802756183,,0.03503718862192,-0.02839708027561838
2025-01-07 16:30:00+00:00,,,0.0233572212448707,,
2025-01-13 10:00:00+00:00,,,,-0.0374015647680335,
2025-01-13 10:30:00+00:00,-0.03197,,,,
2025-01-15 01:30:00+00:00,0.02797,,,,
2025-01-15 13:30:00+00:00,,0.032365341822905,,,0.03236534182290507
2025-01-17 14:00:00+00:00,0.0285355937760221,,,,
2025-01-17 15:00:00+00:00,,0.0339375864428763,,,0.033937586442876366
2025-01-19 23:00:00+00:00,,-0.0399026538496318,,0.0477967968245478,-0.039902653849631875
2025-01-19 23:30:00+00:00,-0.03197,,,,
2025-01-20 01:00:00+00:00,,,0.050249444980466,,
2025-01-20 17:30:00+00:00,-0.0327261970243303,-0.0740720396268924,,,-0.07407203962689246
2025-01-21 01:30:00+00:00,,,-0.0743057607090103,,
2025-01-23 00:00:00+00:00,,,,-0.0316865524233515,
2025-01-23 02:30:00+00:00,,,-0.0437889818360605,,
2025-01-23 10:30:00+00:00,-0.03197,,,,
2025-01-27 00:00:00+00:00,,,-0.0381984994677785,,
2025-01-27 00:30:00+00:00,-0.0319699999999999,,,,
2025-01-27 01:00:00+00:00,,-0.0471359379002912,,,-0.04713593790029125
2025-01-31 00:30:00+00:00,,,-0.0087665822256773,,
2025-02-01 22:00:00+00:00,-0.03197,,,,
2025-02-03 19:30:00+00:00,0.02797,,,,
2025-02-04 05:00:00+00:00,-0.03197,,,,
2025-02-04 06:00:00+00:00,,,-0.0326949545696167,,
2025-02-07 20:00:00+00:00,-0.03197,,,,
2025-02-16 02:00:00+00:00,,-0.0375802139634257,,,-0.0375802139634257
2025-02-16 07:30:00+00:00,,,,-0.0147933527045999,
2025-02-21 15:30:00+00:00,,,,-0.0160909998548066,
2025-02-21 18:00:00+00:00,,,-0.0066803979169516,,
2025-02-21 20:30:00+00:00,,-0.0364220045063702,,,-0.03642200450637023
2025-03-02 15:00:00+00:00,0.02797,,,,
2025-03-03 05:00:00+00:00,0.0418634617959237,,,,
2025-03-03 18:00:00+00:00,,,-0.0278945172271292,0.0086798524260192,
2025-03-05 10:00:00+00:00,0.02797,,,,
2025-03-05 16:00:00+00:00,-0.0219799999999998,,,,
2025-03-06 01:30:00+00:00,0.02797,,,,
2025-03-06 12:30:00+00:00,-0.02198,,,,
2025-03-06 14:30:00+00:00,,,-0.0287246586018105,,
2025-03-07 16:00:00+00:00,-0.02198,,,,
2025-03-10 14:00:00+00:00,-0.02198,,,,
2025-03-10 17:00:00+00:00,,-0.0891078715558777,,,
2025-03-11 18:00:00+00:00,0.02797,,,,
2025-03-12 15:00:00+00:00,-0.0219800000000001,,,,
2025-03-13 13:30:00+00:00,-0.0219800000000001,,,,
2025-03-14 15:00:00+00:00,0.02797,,,,
2025-03-16 11:00:00+00:00,-0.0219800000000001,,,-0.018286031876031,
2025-03-19 18:30:00+00:00,0.02797,,,,
2025-03-20 16:30:00+00:00,-0.02198,,-0.0207860730257084,,
2025-03-21 12:30:00+00:00,,,,-0.0155476586672367,
2025-03-24 23:00:00+00:00,,0.0533907524219734,,,
2025-03-25 07:00:00+00:00,,,0.0032454100426917,,
2025-03-26 14:30:00+00:00,,,-0.0165247819187063,,
2025-03-28 07:00:00+00:00,,,,0.0020199742642348,
2025-03-28 14:00:00+00:00,-0.0219800000000001,,,,
2025-04-01 08:00:00+00:00,,0.0122032694514364,,,
2025-04-01 14:00:00+00:00,,-0.0164766664038487,,,
2025-04-02 06:00:00+00:00,,-0.0175134731534927,-0.0165578047625331,,
2025-04-02 20:00:00+00:00,0.02797,0.0140672918845217,,,
2025-04-02 21:00:00+00:00,,,,0.0118078549631637,
2025-04-02 22:30:00+00:00,,,-0.0397800488417912,,
2025-04-04 11:00:00+00:00,,-0.0205010882593269,,,
2025-04-07 03:30:00+00:00,-0.02198,,,,
2025-04-07 14:30:00+00:00,,0.0221570417899152,,,
2025-04-08 01:30:00+00:00,0.02797,,,,
2025-04-08 17:00:00+00:00,,-0.0271723731446396,,,
2025-04-09 17:00:00+00:00,0.02797,0.0275475021696929,,,
2025-04-09 20:30:00+00:00,0.0279699999999998,,,,
2025-04-09 22:00:00+00:00,,0.0295844763295278,,,
2025-04-10 15:30:00+00:00,,,-0.0386121641443019,-0.0295900753279582,
2025-04-13 14:30:00+00:00,,,-0.0019143458463493,,
2025-04-13 19:00:00+00:00,,0.0062740795392342,,,
2025-04-13 19:30:00+00:00,,,,-0.005866216531655,
2025-04-15 22:30:00+00:00,,,,-0.029848575563119,
2025-04-20 09:30:00+00:00,,,,-0.0140211973983519,
2025-04-21 00:30:00+00:00,0.02797,,,,
2025-04-21 14:00:00+00:00,,0.0136707859898506,,,
2025-04-21 17:00:00+00:00,,-0.0174811878539273,,,
2025-04-22 13:00:00+00:00,0.02797,,,,
2025-04-22 19:00:00+00:00,,0.0140517989886939,,,
2025-04-22 21:30:00+00:00,0.02797,,,,
2025-04-23 13:30:00+00:00,,0.014969105012073,,,
2025-04-24 08:30:00+00:00,-0.0219800000000001,,,,
2025-04-26 21:00:00+00:00,,,0.075751135256082,,
2025-04-27 05:00:00+00:00,,-0.0183911279862823,,0.0924884906594791,
2025-05-03 01:30:00+00:00,,,-0.0076157370442248,,
2025-05-04 10:00:00+00:00,,,,-0.0046317687241923,
2025-05-06 13:30:00+00:00,,-0.0371287518812202,,,
2025-05-08 08:00:00+00:00,0.02797,,,,0.02797000000000005
2025-05-08 15:00:00+00:00,,0.0264255915495654,,,
2025-05-10 07:00:00+00:00,,0.0309491621289339,,,
2025-05-12 13:00:00+00:00,,,0.0643037664892653,,
2025-05-12 14:30:00+00:00,,,,0.0636109522059529,
2025-05-12 18:30:00+00:00,-0.0219800000000001,,,,-0.02198000000000011
2025-05-18 19:30:00+00:00,,,,-0.0085424909105562,
2025-05-18 22:00:00+00:00,,,-0.014664117686082,,
2025-05-19 03:00:00+00:00,-0.02198,,,,-0.02198
2025-05-19 04:00:00+00:00,,,-0.0287299905395999,-0.0261015379861226,
2025-05-19 05:00:00+00:00,,-0.0220183910725717,,,
2025-05-20 11:00:00+00:00,,,-0.0154289441982684,,
2025-05-21 17:30:00+00:00,-0.02198,,,,-0.02198
2025-05-21 23:00:00+00:00,,0.0345264138307057,,,
2025-05-23 12:00:00+00:00,,,,0.006316669341033,
2025-05-23 12:30:00+00:00,,,0.0060052255805815,,
2025-05-27 01:00:00+00:00,,,,-0.0261468747147542,
2025-05-28 14:30:00+00:00,,,,-0.0273567685927895,
2025-06-04 14:00:00+00:00,,,,-0.0165982000985885,
2025-06-09 05:30:00+00:00,,,-0.0062240073261207,,
2025-06-09 14:00:00+00:00,,0.0223674255276729,,,
2025-06-10 10:30:00+00:00,,0.0151185589391986,,,
2025-06-11 18:30:00+00:00,,,0.0070955318928604,,
2025-06-11 22:00:00+00:00,,,,0.0191731450541872,
2025-06-17 00:00:00+00:00,,,,0.0006675055572544,
2025-06-17 09:00:00+00:00,,,-0.0093321664369014,,
2025-06-17 15:00:00+00:00,,-0.026086508918942,,,
2025-06-23 22:00:00+00:00,0.02797,,,,
2025-06-25 13:00:00+00:00,,0.035130943467547,,,
2025-06-27 00:00:00+00:00,,,0.011769498304248,,
2025-06-29 14:30:00+00:00,,,,-0.0035417033096848,
2025-06-30 06:30:00+00:00,,,,-0.0068778386957483,
2025-06-30 09:30:00+00:00,,,-0.0098605239782517,,
2025-06-30 14:30:00+00:00,,-0.0175108325673641,,,
2025-07-03 09:00:00+00:00,,0.0133793509094981,,,
2025-07-03 12:30:00+00:00,,,,0.000497109829183,
2025-07-03 15:30:00+00:00,,,,-0.0121661783041497,
2025-07-04 08:00:00+00:00,,,-0.008280707560227,,
2025-07-07 06:30:00+00:00,,,,-0.0097908963110288,
2025-07-07 18:00:00+00:00,,-0.020412413931072,,,
2025-07-09 14:30:00+00:00,,,,-0.0101267819955366,
2025-07-09 20:30:00+00:00,,,,0.0072787831280989,
2025-07-10 21:00:00+00:00,0.02797,0.0158988883883282,,,
2025-07-11 00:00:00+00:00,,,,0.0273107115352055,
2025-07-11 15:30:00+00:00,,,,0.0001067178631783,
2025-07-13 14:00:00+00:00,0.02797,0.0246308329519731,,,
2025-07-13 22:00:00+00:00,,,,-0.0071682546428881,
2025-07-14 11:00:00+00:00,,,,0.0153447044449386,
2025-07-14 14:30:00+00:00,,0.0180700817744843,,,
2025-07-15 01:30:00+00:00,-0.03197,,,,
2025-07-15 02:00:00+00:00,,,0.0626431153244513,,
2025-07-18 08:30:00+00:00,,,,-0.0133582150439259,
2025-07-23 06:00:00+00:00,,,,-0.0120597821426239,
2025-07-31 19:30:00+00:00,,-0.0138224984251486,,,
2025-08-01 08:30:00+00:00,,,,-0.0347439621865403,
2025-08-07 13:30:00+00:00,,0.0089984413489259,,,
2025-08-08 21:30:00+00:00,,-0.0006297153952575,,,
2025-08-09 23:30:00+00:00,,,-0.0025961272246697,,
2025-08-11 00:00:00+00:00,,0.006709429642461,,,
2025-08-11 06:30:00+00:00,,0.0156120499549956,,,
2025-08-11 21:30:00+00:00,-0.0319699999999999,,0.0025219364909363,,-0.03196999999999994
2025-08-13 13:30:00+00:00,,0.007470490546739,,,
2025-08-13 22:00:00+00:00,,0.0079035270857963,,,
2025-08-14 05:30:00+00:00,,-0.0147290349746805,,,
2025-08-14 13:00:00+00:00,,,-0.0253135202505828,,
2025-08-15 13:30:00+00:00,,,,0.0382990522494732,
2025-08-18 02:30:00+00:00,,,,-0.021891460280039,
2025-08-19 03:30:00+00:00,,-0.0154262439022259,,,
2025-08-21 16:30:00+00:00,,-0.0160056805012431,,,
2025-08-22 19:00:00+00:00,,0.0120082837891193,,,
2025-08-24 07:00:00+00:00,,,-0.0197281349123412,,
2025-08-24 19:30:00+00:00,-0.0319699999999999,,,-0.020459647745147,-0.03196999999999994
2025-08-29 02:00:00+00:00,,,-0.0163791246733056,,
2025-08-29 05:30:00+00:00,,-0.0177260458755043,,,
2025-09-01 21:30:00+00:00,,-0.0159536008216074,,,
2025-09-02 06:00:00+00:00,,0.0085002792830251,,,
2025-09-03 14:30:00+00:00,,0.0094241245395272,,,
2025-09-04 06:30:00+00:00,,,-0.0178827570966187,,
2025-09-05 07:00:00+00:00,,0.0092782541633249,,,
2025-09-05 14:00:00+00:00,,-0.015896882454773,,,
2025-09-05 17:00:00+00:00,,,-0.0189983199330102,,
2025-09-09 14:30:00+00:00,,-0.0152733324843749,,,
2025-09-09 16:00:00+00:00,,,-0.0176468086572105,,
2025-09-11 13:30:00+00:00,0.02797,,,,0.02797000000000005
2025-09-11 21:00:00+00:00,,0.0044098890562984,,,
2025-09-12 07:30:00+00:00,,,,0.0123703027175163,
2025-09-13 08:00:00+00:00,,-0.0020385680339262,,,
2025-09-13 13:30:00+00:00,,,,-0.006071918164224,
2025-09-14 15:00:00+00:00,,,0.0107098284110702,,
2025-09-15 07:30:00+00:00,,,,-0.0099696943949171,
2025-09-15 08:30:00+00:00,,-0.011633781529187,,,
2025-09-17 12:00:00+00:00,,,,-0.0062769675120307,
2025-09-17 14:00:00+00:00,,-0.0119132796283079,,,
2025-09-17 15:00:00+00:00,,,-0.0127486694149893,,
2025-09-18 03:00:00+00:00,,0.0058840566014293,,,
2025-09-18 23:00:00+00:00,,,,-0.0068042950790937,
2025-09-19 09:30:00+00:00,,-0.0121530186593714,,,
2025-09-23 18:00:00+00:00,,-0.0119280054143964,,,
2025-09-30 00:30:00+00:00,,0.0297866209477288,,,
2025-09-30 09:30:00+00:00,,-0.0165550866888201,,,
2025-10-02 13:30:00+00:00,,0.0291313248264106,,,
2025-10-03 16:00:00+00:00,,0.0290498982388796,,,
2025-10-06 18:30:00+00:00,0.0179799999999998,,,,0.017979999999999885
2025-10-07 15:00:00+00:00,,,,0.1059826394029344,
2025-10-07 16:00:00+00:00,,-0.0226001593223497,,,
2025-10-07 20:30:00+00:00,,,0.0913870396622746,,
2025-10-10 15:00:00+00:00,,,,-0.0331749447974912,
2025-10-12 15:00:00+00:00,0.0179800000000001,,,,0.017980000000000107
2025-10-14 06:30:00+00:00,,-0.034900904750038,,,
2025-10-14 10:00:00+00:00,-0.0319699999999999,,,,-0.03196999999999994
2025-10-16 09:30:00+00:00,,,,-0.0247147603464518,
2025-10-21 14:30:00+00:00,0.0179800000000001,,,,0.017980000000000107
2025-10-21 15:00:00+00:00,,0.0285918795920394,,,
2025-10-21 22:30:00+00:00,-0.03197,,,,-0.031970000000000054
2025-10-22 07:00:00+00:00,,,-0.0306651316889614,,
2025-10-22 10:30:00+00:00,,,,0.001587587589573,
2025-10-28 05:00:00+00:00,,,0.0091461709285547,,
2025-10-28 20:00:00+00:00,,-0.0274932958449067,,,
2025-10-30 15:30:00+00:00,-0.03197,,,,
2025-11-03 03:30:00+00:00,,,,-0.0245396396996199,
2025-11-03 15:00:00+00:00,-0.03197,,,,
2025-11-05 16:30:00+00:00,0.0179800000000001,,,,
2025-11-09 18:30:00+00:00,0.0179800000000001,,,,
2025-11-11 13:00:00+00:00,,,-0.0039619165311202,,
2025-11-12 15:30:00+00:00,,,,-0.0108521125647299,
2025-11-16 21:00:00+00:00,-0.03197,,,,
2025-11-17 19:30:00+00:00,,,,-0.0506598074553248,
2025-11-18 16:00:00+00:00,0.0179800000000001,,,,
2025-11-19 05:00:00+00:00,-0.03197,,,,
2025-11-20 16:00:00+00:00,-0.03197,,,,
2025-11-20 17:00:00+00:00,,,,-0.0617093182392994,
2025-11-23 01:30:00+00:00,0.0179800000000001,,,,
2025-11-24 11:00:00+00:00,,,-0.0230768364792909,,
2025-11-28 16:00:00+00:00,,,,-0.0077831529661717,
2025-11-28 19:00:00+00:00,,,0.0072152941388234,,
2025-12-01 00:00:00+00:00,,-0.0324948272109755,,,
2025-12-02 10:30:00+00:00,0.0079899999999999,,,,
2025-12-02 20:00:00+00:00,0.0343587962921196,,,,
2025-12-03 14:00:00+00:00,,,,-0.0157737723895577,
2025-12-04 14:30:00+00:00,,,,-0.024764883750152,
2025-12-04 18:00:00+00:00,,,0.0085775044173088,,
2025-12-08 01:30:00+00:00,0.0079899999999999,,,,
2025-12-09 20:00:00+00:00,0.0097815351508778,,,,
2025-12-09 21:30:00+00:00,,,,-0.0211593417481421,
2025-12-10 13:00:00+00:00,,,-0.0225375883217274,,
2025-12-11 23:30:00+00:00,0.0079899999999999,,,,
2025-12-14 16:00:00+00:00,,-0.0147580207801495,,,
2025-12-17 16:00:00+00:00,-0.03197,,,,
2025-12-19 08:00:00+00:00,0.0079899999999999,,,,
2025-12-22 19:00:00+00:00,,,,-0.0161058890386228,
2025-12-22 19:30:00+00:00,,-0.0196517791018883,-0.0216038516496288,,
2025-12-29 06:00:00+00:00,0.0093943340417428,,,,
2025-12-29 09:30:00+00:00,,-0.0172753673685261,,,
2025-12-29 11:00:00+00:00,,,-0.0209953219343945,,
2026-01-02 22:00:00+00:00,,0.0107329473700523,,,
2026-01-03 11:30:00+00:00,,,0.0041179110842533,,
2026-01-06 14:00:00+00:00,,0.0119545890797119,,,
2026-01-06 17:00:00+00:00,,,0.0208339839734739,,
2026-01-07 15:00:00+00:00,,,,0.0314117642209121,
2026-01-12 08:30:00+00:00,,-0.0126369055029768,,,
2026-01-12 09:00:00+00:00,,,-0.0196225017430361,,
2026-01-14 14:30:00+00:00,0.0079899999999999,,,,
2026-01-14 20:00:00+00:00,0.0079899999999999,0.0282499799276974,,,
2026-01-15 19:00:00+00:00,,,0.0241585212405273,,
2026-01-16 15:30:00+00:00,,-0.0363850645830342,,,
2026-01-18 23:30:00+00:00,,,,0.024730593957265,
2026-01-23 17:30:00+00:00,0.0079899999999999,,,,
2026-01-29 02:30:00+00:00,,-0.0244825910357888,,,
2026-01-29 15:00:00+00:00,,,,-0.0263937772160068,
2026-01-31 14:00:00+00:00,-0.03197,,,,
2026-02-01 20:00:00+00:00,-0.03197,,,,
2026-02-02 12:00:00+00:00,0.0079899999999999,,,,
2026-02-03 18:30:00+00:00,,,,-0.0676583678124802,
2026-02-04 01:30:00+00:00,0.0079899999999999,,,,
2026-02-06 06:00:00+00:00,0.0085372787261834,,,,
2026-02-06 13:30:00+00:00,0.0079900000000001,,,,
2026-02-06 14:30:00+00:00,0.0079899999999999,,,,
2026-02-06 20:30:00+00:00,0.0329627806478198,,,,
2026-02-07 06:30:00+00:00,-0.0319699999999999,,,,
2026-02-08 23:00:00+00:00,0.0079899999999999,,,,
2026-02-10 11:30:00+00:00,-0.03197,,,,
2026-02-11 06:30:00+00:00,,-0.0479679397382887,,,
2026-02-11 10:30:00+00:00,,,,-0.0350254469811133,
2026-02-12 11:00:00+00:00,0.0079899999999999,,,,
2026-02-14 08:00:00+00:00,0.0079900000000001,,,,
2026-02-15 14:00:00+00:00,,,-0.0199892298487049,,
2026-02-17 14:30:00+00:00,,,,-0.0136731486522293,
2026-02-18 02:30:00+00:00,,-0.0284477176746611,,,
2026-02-23 01:00:00+00:00,,,,-0.0142167347105069,
2026-02-25 16:00:00+00:00,0.02797,,,,
2026-02-26 01:30:00+00:00,,0.0351934688704784,,,
2026-02-26 16:30:00+00:00,-0.0319699999999999,,,,
2026-02-27 11:30:00+00:00,,-0.0387113732966004,-0.0101236913506361,0.0140314845341571,
2026-03-02 15:00:00+00:00,0.0279699999999998,,,,
2026-03-02 16:30:00+00:00,,0.040748456000401,,,
2026-03-03 09:30:00+00:00,-0.0319700000000001,,,,
2026-03-03 10:00:00+00:00,,,-0.0417023102936,,
2026-03-04 08:30:00+00:00,0.02797,,,,
2026-03-04 16:30:00+00:00,0.02797,,,,
2026-03-05 07:30:00+00:00,,0.0474494055414114,,,
2026-03-05 16:00:00+00:00,-0.0319699999999999,,,,
2026-03-05 19:00:00+00:00,,,-0.0094044221565876,,
2026-03-06 12:30:00+00:00,,,,0.0535780271858599,
2026-03-10 02:30:00+00:00,0.02797,,,,
2026-03-10 09:00:00+00:00,,0.0324291431538381,,,
2026-03-11 11:30:00+00:00,-0.03197,,,,
2026-03-11 12:00:00+00:00,,,-0.0143396392820479,,
2026-03-13 17:30:00+00:00,,-0.029629999936547,,,
2026-03-14 00:00:00+00:00,,,-0.0143529088644277,,
2026-03-14 10:30:00+00:00,,,,0.0312686595534617,
2026-03-16 03:30:00+00:00,,0.0160574165963418,,,
2026-03-17 00:00:00+00:00,,0.0189023024254098,,,
2026-03-18 11:30:00+00:00,,-0.027631505626652,,,
2026-03-18 12:00:00+00:00,,,0.0038065772183502,0.0177590025295586,
2026-03-21 23:30:00+00:00,,,,-0.024857202375797,
2026-03-29 22:30:00+00:00,,,,-0.0254169555486838,
2026-03-31 01:30:00+00:00,0.0079900000000001,,,,
2026-03-31 17:00:00+00:00,0.0079900000000001,,,,
2026-04-02 02:00:00+00:00,-0.03197,,,,
2026-04-02 04:00:00+00:00,,,-0.0180742074927954,,
2026-04-02 13:30:00+00:00,,,,-0.0218213396862702,
2026-04-06 09:00:00+00:00,0.0079899999999999,,,,
2026-04-07 21:00:00+00:00,,0.0153077133992109,,,
2026-04-08 02:30:00+00:00,0.0128394941373157,,,,
2026-04-09 22:00:00+00:00,0.0079899999999999,,,,
2026-04-11 18:30:00+00:00,,0.0267120433787375,,,
2026-04-12 01:30:00+00:00,,,,0.0610733836776262,
2026-04-12 04:30:00+00:00,,,0.0582522084216257,,
2026-04-13 19:30:00+00:00,0.0079899999999999,,,,
2026-04-13 22:00:00+00:00,0.0079899999999999,,,,
2026-04-14 07:00:00+00:00,0.0079899999999999,,,,
2026-04-17 09:00:00+00:00,,0.0274692326469008,,,
2026-04-17 13:30:00+00:00,0.0079899999999999,,,,
2026-04-18 22:00:00+00:00,,,,0.056592480858167,
2026-04-19 02:30:00+00:00,,,0.039973781744786,,
2026-04-19 07:00:00+00:00,-0.03197,-0.0307083086421684,,,
2026-04-22 05:00:00+00:00,0.0079899999999999,,,,
2026-04-22 14:00:00+00:00,0.0079900000000001,,,,
2026-04-27 05:00:00+00:00,,-0.0166377357585003,,,
2026-04-27 15:00:00+00:00,,,,-0.017010848195326,
2026-04-29 16:30:00+00:00,,,-0.0282723806090188,,
2026-04-29 18:00:00+00:00,,,,-0.0260288610726816,
2026-05-04 02:00:00+00:00,,0.0193678396426175,,,
2026-05-04 10:00:00+00:00,,-0.0193758406978962,,,
2026-05-06 11:00:00+00:00,0.02797,,,,
2026-05-07 15:00:00+00:00,,,0.0389786349851677,0.0407897303430078,
2026-05-11 03:00:00+00:00,,-0.0166795156982562,,,
2026-05-12 14:00:00+00:00,,,-0.0090711084934907,,
2026-05-12 16:30:00+00:00,,,,-0.008628739429998,
2026-05-13 15:30:00+00:00,,,,-0.0295424175622057,
2026-05-15 13:30:00+00:00,-0.03197,-0.0223705986854427,,-0.0165088449335291,
2026-05-15 14:30:00+00:00,,,-0.0323370745228621,,
2026-05-17 23:30:00+00:00,,,,-0.0213657418212297,
2026-05-22 15:30:00+00:00,,,-0.009790444888158,,
2026-05-22 18:30:00+00:00,,,,-0.0172818975067303,
2026-06-01 07:30:00+00:00,,,,-0.0159663332466087,
2026-06-03 20:30:00+00:00,-0.03197,,,,
2026-06-05 06:00:00+00:00,-0.03197,,,,
2026-06-06 04:30:00+00:00,-0.03197,,,,
2026-06-07 05:00:00+00:00,0.0079900000000001,,,,
2026-06-08 12:30:00+00:00,0.0079899999999999,,,,
2026-06-09 15:00:00+00:00,,,-0.022869253838199,,
2026-06-09 16:00:00+00:00,,,,-0.0102679884363898,
2026-06-11 06:00:00+00:00,0.0079899999999999,,,,
2026-06-15 03:30:00+00:00,0.0079900000000001,,,,
2026-06-16 14:00:00+00:00,,,,0.0473569171181158,
2026-06-17 09:30:00+00:00,,,0.0324951310482573,,
2026-06-17 11:00:00+00:00,,-0.0335412907086652,,,
2026-06-17 19:30:00+00:00,-0.03197,,,-0.0312013261234076,
2026-06-22 22:30:00+00:00,,,,0.0045036958207973,
2026-06-23 05:00:00+00:00,-0.03197,,,,
2026-06-23 06:00:00+00:00,,,-0.011253041283446,,
2026-06-24 13:30:00+00:00,,,,-0.0272611660191854,
2026-06-25 13:30:00+00:00,-0.02198,,,,
2026-06-26 10:30:00+00:00,-0.02198,,,,
2026-06-29 14:00:00+00:00,-0.02198,,,,
2026-06-30 12:00:00+00:00,,,,-0.0316722191024848,
2026-07-03 12:00:00+00:00,0.02797,,,,
2026-07-04 17:30:00+00:00,,0.0357816405768325,,,
2026-07-06 12:00:00+00:00,,,,0.046981501170612,
2026-07-06 13:00:00+00:00,,,0.0285770358811749,,
2026-07-07 05:00:00+00:00,-0.02198,,,,
2026-07-08 06:30:00+00:00,,,-0.0197686207993946,,
2026-07-08 08:00:00+00:00,,,,-0.0263086877939611,
2026-07-13 03:00:00+00:00,,,2.033120683964107e-05,0.0018952765340574,
2026-07-13 03:30:00+00:00,-0.0219800000000001,,,,
2026-07-17 00:00:00+00:00,,,-0.0033265280003604,,
2026-07-17 00:30:00+00:00,,,,0.0096952225088584,
2026-07-17 08:30:00+00:00,-0.02198,,,,
2026-07-17 19:00:00+00:00,,0.005989980370153,,,
2026-07-20 06:30:00+00:00,,,,-0.010121192556364,
2026-07-21 07:30:00+00:00,0.02797,,,,
2026-07-23 07:00:00+00:00,-0.02198,,,,
2026-07-27 04:00:00+00:00,,0.0075789509201646,,,
2026-07-27 14:30:00+00:00,,-0.0148087766447888,,,
2026-07-27 23:30:00+00:00,,,-0.0161656392430702,,
2026-07-31 09:30:00+00:00,,,-0.0174914614839004,,
2026-08-03 08:00:00+00:00,,-0.0155255863055228,,,
2026-08-04 23:00:00+00:00,0.0079899999999999,,,,
2026-08-07 17:30:00+00:00,,,,-0.008829406698674,
2026-08-09 23:00:00+00:00,,,,-0.0092608828838962,
2026-08-10 15:30:00+00:00,,,0.0056948152362819,,
2026-08-18 05:00:00+00:00,,0.0075306887780888,,,
2026-08-18 13:30:00+00:00,,,,-0.0093066858761429,
2026-08-19 03:00:00+00:00,,,,-0.0061762617744949,
2026-08-19 14:00:00+00:00,,0.0128507705079061,,,
2026-08-19 17:00:00+00:00,,,,0.0466933877571451,
2026-08-19 19:30:00+00:00,0.0322295410068775,,,,
2026-08-20 03:00:00+00:00,,,,-0.0100417279365612,
2026-08-20 08:00:00+00:00,0.0079899999999999,,,,
2026-08-20 13:00:00+00:00,0.0079899999999999,,,,
2026-08-20 16:30:00+00:00,,0.0581905890807963,,,
2026-08-21 05:00:00+00:00,0.0079899999999999,,,,
2026-08-21 09:00:00+00:00,,,,0.1115015312702656,
2026-08-21 11:30:00+00:00,0.0111871022218581,,,,
2026-08-21 12:00:00+00:00,,0.0549446608767967,,,
2026-08-25 07:30:00+00:00,,,,-0.0032978334716855,
2026-08-25 15:30:00+00:00,0.02797,,,,
2026-08-28 02:30:00+00:00,,,,-0.0204655598057842,
2026-08-28 16:00:00+00:00,-0.0319699999999999,,,,
2026-08-30 23:00:00+00:00,,-0.0215964314731708,,,
2026-08-31 02:00:00+00:00,,,-0.0175523218004597,,
2026-09-01 17:00:00+00:00,,,-0.0208709800390719,,
2026-09-04 12:30:00+00:00,,,,-0.0145380486268654,
2026-09-06 23:00:00+00:00,0.02797,,,,
2026-09-07 10:00:00+00:00,,,0.0084235003218047,,
2026-09-08 13:30:00+00:00,-0.03197,,,,
2026-09-09 20:30:00+00:00,,,-0.0219372512642096,,
2026-09-10 12:30:00+00:00,-0.03197,-0.0451747392102683,,,
2026-09-15 08:00:00+00:00,,-0.0279904950958342,-0.0143411235830425,,
2026-09-15 14:30:00+00:00,-0.03197,,,,
2026-09-18 13:30:00+00:00,,0.0248986758852609,,,
2026-09-19 19:30:00+00:00,0.0659189187309752,,,,
2026-09-20 02:30:00+00:00,,,,0.0084061104903734,
2026-09-21 01:30:00+00:00,,,,-0.0147968902673273,
2026-09-23 08:30:00+00:00,,,,-0.0135965288615063,
2026-09-23 16:00:00+00:00,-0.03197,,,,
2026-09-25 13:30:00+00:00,,,,-0.0179658465516627,
2026-09-27 22:00:00+00:00,,,,-0.002571596742016,
2026-09-28 03:00:00+00:00,,,-0.018386142390503,,
2026-09-29 15:00:00+00:00,,,,-0.0156828975907664,
2026-09-30 14:00:00+00:00,,,,-0.0087795314317088,
