exit_time,accurate,vol_adjusted,trend_reversal,donchian_breakout
2018-04-03 09:05:00+00:00,190.54267858114326,,,
2018-04-04 01:25:00+00:00,-223.98812807521426,,,
2018-04-04 14:00:00+00:00,,-542.4360432404283,,
2018-04-05 12:00:00+00:00,-219.06486902011966,,,
2018-04-07 06:10:00+00:00,126.57115351409266,,,
2018-04-07 23:15:00+00:00,-217.0318571532971,,,
2018-04-08 12:10:00+00:00,125.39652127733643,,,
2018-04-08 17:00:00+00:00,-215.0177124707443,,,
2018-04-09 09:00:00+00:00,,408.1352820372067,,
2018-04-09 10:15:00+00:00,-210.29162315063695,,,115.7994824537218
2018-04-09 10:25:00+00:00,,,62.4673138796079,
2018-04-12 06:55:00+00:00,,,,-40.7240158484874
2018-04-12 07:05:00+00:00,,,-156.0001574768994,
2018-04-12 16:15:00+00:00,,581.5173025858912,,
2018-04-12 16:25:00+00:00,554.1565745568769,,,
2018-04-12 22:05:00+00:00,-217.84977478254768,,,
2018-04-13 07:45:00+00:00,125.8690971781507,,,
2018-04-13 20:35:00+00:00,-215.82803948880246,,,
2018-04-13 21:05:00+00:00,,,,1153.5057100685262
2018-04-13 22:20:00+00:00,,,807.2551460962422,
2018-04-14 07:30:00+00:00,124.70098031224552,,,
2018-04-16 02:10:00+00:00,-213.82506672810086,,,24.409759434725856
2018-04-16 03:00:00+00:00,,,44.32046265987083,
2018-04-17 18:55:00+00:00,,,,-327.3808496034817
2018-04-17 19:05:00+00:00,,,-335.4964864698886,
2018-04-18 14:55:00+00:00,-209.12519176141723,,,
2018-04-19 02:45:00+00:00,120.82821343511387,,,
2018-04-20 22:20:00+00:00,122.39716778656839,,,
2018-04-20 22:25:00+00:00,,267.21534883241475,,
2018-04-21 03:30:00+00:00,146.18659959206343,,,
2018-04-21 07:05:00+00:00,,258.10340422433,,
2018-04-21 07:55:00+00:00,-213.08789538478777,,,
2018-04-21 08:45:00+00:00,,,,773.9102002287545
2018-04-22 11:40:00+00:00,123.11778168441015,,,
2018-04-22 23:10:00+00:00,,,,-274.3531293119104
2018-04-22 23:25:00+00:00,,,864.6292404267297,
2018-04-24 05:35:00+00:00,124.71646607958064,,,
2018-04-24 13:30:00+00:00,,292.3341237898676,,
2018-04-25 03:55:00+00:00,-213.85162021008182,-333.08058046763836,,
2018-04-25 04:35:00+00:00,,,,387.098797423836
2018-04-25 04:55:00+00:00,,,222.91532967442254,
2018-04-25 22:20:00+00:00,123.55904610319521,,,
2018-04-26 06:35:00+00:00,-211.86698943121337,,,
2018-04-27 01:15:00+00:00,191.44182217622802,,,
2018-04-27 19:50:00+00:00,-211.41804425494774,,,
2018-04-27 20:25:00+00:00,,,-51.37443972031906,-165.40945938972072
2018-04-28 08:30:00+00:00,122.15297621539139,,,
2018-04-29 01:30:00+00:00,123.73913261154485,,,
2018-04-29 08:45:00+00:00,-212.1757841942399,,,
2018-04-29 09:00:00+00:00,,,,-186.99037675199543
2018-04-29 09:10:00+00:00,,,-69.7286501283088,
2018-04-29 11:55:00+00:00,,-63.81762432281721,,
2018-04-30 07:15:00+00:00,,,-281.1202896755258,
2018-05-03 16:55:00+00:00,,200.145722226649,,
2018-05-03 21:55:00+00:00,183.18638514580562,,,
2018-05-03 23:05:00+00:00,,219.31083118572133,,
2018-05-04 15:40:00+00:00,-211.5385972031563,,,
2018-05-06 05:55:00+00:00,-206.88897883663049,,,
2018-05-06 06:00:00+00:00,,,,529.5261528190986
2018-05-07 01:00:00+00:00,-202.34155908180037,,,
2018-05-08 11:15:00+00:00,-197.89409161318508,,,
2018-05-09 17:05:00+00:00,114.33911590271418,,,
2018-05-10 17:15:00+00:00,,,,-279.93401941439697
2018-05-10 17:35:00+00:00,,,-221.6064857639867,
2018-05-10 18:15:00+00:00,,-329.0232684677703,,
2018-05-11 20:35:00+00:00,-196.05755324706843,,,
2018-05-12 15:20:00+00:00,-191.7482082266979,,,
2018-05-13 04:55:00+00:00,-187.53358260987443,,,
2018-05-13 20:40:00+00:00,108.3530279397819,,,
2018-05-14 03:10:00+00:00,-185.79319401822613,,,
2018-05-14 03:30:00+00:00,,,,-391.414199524168
2018-05-14 03:45:00+00:00,,,-232.5034418098585,
2018-05-14 10:25:00+00:00,,-207.07445963330065,,
2018-05-14 19:00:00+00:00,107.3474673832552,,,
2018-05-15 14:35:00+00:00,,,,-354.6747616064422
2018-05-15 15:05:00+00:00,,,-291.356417069288,
2018-05-16 00:45:00+00:00,,-429.451090144883,,
2018-05-16 13:15:00+00:00,-184.06895694679042,,,
2018-05-19 11:50:00+00:00,106.35123884127461,,,
2018-05-19 22:40:00+00:00,-182.36072150283235,,,
2018-05-21 14:40:00+00:00,,,,-2.281072263715032
2018-05-21 14:55:00+00:00,,,171.73458844698325,
2018-05-21 18:00:00+00:00,-178.3524328441972,-239.0274670721119,,
2018-05-24 07:50:00+00:00,-174.43224637028197,,,
2018-05-24 19:05:00+00:00,100.7833466493139,,,
2018-05-25 19:25:00+00:00,-172.81344355441524,,,
2018-05-26 22:35:00+00:00,-169.01500406508967,,,
2018-05-26 22:45:00+00:00,,,-305.40103024634845,
2018-05-29 16:05:00+00:00,135.2292867160868,,,
2018-05-29 16:10:00+00:00,,216.19459962035944,,
2018-05-30 01:15:00+00:00,99.40932830122347,,,
2018-05-30 15:00:00+00:00,,,,-205.47098990193263
2018-05-30 15:25:00+00:00,,,42.634091181436816,
2018-05-31 17:45:00+00:00,100.70015842921384,,,
2018-06-01 11:50:00+00:00,,-294.87680416716466,,-253.349053828244
2018-06-02 16:10:00+00:00,,,-126.01143523998326,
2018-06-03 06:45:00+00:00,,,,22.180820395942646
2018-06-03 14:30:00+00:00,,,-102.15224797267183,
2018-06-04 06:35:00+00:00,,-156.2112654380453,,
2018-06-04 11:00:00+00:00,-133.43100758716264,,,
2018-06-06 04:05:00+00:00,,,-37.094070964156344,
2018-06-06 18:00:00+00:00,,-136.8240650424159,,
2018-06-07 00:55:00+00:00,138.84845339893036,,,
2018-06-07 09:25:00+00:00,,,-59.10272304805585,
2018-06-08 10:20:00+00:00,,-141.5456272880674,,
2018-06-11 14:10:00+00:00,-133.52302290427542,,,
2018-06-12 03:40:00+00:00,-131.2551343602463,,,
2018-06-14 13:05:00+00:00,-129.02576590313765,,,
2018-06-14 18:10:00+00:00,139.02069896200192,,,
2018-06-15 11:25:00+00:00,,-259.36059418377954,,
2018-06-18 00:15:00+00:00,,-156.79040169987456,,
2018-06-18 00:55:00+00:00,-129.19552984114216,,,
2018-06-19 03:15:00+00:00,,,-92.27635688428018,
2018-06-19 12:55:00+00:00,134.44101059328204,,,
2018-06-19 13:10:00+00:00,,211.37417788194034,,
2018-06-19 13:20:00+00:00,,,,-16.74700285993822
2018-06-20 21:55:00+00:00,,,-73.62247347369157,
2018-06-21 09:50:00+00:00,,-137.94353694330675,,
2018-06-22 01:40:00+00:00,-129.28462433171808,,,
2018-06-25 12:00:00+00:00,134.533722418264,,,
2018-06-26 00:55:00+00:00,-129.37378026271836,,,
2018-06-27 02:50:00+00:00,,-127.9993670916283,,
2018-06-29 23:35:00+00:00,229.41555389591304,,,
2018-06-30 01:40:00+00:00,,,,157.51955402708154
2018-06-30 02:35:00+00:00,,503.06639673703285,,
2018-06-30 03:55:00+00:00,-131.0729897878782,,,
2018-06-30 14:30:00+00:00,,,182.73297574654498,
2018-07-02 13:35:00+00:00,,,,82.58794961022613
2018-07-02 13:50:00+00:00,,,,-66.10874795336167
2018-07-02 19:20:00+00:00,,,,-67.08999989409676
2018-07-03 00:25:00+00:00,,,-36.47486103621668,
2018-07-03 06:55:00+00:00,,30.689869302013904,,
2018-07-03 10:30:00+00:00,-90.95508469387096,,,
2018-07-04 13:20:00+00:00,,,,60.98545611143163
2018-07-04 14:45:00+00:00,-89.86453322839043,,,
2018-07-05 00:20:00+00:00,,-314.35139360832545,,
2018-07-07 23:35:00+00:00,,,,-47.978441529423435
2018-07-08 03:25:00+00:00,,89.28303724908437,,
2018-07-08 23:00:00+00:00,,,-55.84329663497556,
2018-07-08 23:05:00+00:00,-88.78705747498407,,,
2018-07-13 04:00:00+00:00,,90.9701069241055,,
2018-07-13 19:10:00+00:00,-87.72250065585831,,,
2018-07-16 04:15:00+00:00,,-47.39554626782592,,
2018-07-16 11:30:00+00:00,129.96991889544915,,,
2018-07-16 13:40:00+00:00,,152.59128725287155,,
2018-07-16 23:30:00+00:00,,,,-58.70281698648432
2018-07-17 00:00:00+00:00,,,,-12.137311716214754
2018-07-17 04:05:00+00:00,,77.4927306961672,,
2018-07-17 04:20:00+00:00,,,,-46.96390287646682
2018-07-17 05:45:00+00:00,,,206.79404079607957,
2018-07-17 15:45:00+00:00,,,,-33.547312859005615
2018-07-17 16:00:00+00:00,,,,-58.45014385828108
2018-07-17 17:35:00+00:00,,75.04426109737142,,
2018-07-17 17:50:00+00:00,,,,495.9196530803765
2018-07-17 18:10:00+00:00,,,,104.03321045439043
2018-07-17 18:25:00+00:00,,,,-70.17192053337021
2018-07-17 18:45:00+00:00,355.1029591426077,,,
2018-07-17 19:35:00+00:00,-92.48673168067035,,,
2018-07-17 21:45:00+00:00,,491.034713481833,,
2018-07-18 03:05:00+00:00,,207.88133599625326,,
2018-07-18 03:15:00+00:00,,,,30.891891745761313
2018-07-18 04:10:00+00:00,-91.37781576781981,,,
2018-07-18 08:30:00+00:00,,,-24.684284375465722,
2018-07-18 18:10:00+00:00,,,,-77.71960677636525
2018-07-19 16:45:00+00:00,,,-148.2114220319454,
2018-07-20 16:45:00+00:00,-90.28219575676394,,,-4.694809068427276
2018-07-20 17:00:00+00:00,,-316.89846691503226,,
2018-07-23 04:50:00+00:00,,,,-73.03935694423672
2018-07-23 06:00:00+00:00,,165.42247730642157,,
2018-07-23 06:30:00+00:00,,,,-74.80962039283986
2018-07-23 07:05:00+00:00,,,,-72.24765806068353
2018-07-23 07:25:00+00:00,133.76237079974453,109.16690328502409,,
2018-07-23 07:30:00+00:00,,,,27.810798219039498
2018-07-23 18:35:00+00:00,,,,-173.74629154922877
2018-07-23 23:25:00+00:00,,,106.02673852872249,
2018-07-24 04:40:00+00:00,,,,-69.35408625994751
2018-07-24 04:55:00+00:00,,,,-19.479105556520153
2018-07-24 05:35:00+00:00,,,,83.77602630381261
2018-07-24 05:50:00+00:00,,,,-71.0615346143768
2018-07-24 07:35:00+00:00,,,,-66.25991168281143
2018-07-24 09:45:00+00:00,,130.9762225714021,,
2018-07-24 10:35:00+00:00,136.16741822672338,,,
2018-07-24 11:00:00+00:00,,,,54.33328177884323
2018-07-24 11:35:00+00:00,,,,-3.1858756368474133
2018-07-24 12:15:00+00:00,,,,94.91686889620541
2018-07-24 12:30:00+00:00,-92.43617040006666,,,
2018-07-24 22:40:00+00:00,,142.04006713772287,,
2018-07-24 23:50:00+00:00,,,,64.28654964763882
2018-07-25 00:35:00+00:00,,,,-72.76777688619222
2018-07-25 03:40:00+00:00,,,446.62303188270016,
2018-07-25 09:20:00+00:00,,-301.1574527075554,,
2018-07-26 16:00:00+00:00,,-153.85859236617944,,
2018-07-27 16:25:00+00:00,136.95370606264714,,,
2018-07-28 00:25:00+00:00,,,-58.261852295223434,
2018-07-28 08:50:00+00:00,,49.866734243609244,,
2018-07-31 08:55:00+00:00,-92.96993565266166,,,
2018-07-31 10:15:00+00:00,,-231.518770254439,,
2018-08-01 11:30:00+00:00,-130.12185285398573,,,
2018-08-02 08:55:00+00:00,,,,-45.72708629063709
2018-08-02 10:10:00+00:00,-127.91173318326128,,,
2018-08-02 12:40:00+00:00,,-192.120706638947,,
2018-08-03 18:55:00+00:00,,,,19.5220769246298
2018-08-03 19:10:00+00:00,,,-60.12190577889669,
2018-08-05 13:15:00+00:00,,,,-65.58076345687732
2018-08-06 07:35:00+00:00,,,,-66.98205791501641
2018-08-07 13:55:00+00:00,,,,94.03641799744582
2018-08-07 14:35:00+00:00,,,-34.5308798554106,
2018-08-09 08:30:00+00:00,,,,-158.00809101351115
2018-08-09 21:00:00+00:00,59.14959244257716,,,
2018-08-09 21:35:00+00:00,,209.83280399499745,,
2018-08-09 23:55:00+00:00,-126.74380822277999,,,162.28480095215127
2018-08-10 01:35:00+00:00,,,-49.60785708266303,
2018-08-10 16:45:00+00:00,-124.59106464011711,,,
2018-08-11 23:25:00+00:00,,,,259.3239133437273
2018-08-11 23:40:00+00:00,,,-160.65081122579977,
2018-08-11 23:45:00+00:00,-122.47488540720497,-275.42662940291666,,
2018-08-12 12:45:00+00:00,,,,-156.5596770698612
2018-08-12 19:40:00+00:00,,,,-179.42487338329738
2018-08-13 13:10:00+00:00,-120.39464947856413,,-113.70704300088983,-96.14254301112851
2018-08-14 14:50:00+00:00,-118.34974635717026,,,
2018-08-15 02:10:00+00:00,54.727889994890575,,,
2018-08-15 04:10:00+00:00,55.16516583594694,,,
2018-08-15 07:35:00+00:00,55.60593551097827,,,
2018-08-15 09:25:00+00:00,-119.15057628323302,,,254.32053987299332
2018-08-15 10:40:00+00:00,,,130.61751737618033,
2018-08-15 19:05:00+00:00,-117.12680374506363,,,
2018-08-15 19:20:00+00:00,,,,-13.86485004824317
2018-08-15 19:45:00+00:00,,-240.28377207494304,,
2018-08-15 19:50:00+00:00,,,-253.94602303162355,
2018-08-16 10:40:00+00:00,54.16237066928443,,,
2018-08-16 12:25:00+00:00,,,,-132.94021819852605
2018-08-17 04:20:00+00:00,54.59512801093115,,,
2018-08-17 05:40:00+00:00,-116.98465109853714,,,
2018-08-17 10:25:00+00:00,,,,-87.67456669586682
2018-08-17 10:35:00+00:00,,,-41.113787261338075,
2018-08-17 22:00:00+00:00,,-28.98804346372708,,
2018-08-18 02:55:00+00:00,,,,-99.00111396471402
2018-08-19 15:05:00+00:00,,,,-75.81121364747924
2018-08-20 04:10:00+00:00,,,-43.717219399131864,
2018-08-20 04:50:00+00:00,,,,-49.07819337565343
2018-08-20 06:50:00+00:00,,-159.3203388322927,,
2018-08-20 09:20:00+00:00,-114.99766679962886,,,
2018-08-20 22:05:00+00:00,,,,-143.17245340375302
2018-08-21 13:35:00+00:00,,,,-134.63324337768609
2018-08-21 13:40:00+00:00,,,-18.691779849654267,
2018-08-22 01:00:00+00:00,53.17780436373141,109.58581365097962,,
2018-08-22 02:05:00+00:00,,,,334.10423670599084
2018-08-22 04:05:00+00:00,53.60269502059964,,,
2018-08-22 07:55:00+00:00,,,-182.37813621011264,
2018-08-22 15:55:00+00:00,,-185.6627826227559,,
2018-08-23 14:05:00+00:00,54.0309805538127,,,
2018-08-23 19:30:00+00:00,,,,-78.1944001772008
2018-08-24 12:10:00+00:00,,,,9.478676907943736
2018-08-24 21:35:00+00:00,54.46268808843797,,,
2018-08-25 04:00:00+00:00,,,,156.8280973060555
2018-08-25 04:25:00+00:00,,,-3.7050358180604235,
2018-08-25 18:10:00+00:00,,-28.36415886069699,,
2018-08-26 02:15:00+00:00,,,,-101.7048086893501
2018-08-26 15:50:00+00:00,,,-51.99139302917138,-106.6243555368801
2018-08-27 12:45:00+00:00,,,,-71.01826431702102
2018-08-28 11:05:00+00:00,54.89784496626544,81.03159894545024,,
2018-08-28 16:25:00+00:00,-117.63330306972057,-117.15126794593925,,342.8976796584029
2018-08-28 17:05:00+00:00,,,156.13311332335434,
2018-08-28 21:55:00+00:00,,,,-90.74289980265348
2018-08-29 14:45:00+00:00,,,-100.6075490035546,-95.45439666003222
2018-08-31 04:55:00+00:00,,80.88314990943945,,
2018-08-31 21:15:00+00:00,,,,-113.37134972542299
2018-09-01 10:35:00+00:00,,76.94432886993854,,
2018-09-01 12:00:00+00:00,,,,-65.00301085902356
2018-09-01 19:50:00+00:00,,76.36676642025122,,
2018-09-01 20:20:00+00:00,,,,91.10158446605965
2018-09-02 11:35:00+00:00,,,,-76.42456612842761
2018-09-03 00:05:00+00:00,122.40934468525757,,,
2018-09-04 12:00:00+00:00,124.61026470270099,,,
2018-09-04 13:15:00+00:00,,,,-23.13403787689458
2018-09-05 09:50:00+00:00,-155.07117044605002,,,
2018-09-05 16:50:00+00:00,-151.6627061196441,,,
2018-09-05 23:40:00+00:00,-148.32915983913517,,,
2018-09-06 09:35:00+00:00,-145.06888490587153,,,
2018-09-08 17:45:00+00:00,-141.88027081563814,,,
2018-09-09 13:35:00+00:00,196.52311545630982,,,
2018-09-09 22:00:00+00:00,-143.08132054084126,-190.04378690133854,,
2018-09-09 22:35:00+00:00,,,-243.23720770002,
2018-09-11 14:55:00+00:00,-139.9363931153539,,,
2018-09-11 15:05:00+00:00,,,-167.44569005142512,
2018-09-12 08:20:00+00:00,,,-179.90252014804537,
2018-09-13 04:15:00+00:00,151.33434934254092,,,
2018-09-13 05:45:00+00:00,,,,-74.71287808947272
2018-09-13 13:50:00+00:00,,85.85564691849322,,
2018-09-13 19:30:00+00:00,,,,5.297360376391225
2018-09-14 02:40:00+00:00,114.67519677316795,,,
2018-09-14 08:05:00+00:00,,,,-50.46909334013981
2018-09-14 08:55:00+00:00,-142.70748101830122,,,
2018-09-16 04:20:00+00:00,,,203.3280842013919,
2018-09-17 13:45:00+00:00,,,-98.80352364212922,
2018-09-17 14:15:00+00:00,-139.5707705855184,,,
2018-09-18 19:55:00+00:00,,-118.18574865636401,,
2018-09-19 12:00:00+00:00,,,-151.27703908066542,
2018-09-19 18:35:00+00:00,,,-137.1966291315166,
2018-09-19 18:55:00+00:00,-136.50300504805,,,
2018-09-20 13:05:00+00:00,,,,-6.089795321668134
2018-09-20 16:05:00+00:00,,19.99283795883639,,
2018-09-20 20:35:00+00:00,-133.5026689970946,,,
2018-09-21 07:15:00+00:00,106.80699182798162,,,
2018-09-21 07:35:00+00:00,,117.66826660459446,,
2018-09-21 15:35:00+00:00,,,,222.38639085313116
2018-09-21 20:05:00+00:00,108.72738154104809,,,
2018-09-21 21:00:00+00:00,,,,-155.33854909190268
2018-09-22 00:05:00+00:00,,126.25445562015193,,
2018-09-22 02:55:00+00:00,,,,-91.42481539927212
2018-09-22 08:35:00+00:00,-135.305725859188,,,
2018-09-24 07:10:00+00:00,,,200.6034726173566,
2018-09-24 23:00:00+00:00,-132.3317060048039,,,
2018-09-25 18:10:00+00:00,-129.42305510681763,,,
2018-09-26 15:25:00+00:00,103.54315230542124,,,
2018-09-27 23:50:00+00:00,,81.5285374513096,,
2018-09-27 23:55:00+00:00,105.8013768343344,,,
2018-09-28 08:30:00+00:00,,,,221.89890010262934
2018-09-28 09:30:00+00:00,-131.17972910606113,,,
2018-09-29 01:35:00+00:00,-128.29639866030993,,,
2018-09-29 01:45:00+00:00,,,-7.516548783376493,
2018-10-01 11:00:00+00:00,,,,-146.9653204729293
2018-10-01 15:00:00+00:00,,,-104.07533317102752,
2018-10-04 21:20:00+00:00,,,,-127.76164129465542
2018-10-05 02:45:00+00:00,-68.4468863227894,,,
2018-10-05 15:35:00+00:00,,11.751497779468991,,
2018-10-05 22:25:00+00:00,,,,-40.68948885652935
2018-10-07 08:35:00+00:00,,,-89.22744470476755,
2018-10-08 12:50:00+00:00,,,,9.879991599183995
2018-10-08 13:10:00+00:00,,-76.95477188458062,,
2018-10-09 08:15:00+00:00,,-78.7782456265104,,
2018-10-09 13:55:00+00:00,,,-1.9151916666760371,
2018-10-14 09:30:00+00:00,,,,-25.95086141817228
2018-10-15 05:50:00+00:00,,,,294.2850215429462
2018-10-15 06:10:00+00:00,,,,260.9667144517025
2018-10-15 06:50:00+00:00,,,,626.7239882215017
2018-10-15 09:00:00+00:00,265.8883941919157,620.2364811380085,,
2018-10-15 11:50:00+00:00,-70.8142100021405,,,
2018-10-15 13:05:00+00:00,-69.96514762421339,,,
2018-10-16 06:15:00+00:00,-69.12626550419918,,,
2018-10-17 00:20:00+00:00,,-186.33913756838774,,
2018-10-18 15:30:00+00:00,,,433.959184888472,
2018-10-21 22:15:00+00:00,,,,-79.57621102538178
2018-10-22 00:35:00+00:00,,,-47.47892170134219,
2018-10-24 15:55:00+00:00,,-75.23791026097933,,
2018-10-24 23:25:00+00:00,,,-100.12818538713873,
2018-10-31 16:05:00+00:00,,,,-61.70683082026517
2018-11-01 09:25:00+00:00,,-47.73282568868308,,
2018-11-01 22:40:00+00:00,,,,-72.69716645483823
2018-11-02 02:50:00+00:00,,,-60.733728924293246,
2018-11-02 07:15:00+00:00,,,,-65.96940830440872
2018-11-04 15:50:00+00:00,,22.29266508610999,,
2018-11-04 16:00:00+00:00,,,,-4.054342989158613
2018-11-04 19:50:00+00:00,,,,-61.3644602396962
2018-11-05 09:25:00+00:00,,-55.191157254088466,,
2018-11-07 03:55:00+00:00,,45.72536143294201,,
2018-11-07 14:15:00+00:00,,,,43.10788671070077
2018-11-07 21:25:00+00:00,,-29.875890327581146,,
2018-11-11 23:55:00+00:00,,22.753518522793456,,
2018-11-12 01:20:00+00:00,,,,-67.1643396254658
2018-11-12 17:30:00+00:00,,-77.16851822913668,,
2018-11-13 23:35:00+00:00,,-8.273396419135679,,
2018-11-14 09:55:00+00:00,,,,-109.70565114457168
2018-11-15 02:05:00+00:00,-96.74996207255754,,,
2018-11-15 02:50:00+00:00,,-377.53150224229285,,
2018-11-15 16:40:00+00:00,-95.10666396675606,,,
2018-11-15 17:35:00+00:00,-95.42206395247922,,,
2018-11-16 09:45:00+00:00,-91.87053352304702,,,
2018-11-16 12:25:00+00:00,,-57.48818171392122,,
2018-11-18 20:00:00+00:00,,,,-71.49971569435365
2018-11-20 04:40:00+00:00,-90.31011251115888,,,
2018-11-20 12:35:00+00:00,93.97680250796657,,,
2018-11-20 17:25:00+00:00,,,-283.3403143696378,
2018-11-20 17:30:00+00:00,95.66650541705894,,,
2018-11-20 20:00:00+00:00,,-547.950796000152,,
2018-11-20 23:30:00+00:00,-91.99728683526428,,,
2018-11-20 23:55:00+00:00,95.73247796716169,,,
2018-11-21 00:40:00+00:00,-92.06072905663859,,,
2018-11-21 07:20:00+00:00,95.79849601257047,,,
2018-11-21 13:50:00+00:00,-92.12421502838515,,,
2018-11-22 01:55:00+00:00,95.8645595846674,,,
2018-11-22 03:10:00+00:00,-92.1877447806728,,,
2018-11-23 16:45:00+00:00,-90.62193593557276,,,
2018-11-24 02:30:00+00:00,,-28.978230085420364,,
2018-11-24 07:05:00+00:00,-89.08272235370714,,,
2018-11-25 09:20:00+00:00,-87.56965231452978,,,
2018-11-25 11:10:00+00:00,-86.08228176996818,,,
2018-11-25 11:30:00+00:00,-84.62017421410383,,,
2018-11-25 15:25:00+00:00,-83.18290055507896,,,
2018-11-25 20:50:00+00:00,,296.7212608217469,,
2018-11-25 23:40:00+00:00,157.00538157355913,,,
2018-11-26 01:25:00+00:00,-84.43677539517648,,,
2018-11-26 08:00:00+00:00,-83.00261676508944,,,
2018-11-26 14:45:00+00:00,,-399.5330043358226,,
2018-11-26 20:00:00+00:00,-81.59281731933515,,,
2018-11-27 01:25:00+00:00,-80.2069633171659,,,
2018-11-27 07:20:00+00:00,-78.84464804522395,,,
2018-11-27 15:25:00+00:00,-77.50547169817582,,,
2018-11-28 00:40:00+00:00,80.65227918043365,,,
2018-11-28 07:40:00+00:00,117.60935900493041,,,
2018-11-28 08:40:00+00:00,,,-97.97442972921999,
2018-11-28 14:35:00+00:00,,283.95298503237245,,
2018-11-28 15:55:00+00:00,84.2170234350051,,,
2018-11-28 21:55:00+00:00,-80.98694132900437,,,
2018-11-28 22:10:00+00:00,,,,119.01598936461414
2018-11-29 07:45:00+00:00,-79.6113781305312,,,
2018-11-29 12:55:00+00:00,-78.2591788729842,,,
2018-11-29 13:00:00+00:00,,,-149.03119685600723,-322.4254341739652
2018-11-30 00:20:00+00:00,-54.30615608894459,,,
2018-11-30 18:55:00+00:00,-53.655025277438654,,,
2018-12-01 12:20:00+00:00,69.00837824088012,,,
2018-12-01 16:00:00+00:00,,144.37519170757332,,
2018-12-01 17:40:00+00:00,-53.839111979469635,,,
2018-12-01 20:45:00+00:00,,,117.2494491188354,
2018-12-02 03:00:00+00:00,-53.19358102683509,,,
2018-12-04 08:30:00+00:00,56.91717539819365,,,
2018-12-04 14:15:00+00:00,,121.89235292309604,,
2018-12-04 15:30:00+00:00,-53.23822692334761,,,
2018-12-04 16:20:00+00:00,,,-71.49697659670528,
2018-12-06 10:10:00+00:00,-52.599900582536975,,,
2018-12-06 10:50:00+00:00,,-207.92193221375055,,
2018-12-07 06:05:00+00:00,-51.969227774552564,,,
2018-12-07 21:10:00+00:00,-89.04228341534144,,,
2018-12-08 01:05:00+00:00,-50.27849975538538,,,
2018-12-08 02:10:00+00:00,-49.67566054331883,,,
2018-12-08 04:00:00+00:00,,41.004744173278596,,
2018-12-08 16:50:00+00:00,-49.080049373403654,,,
2018-12-08 23:10:00+00:00,-61.027950025972586,,,
2018-12-09 01:30:00+00:00,51.723245218596276,191.30418945167003,,
2018-12-09 16:20:00+00:00,52.394871557758506,,,
2018-12-09 17:55:00+00:00,,,,32.6807072490501
2018-12-09 19:30:00+00:00,-49.00823068075397,,,
2018-12-09 21:55:00+00:00,,,-6.025106513230639,
2018-12-12 13:15:00+00:00,,,-122.45763858057398,
2018-12-12 17:25:00+00:00,,,,-151.91691348782297
2018-12-16 07:45:00+00:00,-48.42062199489192,,,
2018-12-16 07:50:00+00:00,,,16.34322419817181,
2018-12-16 12:00:00+00:00,,-52.19392947659253,,
2018-12-17 14:15:00+00:00,,87.90009639506025,,
2018-12-17 14:25:00+00:00,51.810105312942596,,,
2018-12-17 15:25:00+00:00,-48.46126189987535,,,
2018-12-17 20:40:00+00:00,,94.09073637739493,,
2018-12-17 21:15:00+00:00,-47.880211369695644,-174.0566873818443,,
2018-12-17 21:20:00+00:00,,,,301.62856208064113
2018-12-17 23:10:00+00:00,,,193.45516119026433,
2018-12-18 17:20:00+00:00,-47.30612763537329,-182.85001242285944,,
2018-12-18 17:30:00+00:00,,,-119.29303008253919,
2018-12-19 01:15:00+00:00,63.992797671191965,,,
2018-12-19 02:45:00+00:00,,114.40429519685313,,
2018-12-19 06:35:00+00:00,,,,232.65749690566554
2018-12-19 07:10:00+00:00,-47.506200809102666,,,
2018-12-19 07:20:00+00:00,,,47.885917828885795,
2018-12-19 12:40:00+00:00,50.831673892936124,,,
2018-12-19 13:50:00+00:00,-47.54607323137816,-195.9898131024911,,
2018-12-19 13:55:00+00:00,,,,166.04777612168982
2018-12-19 14:50:00+00:00,,,-66.37861320843876,
2018-12-20 03:05:00+00:00,-46.975995813334066,,,
2018-12-20 10:20:00+00:00,,321.60281105692593,,
2018-12-20 10:30:00+00:00,231.3604548825624,,,
2018-12-20 11:35:00+00:00,-49.18676547757423,,,
2018-12-20 11:40:00+00:00,,,,5.511732645531083
2018-12-20 17:20:00+00:00,-48.59701615949734,,,
2018-12-20 17:50:00+00:00,,,,-265.3623743751905
2018-12-20 20:10:00+00:00,,,59.817057632182696,
2018-12-21 01:30:00+00:00,51.99884721398257,,,
2018-12-21 01:50:00+00:00,,183.59505837464712,,
2018-12-21 02:10:00+00:00,-84.119150155449,,,
2018-12-21 08:35:00+00:00,-47.6292155034771,,,
2018-12-21 13:35:00+00:00,-47.05814120959076,,,
2018-12-22 11:30:00+00:00,-46.493914096487515,,,
2018-12-22 12:20:00+00:00,,,-149.69655074686852,
2018-12-23 07:20:00+00:00,,,-78.592989760622,
2018-12-23 08:50:00+00:00,,-0.9672885708387184,,
2018-12-23 10:50:00+00:00,49.748526278825466,,,
2018-12-24 02:45:00+00:00,123.89901813530787,273.45723512814766,,
2018-12-24 06:25:00+00:00,,,,227.7002761387339
2018-12-24 10:20:00+00:00,,,13.925297543539273,
2018-12-24 15:50:00+00:00,-48.018486123996354,,,
2018-12-25 20:35:00+00:00,-47.44274447536918,,,
2018-12-26 06:50:00+00:00,-46.87390596911018,,,
2018-12-27 00:10:00+00:00,-46.311887836540336,,,
2018-12-28 17:40:00+00:00,148.06975204157152,122.23896275851621,,
2018-12-29 02:30:00+00:00,,,,-43.62695700186123
2018-12-29 02:40:00+00:00,,,97.82863729571727,
2018-12-29 23:40:00+00:00,-47.53196462835831,,,
2018-12-30 12:00:00+00:00,31.294981686071424,,,
2019-01-01 23:15:00+00:00,,71.00407475699649,,
2019-01-02 06:40:00+00:00,-47.33728320288037,,,
2019-01-02 08:05:00+00:00,,-8.749856336622543,,
2019-01-02 14:15:00+00:00,,,,-70.41711932075123
2019-01-03 00:30:00+00:00,,,,-116.65947093754403
2019-01-03 16:25:00+00:00,,,-119.6282518631815,
2019-01-05 00:15:00+00:00,,54.754990174156774,,
2019-01-05 10:25:00+00:00,,,-82.56181491214193,
2019-01-06 19:20:00+00:00,34.56756004788076,87.1552380088142,,
2019-01-06 21:00:00+00:00,,,,49.21760276856003
2019-01-08 14:30:00+00:00,,,,-74.56885638722451
2019-01-08 15:55:00+00:00,,,,-104.0040673603653
2019-01-08 23:40:00+00:00,,,272.78872048961057,
2019-01-09 13:25:00+00:00,,,-97.76598285745604,
2019-01-14 17:35:00+00:00,,119.47417196289643,,
2019-01-14 18:30:00+00:00,31.44299850173411,,,
2019-01-15 20:35:00+00:00,,,-156.47591538079723,
2019-01-17 16:25:00+00:00,,-128.67464844041206,,
2019-01-18 12:30:00+00:00,,,-82.63093607710744,
2019-01-19 13:10:00+00:00,,,,-84.89329271082897
2019-01-19 18:25:00+00:00,-47.56117577428722,-129.5830391453237,,
2019-01-20 11:35:00+00:00,,,-269.50466426265484,
2019-01-22 14:15:00+00:00,,60.82778380551281,,
2019-01-22 15:45:00+00:00,31.314214265325973,,,
2019-01-22 19:25:00+00:00,,,,-54.30723746406875
2019-01-23 16:00:00+00:00,,,-108.4262853225191,
2019-01-25 08:45:00+00:00,,,-63.086966252188176,
2019-01-26 08:50:00+00:00,,-93.14805995107236,,
2019-01-26 08:55:00+00:00,,,,-77.44410188049369
2019-01-26 15:40:00+00:00,,,-72.29906832189772,
2019-01-30 19:40:00+00:00,,,,4.626946670903635
2019-01-31 04:10:00+00:00,,,,-79.39206223272231
2019-01-31 08:40:00+00:00,,,1.3820426034471893,
2019-02-01 19:10:00+00:00,,31.656823128210817,,
2019-02-02 05:20:00+00:00,,,-37.13044937803261,
2019-02-02 16:00:00+00:00,,,-55.53293293510433,
2019-02-03 00:35:00+00:00,,,,-45.0952803629516
2019-02-03 03:10:00+00:00,,-78.58781116871432,,
2019-02-03 07:10:00+00:00,,,-71.08819171005871,
2019-02-04 08:15:00+00:00,,-12.215215992586309,,
2019-02-05 00:40:00+00:00,,,-49.915452982882925,
2019-02-08 14:00:00+00:00,,17.368745252251756,,
2019-02-08 17:30:00+00:00,,,,549.6539851769157
2019-02-08 18:50:00+00:00,,516.6925843480112,,
2019-02-10 07:00:00+00:00,,,410.2224972866943,
2019-02-11 00:05:00+00:00,,-87.21216143067068,,
2019-02-11 01:10:00+00:00,,,-68.77264985584316,
2019-02-12 00:10:00+00:00,-47.3663747057949,,,
2019-02-12 22:30:00+00:00,,,-86.96586082452814,
2019-02-13 08:30:00+00:00,,,-80.68616192260833,
2019-02-15 10:05:00+00:00,,,-53.82150655435089,
2019-02-15 14:25:00+00:00,,,,-130.24323480990643
2019-02-17 00:05:00+00:00,,,-33.61684401136063,
2019-02-17 10:40:00+00:00,,-94.52830975715551,,
2019-02-17 10:45:00+00:00,,,,-76.73782193327315
2019-02-17 12:05:00+00:00,,,-45.08773218265469,
2019-02-18 01:25:00+00:00,,,,-109.97286830869234
2019-02-18 01:40:00+00:00,,32.83749044764954,,
2019-02-18 03:05:00+00:00,,39.78860578649255,,
2019-02-18 07:20:00+00:00,,40.577568850723765,,
2019-02-18 13:20:00+00:00,,48.75976628151693,,
2019-02-18 14:40:00+00:00,-46.798451873072736,,,
2019-02-18 15:05:00+00:00,,,,9.0848926593535
2019-02-18 16:00:00+00:00,,52.56171594953048,,
2019-02-18 16:45:00+00:00,-61.008081663021585,,,-36.54618216939889
2019-02-18 17:05:00+00:00,,-191.28864806794445,,
2019-02-18 18:15:00+00:00,,71.24663941479048,,
2019-02-19 01:05:00+00:00,,,,-54.65742066434177
2019-02-19 01:25:00+00:00,,-154.0593714938732,,
2019-02-19 14:35:00+00:00,,,,-136.92575555408985
2019-02-19 21:40:00+00:00,,-166.17903807111543,,
2019-02-20 00:20:00+00:00,,,505.7427682426469,
2019-02-21 09:05:00+00:00,,,-61.57874235942654,
2019-02-22 07:35:00+00:00,,,-70.36565258048631,
2019-02-23 04:40:00+00:00,,,-48.02098295676478,
2019-02-23 19:50:00+00:00,,227.76709360345922,,
2019-02-23 20:20:00+00:00,68.2398007186689,,,
2019-02-24 04:40:00+00:00,,,,378.9403124783166
2019-02-24 08:45:00+00:00,,-124.67483107589942,,
2019-02-24 14:05:00+00:00,,,35.2844540374972,
2019-02-28 03:30:00+00:00,,-23.94517647005523,,
2019-02-28 16:40:00+00:00,,,,-163.75943967197782
2019-03-04 00:45:00+00:00,,9.68488691478342,,
2019-03-04 03:00:00+00:00,,-69.459998270484,,
2019-03-04 08:20:00+00:00,,-79.73960552762219,,
2019-03-04 16:00:00+00:00,,-25.158858287832118,,
2019-03-05 14:35:00+00:00,,67.85488893679394,,
2019-03-05 16:50:00+00:00,,-107.27228255950831,,
2019-03-06 00:30:00+00:00,,,,-41.79007889370587
2019-03-06 01:30:00+00:00,,,-6.96669417942212,
2019-03-06 10:40:00+00:00,50.16828582189237,,,
2019-03-06 11:30:00+00:00,,,,-111.34966549490855
2019-03-08 07:05:00+00:00,,-87.51869462283685,,
2019-03-08 07:45:00+00:00,,,,-97.96325747298033
2019-03-08 21:40:00+00:00,,,-68.18042666828296,
2019-03-09 00:25:00+00:00,,31.675588209398484,,
2019-03-09 11:30:00+00:00,,-56.04972738045035,,
2019-03-09 16:55:00+00:00,,-103.75470643245717,,
2019-03-09 17:00:00+00:00,,,,-43.33178603732449
2019-03-12 09:30:00+00:00,,19.480658280843272,,
2019-03-13 14:50:00+00:00,,-81.44478316173081,,
2019-03-14 14:25:00+00:00,,-149.36355964012,,-156.6896043782981
2019-03-14 19:50:00+00:00,,-18.126902159739984,,
2019-03-15 15:55:00+00:00,,17.37926356816388,,
2019-03-15 21:30:00+00:00,,,-34.943523607900715,
2019-03-16 05:20:00+00:00,,105.94349237015012,,
2019-03-16 06:10:00+00:00,,,,182.54649302495454
2019-03-16 12:30:00+00:00,,,39.89891400913166,
2019-03-18 04:55:00+00:00,,-78.5858664327061,,
2019-03-18 05:35:00+00:00,,,-80.38860829027362,
2019-03-19 14:45:00+00:00,,-65.10545302986247,,
2019-03-19 19:00:00+00:00,,-65.1730388588021,,
2019-03-20 01:15:00+00:00,,,-78.30290598698048,
2019-03-20 15:00:00+00:00,,9.018839794869564,,
2019-03-21 05:40:00+00:00,,,-58.031294744481784,
2019-03-21 13:25:00+00:00,,,,-48.90600739294132
2019-03-21 20:25:00+00:00,,4.376812894903196,,
2019-03-25 17:20:00+00:00,,-56.3436941962118,,
2019-03-25 20:20:00+00:00,,-65.3108234077481,,
2019-03-25 23:25:00+00:00,,11.4431459217667,,
2019-03-26 00:10:00+00:00,,11.638309315905644,,
2019-03-26 11:50:00+00:00,,-68.89364968892369,,
2019-03-26 15:40:00+00:00,,12.883288091165014,,
2019-03-27 02:00:00+00:00,,27.73534386281426,,
2019-03-27 14:50:00+00:00,,-35.56410098125707,,
2019-03-28 00:20:00+00:00,,,,12.720288807433462
2019-03-28 03:45:00+00:00,,,60.98991229829244,
2019-03-29 04:45:00+00:00,,-56.889619863293774,,
2019-03-29 05:00:00+00:00,,,,-58.711267675695126
2019-03-29 06:10:00+00:00,,,-46.79401809990486,
2019-03-29 07:40:00+00:00,,5.9945448685448355,,
2019-03-29 09:10:00+00:00,,6.3884855509932095,,
2019-03-29 10:15:00+00:00,,7.407579497816187,,
2019-03-29 11:35:00+00:00,,8.652840712415127,,
2019-03-29 12:05:00+00:00,,-70.27272101142626,,
2019-03-29 12:35:00+00:00,,,,-0.9905592861341574
2019-03-29 20:25:00+00:00,,,24.56934801169791,
2019-03-30 00:55:00+00:00,,,,-12.629774173719852
2019-03-30 04:00:00+00:00,,-117.31958459644011,,
2019-04-01 01:20:00+00:00,,,,-64.37072684515624
2019-04-01 07:20:00+00:00,,,,-33.00418152050952
2019-04-01 14:10:00+00:00,,,,-14.478505340162883
2019-04-01 14:40:00+00:00,,31.748309436303316,,
2019-04-01 14:45:00+00:00,,,,-30.13243359230546
2019-04-02 00:55:00+00:00,,,,-37.601650369042545
2019-04-02 03:00:00+00:00,,,,0.06886382626544219
2019-04-02 03:45:00+00:00,,,,-39.07623964310369
2019-04-02 04:30:00+00:00,,29.239826664632346,,
2019-04-02 04:40:00+00:00,,,,434.46012318140674
2019-04-02 05:00:00+00:00,,,,121.31306396035507
2019-04-02 05:25:00+00:00,,,,313.09663224742144
2019-04-02 08:55:00+00:00,,632.2685713784849,,
2019-04-02 09:20:00+00:00,292.3429885063151,,,
2019-04-02 14:05:00+00:00,-71.44006725475356,,,
2019-04-02 23:20:00+00:00,,,,-83.94225023648869
2019-04-02 23:50:00+00:00,,,,-63.33782414438065
2019-04-03 00:35:00+00:00,,,,-22.483686058159947
2019-04-03 03:10:00+00:00,,,,58.70794612467034
2019-04-03 04:10:00+00:00,62.52572459084513,,,
2019-04-03 16:15:00+00:00,,,,-8.529898083930675
2019-04-03 17:15:00+00:00,,,,-47.15617640902383
2019-04-03 18:55:00+00:00,,,,-69.00549229850003
2019-04-03 20:10:00+00:00,35.642498450491075,,,
2019-04-03 20:25:00+00:00,,,,56.32391780218859
2019-04-03 21:40:00+00:00,,,,-63.56359346776662
2019-04-03 22:40:00+00:00,-71.89404498078875,,,
2019-04-03 23:25:00+00:00,,,1404.4069224575915,
2019-04-04 06:20:00+00:00,33.245608935416385,,,
2019-04-05 05:05:00+00:00,33.51124135081045,,,
2019-04-06 19:55:00+00:00,39.483932932553216,,,
2019-04-06 21:00:00+00:00,,-249.29726556180503,,
2019-04-06 21:20:00+00:00,,,-222.91516817337651,
2019-04-07 16:05:00+00:00,-72.47742432975974,,,
2019-04-07 16:25:00+00:00,,,-137.49342041621276,
2019-04-08 01:25:00+00:00,,,,-63.685052338007154
2019-04-08 02:35:00+00:00,33.51537817293956,,,
2019-04-08 07:30:00+00:00,,,-151.0245133327935,
2019-04-08 08:35:00+00:00,,-266.98623182887604,,
2019-04-08 22:20:00+00:00,33.78316604454085,,,
2019-04-09 03:50:00+00:00,,,-157.10290821096532,
2019-04-10 18:40:00+00:00,,,,92.84459607343888
2019-04-10 20:35:00+00:00,,-206.40190648580392,,
2019-04-10 20:40:00+00:00,-144.1414153953383,,,
2019-04-11 03:25:00+00:00,,,-1.2333140887913032,
2019-04-12 20:35:00+00:00,,,-93.97334582444637,
2019-04-13 08:25:00+00:00,,,-73.87958540113686,
2019-04-14 03:50:00+00:00,,,-83.70913614501296,
2019-04-15 10:55:00+00:00,,,-63.31692426887821,
2019-04-15 16:00:00+00:00,,-29.055639446429268,,
2019-04-17 00:05:00+00:00,32.90140363222872,,,
2019-04-17 00:10:00+00:00,,72.44393130432582,,
2019-04-18 04:10:00+00:00,,,,-24.17258873112951
2019-04-18 09:10:00+00:00,,,35.677271433435635,
2019-04-18 20:00:00+00:00,,,,-40.2749204586471
2019-04-18 21:40:00+00:00,,,,-51.639868667338305
2019-04-19 16:30:00+00:00,,,,-7.959923683065426
2019-04-20 08:10:00+00:00,,,,-44.05695128760817
2019-04-22 15:45:00+00:00,,,,-101.97154835054607
2019-04-22 18:25:00+00:00,,,,-57.86964552418431
2019-04-22 19:05:00+00:00,,,,-7.38265379772929
2019-04-23 03:15:00+00:00,,59.507251805427586,,
2019-04-23 03:25:00+00:00,,,,-42.51274849787842
2019-04-23 03:55:00+00:00,,,,-7.219787050233208
2019-04-23 04:15:00+00:00,,,,-10.156868172365648
2019-04-23 04:20:00+00:00,33.16428584725145,,,
2019-04-23 04:30:00+00:00,,,,94.14224778588505
2019-04-23 08:15:00+00:00,,70.66179426356393,,
2019-04-23 09:40:00+00:00,-71.06334484637227,,,
2019-04-23 22:20:00+00:00,,,330.3120835412965,
2019-04-25 21:55:00+00:00,,,-110.93423334728686,
2019-04-26 06:40:00+00:00,,,-274.5942191517397,
2019-04-26 16:00:00+00:00,-69.85633393415674,,,
2019-04-26 16:25:00+00:00,,-292.29464141183416,,
2019-05-01 17:10:00+00:00,,91.6374554787053,,
2019-05-02 08:40:00+00:00,72.69257800171317,,,
2019-05-03 02:05:00+00:00,,79.99710826275623,,
2019-05-03 06:25:00+00:00,73.99959055418276,,,
2019-05-03 07:20:00+00:00,,85.26600103017336,,
2019-05-03 08:50:00+00:00,75.33010319234745,,,
2019-05-03 11:25:00+00:00,,97.6638025067241,,
2019-05-04 01:40:00+00:00,,130.8726864922137,,
2019-05-04 01:45:00+00:00,76.68453844774558,,,
2019-05-04 04:05:00+00:00,-95.43002866239294,,,
2019-05-04 13:40:00+00:00,,,,851.3094137323169
2019-05-04 14:25:00+00:00,,,585.1906091689734,
2019-05-04 22:15:00+00:00,76.3474945336875,,,
2019-05-06 00:55:00+00:00,,-283.8632026842697,,
2019-05-06 01:20:00+00:00,-95.01059456224448,,,
2019-05-06 01:30:00+00:00,,,,-112.2961663310507
2019-05-06 01:55:00+00:00,,,-147.66634354422422,
2019-05-07 04:00:00+00:00,122.34697404494273,,,
2019-05-07 13:40:00+00:00,,136.69208318962228,,
2019-05-07 23:55:00+00:00,,,,242.64311312619793
2019-05-08 23:20:00+00:00,78.21173058850036,,,
2019-05-09 05:00:00+00:00,79.61797750448204,,,
2019-05-09 22:45:00+00:00,,178.68295613060218,,
2019-05-10 16:35:00+00:00,81.04950874001406,,,
2019-05-10 16:50:00+00:00,,152.31110189103492,,
2019-05-10 20:50:00+00:00,-100.86201336926297,,,
2019-05-11 02:55:00+00:00,80.69327990677903,,,
2019-05-11 04:45:00+00:00,82.14414507950278,,,
2019-05-11 08:10:00+00:00,,420.22630449462486,,
2019-05-11 16:30:00+00:00,90.36513986446516,,,
2019-05-11 22:00:00+00:00,85.24586202279534,,,
2019-05-11 23:35:00+00:00,142.69129901659653,,,
2019-05-12 00:30:00+00:00,,-406.0861890097858,,
2019-05-12 05:25:00+00:00,89.34417217828377,,,
2019-05-12 08:20:00+00:00,-111.18430239495046,,,
2019-05-12 09:50:00+00:00,-112.65878693334435,,,
2019-05-12 11:35:00+00:00,,-453.19635434312113,,
2019-05-12 11:40:00+00:00,,,,2044.073231424425
2019-05-12 14:00:00+00:00,-106.26423129151499,,,
2019-05-12 15:45:00+00:00,,,1574.8614523362903,
2019-05-12 18:15:00+00:00,85.01525076930466,,,
2019-05-12 21:45:00+00:00,86.54382497813822,,,
2019-05-13 12:35:00+00:00,141.78482320683634,,,
2019-05-13 16:15:00+00:00,273.21740015575597,,,
2019-05-13 21:30:00+00:00,,433.21126976448977,,
2019-05-13 22:25:00+00:00,129.77670343089176,,,
2019-05-14 01:25:00+00:00,97.8950080549921,,,
2019-05-14 02:25:00+00:00,-121.82538506062701,,,
2019-05-14 08:10:00+00:00,159.43965701429806,,,
2019-05-14 08:45:00+00:00,-122.65214675816787,,,
2019-05-14 10:15:00+00:00,-119.95625257242318,,,
2019-05-14 16:00:00+00:00,-117.31961414088073,,,
2019-05-14 18:35:00+00:00,-114.74092902206394,,,
2019-05-14 19:15:00+00:00,,,,1188.091071932693
2019-05-14 20:50:00+00:00,-112.21892340215982,,,
2019-05-14 23:45:00+00:00,89.77922108074199,,,
2019-05-15 18:40:00+00:00,91.39345147577387,,,
2019-05-16 02:50:00+00:00,93.03670573330965,,,
2019-05-16 10:10:00+00:00,-115.77947360058988,,,
2019-05-16 10:15:00+00:00,,,,-210.90162290362423
2019-05-16 12:55:00+00:00,-113.23464077085009,,,
2019-05-16 13:00:00+00:00,,,869.5288930260249,
2019-05-16 20:55:00+00:00,-110.74574336670594,,,
2019-05-17 01:40:00+00:00,-108.31155192750612,,,
2019-05-17 03:00:00+00:00,,,,-880.3200330769323
2019-05-17 04:55:00+00:00,-105.93086401613891,,,
2019-05-17 10:30:00+00:00,-103.60250362506395,,,
2019-05-17 16:05:00+00:00,-101.32532059538516,,,
2019-05-17 17:05:00+00:00,-99.0981900486986,,,
2019-05-17 22:15:00+00:00,99.22822421431738,,,
2019-05-18 09:30:00+00:00,-99.10104819965909,,,
2019-05-19 03:10:00+00:00,218.86114961863495,,,
2019-05-19 04:50:00+00:00,83.2195671799227,,,
2019-05-19 12:20:00+00:00,-103.56254131546302,,,
2019-05-19 22:35:00+00:00,82.85380050496588,,,
2019-05-19 22:45:00+00:00,,454.861152858839,,
2019-05-20 00:05:00+00:00,-103.10736319244825,,,
2019-05-20 00:45:00+00:00,,,,1126.0855858767682
2019-05-20 08:50:00+00:00,-100.84106334947865,,,
2019-05-20 13:10:00+00:00,,,,-982.5486982585662
2019-05-20 20:45:00+00:00,80.67651912882047,,,
2019-05-21 11:35:00+00:00,-100.39784666750893,,,
2019-05-22 11:10:00+00:00,-98.19110199775605,,,
2019-05-22 20:15:00+00:00,-96.03286157584535,,,
2019-05-22 21:50:00+00:00,,,,-328.827036587827
2019-05-22 22:15:00+00:00,,,549.2685281460908,
2019-05-23 00:20:00+00:00,-93.9220592784086,,,
2019-05-23 09:10:00+00:00,-91.85765241546915,,,
2019-05-23 15:00:00+00:00,73.48946357836621,,,
2019-05-24 08:20:00+00:00,74.81080413350446,,,
2019-05-24 16:05:00+00:00,76.15590239182438,,,
2019-05-24 23:05:00+00:00,-94.77216783425592,,,
2019-05-26 11:20:00+00:00,-92.68907558525916,,,
2019-05-26 20:40:00+00:00,194.93081999317565,,,
2019-05-26 22:10:00+00:00,77.65948850362474,,,
2019-05-27 01:00:00+00:00,,566.6567655501531,,
2019-05-27 15:35:00+00:00,79.0558061069205,,,
2019-05-27 16:40:00+00:00,-98.38095130288457,,,
2019-05-28 13:30:00+00:00,-96.21853799324799,,,
2019-05-29 04:25:00+00:00,-94.10365452815586,,,
2019-05-29 04:35:00+00:00,,,,1472.4187173775408
2019-05-29 05:15:00+00:00,,,1281.0992732899995,
2019-05-30 16:15:00+00:00,,-224.26998725010526,,-51.83416950109313
2019-05-30 16:20:00+00:00,-94.88123966302419,,,
2019-05-30 21:30:00+00:00,,,-645.4233345431712,
2019-05-31 04:30:00+00:00,-89.9497665538338,,,
2019-05-31 18:30:00+00:00,71.96308548298248,,,
2019-06-01 09:10:00+00:00,73.25698175996695,,,
2019-06-02 12:00:00+00:00,74.57414229201095,,,
2019-06-02 13:15:00+00:00,-92.80374741055857,,,-112.83527003169183
2019-06-03 05:50:00+00:00,-90.76392104247589,,,
2019-06-03 07:00:00+00:00,,,142.8401478059841,
2019-06-03 14:45:00+00:00,-88.76893005796137,,,
2019-06-03 23:10:00+00:00,-86.81778897528739,-221.2123165937428,,
2019-06-03 23:50:00+00:00,,,-577.9370986411814,
2019-06-04 17:15:00+00:00,-84.90953397361045,,,
2019-06-05 07:40:00+00:00,67.93071606257263,,,
2019-06-05 14:40:00+00:00,-84.53633955592613,,,
2019-06-06 14:45:00+00:00,-82.67823081248707,,,
2019-06-06 18:30:00+00:00,,,-528.9022950950821,
2019-06-07 06:05:00+00:00,66.14559236215291,,,
2019-06-07 19:20:00+00:00,67.33489011282427,,,
2019-06-08 06:00:00+00:00,,,,14.608891649917496
2019-06-08 07:00:00+00:00,-83.79486430402903,,,
2019-06-08 16:35:00+00:00,-81.95305318662577,,,
2019-06-08 17:30:00+00:00,,,58.21584523559068,
2019-06-09 12:30:00+00:00,-80.15172507758325,,,
2019-06-09 13:30:00+00:00,,,-286.3250740442436,
2019-06-09 22:05:00+00:00,-78.3899901603786,,,
2019-06-10 11:25:00+00:00,62.71484384059249,,,
2019-06-11 10:10:00+00:00,-78.04545044426959,-235.85533922582363,,-270.9946540154124
2019-06-11 11:45:00+00:00,,,27.927369286428075,
2019-06-12 12:15:00+00:00,62.43919953385921,,,
2019-06-12 15:10:00+00:00,63.56185634147778,,,
2019-06-13 10:25:00+00:00,,,,19.69684641645108
2019-06-13 22:20:00+00:00,64.70469851849657,,,
2019-06-15 00:30:00+00:00,,180.51742275316064,,
2019-06-15 01:10:00+00:00,125.92087363698283,,,
2019-06-15 16:30:00+00:00,,190.8170533871198,,
2019-06-16 04:55:00+00:00,,196.13379642090513,,
2019-06-16 08:45:00+00:00,,,,1312.4051599240374
2019-06-16 08:50:00+00:00,148.81853497627208,,,
2019-06-16 14:00:00+00:00,,209.60677533381022,,
2019-06-16 19:35:00+00:00,-86.56049612639981,,,
2019-06-17 10:45:00+00:00,69.2515458443736,,,
2019-06-17 23:10:00+00:00,70.49668863865554,,,
2019-06-18 03:25:00+00:00,-87.72956261547915,,,
2019-06-18 05:30:00+00:00,,,,-348.13977771369173
2019-06-18 07:35:00+00:00,,,1667.6606648719517,
2019-06-18 15:20:00+00:00,-85.80126682919081,,,
2019-06-18 16:55:00+00:00,,,-328.2766845179267,
2019-06-20 02:55:00+00:00,68.6441347869627,,,
2019-06-20 08:45:00+00:00,,,,-222.43663273462334
2019-06-20 23:50:00+00:00,69.87835633043278,,,
2019-06-21 09:55:00+00:00,,195.9260399264258,,
2019-06-21 13:30:00+00:00,71.13476917725347,,,
2019-06-22 00:10:00+00:00,,-226.06642762127376,,
2019-06-22 05:35:00+00:00,,508.02560357793845,,
2019-06-22 06:20:00+00:00,322.37829614239035,,,
2019-06-22 14:30:00+00:00,130.27311652815933,,,1915.5590558418298
2019-06-22 19:00:00+00:00,-98.4728996160602,,,
2019-06-23 10:35:00+00:00,-96.30846528249913,,,
2019-06-23 22:25:00+00:00,,-458.0501797931338,,
2019-06-23 22:40:00+00:00,77.0502757860013,,,
2019-06-23 23:05:00+00:00,,,,-514.0280353926719
2019-06-24 00:10:00+00:00,-95.88517027736725,,,
2019-06-24 16:05:00+00:00,76.71162438304691,,,
2019-06-25 06:50:00+00:00,86.81713155315992,,,
2019-06-26 03:15:00+00:00,,295.0001439881453,,
2019-06-26 07:50:00+00:00,,488.46661722463614,,
2019-06-26 09:05:00+00:00,508.5052192093708,,,
2019-06-26 20:35:00+00:00,,-388.6429624972443,,1935.4536847931922
2019-06-26 20:40:00+00:00,141.36707843727345,,,
2019-06-27 01:40:00+00:00,-275.08230746795834,,,
2019-06-27 03:50:00+00:00,86.39059543819167,,,
2019-06-27 06:25:00+00:00,-107.50872556200738,-779.2000056490942,,
2019-06-27 09:25:00+00:00,,,3481.3748619799044,
2019-06-27 14:05:00+00:00,-105.14568377415344,,,
2019-06-27 15:15:00+00:00,-102.83458164479816,,,
2019-06-28 04:00:00+00:00,82.27140628633424,,,
2019-06-28 23:35:00+00:00,116.74247824196027,,,
2019-06-29 01:55:00+00:00,-104.94860272217647,,,
2019-06-29 02:00:00+00:00,,,,-529.7515654918025
2019-06-29 10:00:00+00:00,-102.641832434344,,,
2019-06-29 18:30:00+00:00,82.11719990603706,,,
2019-06-30 07:10:00+00:00,-102.19070101137095,,,
2019-06-30 22:30:00+00:00,-99.94454940314154,,,
2019-07-01 12:20:00+00:00,-97.74776820726038,,,
2019-07-01 12:25:00+00:00,,-442.5155974994632,,
2019-07-02 01:40:00+00:00,-95.59927226206491,,,
2019-07-02 04:15:00+00:00,,-450.9324872433899,,
2019-07-02 11:05:00+00:00,-126.42997721779193,-462.7030539357711,,
2019-07-02 14:30:00+00:00,74.20968457988056,,,
2019-07-02 21:10:00+00:00,101.698710842933,,,
2019-07-03 00:00:00+00:00,77.37251752958309,,,
2019-07-03 00:50:00+00:00,,565.9492803350713,,
2019-07-03 04:45:00+00:00,101.29208079617547,,,
2019-07-03 08:30:00+00:00,-98.51258376109126,,,
2019-07-03 08:55:00+00:00,,,-312.0488249014961,
2019-07-03 09:00:00+00:00,,,,356.0659521622947
2019-07-04 02:35:00+00:00,242.3129976059863,,,
2019-07-04 04:35:00+00:00,-101.67331685740191,,,
2019-07-04 05:20:00+00:00,,,-337.17316919326004,
2019-07-04 05:45:00+00:00,,,,-210.93149516933408
2019-07-04 23:05:00+00:00,-99.43853735287666,,,
2019-07-05 01:05:00+00:00,,-86.78983305379916,,
2019-07-05 20:10:00+00:00,-97.25287830185971,,,
2019-07-05 20:30:00+00:00,,-370.6442454487333,,
2019-07-06 08:00:00+00:00,77.80584055784311,,,
2019-07-06 21:25:00+00:00,-96.8254324122463,,,
2019-07-06 21:30:00+00:00,,,,-471.9004111589202
2019-07-07 16:40:00+00:00,-94.69720940782463,,,
2019-07-08 00:20:00+00:00,,43.1861755184309,,
2019-07-08 08:55:00+00:00,75.76121247114861,,,
2019-07-08 14:35:00+00:00,77.12339907137903,,,
2019-07-08 19:45:00+00:00,,289.1825792627533,,
2019-07-09 02:00:00+00:00,,298.28488079186536,,
2019-07-09 06:05:00+00:00,161.35667858336637,,,
2019-07-09 07:50:00+00:00,-99.52278830200885,-276.584822193081,,
2019-07-09 08:00:00+00:00,,,,1321.4377850638048
2019-07-09 10:25:00+00:00,,,263.14941728823214,
2019-07-09 21:35:00+00:00,79.62185113394116,,,
2019-07-10 05:25:00+00:00,139.11881928656658,,,
2019-07-10 07:05:00+00:00,-102.14319735097251,,,
2019-07-10 14:15:00+00:00,-99.89808987319975,,,
2019-07-10 14:45:00+00:00,,,-117.42255724015013,
2019-07-10 14:50:00+00:00,,,,-119.67834152640717
2019-07-10 15:10:00+00:00,,-326.49204681466836,,
2019-07-11 00:05:00+00:00,-97.70232985778512,,,
2019-07-11 03:20:00+00:00,-95.55483264751183,,,
2019-07-11 16:15:00+00:00,76.4473422619676,,,
2019-07-11 19:15:00+00:00,-95.13485000883702,,,
2019-07-11 20:10:00+00:00,-93.0437860056436,,,
2019-07-12 03:50:00+00:00,-90.99868358923959,,,
2019-07-13 04:05:00+00:00,,,,-465.493298472531
2019-07-13 10:05:00+00:00,-88.99853252394769,,,
2019-07-13 11:50:00+00:00,,-398.3447522666902,,
2019-07-13 18:15:00+00:00,-87.04234477907221,,,
2019-07-14 07:05:00+00:00,-85.12915404082696,,,
2019-07-14 09:45:00+00:00,,-272.19240944505054,,
2019-07-14 21:00:00+00:00,68.10642010580023,,,
2019-07-14 23:00:00+00:00,-84.75499434893527,,,
2019-07-15 14:00:00+00:00,67.80707874090876,,,
2019-07-15 22:20:00+00:00,76.23445197854426,,,
2019-07-16 03:40:00+00:00,,,-299.0095872210859,
2019-07-16 03:45:00+00:00,-86.05811241835954,,,
2019-07-16 07:25:00+00:00,,,,-489.65312482242007
2019-07-16 10:00:00+00:00,-84.16655510740384,,,
2019-07-16 12:50:00+00:00,-82.31657422614308,,,
2019-07-16 16:00:00+00:00,,-363.26675076601987,,
2019-07-17 10:00:00+00:00,-80.50725592465233,,,
2019-07-17 19:25:00+00:00,88.7628876375602,,,
2019-07-17 20:05:00+00:00,-80.68871470970271,,,
2019-07-17 23:20:00+00:00,-78.91517676038302,,,
2019-07-18 00:25:00+00:00,,,-232.61778454821433,
2019-07-18 12:15:00+00:00,-77.18062117518957,,,
2019-07-18 12:20:00+00:00,,,,-633.6696276932707
2019-07-18 14:45:00+00:00,,435.0408498713714,,
2019-07-18 19:15:00+00:00,147.32864032236057,,,
2019-07-19 05:00:00+00:00,,,91.73866179217111,
2019-07-19 08:25:00+00:00,-78.72247463604435,,,
2019-07-19 08:55:00+00:00,,,,367.61282281517197
2019-07-19 13:05:00+00:00,-99.06118556510455,,,
2019-07-20 04:35:00+00:00,61.199723399960476,,,
2019-07-20 15:15:00+00:00,,157.36832617227083,,
2019-07-20 21:05:00+00:00,99.9193263192924,,,
2019-07-20 23:40:00+00:00,-78.35618649765229,,,
2019-07-20 23:50:00+00:00,,,,-138.04361866809268
2019-07-21 00:10:00+00:00,,,-276.5580812117696,
2019-07-21 04:00:00+00:00,,-321.3687928321906,,
2019-07-21 13:20:00+00:00,-76.63391751843437,,,
2019-07-22 14:40:00+00:00,-74.9495040113793,-214.57321858632258,,
2019-07-23 05:40:00+00:00,-73.30211391320881,,,
2019-07-23 23:15:00+00:00,,-229.5607220051852,-391.4180902436492,
2019-07-23 23:25:00+00:00,-71.69093344939665,,,
2019-07-24 16:20:00+00:00,-70.1151667321783,-221.82624918445345,,
2019-07-25 04:45:00+00:00,100.57985865394267,,,
2019-07-25 13:10:00+00:00,,,,-60.41939714866385
2019-07-25 13:45:00+00:00,,,-244.02482790257636,
2019-07-26 00:15:00+00:00,,-212.12133668243132,,
2019-07-27 00:10:00+00:00,57.903109930752635,,,
2019-07-27 10:20:00+00:00,-72.05749101689617,-195.5620441988185,,
2019-07-27 10:25:00+00:00,,,,-769.4391585383983
2019-07-28 22:00:00+00:00,,,,-301.40184739414144
2019-07-29 08:55:00+00:00,,,,-92.40412923153781
2019-07-30 18:00:00+00:00,,-35.28975957696366,,
2019-07-31 10:45:00+00:00,59.741256384128974,,,
2019-07-31 19:00:00+00:00,61.65916988173103,,,
2019-08-01 00:05:00+00:00,,103.51704434642488,,
2019-08-01 03:45:00+00:00,,,,424.7973254170738
2019-08-01 04:25:00+00:00,,,242.57467072839063,
2019-08-02 01:15:00+00:00,123.31918942215634,,,
2019-08-02 06:05:00+00:00,,108.41325368373236,,
2019-08-02 18:00:00+00:00,,,348.436560707205,
2019-08-02 20:30:00+00:00,,,,353.91366970540366
2019-08-03 07:25:00+00:00,113.13506294124,,,
2019-08-03 07:55:00+00:00,,124.96046336513518,,
2019-08-03 12:10:00+00:00,,,,-44.77039040609452
2019-08-04 03:40:00+00:00,,,-49.24642767967998,-284.1338292585642
2019-08-04 04:40:00+00:00,-78.3393132006172,,,
2019-08-04 20:35:00+00:00,82.1903479125549,,,
2019-08-05 00:45:00+00:00,,115.99308719453529,,
2019-08-05 06:25:00+00:00,,210.67511929929242,,
2019-08-05 11:15:00+00:00,193.25372565413954,,,
2019-08-05 16:55:00+00:00,67.62678487195853,,,
2019-08-06 01:30:00+00:00,-84.15811256494862,,,962.391436464819
2019-08-06 02:10:00+00:00,,,897.2510410763189,
2019-08-06 06:40:00+00:00,,142.63039288538494,,
2019-08-06 10:30:00+00:00,,,,79.92546226096601
2019-08-06 10:45:00+00:00,,-212.4455148455063,,
2019-08-06 11:45:00+00:00,,,-534.5625127898111,
2019-08-06 12:35:00+00:00,-82.30831725077087,,,
2019-08-06 21:20:00+00:00,-80.49918043759953,,,
2019-08-07 15:05:00+00:00,,-250.5934016074807,,
2019-08-07 15:15:00+00:00,,,,-328.80416955673354
2019-08-07 17:15:00+00:00,,,-525.1301050007787,
2019-08-07 20:00:00+00:00,64.40227279160263,,,
2019-08-08 17:25:00+00:00,-80.14537040753976,,,
2019-08-09 08:35:00+00:00,,,,-304.15463822705715
2019-08-09 09:50:00+00:00,,,-330.90734453676123,
2019-08-10 11:25:00+00:00,-78.38377516598212,,,
2019-08-11 09:15:00+00:00,-76.66089978783384,,,
2019-08-12 05:20:00+00:00,,,,-139.9887273193999
2019-08-13 13:35:00+00:00,-74.97589321049782,,,
2019-08-14 01:20:00+00:00,-73.3279230777307,,,
2019-08-14 09:20:00+00:00,-71.71617532848268,,,
2019-08-14 16:25:00+00:00,-72.67082693431621,,,
2019-08-14 23:30:00+00:00,-68.54254901874583,,,
2019-08-16 01:35:00+00:00,92.19562953492414,,,
2019-08-16 04:45:00+00:00,-69.06244372849142,-231.57386330754252,,
2019-08-16 04:50:00+00:00,,,-310.7001039265433,
2019-08-16 11:30:00+00:00,-67.544451215339,,,
2019-08-16 20:45:00+00:00,96.60886819598227,,,
2019-08-17 00:35:00+00:00,,,,-409.2940528948511
2019-08-17 00:40:00+00:00,,,-335.50814375452865,
2019-08-17 17:15:00+00:00,-68.18328710057403,,,
2019-08-18 07:05:00+00:00,,-145.68440175944943,,
2019-08-18 16:00:00+00:00,54.549110087937606,,,
2019-08-19 00:00:00+00:00,,,-94.77197501233422,
2019-08-19 00:15:00+00:00,,,,-235.84975103376382
2019-08-19 11:45:00+00:00,,172.41615651768188,,
2019-08-19 12:15:00+00:00,59.9681715120073,,,
2019-08-20 06:00:00+00:00,,,,315.9135865569842
2019-08-20 06:05:00+00:00,,,45.22849598189714,
2019-08-21 02:20:00+00:00,,-61.10722402506235,,
2019-08-21 03:30:00+00:00,-69.20170829966992,,,
2019-08-22 01:45:00+00:00,-67.68065475124331,,,
2019-08-22 18:05:00+00:00,54.14698592344848,,,
2019-08-23 19:05:00+00:00,55.12054873035231,,,
2019-08-24 03:10:00+00:00,,,-124.20512404442525,
2019-08-24 07:10:00+00:00,,,,65.60856443581724
2019-08-24 08:20:00+00:00,-68.59473437150154,,,
2019-08-25 12:45:00+00:00,54.87828287252432,,,
2019-08-25 14:25:00+00:00,,,,-341.1961511318714
2019-08-25 14:30:00+00:00,-69.86377191014026,,,
2019-08-26 03:50:00+00:00,,-227.45918017539134,,
2019-08-26 03:55:00+00:00,,,,-184.81064705150675
2019-08-26 05:35:00+00:00,54.60884377962839,,,
2019-08-27 03:15:00+00:00,-67.95794344724527,,,
2019-08-28 18:25:00+00:00,,,-703.7196617288664,
2019-08-30 21:40:00+00:00,,-75.03230445853842,,
2019-09-01 01:10:00+00:00,,19.296214165678066,,
2019-09-01 21:50:00+00:00,,-59.85960516126943,,
2019-09-01 22:35:00+00:00,,20.190642832591948,,
2019-09-01 23:30:00+00:00,,-53.44918221750686,,
2019-09-02 17:05:00+00:00,,16.066006106144414,,
2019-09-02 18:30:00+00:00,,78.49187818532937,,
2019-09-02 20:20:00+00:00,54.36882696760449,,,
2019-09-02 20:45:00+00:00,,,,-191.36808968862715
2019-09-02 21:25:00+00:00,,89.2469170865279,,
2019-09-02 23:05:00+00:00,,,,-136.0234113382412
2019-09-02 23:20:00+00:00,,-65.39557080755367,,
2019-09-03 03:45:00+00:00,,,,-110.63171698304723
2019-09-03 07:55:00+00:00,,-45.45888931096033,,
2019-09-03 11:45:00+00:00,,,,-127.97719395302738
2019-09-03 12:50:00+00:00,,27.365731915608194,,
2019-09-03 14:00:00+00:00,,57.79494200125464,,
2019-09-03 14:50:00+00:00,,,,252.26392242077418
2019-09-03 14:55:00+00:00,72.08073599073305,,,
2019-09-04 13:05:00+00:00,,,801.5748215275362,
2019-09-04 19:40:00+00:00,,35.0824901159649,,
2019-09-04 20:15:00+00:00,,,,-144.79707204899205
2019-09-04 20:20:00+00:00,,-99.39692192228995,,
2019-09-05 02:50:00+00:00,,,-221.60459413259014,
2019-09-05 19:50:00+00:00,56.642390109595,,,
2019-09-05 19:55:00+00:00,,,,-451.05853698194915
2019-09-06 12:50:00+00:00,,,,-129.98005959653347
2019-09-06 13:45:00+00:00,,-71.56229498159246,,
2019-09-06 18:30:00+00:00,,,-353.03201241604256,
2019-09-07 17:20:00+00:00,,-74.62608421661753,,
2019-09-08 11:25:00+00:00,,,-247.93815517892108,
2019-09-09 11:10:00+00:00,,23.797049513614184,,
2019-09-09 12:15:00+00:00,,35.42132288558696,,
2019-09-09 16:05:00+00:00,-70.48858897870832,,,
2019-09-11 01:45:00+00:00,,-69.47133369938456,,
2019-09-11 21:35:00+00:00,,0.5375132316812596,,
2019-09-13 17:15:00+00:00,,,28.37727859066581,
2019-09-15 03:20:00+00:00,,,-99.09741337974629,
2019-09-16 22:05:00+00:00,,50.97747270522905,,
2019-09-19 20:00:00+00:00,56.39343545392876,32.63765930810587,,
2019-09-20 00:30:00+00:00,,-17.949069701784538,,
2019-09-20 21:50:00+00:00,,,-188.6482449599971,
2019-09-21 06:20:00+00:00,-70.17877750423395,,,
2019-09-22 07:40:00+00:00,,17.585525748008877,,
2019-09-22 12:15:00+00:00,,-23.770580695351782,,
2019-09-24 02:45:00+00:00,,-63.23396809220594,,
2019-09-24 16:55:00+00:00,,-65.9879394593163,,
2019-09-24 21:00:00+00:00,,119.47541445753541,,
2019-09-24 23:05:00+00:00,,116.66654991211271,,
2019-09-24 23:55:00+00:00,-68.63624797468992,,,
2019-09-25 04:10:00+00:00,-67.12762324420646,,,
2019-09-25 12:15:00+00:00,-65.65215808529956,,,
2019-09-25 23:10:00+00:00,-64.20912365058393,,,
2019-09-27 21:40:00+00:00,51.369634753737046,,,
2019-09-28 02:10:00+00:00,,-111.35413502627944,,
2019-09-28 12:30:00+00:00,-63.92691168463125,,,
2019-09-28 22:45:00+00:00,,,,-336.9493499913842
2019-09-28 22:50:00+00:00,,-89.04691474816082,,
2019-09-28 22:55:00+00:00,-62.521798165803375,,,
2019-09-30 11:20:00+00:00,,46.047104915372074,,
2019-09-30 13:30:00+00:00,50.019712983499176,,,
2019-09-30 16:00:00+00:00,,48.2703336254408,,
2019-09-30 20:05:00+00:00,,,,-195.20950771185926
2019-09-30 21:50:00+00:00,,,32.27134665754966,
2019-10-01 02:10:00+00:00,50.919067422941225,,,
2019-10-01 02:55:00+00:00,,44.02914142996542,,
2019-10-01 03:15:00+00:00,,44.759653588585024,,
2019-10-01 06:15:00+00:00,,-92.2436919115089,,
2019-10-01 08:30:00+00:00,,,,-5.305251483570828
2019-10-01 09:15:00+00:00,,,-242.09728012695268,
2019-10-01 17:55:00+00:00,-63.36620343545246,,,
2019-10-04 00:05:00+00:00,,-64.09072171323623,,
2019-10-05 22:40:00+00:00,,-59.75214483132004,,
2019-10-06 18:20:00+00:00,,-60.73040970205875,,
2019-10-07 11:40:00+00:00,,30.900764732526113,,
2019-10-07 13:20:00+00:00,50.69526791743647,,,
2019-10-07 14:00:00+00:00,,33.05510069527827,,
2019-10-07 23:45:00+00:00,,,,-15.648871356746895
2019-10-08 02:10:00+00:00,51.60676883459291,,,
2019-10-08 05:25:00+00:00,,,290.067279593477,
2019-10-08 07:40:00+00:00,,,,-167.52723905018138
2019-10-09 16:05:00+00:00,,203.5344693353445,,
2019-10-09 16:20:00+00:00,,27.23253535765525,,
2019-10-09 17:25:00+00:00,65.94634271173618,,,
2019-10-09 21:35:00+00:00,,,,334.47891579295174
2019-10-10 01:45:00+00:00,,,123.36276528978306,
2019-10-11 05:15:00+00:00,,,,-207.00101625319257
2019-10-11 05:20:00+00:00,,-162.04632828977628,,
2019-10-11 05:25:00+00:00,-65.67151366455391,,,
2019-10-13 20:05:00+00:00,,,,-58.92483627289221
2019-10-14 21:05:00+00:00,,-8.31244415099809,,
2019-10-17 10:05:00+00:00,,19.03745308104044,,
2019-10-17 12:05:00+00:00,,-57.32043285062355,,
2019-10-17 19:35:00+00:00,,,-92.50570882416832,
2019-10-19 15:55:00+00:00,,-60.53006609115528,,
2019-10-20 18:25:00+00:00,,19.11532843914756,,
2019-10-20 19:30:00+00:00,,19.390741633910693,,
2019-10-20 23:10:00+00:00,,,,124.84009222254463
2019-10-20 23:15:00+00:00,,-56.89079475923245,,
2019-10-21 08:35:00+00:00,,,210.8765202186405,
2019-10-21 15:20:00+00:00,52.53959996450658,,,
2019-10-21 15:25:00+00:00,,,,-216.9498855863676
2019-10-22 13:50:00+00:00,,,-89.42550695171121,
2019-10-25 13:50:00+00:00,,52.8004075778199,,
2019-10-25 15:40:00+00:00,53.48426197186882,,,
2019-10-25 16:50:00+00:00,,564.851960795374,,
2019-10-25 17:35:00+00:00,,-139.00988898343076,,
2019-10-25 19:20:00+00:00,279.36660087453674,,,
2019-10-25 22:45:00+00:00,,,,1661.4200538616933
2019-10-26 00:20:00+00:00,59.468920485846866,,,
2019-10-26 02:25:00+00:00,,667.8173850984695,,
2019-10-26 04:10:00+00:00,257.8600173879272,,,
2019-10-26 04:20:00+00:00,,,,1219.163917343063
2019-10-26 05:10:00+00:00,65.1744947888169,,,
2019-10-26 08:45:00+00:00,,,2892.612024955237,
2019-10-26 13:00:00+00:00,-81.10636161671573,,,
2019-10-26 23:35:00+00:00,28.835118920343575,,,
2019-10-27 01:40:00+00:00,-61.78694783178844,,,
2019-10-27 11:45:00+00:00,-60.73749652286597,,,
2019-10-27 16:15:00+00:00,28.086541210123414,,,
2019-10-27 19:50:00+00:00,28.31095267439241,,,
2019-10-27 23:15:00+00:00,,,-177.35024477537445,
2019-10-28 04:00:00+00:00,-60.663781578052294,,,
2019-10-29 13:25:00+00:00,-59.63340724794989,,,
2019-10-30 00:50:00+00:00,-58.62053382584418,,,
2019-10-31 14:05:00+00:00,-57.624864058811,,,
2019-10-31 21:00:00+00:00,,-264.23349686562415,,
2019-11-02 19:00:00+00:00,,,-117.7596502067845,
2019-11-03 04:25:00+00:00,,,,-120.41252002147303
2019-11-04 19:45:00+00:00,,,-42.101611724921895,
2019-11-04 20:15:00+00:00,,50.32056220841787,,
2019-11-04 22:30:00+00:00,,,,-69.71452207459151
2019-11-05 06:25:00+00:00,,-149.19345427546068,,
2019-11-10 16:35:00+00:00,,,,100.08817314740008
2019-11-11 05:35:00+00:00,-56.64610574277276,,,
2019-11-11 06:05:00+00:00,,-188.66563347991905,,
2019-11-13 20:30:00+00:00,,-0.15564584310141072,,
2019-11-15 09:35:00+00:00,-55.68397163673126,-124.90455055960865,,
2019-11-17 20:45:00+00:00,,,,-131.3253383029696
2019-11-18 02:45:00+00:00,,-123.03160186739478,,
2019-11-22 18:55:00+00:00,25.749664600180495,,,
2019-11-22 19:25:00+00:00,-55.175537431715384,,,
2019-11-22 23:05:00+00:00,-54.23838092843789,,,
2019-11-23 16:55:00+00:00,,22.998152078877865,,
2019-11-24 03:15:00+00:00,-53.31714202836838,,,
2019-11-25 09:50:00+00:00,25.24897799991959,,,
2019-11-25 12:25:00+00:00,,146.97981242832793,,
2019-11-25 15:30:00+00:00,183.6443304278082,,,
2019-11-25 16:00:00+00:00,26.324240782169454,,,
2019-11-25 21:20:00+00:00,,,-70.03928931776863,
2019-11-25 23:05:00+00:00,,,,-451.1864062781351
2019-11-26 06:15:00+00:00,-39.81846206227374,,,
2019-11-26 06:40:00+00:00,-39.34103870214676,,,
2019-11-27 15:45:00+00:00,42.09494373066536,,,
2019-11-27 16:45:00+00:00,,180.12119814840025,,
2019-11-27 18:35:00+00:00,,,,280.9607518710218
2019-11-27 19:50:00+00:00,56.24547473722532,,,
2019-11-27 21:20:00+00:00,,,431.041641165235,
2019-11-28 16:25:00+00:00,,31.671767582568464,,
2019-11-28 22:35:00+00:00,-40.04844126553826,,,
2019-11-29 16:05:00+00:00,,,,139.76171220175456
2019-11-29 19:05:00+00:00,-39.568260454764186,,,
2019-11-30 13:30:00+00:00,,-81.58343335665904,,
2019-12-04 13:30:00+00:00,,,,-261.19677430213414
2019-12-04 14:35:00+00:00,,-282.8168473737978,,
2019-12-04 16:25:00+00:00,-103.57282283949826,,,
2019-12-04 20:50:00+00:00,,-255.630278746954,,
2019-12-06 18:00:00+00:00,-47.96355389987275,,,-247.54179239939367
2019-12-09 15:10:00+00:00,,-93.23592156022187,,
2019-12-09 15:15:00+00:00,,,,-155.14745729890456
2019-12-15 12:45:00+00:00,,-90.67745019283666,,
2019-12-18 18:10:00+00:00,43.662902654883055,,,
2019-12-18 19:35:00+00:00,,114.88030445268032,,
2019-12-18 20:50:00+00:00,,,,61.71531265467456
2019-12-18 23:05:00+00:00,,,,59.04851346480791
2019-12-18 23:20:00+00:00,,189.33522799830644,,
2019-12-18 23:30:00+00:00,75.55438181003683,,,
2019-12-19 01:00:00+00:00,-38.70633109554092,,,
2019-12-19 01:10:00+00:00,,,31.23521965284999,
2019-12-22 17:55:00+00:00,,,,115.4922122960761
2019-12-22 19:40:00+00:00,,,,-50.824361885808685
2019-12-22 20:40:00+00:00,,123.93936933784971,,
2019-12-22 22:30:00+00:00,,,15.247748738071095,
2019-12-22 23:05:00+00:00,41.41580607017295,,,
2019-12-22 23:50:00+00:00,,58.22327482319815,,
2019-12-23 00:35:00+00:00,,,,57.931308272680326
2019-12-23 05:00:00+00:00,,,77.10321103643037,
2019-12-23 06:20:00+00:00,-38.73881770048729,,,
2019-12-23 06:55:00+00:00,,-112.08772629937357,,
2019-12-23 16:25:00+00:00,,,,-179.72948930982056
2019-12-25 22:05:00+00:00,,,-171.18649102705604,
2019-12-26 19:50:00+00:00,,,,50.87350682575743
2019-12-26 19:55:00+00:00,,-75.60557383654395,,
2019-12-26 21:05:00+00:00,-54.21932048434019,,,
2019-12-26 21:35:00+00:00,,,-270.8731567848754,
2019-12-29 00:00:00+00:00,,,-14.857631266868339,
2019-12-29 20:30:00+00:00,,-60.04453501183161,,173.37546756388292
2019-12-30 00:20:00+00:00,,,-117.97921649074306,
2020-01-03 07:45:00+00:00,,174.24873136111182,,
2020-01-03 09:55:00+00:00,40.746528887664226,,,
2020-01-03 14:00:00+00:00,,,,44.433041654818226
2020-01-03 19:05:00+00:00,,,,-197.23317300631425
2020-01-03 22:50:00+00:00,,,120.38124804724976,
2020-01-05 01:15:00+00:00,41.27562256527108,,,
2020-01-05 08:45:00+00:00,,,,36.750664799212245
2020-01-05 11:10:00+00:00,,,-129.29688832009197,
2020-01-06 03:10:00+00:00,,,,-42.988677490180635
2020-01-06 10:45:00+00:00,,62.05522780704814,,
2020-01-06 13:55:00+00:00,,,,-119.67714873206569
2020-01-06 22:10:00+00:00,41.811586524280756,,,
2020-01-07 00:55:00+00:00,,,,479.67981621992476
2020-01-07 03:05:00+00:00,,219.96156006390538,,
2020-01-07 04:10:00+00:00,70.9743954858177,,,
2020-01-07 15:30:00+00:00,,,545.4723774220784,
2020-01-07 21:50:00+00:00,,,,53.3391395634917
2020-01-07 22:15:00+00:00,,-91.64492732715098,,
2020-01-07 23:40:00+00:00,43.2761125006823,,,
2020-01-08 03:25:00+00:00,,,,83.25280462876981
2020-01-08 05:05:00+00:00,53.1571550941062,,,
2020-01-08 16:30:00+00:00,,-106.4983428334317,221.86162151484496,
2020-01-10 16:55:00+00:00,,-114.35383746310526,,
2020-01-10 18:05:00+00:00,44.52829848040119,,,
2020-01-10 23:50:00+00:00,45.106498436168295,,,
2020-01-11 04:20:00+00:00,,-116.42359738763298,,-67.44140553638499
2020-01-11 05:10:00+00:00,-59.767587548509255,,,
2020-01-11 06:15:00+00:00,,,220.794423260415,
2020-01-11 21:50:00+00:00,,,,-211.84633105829562
2020-01-14 00:55:00+00:00,,,,56.884776208395124
2020-01-14 03:50:00+00:00,,89.86817465584863,,
2020-01-14 04:45:00+00:00,,75.09730824962207,,
2020-01-14 06:05:00+00:00,62.7466900641075,,,
2020-01-14 10:35:00+00:00,,,,280.2905481419093
2020-01-14 12:40:00+00:00,,,,-160.86646046688475
2020-01-14 14:15:00+00:00,,78.99024735652438,,
2020-01-14 16:00:00+00:00,-59.81818760473607,,,-71.46596796801896
2020-01-14 16:05:00+00:00,,-118.40189479954824,,
2020-01-14 18:35:00+00:00,,,,-255.10914030994536
2020-01-14 23:30:00+00:00,44.954150798479986,,,
2020-01-15 00:00:00+00:00,,,,-283.52831222407985
2020-01-15 03:50:00+00:00,,,,-286.64848970613093
2020-01-15 04:05:00+00:00,,-106.26243009530026,,
2020-01-15 04:30:00+00:00,,,407.37448015270274,
2020-01-15 14:05:00+00:00,,,,-246.72400872271464
2020-01-16 01:20:00+00:00,-59.56572193958209,,,
2020-01-17 06:55:00+00:00,,,,-89.29347978893384
2020-01-17 10:25:00+00:00,,,,-197.5537582479683
2020-01-17 13:40:00+00:00,,,-59.748745717708516,
2020-01-19 01:00:00+00:00,44.76441954721304,,,
2020-01-19 06:40:00+00:00,,,,81.51755133902952
2020-01-19 11:00:00+00:00,-59.31432181844775,-91.85930035389356,,
2020-01-19 11:05:00+00:00,,,-783.3897328370658,
2020-01-21 22:20:00+00:00,,,,-152.91707160902843
2020-01-22 07:30:00+00:00,,,,-89.03740410104365
2020-01-22 09:20:00+00:00,,-79.19110912770338,,
2020-01-22 16:35:00+00:00,-58.306868062361445,,,
2020-01-27 00:20:00+00:00,,64.74988029258657,,
2020-01-27 08:40:00+00:00,,,94.64279001077557,
2020-01-27 08:45:00+00:00,,-105.39615660300842,,120.94387857872789
2020-01-27 18:55:00+00:00,,61.2192753597883,,
2020-01-28 00:35:00+00:00,26.96255766897275,69.12768443176265,,
2020-01-28 05:00:00+00:00,,,,535.7526084066576
2020-01-28 05:20:00+00:00,-40.78399025931412,-126.084410223536,,
2020-01-28 05:30:00+00:00,,,350.55015586840636,
2020-01-28 14:45:00+00:00,-40.29499021610536,,,
2020-01-28 15:00:00+00:00,,,,-340.1592804259326
2020-01-28 23:35:00+00:00,26.53016745074956,,,
2020-01-29 10:00:00+00:00,,,,169.95670491409146
2020-01-29 10:05:00+00:00,,,-183.86301296848796,
2020-01-29 11:35:00+00:00,-40.129949991148806,,,-360.34255160145585
2020-01-29 22:50:00+00:00,,-9.913747153685108,,
2020-01-29 23:50:00+00:00,,,,-244.6514055689113
2020-01-30 16:30:00+00:00,,,,-279.58192251133187
2020-01-30 23:35:00+00:00,-39.64879189075464,,,
2020-01-31 01:35:00+00:00,,,,-62.89102782314876
2020-01-31 10:45:00+00:00,,-149.80624401860132,,
2020-02-02 12:20:00+00:00,,60.78913425027258,,
2020-02-02 21:30:00+00:00,,,-41.225298231716806,
2020-02-02 22:30:00+00:00,,,,-131.4722765051447
2020-02-03 02:00:00+00:00,,,,-240.96308351442713
2020-02-03 02:05:00+00:00,,-138.87545177228003,,
2020-02-05 15:50:00+00:00,,56.4083812900908,,
2020-02-05 16:20:00+00:00,26.10471134104455,,,
2020-02-05 19:15:00+00:00,,67.08290936576213,,
2020-02-05 23:35:00+00:00,,,,282.71846728601486
2020-02-05 23:55:00+00:00,,,492.279063279866,
2020-02-06 00:15:00+00:00,-39.486398364964316,,,
2020-02-06 00:20:00+00:00,,-111.62235838809738,,
2020-02-06 13:45:00+00:00,-39.012956448567365,,,
2020-02-06 17:40:00+00:00,-38.54519110074898,,,
2020-02-06 18:15:00+00:00,,,-150.737245525861,
2020-02-06 22:20:00+00:00,,,,-20.700769209066493
2020-02-07 12:00:00+00:00,,0.922777689988834,,
2020-02-07 12:10:00+00:00,,,,-184.22845881631474
2020-02-09 07:35:00+00:00,,54.1518167369577,,
2020-02-09 14:30:00+00:00,,,64.58918364771853,
2020-02-09 14:55:00+00:00,,,,235.01193787558623
2020-02-10 03:35:00+00:00,,,,-166.42753140135028
2020-02-10 05:55:00+00:00,-38.08303425945178,,,
2020-02-11 18:40:00+00:00,,92.26689900704605,,
2020-02-11 20:35:00+00:00,66.03435822527763,,,
2020-02-11 21:40:00+00:00,,,,-42.41503271520742
2020-02-12 09:00:00+00:00,,,649.6047127023539,
2020-02-12 14:20:00+00:00,,,,-69.36647741357956
2020-02-13 07:55:00+00:00,,,,-192.97398288811382
2020-02-13 13:55:00+00:00,-38.418170633801765,,,
2020-02-13 14:00:00+00:00,,-164.84255929202573,,-447.5395383080013
2020-02-17 02:20:00+00:00,,,-277.1179027562539,
2020-02-17 04:10:00+00:00,,-152.8271021959008,,
2020-02-18 19:50:00+00:00,,91.62302255896248,,
2020-02-18 21:50:00+00:00,50.297549661882385,,,
2020-02-19 04:15:00+00:00,,,,109.48802363355571
2020-02-19 04:45:00+00:00,,,282.52081624903076,
2020-02-19 07:05:00+00:00,-38.560604388348565,,,
2020-02-19 20:05:00+00:00,,,,-210.95896329541574
2020-02-19 21:35:00+00:00,,-145.02110523372448,,
2020-02-23 04:00:00+00:00,,52.43787447717568,,
2020-02-23 11:00:00+00:00,,,,81.20862326549468
2020-02-23 11:55:00+00:00,,,-93.85424088941363,
2020-02-24 02:35:00+00:00,-38.098262741732015,-99.67760961433669,,-239.8076238569647
2020-02-25 14:20:00+00:00,-69.00411937286617,,,
2020-02-26 01:25:00+00:00,-67.48740882904985,,,
2020-02-26 13:55:00+00:00,-66.00403558298785,,,
2020-02-27 01:00:00+00:00,-64.55326688087325,,,
2020-02-27 08:25:00+00:00,51.64496185739199,,,
2020-02-27 12:50:00+00:00,-64.26954233645756,,,
2020-02-27 21:35:00+00:00,-62.85689779590257,,,
2020-02-28 09:45:00+00:00,-61.4753031823484,,,
2020-02-28 10:00:00+00:00,,-120.70600956556518,,
2020-02-28 17:30:00+00:00,,-125.18334508239059,,
2020-02-29 06:05:00+00:00,49.18247892678983,,,
2020-02-29 14:05:00+00:00,,-121.73223402854273,,
2020-03-01 12:50:00+00:00,,-102.36509715503416,,
2020-03-01 16:30:00+00:00,-61.20510690521087,,,
2020-03-02 10:15:00+00:00,48.96631207573728,,,
2020-03-03 00:15:00+00:00,,,163.1580413500451,
2020-03-03 15:15:00+00:00,,,,-111.30481712105393
2020-03-04 13:50:00+00:00,,-23.584679563573445,,
2020-03-05 09:25:00+00:00,49.84672636685946,,,
2020-03-05 09:35:00+00:00,,111.36093550369151,,
2020-03-05 15:25:00+00:00,,,279.00031921880145,
2020-03-07 09:45:00+00:00,,14.08896538135832,,
2020-03-07 17:00:00+00:00,,,,120.84557602889436
2020-03-07 18:05:00+00:00,-62.03172924040291,,,
2020-03-08 23:35:00+00:00,-60.6682718316988,,,
2020-03-09 04:10:00+00:00,-59.33478321683788,,,
2020-03-09 11:10:00+00:00,-58.0306046817318,-120.90779828117229,,
2020-03-09 13:45:00+00:00,-56.75509199082717,,,
2020-03-10 00:00:00+00:00,45.40613825924811,,,
2020-03-10 12:35:00+00:00,46.22254062514867,,,
2020-03-10 15:30:00+00:00,-57.5216134307484,-133.21024711580594,-193.18784297375896,
2020-03-11 15:45:00+00:00,-56.257288367540696,,,
2020-03-11 22:30:00+00:00,45.00787725125656,,,
2020-03-12 01:45:00+00:00,-56.010026311204456,,,
2020-03-12 02:10:00+00:00,,-110.28414133402566,,
2020-03-12 12:55:00+00:00,44.81005861115818,,,
2020-03-12 16:00:00+00:00,45.615743464986735,,,
2020-03-12 16:10:00+00:00,-56.76648506251786,,,
2020-03-12 18:30:00+00:00,-55.518757720843496,,,
2020-03-12 23:00:00+00:00,-54.29845542613975,,,
2020-03-13 03:45:00+00:00,-53.10497537587298,,,
2020-03-13 04:10:00+00:00,-51.93772801711157,,,
2020-03-13 05:35:00+00:00,-89.9017507270355,,,
2020-03-13 06:05:00+00:00,-63.443174245174305,,,
2020-03-13 06:50:00+00:00,38.794930080674476,,,
2020-03-13 08:50:00+00:00,39.49246292352473,,,
2020-03-13 09:20:00+00:00,-49.146372202638304,,,
2020-03-13 10:45:00+00:00,39.31888563468692,,,
2020-03-13 12:35:00+00:00,46.55405682793571,,,
2020-03-13 12:50:00+00:00,-49.95362221695268,,,
2020-03-13 13:25:00+00:00,39.96471501270344,,,
2020-03-13 14:35:00+00:00,40.68328058863199,,,
2020-03-13 16:55:00+00:00,-69.37642450324893,,,
2020-03-13 19:25:00+00:00,40.1673778610475,,,
2020-03-13 21:00:00+00:00,58.0627202559258,,,
2020-03-13 22:30:00+00:00,59.244829358894094,,,
2020-03-13 23:45:00+00:00,-52.56468963927955,,,
2020-03-14 03:55:00+00:00,42.053663937348574,,,
2020-03-14 06:05:00+00:00,-52.333657294350814,,,
2020-03-14 08:05:00+00:00,-51.18336350702157,,,
2020-03-14 12:55:00+00:00,40.94855278093337,,,
2020-03-14 16:00:00+00:00,-50.9584023672619,,,
2020-03-14 20:35:00+00:00,-49.8383366832295,,,
2020-03-15 00:40:00+00:00,39.87248239180735,,,
2020-03-15 06:00:00+00:00,,260.6260420912249,,
2020-03-15 10:15:00+00:00,40.589389625211425,,,
2020-03-15 12:15:00+00:00,41.319186850673304,,,
2020-03-15 12:30:00+00:00,-85.26865422257106,,,
2020-03-15 20:45:00+00:00,-49.54543269703163,,,
2020-03-15 22:20:00+00:00,50.887038959631354,,,
2020-03-15 22:25:00+00:00,,-246.98086758934187,,-871.1435486752507
2020-03-16 05:45:00+00:00,-49.57492120268353,,,
2020-03-16 09:10:00+00:00,-48.48526443464834,,,
2020-03-16 12:05:00+00:00,38.78997537016858,,,
2020-03-16 13:10:00+00:00,-53.31722879698236,,,
2020-03-16 15:35:00+00:00,87.29360050678315,,,
2020-03-16 16:15:00+00:00,-49.01896263119306,,,
2020-03-16 19:30:00+00:00,-47.941525832559364,,,
2020-03-16 22:25:00+00:00,-46.8877710947595,,,
2020-03-17 01:00:00+00:00,37.51192258380388,,,
2020-03-17 01:30:00+00:00,,475.7338277863146,,
2020-03-17 02:25:00+00:00,38.186386951861095,,,
2020-03-17 08:25:00+00:00,49.28557964336596,,,
2020-03-17 13:50:00+00:00,-48.604323770251995,,,
2020-03-17 16:30:00+00:00,50.3353585726436,,,
2020-03-18 06:25:00+00:00,-48.642371915208514,,,
2020-03-18 10:05:00+00:00,-47.57321258051252,-358.5407110190572,,
2020-03-18 13:40:00+00:00,38.06030070775705,,,
2020-03-18 15:00:00+00:00,38.74462491448321,,,
2020-03-18 16:15:00+00:00,-48.21572563316977,,,
2020-03-18 20:05:00+00:00,38.57433452356099,,,
2020-03-18 22:15:00+00:00,-48.00380785658035,,,
2020-03-19 09:20:00+00:00,38.40479259303311,,,
2020-03-19 11:15:00+00:00,39.095310763856105,,,
2020-03-19 13:25:00+00:00,71.40180092129322,,,
2020-03-19 13:35:00+00:00,,400.79866869612215,,
2020-03-19 15:25:00+00:00,41.082048831955035,,,
2020-03-19 16:20:00+00:00,,332.8110135431207,,
2020-03-19 17:30:00+00:00,118.23496904685953,,,
2020-03-19 18:55:00+00:00,-53.723336068903336,,,
2020-03-20 01:30:00+00:00,-52.54249714210846,,,
2020-03-20 01:35:00+00:00,,,1453.606195394179,
2020-03-20 09:20:00+00:00,172.78176860720305,,,
2020-03-20 11:35:00+00:00,,450.7368173963405,,
2020-03-20 13:10:00+00:00,-55.185356328911894,,,
2020-03-20 13:25:00+00:00,,,-633.9082250498686,
2020-03-20 16:10:00+00:00,-53.9723821968023,,,
2020-03-20 16:30:00+00:00,,-296.64443132036195,,1786.94135997774
2020-03-20 18:25:00+00:00,-52.78606923611642,,,
2020-03-20 22:35:00+00:00,47.34913565284796,,,
2020-03-21 00:00:00+00:00,-52.66656543595627,,,
2020-03-21 02:25:00+00:00,57.17246275515345,,,
2020-03-21 03:15:00+00:00,-52.76560505903217,,,
2020-03-21 08:20:00+00:00,-51.60581705983486,,,
2020-03-21 11:15:00+00:00,-50.47152120085957,,,
2020-03-21 13:20:00+00:00,40.3790530402307,,,
2020-03-21 14:25:00+00:00,-50.24968875068862,,,
2020-03-21 17:50:00+00:00,-49.14520059194865,,,
2020-03-21 22:15:00+00:00,,,-733.0445253665639,
2020-03-22 03:35:00+00:00,39.317948303513276,,,
2020-03-22 08:50:00+00:00,-48.929197586649025,,,
2020-03-22 10:35:00+00:00,-47.853733823694256,,,
2020-03-22 18:30:00+00:00,-46.80190875424978,,,
2020-03-22 22:50:00+00:00,-45.77320279983155,,,
2020-03-23 08:35:00+00:00,-44.76710780229064,,,
2020-03-23 12:05:00+00:00,35.815314803224965,,,
2020-03-23 13:25:00+00:00,82.32523696511703,,,
2020-03-23 20:50:00+00:00,37.939481924019674,,,
2020-03-24 00:00:00+00:00,38.621633809013474,,,
2020-03-24 00:05:00+00:00,,349.97026800076674,,
2020-03-24 04:10:00+00:00,-48.06266942447655,,,
2020-03-24 04:30:00+00:00,,,442.9108531835809,
2020-03-24 04:40:00+00:00,,-252.16051779122608,,
2020-03-24 08:00:00+00:00,38.45188398864684,,,
2020-03-24 12:15:00+00:00,-47.851424360596866,,,
2020-03-24 15:05:00+00:00,-46.799650053151254,-250.50999404387585,,
2020-03-24 19:50:00+00:00,37.44142254480448,,,
2020-03-25 01:55:00+00:00,-46.593956212517696,,,
2020-03-25 10:40:00+00:00,-35.21398592441369,,,
2020-03-25 18:05:00+00:00,-34.61587637348748,,,
2020-03-25 21:00:00+00:00,-34.027925713283594,,,
2020-03-26 06:00:00+00:00,-33.4499613950436,,,
2020-03-27 00:00:00+00:00,15.46810081059698,,,
2020-03-27 05:00:00+00:00,-33.14453949301674,,,
2020-03-28 11:00:00+00:00,15.326866065523973,,,
2020-03-28 13:20:00+00:00,-32.84190630985063,,,
2020-03-29 07:45:00+00:00,-32.28408653117799,,,
2020-03-30 10:05:00+00:00,66.61393669955555,,,
2020-03-30 11:30:00+00:00,,198.29283687342468,,
2020-03-30 15:20:00+00:00,15.461216396817008,,,
2020-03-30 20:15:00+00:00,15.58475151582752,,,
2020-03-30 23:45:00+00:00,,-138.45072109321336,,
2020-03-31 04:55:00+00:00,,,472.6495937809668,
2020-03-31 11:10:00+00:00,-33.394494801284054,,,
2020-04-01 00:30:00+00:00,,,,-145.55469863334292
2020-04-02 02:25:00+00:00,,250.66288082751998,,
2020-04-02 03:25:00+00:00,57.96318846413919,,,
2020-04-02 18:40:00+00:00,,,,448.78408101893547
2020-04-02 19:00:00+00:00,,-137.63879765461024,,
2020-04-02 20:25:00+00:00,-33.81179406314777,,,
2020-04-02 20:35:00+00:00,,,260.90407909268106,
2020-04-03 12:45:00+00:00,-33.2375007409853,,,
2020-04-04 11:35:00+00:00,-32.67296179089931,,,
2020-04-05 04:00:00+00:00,-32.11801153488091,,,
2020-04-06 05:55:00+00:00,14.85217380044719,,,
2020-04-06 10:05:00+00:00,25.686046160112028,,,
2020-04-06 17:25:00+00:00,15.17607417793215,,,
2020-04-06 18:45:00+00:00,,167.1518933611278,,
2020-04-06 23:55:00+00:00,15.297331010613789,,,
2020-04-07 02:20:00+00:00,-32.77861956211882,,,
2020-04-07 12:30:00+00:00,-32.22187470885592,,,
2020-04-07 14:20:00+00:00,,,849.7022790072187,
2020-04-07 20:00:00+00:00,,,,364.8722053999845
2020-04-07 20:05:00+00:00,,-122.35325152149017,,
2020-04-08 10:40:00+00:00,,-122.51110684408377,,
2020-04-08 13:55:00+00:00,-31.674586166926247,,,
2020-04-11 14:15:00+00:00,-31.136593320880593,,,
2020-04-12 19:05:00+00:00,,120.5354840113605,,
2020-04-12 19:35:00+00:00,30.74766129763998,,,
2020-04-12 22:15:00+00:00,-31.12998731046605,-92.25704217434486,,
2020-04-12 23:15:00+00:00,,,58.572926324020955,
2020-04-12 23:55:00+00:00,,,,-78.27627187097278
2020-04-14 20:35:00+00:00,-30.601244475997873,,,
2020-04-16 07:00:00+00:00,,131.19525538602647,,
2020-04-16 11:05:00+00:00,,146.5809285962514,,
2020-04-16 12:15:00+00:00,51.16658550301145,,,
2020-04-16 22:00:00+00:00,14.55960370201933,,,
2020-04-17 00:10:00+00:00,-31.197841662220526,,,
2020-04-17 04:55:00+00:00,,,293.9557242390583,
2020-04-19 05:50:00+00:00,-30.667946321587806,-101.22047943598409,,257.77527941398876
2020-04-19 05:55:00+00:00,,,-264.5566120319709,
2020-04-20 17:15:00+00:00,,-85.31493028867135,,
2020-04-23 01:35:00+00:00,14.181627289607832,,,
2020-04-23 06:10:00+00:00,,,-47.45955712873911,
2020-04-23 18:10:00+00:00,,382.86293813540306,,
2020-04-23 19:20:00+00:00,61.57677907965058,,,
2020-04-24 14:15:00+00:00,-40.67795673389651,,,
2020-04-25 15:50:00+00:00,32.54384519122095,,,
2020-04-26 15:05:00+00:00,,-82.24707019225116,,
2020-04-26 15:10:00+00:00,-40.49916896218838,,,
2020-04-27 06:05:00+00:00,,,-197.74220929937655,
2020-04-27 06:15:00+00:00,,-85.6642664225019,,
2020-04-28 04:50:00+00:00,,,,-158.9554287103765
2020-04-29 02:05:00+00:00,32.40080846981891,,,
2020-04-29 09:20:00+00:00,,82.95341633523276,,
2020-04-29 20:45:00+00:00,,705.8744577321777,,
2020-04-29 22:00:00+00:00,,-152.84876659307702,,
2020-04-29 22:25:00+00:00,205.72937500830585,,,
2020-04-30 02:55:00+00:00,36.68238916875612,,,
2020-04-30 08:35:00+00:00,44.31506363305925,,,
2020-04-30 09:00:00+00:00,,,2786.3861270919515,
2020-04-30 09:10:00+00:00,,,,1978.943000948635
2020-04-30 09:15:00+00:00,,-164.13574814516778,,
2020-04-30 16:40:00+00:00,-46.62342267383292,,,
2020-04-30 22:20:00+00:00,-45.598639843462024,,,
2020-05-01 10:55:00+00:00,36.48057068607204,,,
2020-05-01 13:30:00+00:00,,,-542.3961553849695,
2020-05-01 16:00:00+00:00,-45.39822468338252,,,
2020-05-03 05:35:00+00:00,59.81004256138431,,,
2020-05-03 06:10:00+00:00,,-120.83998343304393,,
2020-05-03 06:15:00+00:00,,,-581.168354883237,-318.39057313175
2020-05-03 12:30:00+00:00,-45.71499644034088,,,
2020-05-04 01:15:00+00:00,-44.7101808185821,,,
2020-05-04 18:15:00+00:00,36.681605110703686,,,
2020-05-05 09:50:00+00:00,45.00479398651578,,,
2020-05-05 10:00:00+00:00,,-133.9639180203858,,
2020-05-06 10:20:00+00:00,37.23849260110637,,,
2020-05-06 18:45:00+00:00,,,-296.98201019327826,
2020-05-06 23:00:00+00:00,37.90804069807382,,,
2020-05-06 23:50:00+00:00,-47.1746388982624,,,
2020-05-06 23:55:00+00:00,,-119.60586439203053,,
2020-05-07 00:00:00+00:00,,,,-89.21309312940684
2020-05-07 13:15:00+00:00,37.74142726243417,,,
2020-05-07 15:30:00+00:00,,-118.35531187931429,,
2020-05-07 17:25:00+00:00,,164.85090043369473,,
2020-05-07 22:25:00+00:00,92.64301971788927,,,
2020-05-07 23:45:00+00:00,,175.33106810850222,,
2020-05-08 03:05:00+00:00,,,179.5672281768857,
2020-05-08 23:50:00+00:00,,,,624.3055640640796
2020-05-09 06:55:00+00:00,-49.00359047990605,,,
2020-05-09 23:50:00+00:00,-47.9264915611584,,,
2020-05-10 07:45:00+00:00,38.34293674404262,,,
2020-05-10 14:55:00+00:00,-47.71584502627775,,,
2020-05-11 09:10:00+00:00,-46.66705075259961,,,
2020-05-11 12:45:00+00:00,,-293.07970211129395,,
2020-05-11 16:35:00+00:00,-45.64130897705786,,,
2020-05-11 16:40:00+00:00,,,-1443.1880665781282,
2020-05-12 09:00:00+00:00,36.51470754518846,,,
2020-05-13 11:00:00+00:00,37.17124198685133,,,
2020-05-13 20:00:00+00:00,37.83958091777504,,,
2020-05-14 05:20:00+00:00,,,-220.5777992186995,
2020-05-14 05:50:00+00:00,38.519936582676564,,,
2020-05-14 08:45:00+00:00,,188.14786765894405,,
2020-05-14 12:40:00+00:00,,,15.666853680497297,833.5381767228573
2020-05-14 13:55:00+00:00,39.212525042432844,,,
2020-05-15 02:30:00+00:00,-48.798003671548486,-124.59890983497462,,
2020-05-15 15:05:00+00:00,-47.72542355084852,,,
2020-05-17 07:00:00+00:00,38.182075021237324,,,
2020-05-17 18:45:00+00:00,,,-42.13988113329469,
2020-05-17 22:15:00+00:00,,-125.79485398758243,,
2020-05-17 22:20:00+00:00,,,,-32.29073931423045
2020-05-18 01:05:00+00:00,38.86858873011897,,,
2020-05-18 06:10:00+00:00,,-106.09168103783941,,
2020-05-18 08:45:00+00:00,-48.369992330455716,,,
2020-05-18 08:50:00+00:00,,,,-722.9414859464378
2020-05-19 12:35:00+00:00,,-120.21924597892121,,
2020-05-20 06:35:00+00:00,38.69775349338488,,,
2020-05-21 08:15:00+00:00,-48.1573965208172,,,
2020-05-22 00:10:00+00:00,,-119.93656749378533,,
2020-05-22 03:55:00+00:00,-47.09889694528965,,,
2020-05-22 17:00:00+00:00,37.68083094467556,,,
2020-05-24 23:30:00+00:00,-46.89188785459601,,,
2020-05-27 15:40:00+00:00,74.91444973936132,,,
2020-05-28 12:05:00+00:00,,124.63415656001325,,
2020-05-28 18:00:00+00:00,65.946495908016,,,
2020-05-28 22:45:00+00:00,,120.51860088326612,,
2020-05-29 08:30:00+00:00,,,,727.4455185359475
2020-05-29 10:05:00+00:00,,,602.2360589860364,
2020-05-30 09:05:00+00:00,,-91.86933132950253,,
2020-05-30 20:40:00+00:00,,,-312.6146226917954,
2020-05-30 22:40:00+00:00,40.04789594417525,,,
2020-05-31 04:25:00+00:00,,-95.34021090159331,,-200.02778574659533
2020-05-31 09:00:00+00:00,-49.83758049773451,,,
2020-05-31 15:30:00+00:00,-48.742150478393796,,,
2020-06-02 03:05:00+00:00,,131.56407051023416,,
2020-06-02 04:10:00+00:00,124.33497953713095,,,
2020-06-02 14:45:00+00:00,-50.40368086110493,,,515.2530962525343
2020-06-02 15:05:00+00:00,,,-256.147588089716,
2020-06-04 13:15:00+00:00,40.32477830049538,,,
2020-06-05 08:15:00+00:00,,,-116.23987194090296,-242.35506811851155
2020-06-05 11:50:00+00:00,,-88.83837425800448,,
2020-06-06 00:35:00+00:00,-50.1821465828225,,,
2020-06-07 14:00:00+00:00,-49.07914300093262,,,
2020-06-08 00:55:00+00:00,45.39707018632362,,,
2020-06-08 08:15:00+00:00,,,,-222.9098453929946
2020-06-08 14:25:00+00:00,,,-108.28325424254945,
2020-06-09 00:00:00+00:00,,81.68320752302225,,
2020-06-09 00:20:00+00:00,,,,-171.4105947454118
2020-06-10 18:50:00+00:00,,,,-112.25548527414867
2020-06-10 18:55:00+00:00,,-104.6108791953975,,
2020-06-11 01:35:00+00:00,40.08133914957216,,,
2020-06-11 12:55:00+00:00,-49.87919887497492,,,
2020-06-12 13:55:00+00:00,39.90517363171011,,,
2020-06-12 17:35:00+00:00,-49.65996980012824,,,
2020-06-15 01:45:00+00:00,-48.56844366392079,,,
2020-06-15 20:50:00+00:00,,104.17730011709136,,
2020-06-15 23:10:00+00:00,74.59657256398077,,,
2020-06-16 14:55:00+00:00,,,,-126.83255260966689
2020-06-16 16:00:00+00:00,,,112.2239800841744,
2020-06-17 20:05:00+00:00,-49.14054193714446,,,
2020-06-18 19:10:00+00:00,,-75.47514086352658,,
2020-06-19 02:55:00+00:00,-48.06043282536575,,,
2020-06-21 11:50:00+00:00,,,-55.72946112277714,
2020-06-22 11:45:00+00:00,,45.070370238366195,,
2020-06-22 16:05:00+00:00,38.45009462799453,,,
2020-06-22 20:50:00+00:00,,46.65148871637575,,
2020-06-22 22:05:00+00:00,,-54.22486524673877,,
2020-06-23 01:25:00+00:00,,-54.362331571948744,,
2020-06-23 01:40:00+00:00,,,,298.52543130453705
2020-06-23 10:00:00+00:00,,,295.4424712455184,
2020-06-26 14:20:00+00:00,,-143.72500875819424,,
2020-06-27 19:40:00+00:00,-47.84919759178774,,,
2020-06-29 20:45:00+00:00,38.28109875670498,,,
2020-06-30 06:25:00+00:00,,,-241.40368749722256,
2020-06-30 13:05:00+00:00,,,,-229.61713913060885
2020-07-02 06:45:00+00:00,,,-125.47580034417842,
2020-07-02 15:00:00+00:00,,-94.05333732643066,,-173.1780516660947
2020-07-02 15:05:00+00:00,-47.63889077939257,,,
2020-07-05 05:55:00+00:00,,,,-157.69617035155534
2020-07-05 09:55:00+00:00,-46.59178796006199,-53.46666315280709,,
2020-07-06 12:00:00+00:00,,64.92637937012387,,
2020-07-06 12:35:00+00:00,37.27512530861577,,,
2020-07-07 08:05:00+00:00,,,,54.41524894848408
2020-07-07 09:50:00+00:00,,,7.510461332934938,
2020-07-08 13:50:00+00:00,,74.71699868421456,,
2020-07-09 10:05:00+00:00,,,,-100.14865626783649
2020-07-09 10:55:00+00:00,,,-168.87301010976444,
2020-07-09 14:55:00+00:00,,-91.70575779814772,,
2020-07-09 15:20:00+00:00,-46.3870077149827,,,
2020-07-12 13:25:00+00:00,,,,-165.14238861147896
2020-07-14 04:15:00+00:00,,-86.14329915736926,,
2020-07-14 11:20:00+00:00,-45.367421285407545,,,
2020-07-19 03:10:00+00:00,,,,-105.50015652166621
2020-07-19 06:45:00+00:00,,-11.42289468382205,,
2020-07-20 10:45:00+00:00,,-55.19184043813857,,-131.63810873397233
2020-07-20 11:10:00+00:00,,,-159.75971631203356,
2020-07-21 12:45:00+00:00,,81.96315823473196,,
2020-07-21 15:55:00+00:00,,,,159.3007205347203
2020-07-22 07:55:00+00:00,,-67.84240334148035,,
2020-07-22 08:15:00+00:00,,,-70.18295889645378,
2020-07-22 22:30:00+00:00,36.29558742823792,,,
2020-07-23 14:30:00+00:00,,,,-145.6489090765608
2020-07-23 17:10:00+00:00,,,,25.18395271753252
2020-07-24 05:00:00+00:00,,-77.90369949775868,,
2020-07-25 18:00:00+00:00,,,,3.336186850527156
2020-07-25 21:20:00+00:00,,,,-56.475637409257615
2020-07-26 07:55:00+00:00,,,,-69.2516631463186
2020-07-26 08:20:00+00:00,36.948182090197406,,,
2020-07-26 08:35:00+00:00,,,,-69.29252244892086
2020-07-26 09:15:00+00:00,,,,-13.937028419841226
2020-07-26 10:10:00+00:00,,,,390.8311905247847
2020-07-26 12:55:00+00:00,,91.93679274249462,,
2020-07-26 15:05:00+00:00,39.803522758343206,,,
2020-07-27 01:20:00+00:00,,103.08160046715602,,
2020-07-27 03:55:00+00:00,,,,197.95121264351837
2020-07-27 06:00:00+00:00,,,,-97.84747598084869
2020-07-27 08:35:00+00:00,43.72277139372591,,,
2020-07-27 10:35:00+00:00,,113.17117518008945,,
2020-07-27 11:10:00+00:00,,,,-113.89994766034215
2020-07-27 13:25:00+00:00,,,,-72.69136216896732
2020-07-27 14:00:00+00:00,,,,-106.44633968869675
2020-07-27 15:00:00+00:00,,,,-66.74927587531784
2020-07-27 17:05:00+00:00,,,,549.5724616637017
2020-07-27 22:20:00+00:00,,,,442.17714417687966
2020-07-27 23:20:00+00:00,109.58454185815253,216.1990003335368,,
2020-07-28 08:05:00+00:00,-38.81104924123474,,,
2020-07-28 08:50:00+00:00,,-281.1368464252464,,
2020-07-29 17:55:00+00:00,40.386820570285636,,,
2020-07-30 00:00:00+00:00,-38.837813717258086,,,
2020-07-31 02:25:00+00:00,,-78.11978263508536,,
2020-07-31 16:20:00+00:00,,,,13.250370733559976
2020-07-31 18:00:00+00:00,52.17954853814126,,,
2020-08-01 06:00:00+00:00,,,,164.49427287766594
2020-08-01 06:30:00+00:00,,,,-32.025926238809916
2020-08-01 10:55:00+00:00,69.55532268515071,,,
2020-08-01 12:05:00+00:00,,132.88597099933577,,
2020-08-01 13:35:00+00:00,-40.245820238998476,,,
2020-08-01 19:45:00+00:00,,,,19.0353922543145
2020-08-01 20:50:00+00:00,,,,-126.39415505241777
2020-08-02 01:40:00+00:00,41.87984485020024,,,
2020-08-02 03:00:00+00:00,,,,1.2874230337838526
2020-08-02 04:20:00+00:00,,,,33.6561521892545
2020-08-02 04:35:00+00:00,,-171.53264618193953,,
2020-08-02 04:40:00+00:00,-125.53405681127788,,,
2020-08-02 10:45:00+00:00,-38.14137819208008,,,
2020-08-02 12:40:00+00:00,,,2748.78419266142,
2020-08-02 21:35:00+00:00,-37.4935468834874,,,
2020-08-03 20:10:00+00:00,39.2806256711674,,,
2020-08-03 21:55:00+00:00,-37.523900416696506,,,
2020-08-04 11:50:00+00:00,-36.88655696811884,,,
2020-08-04 13:15:00+00:00,,,-178.90809407863708,
2020-08-05 12:55:00+00:00,,,,31.020886716803943
2020-08-05 13:35:00+00:00,,,,-64.0232580776501
2020-08-05 14:20:00+00:00,,,,-108.05440940193148
2020-08-05 15:30:00+00:00,,,,-45.60795228946881
2020-08-05 16:25:00+00:00,,,,-102.04688054773214
2020-08-05 18:55:00+00:00,89.30875990161348,,,
2020-08-05 21:30:00+00:00,,123.86039725340834,,
2020-08-05 22:00:00+00:00,,,,-26.212430577594205
2020-08-06 00:20:00+00:00,,,,-111.46960467104509
2020-08-06 14:10:00+00:00,,,,-5.3685329794061545
2020-08-06 19:10:00+00:00,39.98996329510146,,,
2020-08-06 19:40:00+00:00,,,,-81.16541137207241
2020-08-06 21:45:00+00:00,-38.45617761151152,,,
2020-08-07 03:15:00+00:00,,,,-105.17112228814585
2020-08-07 11:55:00+00:00,-37.80299943477985,,,
2020-08-07 14:25:00+00:00,,,603.9414983640163,
2020-08-09 15:10:00+00:00,,,-200.86137100513224,
2020-08-10 01:55:00+00:00,,126.56561295796473,,
2020-08-10 02:20:00+00:00,,,,191.74490621888253
2020-08-10 02:40:00+00:00,,,,-96.61533497211349
2020-08-10 07:05:00+00:00,64.85398022058371,,,
2020-08-10 10:25:00+00:00,,-132.7297815457414,,
2020-08-11 06:25:00+00:00,-38.26246034342694,,,
2020-08-11 13:05:00+00:00,,,-18.02087840034801,
2020-08-11 14:55:00+00:00,,-209.25899093488624,,
2020-08-12 06:00:00+00:00,-37.6125724544936,,,
2020-08-12 16:20:00+00:00,39.13968430651403,,,
2020-08-13 08:30:00+00:00,-37.638510449300156,,,
2020-08-13 08:45:00+00:00,,,-135.56587911341921,
2020-08-13 12:35:00+00:00,-36.999220349318875,,,
2020-08-13 22:25:00+00:00,,,,62.92246893133415
2020-08-14 00:25:00+00:00,,,,-88.45993653076584
2020-08-14 02:45:00+00:00,41.45843919916342,,,
2020-08-14 17:00:00+00:00,,,,-97.96270333184657
2020-08-14 23:05:00+00:00,,110.80977313089988,,
2020-08-15 00:55:00+00:00,,,,64.72896088022753
2020-08-16 11:25:00+00:00,,,280.9693592695512,
2020-08-17 13:20:00+00:00,39.24685216738726,,,
2020-08-17 13:25:00+00:00,,,,-87.88647898692216
2020-08-17 15:50:00+00:00,,,,245.89922958337775
2020-08-17 16:05:00+00:00,,,,-140.60657640928184
2020-08-17 18:25:00+00:00,,191.50817927364915,,
2020-08-17 22:30:00+00:00,39.9525105693574,,,
2020-08-18 11:55:00+00:00,-38.420161357567395,,,
2020-08-18 14:15:00+00:00,,-176.86798552010714,,
2020-08-18 14:40:00+00:00,,,70.09593663632404,
2020-08-19 03:55:00+00:00,-37.76759491690882,,,
2020-08-19 16:25:00+00:00,-37.12611231724486,,,
2020-08-21 11:45:00+00:00,,,-340.06682526430086,
2020-08-21 21:15:00+00:00,-36.49552529953644,,,
2020-08-25 13:40:00+00:00,-46.42606774654587,,,
2020-08-25 18:05:00+00:00,-45.40562277747699,,,
2020-08-26 16:25:00+00:00,36.326150011607524,,,
2020-08-27 13:20:00+00:00,,97.1922747323506,,
2020-08-27 17:00:00+00:00,-45.20605596608311,,,
2020-08-28 09:30:00+00:00,36.166489302545415,,,
2020-08-31 12:50:00+00:00,36.81676278020586,,,
2020-08-31 13:20:00+00:00,,,,-77.3256186380604
2020-08-31 20:20:00+00:00,,-63.13964776716148,,
2020-09-01 00:20:00+00:00,-45.81659873672743,,,
2020-09-01 06:10:00+00:00,,,,-46.1659790880658
2020-09-01 07:10:00+00:00,,,,46.11003815776712
2020-09-01 07:30:00+00:00,39.22683766347336,,,
2020-09-01 07:55:00+00:00,,,,-59.462827789848234
2020-09-01 08:05:00+00:00,,,,-80.67212229629149
2020-09-01 10:25:00+00:00,,,,-67.54384506633141
2020-09-01 15:20:00+00:00,,73.57224108898663,,
2020-09-01 15:30:00+00:00,,,,-49.72745398036932
2020-09-01 16:15:00+00:00,,,,19.7798248631334
2020-09-02 07:10:00+00:00,,,628.4578134300828,
2020-09-02 10:25:00+00:00,-45.67175578833712,,,
2020-09-02 14:55:00+00:00,-44.6678905961096,,,
2020-09-03 12:10:00+00:00,-43.68609036080693,,,
2020-09-03 15:35:00+00:00,-42.72587009467679,,,
2020-09-03 23:25:00+00:00,-41.78675546999557,,,
2020-09-04 10:15:00+00:00,33.43092451656412,,,
2020-09-04 14:15:00+00:00,-41.60309430563939,,,
2020-09-04 18:55:00+00:00,33.28398890375615,,,
2020-09-05 09:05:00+00:00,-41.42024036890598,,,
2020-09-05 11:40:00+00:00,,,-597.2655368564956,
2020-09-05 18:50:00+00:00,-40.50982348559751,,,
2020-09-06 08:40:00+00:00,32.4093324761418,,,
2020-09-07 11:00:00+00:00,-40.331774693209354,,,
2020-09-07 12:15:00+00:00,,,-405.6154531666034,
2020-09-07 23:45:00+00:00,53.96103172138464,,,
2020-09-08 09:45:00+00:00,-40.63134576268908,,,
2020-09-08 10:10:00+00:00,,,-353.82769784787524,
2020-09-08 22:30:00+00:00,32.50655471861637,,,
2020-09-08 22:40:00+00:00,-40.452762855540186,,,
2020-09-09 11:15:00+00:00,32.36368189631435,,,
2020-09-10 13:55:00+00:00,32.9455808968105,,,
2020-09-11 03:35:00+00:00,-40.99910872416808,,,
2020-09-13 03:35:00+00:00,32.80077846647396,,,
2020-09-13 04:05:00+00:00,,,,38.12025257544883
2020-09-13 11:30:00+00:00,-40.81890942510404,-65.97108890306663,,
2020-09-13 12:15:00+00:00,,,351.9619318946534,
2020-09-14 12:50:00+00:00,32.65661247183857,,,
2020-09-14 13:15:00+00:00,,,,-86.5519259405628
2020-09-14 13:35:00+00:00,,,,-11.991817322577845
2020-09-14 13:55:00+00:00,,,,-87.78597222989993
2020-09-14 14:10:00+00:00,,,,-72.23043094842069
2020-09-14 16:10:00+00:00,,,,5.3732604751276085
2020-09-15 02:30:00+00:00,,90.54049286555346,,
2020-09-15 02:50:00+00:00,,,,15.789494791879406
2020-09-15 03:00:00+00:00,33.24377836408212,,,
2020-09-15 11:20:00+00:00,,,,-27.37557841319358
2020-09-15 12:35:00+00:00,,,,-40.26084130646814
2020-09-15 12:50:00+00:00,,,,-93.82763428331782
2020-09-15 14:55:00+00:00,,-84.07537976923413,,
2020-09-16 08:00:00+00:00,,,,-95.42515694549911
2020-09-16 13:00:00+00:00,,,,-73.24108257739681
2020-09-16 15:40:00+00:00,,,,-5.916270315787187
2020-09-16 16:10:00+00:00,,,,-66.65452861506856
2020-09-16 16:35:00+00:00,40.724730096114854,,,
2020-09-16 17:00:00+00:00,,,,-15.304243129252427
2020-09-17 10:20:00+00:00,-42.26532995402658,,,
2020-09-17 13:45:00+00:00,,,779.3497828637992,
2020-09-18 17:50:00+00:00,,,-179.82564649341293,
2020-09-19 12:05:00+00:00,,,,-10.87660529391178
2020-09-19 12:50:00+00:00,36.87422132806705,,,
2020-09-19 18:05:00+00:00,,-64.43407750430015,,
2020-09-20 03:00:00+00:00,,,-70.48345551221064,
2020-09-21 09:35:00+00:00,,,-255.94121958541655,
2020-09-21 10:50:00+00:00,-42.146833386427716,,,
2020-09-23 19:05:00+00:00,-41.22044598859429,,,
2020-09-23 19:40:00+00:00,,,-414.407134731875,
2020-09-24 17:05:00+00:00,64.15900071425494,,,
2020-09-27 04:10:00+00:00,,65.50196691950623,,
2020-09-27 08:00:00+00:00,,,631.8590713356498,
2020-09-28 01:10:00+00:00,34.13143516278092,,,
2020-09-28 23:15:00+00:00,-42.47484436634204,-62.09833869770773,,
2020-09-29 00:10:00+00:00,,,-123.55447386602827,
2020-10-01 16:15:00+00:00,-41.54124728716988,,,
2020-10-01 16:35:00+00:00,,,-409.19161658621306,
2020-10-05 23:40:00+00:00,33.234509039077466,,,
2020-10-06 19:45:00+00:00,,,69.51552000399533,
2020-10-08 09:15:00+00:00,,,-171.81105407874202,
2020-10-08 16:50:00+00:00,33.83206551159992,,,
2020-10-08 18:30:00+00:00,,,,-67.69014059946494
2020-10-08 18:35:00+00:00,,61.38143463472625,,
2020-10-09 00:20:00+00:00,,,,-112.8334896368815
2020-10-09 11:00:00+00:00,,68.98839505535125,,
2020-10-09 17:30:00+00:00,,,,105.18562914075665
2020-10-10 02:05:00+00:00,34.44036604949906,68.14851152749725,,
2020-10-10 05:00:00+00:00,,,,387.2843145444331
2020-10-12 10:40:00+00:00,,-87.41006796683814,,
2020-10-12 11:35:00+00:00,,,1150.0892490411206,
2020-10-12 15:30:00+00:00,35.059603831069126,,,
2020-10-12 21:35:00+00:00,,78.67153412713742,,
2020-10-12 23:05:00+00:00,,,,164.43535157454244
2020-10-13 13:30:00+00:00,-43.62990331839637,,,
2020-10-16 04:55:00+00:00,,,-445.8847042662019,
2020-10-19 14:10:00+00:00,36.71142167792573,,,
2020-10-19 17:45:00+00:00,,,,-21.92210702500961
2020-10-19 18:20:00+00:00,,75.32935797248956,,
2020-10-20 07:40:00+00:00,,,,-120.03725305130865
2020-10-20 11:25:00+00:00,,,,-89.67577159472603
2020-10-20 15:30:00+00:00,35.56558120805539,,,
2020-10-20 19:10:00+00:00,,,,-39.155010653184945
2020-10-21 02:55:00+00:00,,78.8956012409426,,
2020-10-21 04:20:00+00:00,36.20505035817632,,,
2020-10-21 07:05:00+00:00,,,,160.47813376712475
2020-10-21 12:45:00+00:00,,96.8328581210053,,
2020-10-21 21:20:00+00:00,26.617095821443854,,,
2020-10-21 22:30:00+00:00,,141.42026758865723,,
2020-10-21 23:05:00+00:00,,-116.36030214152743,,
2020-10-22 02:25:00+00:00,-45.640397339920355,,,
2020-10-22 21:00:00+00:00,41.95593775985594,,,
2020-10-23 00:15:00+00:00,-45.55941291835029,,,
2020-10-25 01:35:00+00:00,26.32328712629328,,,
2020-10-25 05:40:00+00:00,,-81.34645816408556,,
2020-10-25 05:45:00+00:00,,,,-199.05145352064574
2020-10-26 16:30:00+00:00,-45.13660287344101,,,
2020-10-26 17:25:00+00:00,,,-98.09682182469624,
2020-10-27 15:30:00+00:00,63.012738794632696,,,
2020-10-27 16:45:00+00:00,,103.59752202676827,,
2020-10-27 18:20:00+00:00,,-91.67904891164835,,
2020-10-27 21:45:00+00:00,26.897216634564302,,,
2020-10-28 07:20:00+00:00,,,,375.3742391052929
2020-10-28 11:05:00+00:00,,-93.66892113623453,,
2020-10-28 11:20:00+00:00,-46.120721162616064,,,
2020-10-28 11:50:00+00:00,,,532.2755784203764,
2020-10-29 20:00:00+00:00,44.044489933319255,,,
2020-10-30 00:10:00+00:00,,-121.21624478999183,,
2020-10-30 05:55:00+00:00,-46.07508560019642,,,
2020-10-30 06:35:00+00:00,,,-205.53734694989907,
2020-10-30 19:20:00+00:00,28.881804772547184,,,
2020-10-31 06:05:00+00:00,,,,-281.9721610403067
2020-10-31 10:20:00+00:00,,-118.7430072320476,,
2020-10-31 13:20:00+00:00,36.61648034982272,,,
2020-10-31 17:05:00+00:00,,,,37.00640562764056
2020-11-02 08:35:00+00:00,-46.50200752569344,,,
2020-11-02 09:20:00+00:00,,,91.70770177835948,
2020-11-03 17:30:00+00:00,29.377168840164813,,,
2020-11-04 07:45:00+00:00,,,,-182.79010259420102
2020-11-04 20:15:00+00:00,,-111.21903969006598,,
2020-11-04 20:20:00+00:00,28.75504311682107,,,
2020-11-05 02:40:00+00:00,27.622745580388255,,,
2020-11-05 17:30:00+00:00,,-114.09247793498616,,
2020-11-05 17:35:00+00:00,93.63683504971686,,,
2020-11-06 03:10:00+00:00,78.54620211050542,,,
2020-11-06 08:55:00+00:00,,,,1560.2676392954872
2020-11-06 09:20:00+00:00,-51.149370523732614,,,
2020-11-06 20:15:00+00:00,-50.025107359620506,-133.79783690646127,,
2020-11-07 15:15:00+00:00,-48.92555549985627,,,
2020-11-07 15:25:00+00:00,,,2558.495598064361,
2020-11-08 10:40:00+00:00,28.268174735793764,,,
2020-11-08 16:15:00+00:00,28.635236984738185,,,
2020-11-09 11:45:00+00:00,29.00706553698501,,,
2020-11-09 13:15:00+00:00,-49.73848408008962,,,
2020-11-09 13:50:00+00:00,,,,-576.3485246951277
2020-11-09 16:15:00+00:00,,,-316.8893989847129,
2020-11-10 15:25:00+00:00,,-125.40932091947707,,
2020-11-11 15:00:00+00:00,41.61562553058957,,,
2020-11-11 22:20:00+00:00,29.278246964717255,,,
2020-11-12 00:10:00+00:00,,,,-263.5605491492315
2020-11-12 10:15:00+00:00,,-92.7214713402318,,
2020-11-12 10:20:00+00:00,31.63092215788538,,,
2020-11-12 20:50:00+00:00,30.06915252577437,,,
2020-11-13 04:25:00+00:00,36.70263444252805,,,
2020-11-13 11:15:00+00:00,,,,88.98519317616592
2020-11-13 16:05:00+00:00,-52.36637106404942,,,
2020-11-14 08:20:00+00:00,-51.21535822806209,,,
2020-11-14 08:30:00+00:00,,,780.7532509760858,
2020-11-15 21:05:00+00:00,,,-264.089276781182,
2020-11-16 09:25:00+00:00,35.00095686494751,,,
2020-11-16 15:50:00+00:00,30.045662849590826,,,
2020-11-16 21:30:00+00:00,47.67003621548565,,,
2020-11-17 11:30:00+00:00,,98.33935297815515,,
2020-11-17 20:05:00+00:00,,169.26862583044294,,
2020-11-17 21:00:00+00:00,133.70033311598036,,,
2020-11-18 04:15:00+00:00,,136.71475775055842,,
2020-11-18 05:30:00+00:00,,-112.78120919940557,,
2020-11-18 05:35:00+00:00,-55.50589007344024,,,1240.6889292683918
2020-11-18 07:55:00+00:00,32.07015604485787,,,
2020-11-18 14:30:00+00:00,-54.99077263949221,,,
2020-11-18 19:50:00+00:00,-53.782075456876555,,,
2020-11-19 08:45:00+00:00,-52.599945438333634,,,
2020-11-19 10:40:00+00:00,,,2075.8066803705733,
2020-11-19 18:10:00+00:00,30.39116129705235,,,
2020-11-20 08:50:00+00:00,30.78579052649502,,,
2020-11-21 04:00:00+00:00,,,,40.47728268668652
2020-11-22 08:55:00+00:00,-52.788468038681,,,
2020-11-22 20:50:00+00:00,42.23269479759847,,,
2020-11-23 00:25:00+00:00,-52.55645214284186,,,
2020-11-23 01:00:00+00:00,,-149.57522555332798,,
2020-11-24 06:05:00+00:00,-51.40126132474188,,,
2020-11-24 14:05:00+00:00,84.52224807825769,,,
2020-11-24 20:00:00+00:00,,,,-68.48726871484541
2020-11-25 03:55:00+00:00,-52.12926061358439,,,
2020-11-25 16:00:00+00:00,,,,-404.86871008995877
2020-11-25 23:15:00+00:00,-50.98345946529753,,,
2020-11-25 23:25:00+00:00,,,202.8589805707379,
2020-11-26 00:05:00+00:00,,-115.67436446971715,,
2020-11-26 02:25:00+00:00,-49.86284302625063,,,
2020-11-26 08:05:00+00:00,-48.76685773653344,,,
2020-11-26 14:00:00+00:00,-47.69496220348492,,,
2020-11-27 02:35:00+00:00,38.15770483520737,,,
2020-11-27 08:25:00+00:00,-47.48533328653002,,,
2020-11-27 15:40:00+00:00,-46.44160566089158,,,
2020-11-28 00:50:00+00:00,37.15497400586901,,,
2020-11-28 13:00:00+00:00,,-17.489916789486415,,
2020-11-28 20:45:00+00:00,79.66019625280796,,,
2020-11-29 21:05:00+00:00,,168.49181248743116,,
2020-11-29 22:45:00+00:00,39.25531076712059,,,
2020-11-30 04:40:00+00:00,39.96112125471382,,,
2020-11-30 12:55:00+00:00,,107.40562462129128,,
2020-11-30 15:30:00+00:00,,,,-310.6902874067964
2020-11-30 17:30:00+00:00,,114.27941566898153,,
2020-11-30 18:10:00+00:00,90.50362541371214,,,
2020-12-01 11:20:00+00:00,,,,-442.0041859072735
2020-12-01 11:25:00+00:00,-51.71886347318468,,,
2020-12-01 12:20:00+00:00,-50.582082854044074,,,
2020-12-01 12:25:00+00:00,,-181.7306402395161,,
2020-12-01 13:35:00+00:00,,,2413.256014521863,
2020-12-02 00:00:00+00:00,-49.470288672912375,,,
2020-12-02 13:20:00+00:00,39.57803059450907,,,
2020-12-02 15:00:00+00:00,-49.25285684034861,,,
2020-12-03 08:15:00+00:00,39.40407721860902,,,
2020-12-04 10:15:00+00:00,-49.036380664263106,,,
2020-12-04 11:30:00+00:00,,,78.9232959110268,
2020-12-04 21:50:00+00:00,-47.95856101726258,,,
2020-12-05 19:10:00+00:00,38.368593475566286,,,
2020-12-06 13:45:00+00:00,-47.74777353069612,,,
2020-12-07 19:10:00+00:00,,,-8.864379819649912,
2020-12-08 09:40:00+00:00,-46.6982774684916,,,
2020-12-08 10:10:00+00:00,,,-588.0313274697983,
2020-12-08 22:55:00+00:00,-45.67184932973373,,,
2020-12-10 15:10:00+00:00,-44.667982081466334,,,
2020-12-10 15:30:00+00:00,,,-506.2219658659378,
2020-12-11 01:50:00+00:00,-43.6861798353159,,-683.7701121618884,
2020-12-11 02:55:00+00:00,,-143.02400105469314,,
2020-12-11 10:20:00+00:00,-42.72595760253557,,,
2020-12-12 04:20:00+00:00,38.74009262075674,,,
2020-12-12 22:25:00+00:00,42.902705310445754,,,
2020-12-13 09:20:00+00:00,,103.89501521849252,,
2020-12-13 11:50:00+00:00,44.953348851418696,,,
2020-12-13 22:15:00+00:00,-44.56942436071404,,,
2020-12-14 23:55:00+00:00,,5.91643317897524,,
2020-12-15 04:50:00+00:00,,,,-136.79416754610065
2020-12-15 04:55:00+00:00,,-105.34912132432237,,
2020-12-16 18:15:00+00:00,150.40537083470895,,,
2020-12-16 18:45:00+00:00,,253.2921926422223,,
2020-12-17 04:20:00+00:00,,128.29973797178263,,
2020-12-17 07:10:00+00:00,146.26739506625427,,,
2020-12-17 08:00:00+00:00,,147.71674167407127,,
2020-12-17 09:35:00+00:00,,,,2776.419542398402
2020-12-17 09:40:00+00:00,,-185.74133927139337,,
2020-12-17 12:10:00+00:00,40.991337189430396,,,
2020-12-17 18:15:00+00:00,-51.011645399192275,,,
2020-12-17 20:10:00+00:00,-49.89040943331747,,,
2020-12-18 14:30:00+00:00,-48.793818233973525,,,
2020-12-19 00:35:00+00:00,,21.38809275886797,,
2020-12-19 20:15:00+00:00,99.336849635818,,,
2020-12-20 00:20:00+00:00,-49.90475406418636,,,-237.4662112428341
2020-12-20 03:15:00+00:00,,-220.40610885103797,,
2020-12-20 21:10:00+00:00,-48.80784756985531,,,
2020-12-21 09:45:00+00:00,-47.73505108026984,,,
2020-12-21 10:15:00+00:00,,,,-550.528239147061
2020-12-21 22:25:00+00:00,38.189777395009514,,,
2020-12-22 22:50:00+00:00,38.876429592572094,,,
2020-12-23 07:15:00+00:00,-48.37974988711221,,,
2020-12-23 11:05:00+00:00,,,,66.39019069209826
2020-12-23 21:40:00+00:00,-47.316362984593525,,,
2020-12-23 22:20:00+00:00,,,,-911.7656279805633
2020-12-25 00:00:00+00:00,37.85481168721299,,,
2020-12-25 14:10:00+00:00,51.78300292842323,,,
2020-12-25 14:40:00+00:00,-48.24658849144407,,,
2020-12-26 15:30:00+00:00,,202.40385685999718,,
2020-12-26 18:45:00+00:00,60.788311519821036,,,
2020-12-26 20:35:00+00:00,,174.99877659497452,,
2020-12-27 00:55:00+00:00,39.69199977405242,,,
2020-12-27 06:00:00+00:00,40.40566192998949,,,
2020-12-27 06:15:00+00:00,,191.93859590505144,,
2020-12-27 10:05:00+00:00,41.13215573149046,,,
2020-12-27 11:35:00+00:00,-51.1868869508412,,,
2020-12-27 11:40:00+00:00,,-251.77769076915774,,2825.4182903776564
2020-12-28 13:30:00+00:00,40.951371664167254,,,
2020-12-28 20:30:00+00:00,-50.961910324839664,,,
2020-12-29 05:10:00+00:00,,,,-619.3470706352491
2020-12-29 05:20:00+00:00,,,3468.155805071041,
2020-12-29 23:25:00+00:00,40.77138217904803,,,
2020-12-30 05:40:00+00:00,41.5044516306275,,,
2020-12-30 08:25:00+00:00,-51.65019036303693,,,
2020-12-30 20:35:00+00:00,,202.25972425062264,,
2020-12-31 01:05:00+00:00,-50.51491917885642,,,
2020-12-31 13:05:00+00:00,-49.404601255305806,,,
2020-12-31 13:10:00+00:00,,,,997.1687536933314
2021-01-01 01:10:00+00:00,39.52547827081253,,,
2021-01-01 18:45:00+00:00,,,,-173.4854194428808
2021-01-02 20:10:00+00:00,153.76247390058597,,,
2021-01-02 20:20:00+00:00,-52.56715730844098,338.7292080356856,,
2021-01-02 20:55:00+00:00,,,,1190.5740792637698
2021-01-03 04:55:00+00:00,42.05563816244876,,,
2021-01-03 07:20:00+00:00,,313.94800794146795,,
2021-01-03 09:10:00+00:00,73.24229077508471,,,
2021-01-03 15:30:00+00:00,,-369.073987001324,,
2021-01-03 18:35:00+00:00,,,,-83.37865262740888
2021-01-03 22:50:00+00:00,-57.638103361123285,,,
2021-01-03 23:55:00+00:00,-52.67909415697159,,,
2021-01-04 07:05:00+00:00,-51.52120766740154,,,
2021-01-04 09:30:00+00:00,,,5379.823416103118,-1556.6255531481402
2021-01-04 16:15:00+00:00,-50.38877152287114,,,
2021-01-05 03:40:00+00:00,-49.28122632479881,,,
2021-01-05 05:45:00+00:00,,,,-738.0531836832124
2021-01-05 12:15:00+00:00,39.4267738382091,,,
2021-01-05 14:10:00+00:00,-49.064625459143826,,,
2021-01-05 16:15:00+00:00,39.25348526606467,,,
2021-01-05 22:20:00+00:00,,505.1350210361261,,
2021-01-05 23:15:00+00:00,93.66236814439844,,,
2021-01-06 09:15:00+00:00,-50.90767544951359,,,
2021-01-06 14:10:00+00:00,-49.78872474313357,,,
2021-01-06 20:00:00+00:00,-48.69436857327901,,,
2021-01-07 01:15:00+00:00,56.40299156559104,,,
2021-01-07 05:35:00+00:00,39.9713920763229,,,
2021-01-07 06:25:00+00:00,-49.74237530448818,,,
2021-01-07 14:00:00+00:00,39.79570979788059,,,
2021-01-07 17:20:00+00:00,,455.99895266847943,,
2021-01-07 18:25:00+00:00,40.51123666004651,,,
2021-01-07 18:45:00+00:00,,,,3780.2682649642993
2021-01-07 23:15:00+00:00,-57.95636192292159,,,
2021-01-08 01:05:00+00:00,-49.140303743374716,,,
2021-01-08 09:50:00+00:00,39.31403064651386,,,
2021-01-08 14:45:00+00:00,113.5049305929374,,,
2021-01-08 15:10:00+00:00,-51.41916063513827,,,
2021-01-09 01:10:00+00:00,-56.23175382078625,,,
2021-01-10 11:20:00+00:00,-49.052993535397036,,,-382.02957451561815
2021-01-10 17:30:00+00:00,,,6996.650743761267,
2021-01-10 17:35:00+00:00,,-557.7265979255699,,
2021-01-11 00:45:00+00:00,-47.974808737489184,,,
2021-01-11 03:35:00+00:00,,,,-2569.1937449995676
2021-01-11 11:45:00+00:00,-46.920322441439566,,,
2021-01-11 16:10:00+00:00,,,,-2990.8222820230367
2021-01-11 19:05:00+00:00,-45.889013754176176,,,
2021-01-11 20:05:00+00:00,-44.88037323185972,,,
2021-01-12 01:25:00+00:00,215.51199398738072,,,
2021-01-12 01:45:00+00:00,-48.63085625606618,,,
2021-01-12 09:40:00+00:00,38.90645412371805,,,
2021-01-12 10:10:00+00:00,-48.41711389719694,,,
2021-01-12 14:25:00+00:00,,,,-346.3012368475429
2021-01-12 15:00:00+00:00,,,-791.4088309769068,
2021-01-12 20:20:00+00:00,-47.35290573373641,,,
2021-01-13 04:35:00+00:00,-46.31208886570903,,,
2021-01-13 06:20:00+00:00,37.05135585809239,,,
2021-01-13 07:25:00+00:00,37.717539236421544,,,
2021-01-13 18:30:00+00:00,38.395700591892364,,,
2021-01-14 01:50:00+00:00,112.87992921560726,,,
2021-01-14 13:30:00+00:00,41.11563641583052,,,
2021-01-14 19:20:00+00:00,41.85489555858794,,,
2021-01-15 02:00:00+00:00,-52.08630010258412,,,
2021-01-15 03:45:00+00:00,-50.94144322632974,,,
2021-01-15 06:05:00+00:00,,,,1089.19356491898
2021-01-15 06:25:00+00:00,,,3194.4426952308277,
2021-01-15 12:00:00+00:00,-49.82175030421513,,,
2021-01-15 15:10:00+00:00,,,,-1131.7966462450604
2021-01-16 02:55:00+00:00,-48.72666823252848,,,
2021-01-16 18:55:00+00:00,-47.65565606477776,,,
2021-01-16 22:05:00+00:00,,,,-487.1715431593002
2021-01-16 22:30:00+00:00,,,-1147.6620240986667,
2021-01-17 03:40:00+00:00,-46.60818474447342,,,
2021-01-17 06:20:00+00:00,,-436.98184935231166,,
2021-01-17 08:05:00+00:00,,,,-1019.7073356441142
2021-01-17 16:30:00+00:00,37.28824333263674,,,
2021-01-18 03:20:00+00:00,-46.40333243224177,,,
2021-01-18 12:05:00+00:00,37.12435403062591,,,
2021-01-18 14:30:00+00:00,-46.19938048697395,,,
2021-01-19 07:50:00+00:00,36.961185054940415,,,
2021-01-19 18:55:00+00:00,-45.996324951377346,,,
2021-01-20 09:35:00+00:00,-44.985325728946464,,,
2021-01-20 15:50:00+00:00,-43.99654826942424,,,
2021-01-21 05:05:00+00:00,-43.02950413846247,,,
2021-01-21 08:30:00+00:00,-42.083715637499154,,,
2021-01-21 09:20:00+00:00,,,-2513.163272435857,
2021-01-21 16:50:00+00:00,-41.15871556778666,,,
2021-01-21 22:00:00+00:00,-40.25404699960677,,,
2021-01-22 08:30:00+00:00,32.20470198257817,,,
2021-01-22 17:30:00+00:00,50.935784620807,,,
2021-01-22 18:55:00+00:00,,269.4216782966914,,
2021-01-22 23:00:00+00:00,33.699567931706724,,,
2021-01-23 11:15:00+00:00,-41.93740744523666,,,
2021-01-23 12:55:00+00:00,,,-90.2484064817836,
2021-01-24 08:55:00+00:00,33.551451577253374,,,
2021-01-24 14:40:00+00:00,-41.753084135258405,,,
2021-01-24 16:40:00+00:00,,,-762.7490657922244,
2021-01-25 03:45:00+00:00,,159.5266458870774,,
2021-01-25 06:25:00+00:00,,,,-139.90948009381282
2021-01-25 07:40:00+00:00,56.1220036574814,,,
2021-01-25 13:20:00+00:00,,160.88268744136712,,
2021-01-25 16:05:00+00:00,,,,137.78300087299976
2021-01-25 17:05:00+00:00,34.41305984962264,,,
2021-01-25 20:00:00+00:00,,-287.5889066733762,,
2021-01-25 21:50:00+00:00,,,510.3270528918947,
2021-01-26 03:25:00+00:00,-42.8253120418517,,,
2021-01-26 12:50:00+00:00,-41.88401168317182,,,
2021-01-26 14:30:00+00:00,-40.96340110637561,,,
2021-01-26 16:15:00+00:00,-40.063025550057546,,,
2021-01-27 08:55:00+00:00,-39.182440248467174,,,
2021-01-27 09:25:00+00:00,,,-1545.5169253560307,
2021-01-27 17:35:00+00:00,-38.32121021180569,,,
2021-01-27 18:35:00+00:00,-37.478910011350536,,,
2021-01-27 19:00:00+00:00,29.9844914365799,,,
2021-01-27 20:10:00+00:00,30.523612592610107,,,
2021-01-27 23:05:00+00:00,-53.80356325984417,,,
2021-01-28 17:00:00+00:00,,220.27923752859078,,
2021-01-28 21:00:00+00:00,82.41431048183176,,,
2021-01-29 03:40:00+00:00,,,,283.48495305458346
2021-01-29 04:05:00+00:00,56.15627937917884,,,
2021-01-29 13:30:00+00:00,216.00509163558922,,,
2021-01-29 14:00:00+00:00,,374.93706408713115,,
2021-01-29 14:35:00+00:00,,,,1183.627491390951
2021-01-29 14:55:00+00:00,-44.59606285470659,,,
2021-01-29 16:50:00+00:00,-43.61584139316028,,,
2021-01-30 03:10:00+00:00,-42.65716519933858,,,
2021-01-30 04:00:00+00:00,,,2506.0471908664185,
2021-01-30 21:55:00+00:00,34.12728396426132,,,
2021-01-31 00:35:00+00:00,-42.46967840979141,,,
2021-01-31 15:10:00+00:00,-41.53619487834453,,,
2021-01-31 15:50:00+00:00,,,-2025.3697507772667,
2021-02-01 06:20:00+00:00,61.18050170881111,,,
2021-02-01 09:00:00+00:00,,172.20554297414492,,
2021-02-01 15:55:00+00:00,-41.96797674247773,,,
2021-02-02 11:25:00+00:00,,,,69.06292464729268
2021-02-02 13:00:00+00:00,40.18386911008929,,,
2021-02-02 20:00:00+00:00,,167.72143097727803,,
2021-02-03 00:00:00+00:00,,,,-150.62835605847067
2021-02-03 00:15:00+00:00,34.298414093712154,,,
2021-02-03 07:45:00+00:00,,,,132.55835388244304
2021-02-03 19:25:00+00:00,49.92061280612438,,,
2021-02-04 00:10:00+00:00,,153.81230894937107,,
2021-02-04 02:25:00+00:00,,,,306.1780884718246
2021-02-04 03:20:00+00:00,35.8126721973706,,,
2021-02-04 08:50:00+00:00,,,,-240.8160212202347
2021-02-04 09:10:00+00:00,-44.56705880287427,,,
2021-02-04 14:45:00+00:00,-43.58747485038725,,,
2021-02-04 14:50:00+00:00,,-305.634003269176,,
2021-02-04 15:50:00+00:00,,,3625.3211810057837,
2021-02-05 12:20:00+00:00,34.871565528394285,,,
2021-02-06 01:50:00+00:00,,,,-98.01691214958191
2021-02-06 05:10:00+00:00,,,,-278.2535280040138
2021-02-06 05:15:00+00:00,43.39735756358118,,,
2021-02-06 11:00:00+00:00,,164.43346536719946,,
2021-02-06 15:05:00+00:00,56.27773269132422,,,
2021-02-06 17:55:00+00:00,,,,257.5629417068667
2021-02-06 20:15:00+00:00,-45.58675764729264,,,
2021-02-06 23:10:00+00:00,-44.58476071420546,,,
2021-02-07 00:30:00+00:00,,,1893.8159680611352,
2021-02-07 15:10:00+00:00,,-305.18967648800117,,
2021-02-07 15:15:00+00:00,-43.60478767370705,,,
2021-02-07 15:35:00+00:00,,,-1864.9295495780825,
2021-02-08 10:30:00+00:00,34.8854164168647,,,
2021-02-08 12:40:00+00:00,35.512656204039786,,,
2021-02-08 16:30:00+00:00,,,,888.4052127856739
2021-02-08 17:00:00+00:00,138.9353902930725,,,
2021-02-08 17:55:00+00:00,,389.38949398137083,,
2021-02-08 20:45:00+00:00,38.64923208005848,,,
2021-02-09 02:05:00+00:00,,,,313.38963791782226
2021-02-09 03:30:00+00:00,99.68239424594185,,,
2021-02-09 06:35:00+00:00,,270.4934244031401,,
2021-02-09 08:30:00+00:00,,,,-346.07808112836574
2021-02-09 12:45:00+00:00,-50.288033102133795,,,
2021-02-09 19:45:00+00:00,40.2322558862229,,,
2021-02-09 23:05:00+00:00,-50.06700711892836,,,
2021-02-10 04:05:00+00:00,-48.966534302453965,,,
2021-02-10 12:30:00+00:00,-47.890249878485974,,,
2021-02-10 15:35:00+00:00,,,6381.2835767139695,
2021-02-11 00:45:00+00:00,-46.83762218615675,,,
2021-02-11 17:05:00+00:00,,,,-109.83941476928885
2021-02-11 17:15:00+00:00,105.77213311111882,,,
2021-02-11 20:25:00+00:00,,230.68386556456244,,
2021-02-11 20:45:00+00:00,,,,-320.33071149351235
2021-02-11 20:50:00+00:00,-48.13300273628738,,,
2021-02-12 02:45:00+00:00,,,,-332.552109348635
2021-02-12 03:40:00+00:00,-47.07503933614453,,,
2021-02-12 14:35:00+00:00,-46.0403299715349,,,
2021-02-13 11:10:00+00:00,-45.028363518761125,,,
2021-02-14 05:25:00+00:00,36.02432888049907,,,
2021-02-14 08:50:00+00:00,,,,115.77291653087741
2021-02-14 10:00:00+00:00,45.29976035826121,,,
2021-02-14 13:45:00+00:00,,,,-243.39714383141472
2021-02-14 15:25:00+00:00,-45.82614357008674,,,
2021-02-15 02:15:00+00:00,-44.818884934416246,-310.0739028430871,,
2021-02-15 02:35:00+00:00,,,1301.2349804516998,
2021-02-15 15:50:00+00:00,35.856738392500574,,,
2021-02-16 00:30:00+00:00,-44.621896953424766,,,
2021-02-16 06:05:00+00:00,,,,-277.2889078851622
2021-02-16 07:55:00+00:00,35.6991408415754,,,
2021-02-16 12:30:00+00:00,,173.9488857122269,,
2021-02-16 12:35:00+00:00,,,,-276.7441378197218
2021-02-16 16:55:00+00:00,-44.42577477408645,,,
2021-02-17 06:05:00+00:00,35.54223596346901,,,
2021-02-17 12:00:00+00:00,54.51886017195511,,,
2021-02-17 13:05:00+00:00,,,,-8.045013879556791
2021-02-18 00:00:00+00:00,37.16153447198303,,,
2021-02-18 02:05:00+00:00,,,,56.38822124034414
2021-02-18 07:10:00+00:00,,42.54916348930146,,
2021-02-18 11:35:00+00:00,-46.24564966530261,,,
2021-02-19 13:10:00+00:00,,,,-97.39611295671057
2021-02-19 15:35:00+00:00,26.71978053499879,,,
2021-02-19 16:00:00+00:00,,135.2834276557778,,
2021-02-19 19:20:00+00:00,,,,490.949777903621
2021-02-19 21:05:00+00:00,,132.8009424401498,,
2021-02-19 21:50:00+00:00,64.34091765489029,,,
2021-02-20 00:15:00+00:00,,,,-176.67815251568754
2021-02-20 00:45:00+00:00,27.90220370099496,,,
2021-02-20 03:30:00+00:00,,,,-234.82642979788216
2021-02-20 09:10:00+00:00,-47.843974869221256,,,
2021-02-20 12:10:00+00:00,,144.10678240442212,,
2021-02-20 14:50:00+00:00,,,,24.8832310015423
2021-02-20 15:20:00+00:00,-46.792364301595626,,,
2021-02-20 22:30:00+00:00,,-311.66024575549636,,
2021-02-21 10:15:00+00:00,27.035660951919,,,
2021-02-21 12:10:00+00:00,,,,-235.74844110393315
2021-02-21 18:50:00+00:00,27.38671900938016,,,
2021-02-21 20:50:00+00:00,,,,-98.44670271034192
2021-02-21 22:30:00+00:00,-46.960072045796096,,,
2021-02-22 20:05:00+00:00,27.132559020201825,,,
2021-02-23 00:05:00+00:00,-46.52426330949311,,,
2021-02-23 03:00:00+00:00,,,-2925.408995431695,
2021-02-23 04:40:00+00:00,,-468.40888275840916,,
2021-02-23 14:35:00+00:00,-45.501660001950995,,,
2021-02-23 17:10:00+00:00,-59.54331668241957,,,
2021-02-23 18:10:00+00:00,-43.192771414428535,,,
2021-02-24 00:25:00+00:00,-56.28501223778517,,,
2021-02-24 06:20:00+00:00,77.54117276395186,,,
2021-02-24 13:15:00+00:00,-42.71060470710427,,,
2021-02-25 09:05:00+00:00,-41.771825615642,,,
2021-02-25 14:40:00+00:00,,,,-251.7219408678484
2021-02-25 17:00:00+00:00,-40.85368088861014,,,
2021-02-25 22:00:00+00:00,,,-391.6761227364186,
2021-02-26 11:40:00+00:00,-39.955716982678496,,,
2021-02-26 13:55:00+00:00,-39.07749032339939,,,
2021-02-26 15:45:00+00:00,22.578166224426468,,,
2021-02-26 19:35:00+00:00,-38.71483517970387,,,
2021-02-27 06:40:00+00:00,22.368631578041686,,,
2021-02-27 15:30:00+00:00,-38.355545624539445,,,
2021-02-27 23:25:00+00:00,,,-2077.7255155047023,
2021-02-28 13:05:00+00:00,-37.51249073171175,,,
2021-02-28 20:55:00+00:00,21.673941806996936,,,
2021-03-01 04:05:00+00:00,56.14457385242713,,,
2021-03-01 08:20:00+00:00,22.684415232834226,,,
2021-03-01 11:05:00+00:00,,251.53866556174125,,
2021-03-01 13:40:00+00:00,22.978972364633137,,,
2021-03-01 18:15:00+00:00,,,,138.10117604585685
2021-03-01 20:15:00+00:00,23.27735432078748,,,
2021-03-02 01:00:00+00:00,,,,-138.9697290706972
2021-03-02 06:05:00+00:00,-39.91373466698656,,,
2021-03-03 04:10:00+00:00,23.061330921992067,,,
2021-03-03 12:40:00+00:00,,195.89365747972352,,
2021-03-03 13:35:00+00:00,80.50941327805526,,,
2021-03-03 13:40:00+00:00,,,,373.3828789488816
2021-03-04 00:05:00+00:00,,-379.4809551093913,,
2021-03-04 03:15:00+00:00,-41.31291573652311,,,
2021-03-04 04:55:00+00:00,,,3965.169107308735,
2021-03-04 14:50:00+00:00,-40.404857848634265,,,
2021-03-04 19:35:00+00:00,,,-1903.7787662808696,
2021-03-05 08:35:00+00:00,-39.51675907312142,,,
2021-03-05 16:30:00+00:00,-38.6481807086941,,,
2021-03-06 04:15:00+00:00,-37.79869369671701,,,
2021-03-06 13:00:00+00:00,,,-159.3673120866224,
2021-03-06 22:30:00+00:00,21.839303964707824,,,
2021-03-07 05:05:00+00:00,,,,-114.85548509735054
2021-03-07 07:55:00+00:00,22.12288732668958,,,
2021-03-07 12:20:00+00:00,,,,136.96494013029042
2021-03-07 14:20:00+00:00,,,,-240.62904529847037
2021-03-07 18:15:00+00:00,,,,-210.7598151093698
2021-03-08 00:15:00+00:00,22.410153018626715,,,
2021-03-08 02:25:00+00:00,,,,-169.64276656744187
2021-03-08 02:45:00+00:00,-38.42674253719724,,,
2021-03-08 07:10:00+00:00,,-283.31310493426463,,
2021-03-08 08:40:00+00:00,,,1402.8191266101712,
2021-03-08 19:45:00+00:00,22.202177603727932,,,
2021-03-09 06:35:00+00:00,73.09575698515846,,,
2021-03-09 07:00:00+00:00,,,,497.7437441798138
2021-03-09 13:55:00+00:00,,150.37042412780102,,
2021-03-09 15:50:00+00:00,,,,-159.2323060937524
2021-03-10 01:40:00+00:00,,,,-16.841718331759694
2021-03-10 02:05:00+00:00,-39.67677133849361,,,
2021-03-10 13:20:00+00:00,24.388739827641075,,,
2021-03-10 18:20:00+00:00,30.10327646306814,,,
2021-03-10 20:15:00+00:00,,,,96.3573948218982
2021-03-10 21:05:00+00:00,-40.002410422543335,,,
2021-03-11 08:00:00+00:00,,-289.17975725882116,,
2021-03-11 18:25:00+00:00,23.11256594073234,,,
2021-03-11 19:55:00+00:00,,,,-236.93586626992874
2021-03-12 00:25:00+00:00,,,,-208.6009783887348
2021-03-12 10:10:00+00:00,-39.631171640833145,,,
2021-03-12 11:55:00+00:00,,-89.32711534702685,,
2021-03-12 20:10:00+00:00,-38.760078488167665,,,
2021-03-13 10:10:00+00:00,22.394772226547957,,,
2021-03-13 15:35:00+00:00,,,,393.12195534214516
2021-03-13 17:20:00+00:00,22.68556834390938,,,
2021-03-13 20:10:00+00:00,,171.1196771526893,,
2021-03-13 21:15:00+00:00,,,,46.53893089479243
2021-03-14 11:10:00+00:00,-38.898997848736144,,,
2021-03-15 07:10:00+00:00,,,7281.330299271045,
2021-03-15 15:35:00+00:00,-38.043997876021194,,,
2021-03-16 21:15:00+00:00,21.981035649369232,,,
2021-03-17 03:50:00+00:00,-37.69093396627932,,,
2021-03-18 00:00:00+00:00,,184.38637440896764,,
2021-03-18 00:35:00+00:00,78.75469358247756,,,
2021-03-18 03:25:00+00:00,,,,386.2077300616511
2021-03-18 11:50:00+00:00,-38.593515402643106,,,
2021-03-18 18:05:00+00:00,,,,-171.73430883148103
2021-03-18 18:25:00+00:00,-37.745229934093004,,,
2021-03-19 09:10:00+00:00,21.808413707694854,,,
2021-03-22 10:15:00+00:00,30.589672341564665,,,
2021-03-22 12:35:00+00:00,,,,-323.4719423831193
2021-03-22 19:30:00+00:00,,,-1520.195326340785,
2021-03-23 16:25:00+00:00,31.139674650266443,,,
2021-03-23 21:20:00+00:00,-38.75174976031758,,,
2021-03-24 01:05:00+00:00,,,-1219.2389143923065,
2021-03-24 13:10:00+00:00,32.35568009451026,,,
2021-03-24 15:40:00+00:00,,,,71.1952994089188
2021-03-24 20:15:00+00:00,,,-1085.37631641583,
2021-03-24 20:25:00+00:00,,-332.18487755301066,,
2021-03-25 12:05:00+00:00,-38.61116414906314,,,
2021-03-25 22:15:00+00:00,30.890335936486508,,,
2021-03-26 09:00:00+00:00,31.445744176624657,,,
2021-03-26 11:55:00+00:00,,,,-174.0415777334547
2021-03-26 21:45:00+00:00,32.011138656920366,,,
2021-03-27 01:50:00+00:00,,,,175.3067687171424
2021-03-27 20:15:00+00:00,33.00804597278261,,,
2021-03-28 00:25:00+00:00,,,,-29.167584615413944
2021-03-28 14:45:00+00:00,,-83.27395052875636,,
2021-03-28 20:10:00+00:00,,,2710.0439309957874,
2021-03-29 13:50:00+00:00,,122.35053758987033,,
2021-03-29 14:00:00+00:00,33.18018359656253,,,
2021-03-29 15:25:00+00:00,,,,60.5550556426424
2021-03-30 20:35:00+00:00,,,,-66.07923467520231
2021-03-31 07:50:00+00:00,-41.29105991556594,,,
2021-03-31 07:55:00+00:00,,,,-380.29310804581837
2021-03-31 08:00:00+00:00,,-134.2740903778349,,
2021-04-01 13:05:00+00:00,,-68.28458835491165,,
2021-04-01 18:15:00+00:00,-40.38348241862195,,,
2021-04-02 13:25:00+00:00,,,,-264.6843610238557
2021-04-02 13:35:00+00:00,-39.495853475060585,,,
2021-04-02 21:05:00+00:00,,,2761.191994930472,
2021-04-03 08:45:00+00:00,,,,-222.1688688020513
2021-04-03 17:40:00+00:00,,,-761.0615253325086,
2021-04-05 05:25:00+00:00,,,-694.1746176397064,
2021-04-06 00:10:00+00:00,31.59811958097862,,,
2021-04-06 04:00:00+00:00,,,,-37.60501990682678
2021-04-06 12:20:00+00:00,,-21.00514140293035,,
2021-04-06 15:20:00+00:00,,,24.826773645683716,
2021-04-07 11:40:00+00:00,,,-2263.1247160133935,
2021-04-08 21:10:00+00:00,,,,-43.390680935730416
2021-04-09 07:05:00+00:00,,,,-181.1003561937723
2021-04-09 11:30:00+00:00,32.16625377104447,,,
2021-04-09 15:25:00+00:00,,,,-117.78428351573348
2021-04-10 09:05:00+00:00,,147.87224948191306,,
2021-04-10 09:20:00+00:00,32.74460301384761,,,
2021-04-10 12:45:00+00:00,,,,275.6544938542138
2021-04-10 21:00:00+00:00,,,1879.4564716500681,
2021-04-11 13:30:00+00:00,-40.749001916200314,,,
2021-04-11 23:40:00+00:00,,-70.81662448240058,,
2021-04-12 09:45:00+00:00,,,,-115.1824800770155
2021-04-12 09:55:00+00:00,-39.85333885408272,,,
2021-04-13 06:50:00+00:00,,,,-230.18329365984755
2021-04-13 15:40:00+00:00,,101.25125003111316,,
2021-04-13 16:00:00+00:00,31.884120888987354,,,
2021-04-13 18:55:00+00:00,,,,253.51847774897578
2021-04-14 08:45:00+00:00,-39.67817544320974,,,
2021-04-14 09:20:00+00:00,,,,-85.50833590833645
2021-04-14 19:40:00+00:00,,,1187.3219738661355,
2021-04-16 01:40:00+00:00,,,,-218.43212208795921
2021-04-16 04:35:00+00:00,-38.80604914696801,,,
2021-04-16 05:55:00+00:00,,,-1356.0547223907706,
2021-04-17 12:05:00+00:00,,,-1007.9421677853534,
2021-04-17 15:20:00+00:00,-37.95309218671764,,,
2021-04-18 08:55:00+00:00,-37.118883220453654,,,
2021-04-19 00:55:00+00:00,29.69645690661855,,,
2021-04-19 05:25:00+00:00,,,,-246.40295516732476
2021-04-19 06:20:00+00:00,,86.77855005564106,,
2021-04-19 14:25:00+00:00,-36.95573829007549,,,
2021-04-19 15:40:00+00:00,,,-902.032975079921,
2021-04-20 15:35:00+00:00,-36.14345116245954,,,
2021-04-21 04:15:00+00:00,-35.349018105908726,,,
2021-04-21 09:45:00+00:00,,-48.57123888066599,,
2021-04-21 11:25:00+00:00,-34.57204668794111,,,
2021-04-21 20:40:00+00:00,-33.81215310174002,,,
2021-04-21 23:00:00+00:00,,,-2920.3534112846974,
2021-04-22 11:20:00+00:00,27.050952517680344,,,
2021-04-22 17:40:00+00:00,-33.663541912902474,,,
2021-04-23 21:50:00+00:00,27.57400978111491,,,
2021-04-24 02:10:00+00:00,-33.52969399664562,,,
2021-04-24 10:00:00+00:00,-32.79271132259919,,,
2021-04-25 20:45:00+00:00,-32.0719275277288,,,
2021-04-25 21:10:00+00:00,,,-3067.2204824610017,
2021-04-26 03:35:00+00:00,,288.7525729231329,,
2021-04-26 05:55:00+00:00,58.94668883066879,,,
2021-04-26 13:50:00+00:00,33.97108768043745,,,
2021-04-26 21:00:00+00:00,-33.40931928838336,,,463.0635195265404
2021-04-27 06:10:00+00:00,26.728670812494784,,,
2021-04-28 04:50:00+00:00,,,,76.59462700163203
2021-04-28 06:35:00+00:00,,,2061.1405555863967,
2021-04-28 20:15:00+00:00,,-204.39916748320138,,
2021-04-28 20:20:00+00:00,,,,-370.4695985602757
2021-04-29 04:45:00+00:00,-33.26247863488311,,,
2021-04-29 15:15:00+00:00,-32.53136935448856,,,
2021-04-30 08:30:00+00:00,26.026278926854502,,,
2021-04-30 16:50:00+00:00,,137.78371620748567,,
2021-04-30 18:00:00+00:00,49.540144334046545,,,
2021-04-30 23:30:00+00:00,27.38496321708567,,,
2021-05-01 09:00:00+00:00,,,,176.31392870693344
2021-05-01 15:25:00+00:00,,-192.2793702932031,,
2021-05-02 03:35:00+00:00,-34.07920133086304,,,
2021-05-02 08:30:00+00:00,,,1734.3760656283775,
2021-05-03 05:00:00+00:00,27.264600815799668,,,
2021-05-03 07:30:00+00:00,,99.63661182307169,,
2021-05-03 13:45:00+00:00,,,,-134.5742949704163
2021-05-03 13:50:00+00:00,-33.92941641154198,,,
2021-05-03 21:10:00+00:00,,,-958.2657535313119,
2021-05-04 14:10:00+00:00,-33.183647838816114,,,
2021-05-04 23:45:00+00:00,-32.45427125931906,,,
2021-05-05 13:35:00+00:00,25.964597646004222,,,
2021-05-05 14:45:00+00:00,,157.1159092784128,,
2021-05-05 18:55:00+00:00,32.96843719619369,,,
2021-05-06 14:10:00+00:00,,-6.589098717811794,,
2021-05-06 16:50:00+00:00,,,,-387.4533166590245
2021-05-06 18:30:00+00:00,-33.03627448287057,,,
2021-05-06 19:25:00+00:00,,,-1331.0188738629804,
2021-05-07 04:35:00+00:00,-32.31013716973712,,,
2021-05-07 16:40:00+00:00,33.04958812710743,,,
2021-05-07 22:25:00+00:00,-32.326390301780066,,,
2021-05-07 22:45:00+00:00,,-235.30517643497478,,
2021-05-08 12:50:00+00:00,25.862288227852332,,,
2021-05-08 15:50:00+00:00,,,,-170.07662309259285
2021-05-09 04:15:00+00:00,-32.184309338195135,,,-371.39304624029864
2021-05-09 12:50:00+00:00,,,-883.4147597918054,
2021-05-10 04:50:00+00:00,32.37561015833194,,,
2021-05-10 08:05:00+00:00,-32.188514130222075,,,-309.50287637497786
2021-05-10 19:35:00+00:00,,,-1916.266174882665,
2021-05-11 03:00:00+00:00,-31.48101058963948,,,
2021-05-11 20:15:00+00:00,25.185953704471785,,,
2021-05-11 22:15:00+00:00,,53.246215324767036,,
2021-05-12 15:10:00+00:00,-31.342645239303465,,,
2021-05-12 16:20:00+00:00,,,-1938.2004535868982,
2021-05-13 09:45:00+00:00,-30.65373389694355,,,
2021-05-13 16:45:00+00:00,-29.97996482588883,,,
2021-05-13 17:30:00+00:00,,-408.9202907605786,,
2021-05-14 11:40:00+00:00,31.94835215481544,,,
2021-05-14 20:25:00+00:00,-30.02322997937881,,,
2021-05-15 06:15:00+00:00,-29.36331938443186,,,
2021-05-15 07:25:00+00:00,,,-2288.210569994866,
2021-05-15 16:30:00+00:00,-28.717913624362154,,,
2021-05-15 23:20:00+00:00,-28.086693882898544,,,
2021-05-16 10:15:00+00:00,25.506958782272704,,,
2021-05-16 12:45:00+00:00,-28.029991305387057,,,
2021-05-17 01:15:00+00:00,-30.052302163583818,,,
2021-05-17 02:40:00+00:00,,-340.50723900652156,,
2021-05-17 03:20:00+00:00,-26.753342494939034,,,
2021-05-17 14:35:00+00:00,-26.165304026900003,,,
2021-05-17 16:10:00+00:00,,-375.05111449413016,,
2021-05-17 22:35:00+00:00,-31.130760677689295,,,
2021-05-18 12:45:00+00:00,-24.90593652469329,,,
2021-05-18 23:05:00+00:00,-24.3585040398807,,,
2021-05-19 01:00:00+00:00,-23.823104121084043,,,
2021-05-19 10:15:00+00:00,-23.299472292502514,,,
2021-05-19 11:20:00+00:00,-22.787349891513145,,,
2021-05-19 21:15:00+00:00,-22.286483940897824,,,
2021-05-19 23:05:00+00:00,-21.796627023877022,,,
2021-05-20 08:05:00+00:00,-16.47308319812271,,,
2021-05-20 11:30:00+00:00,-16.334900006986913,,,
2021-05-20 12:00:00+00:00,12.167628922574977,,,
2021-05-20 15:50:00+00:00,-16.1225067806339,,,
2021-05-20 19:55:00+00:00,12.116274833588136,,,
2021-05-20 20:45:00+00:00,-16.054460931013182,,,
2021-05-20 23:30:00+00:00,-15.781775912099988,,,
2021-05-21 00:55:00+00:00,16.205782481200913,,,
2021-05-21 02:20:00+00:00,-15.788977663676178,,,
2021-05-21 10:25:00+00:00,11.865623337450074,,,
2021-05-21 11:00:00+00:00,-15.722339490445393,,,
2021-05-21 16:50:00+00:00,-15.455295554199893,,,
2021-05-21 22:05:00+00:00,-15.19278735921182,,,
2021-05-21 22:30:00+00:00,11.417578521572636,,,
2021-05-22 01:20:00+00:00,11.565835778675478,,,
2021-05-22 02:50:00+00:00,-15.325111157805509,,,
2021-05-22 08:00:00+00:00,11.517021587877366,,,
2021-05-22 09:55:00+00:00,11.666570113196144,,,
2021-05-22 11:35:00+00:00,13.920341628069991,,,
2021-05-22 13:15:00+00:00,11.998816162156118,,,
2021-05-22 13:25:00+00:00,,234.34469421906215,,
2021-05-22 14:00:00+00:00,-15.898824344899822,,,
2021-05-22 17:30:00+00:00,-15.628782813401813,,,
2021-05-22 22:15:00+00:00,-15.363327937316058,,,
2021-05-23 03:10:00+00:00,-15.102381812300678,,,
2021-05-23 12:35:00+00:00,-14.845867857218877,,,
2021-05-23 15:00:00+00:00,-14.593710791663966,,,
2021-05-23 15:40:00+00:00,-14.345836613867505,,,
2021-05-23 19:00:00+00:00,-14.10217257898114,,,
2021-05-23 22:40:00+00:00,14.856385440572353,,,
2021-05-24 00:00:00+00:00,10.790877406793697,,,
2021-05-24 04:40:00+00:00,-14.298265937189512,,,
2021-05-24 08:40:00+00:00,14.437678950361033,,,
2021-05-24 10:30:00+00:00,-14.300633867218494,,,
2021-05-24 13:20:00+00:00,10.747113497130954,,,
2021-05-24 19:40:00+00:00,10.886664765891283,,,
2021-05-24 21:45:00+00:00,-23.431337239808954,,,
2021-05-25 01:35:00+00:00,-14.027206061762854,,,
2021-05-25 06:55:00+00:00,10.541628923105577,,,
2021-05-25 08:15:00+00:00,-13.96800353406286,,,
2021-05-25 10:30:00+00:00,,,-1431.6740766253279,
2021-05-25 10:35:00+00:00,,,,-882.5445381308109
2021-05-25 15:00:00+00:00,-13.73075699403671,,,
2021-05-25 16:35:00+00:00,-13.49754008649279,,,
2021-05-26 02:10:00+00:00,10.143578011191607,,,
2021-05-26 06:15:00+00:00,10.275292371666751,,,
2021-05-26 10:10:00+00:00,-13.615098881576728,,,
2021-05-26 15:20:00+00:00,,,,-538.3665835728498
2021-05-26 15:25:00+00:00,,,-841.1349918524938,
2021-05-27 01:10:00+00:00,-13.383846427073308,,,
2021-05-27 08:25:00+00:00,10.058135738280043,,,
2021-05-27 11:15:00+00:00,10.188740630841608,,,
2021-05-27 12:40:00+00:00,-13.500414990638888,,,
2021-05-27 21:10:00+00:00,,,-1537.1241900713358,
2021-05-28 14:15:00+00:00,-13.27111044202286,,,
2021-05-29 01:35:00+00:00,10.877825550476473,,,
2021-05-29 04:55:00+00:00,-13.230460498140019,,,
2021-05-29 06:55:00+00:00,-13.005741126579096,,,
2021-05-29 08:25:00+00:00,-12.784838613544139,,,
2021-05-30 00:15:00+00:00,-12.56768812969301,,,
2021-05-30 04:30:00+00:00,9.444782097105076,,,
2021-05-30 06:35:00+00:00,9.567422592635921,,,
2021-05-30 07:40:00+00:00,9.691655575001278,,,
2021-05-30 08:20:00+00:00,-12.841761013406881,,,
2021-05-31 01:40:00+00:00,,,-1005.112670534967,
2021-05-31 09:20:00+00:00,15.141316245467351,,,
2021-05-31 11:30:00+00:00,,157.54624522555605,,
2021-05-31 12:05:00+00:00,9.847361447331195,,,
2021-05-31 17:00:00+00:00,-13.048076393206316,,,
2021-06-01 02:10:00+00:00,-12.826454815667717,,,
2021-06-01 08:15:00+00:00,,,,-119.31553118836928
2021-06-01 08:50:00+00:00,,,-179.78895156095678,
2021-06-01 14:20:00+00:00,-12.608597480623644,,,
2021-06-02 14:35:00+00:00,9.475526009691407,,,
2021-06-02 22:40:00+00:00,-12.555382261689942,,,
2021-06-03 07:05:00+00:00,10.97273062315503,,,
2021-06-03 10:05:00+00:00,,110.42409652169135,,
2021-06-03 13:50:00+00:00,,,,29.35660126852781
2021-06-04 01:50:00+00:00,,,-988.1131654829369,
2021-06-05 09:45:00+00:00,-12.528500923609272,,,
2021-06-06 01:20:00+00:00,9.415332398907935,,,
2021-06-06 14:05:00+00:00,-12.47562375621726,,,
2021-06-07 01:45:00+00:00,9.375594515633338,,,
2021-06-07 05:30:00+00:00,-12.422969759565945,,,
2021-06-07 14:55:00+00:00,,-130.68107641924053,,
2021-06-08 18:05:00+00:00,9.33602434809086,,,
2021-06-08 20:25:00+00:00,9.4572526242506,131.1860091005692,,
2021-06-08 21:45:00+00:00,9.580055049576572,,,
2021-06-09 00:05:00+00:00,-12.693886662591922,,,
2021-06-09 06:25:00+00:00,,135.94105705676338,,
2021-06-09 07:20:00+00:00,9.539621946081525,,,
2021-06-09 11:20:00+00:00,9.663493937051499,,,
2021-06-09 12:00:00+00:00,,152.89687160725407,,
2021-06-09 15:00:00+00:00,9.788974405823978,,,
2021-06-09 15:15:00+00:00,9.916084238483677,,,
2021-06-09 17:20:00+00:00,11.551549625266034,,,
2021-06-09 22:45:00+00:00,10.696867965153274,,,
2021-06-10 00:00:00+00:00,,185.78058261423303,,
2021-06-10 05:20:00+00:00,-13.517025714749707,,,
2021-06-10 11:50:00+00:00,-13.287439032984707,,,
2021-06-10 15:45:00+00:00,,,,183.25512924032228
2021-06-11 00:00:00+00:00,-13.061751881009513,,,
2021-06-11 05:15:00+00:00,9.816077471807716,,,
2021-06-11 17:00:00+00:00,,,3418.7920891128742,
2021-06-13 03:10:00+00:00,-13.006624101169223,,,
2021-06-13 18:20:00+00:00,11.457368638347702,,,
2021-06-13 19:45:00+00:00,,115.54856072639632,,
2021-06-13 22:10:00+00:00,14.260341769156412,,,
2021-06-13 22:50:00+00:00,,121.42950888080668,,
2021-06-14 01:45:00+00:00,-13.222521902082235,,,
2021-06-14 18:50:00+00:00,,,,693.5524947881222
2021-06-14 19:05:00+00:00,-12.997937367575446,,,
2021-06-15 02:20:00+00:00,,-60.7386274958244,,
2021-06-15 18:45:00+00:00,-12.777167401387032,,,
2021-06-15 19:25:00+00:00,,-259.7793147090806,,
2021-06-15 19:30:00+00:00,,,,-364.88789188177907
2021-06-16 11:20:00+00:00,,,2316.8610464326994,
2021-06-19 02:30:00+00:00,-12.560147213074629,,,
2021-06-19 12:45:00+00:00,-12.346813112660357,,,
2021-06-20 15:15:00+00:00,5.709475944104497,,,
2021-06-20 18:55:00+00:00,5.755094656897882,,,
2021-06-20 19:30:00+00:00,,120.01932142086298,,
2021-06-21 00:10:00+00:00,,,-119.93436119675607,
2021-06-21 02:40:00+00:00,-12.331828223599814,,,
2021-06-21 03:40:00+00:00,,-237.90548399342515,,
2021-06-21 13:40:00+00:00,5.702546555699996,,,
2021-06-21 15:35:00+00:00,-12.219229874470784,,,
2021-06-21 19:30:00+00:00,-12.011686255052723,,,
2021-06-22 01:35:00+00:00,6.481381702880185,,,
2021-06-22 03:15:00+00:00,5.606291122611083,,,
2021-06-22 15:05:00+00:00,5.65108538868094,,,
2021-06-22 17:35:00+00:00,36.958356362025825,,,
2021-06-22 18:15:00+00:00,5.991534828268982,235.95388124682722,,
2021-06-22 19:05:00+00:00,-12.838464474145553,,,
2021-06-22 19:20:00+00:00,,,,-318.39581000718863
2021-06-23 02:45:00+00:00,21.131034363984895,,,
2021-06-23 02:55:00+00:00,,,,157.78841738985102
2021-06-23 11:15:00+00:00,,,,-165.16377990165347
2021-06-23 13:35:00+00:00,-12.97931377372447,,,-90.15855747792375
2021-06-24 15:20:00+00:00,6.001960107914556,,,
2021-06-24 15:45:00+00:00,,,,-71.41464452053697
2021-06-24 15:50:00+00:00,-12.860803421710784,,,
2021-06-24 19:00:00+00:00,,,,66.61499736398218
2021-06-25 00:20:00+00:00,5.947157949837333,,,
2021-06-25 03:05:00+00:00,,,,-112.46262462891536
2021-06-25 05:25:00+00:00,-12.743375153370948,,,
2021-06-25 21:10:00+00:00,-12.526928926391065,,,
2021-06-26 01:35:00+00:00,-12.314159038576122,,,
2021-06-26 11:35:00+00:00,8.555957668192718,,,
2021-06-26 12:25:00+00:00,5.762737983309876,,,
2021-06-26 12:55:00+00:00,-12.348206092946725,,,
2021-06-26 16:10:00+00:00,-12.138471812458192,,,
2021-06-26 20:05:00+00:00,-11.932299868723476,,,
2021-06-26 23:55:00+00:00,5.5177946273812495,,,
2021-06-27 00:10:00+00:00,,171.74163398276414,,
2021-06-27 01:15:00+00:00,5.561881806454039,,,
2021-06-27 02:20:00+00:00,5.606321242087574,,,
2021-06-27 04:00:00+00:00,5.651115748812003,,,
2021-06-27 05:40:00+00:00,,,,52.76324484417091
2021-06-27 07:35:00+00:00,,187.47773195052469,,
2021-06-27 08:45:00+00:00,,,,-102.25562134673237
2021-06-27 13:05:00+00:00,,,,-172.04406915819163
2021-06-27 14:10:00+00:00,-12.109025626972311,,,
2021-06-28 00:20:00+00:00,15.521833906979168,,,
2021-06-28 01:20:00+00:00,,,,295.23769845185416
2021-06-28 01:25:00+00:00,-12.166992175608243,,,
2021-06-28 04:40:00+00:00,,,26.819503404309216,
2021-06-28 07:40:00+00:00,,177.5866463330567,,
2021-06-28 08:00:00+00:00,,,,-57.10695833319005
2021-06-28 09:30:00+00:00,-11.96033581350548,,,
2021-06-29 01:30:00+00:00,-11.757189509713044,,,
2021-06-29 07:40:00+00:00,,,,-112.355181642557
2021-06-29 12:00:00+00:00,,,,-37.890758054027174
2021-06-29 13:10:00+00:00,5.436819206986456,,,
2021-06-29 15:40:00+00:00,,,,74.10024791507931
2021-06-29 17:50:00+00:00,,,,-93.8481010023861
2021-06-29 22:20:00+00:00,-11.649838020121365,,,
2021-06-30 23:45:00+00:00,5.38717718666976,,,
2021-07-02 00:10:00+00:00,5.4302207323909215,,,
2021-07-02 09:15:00+00:00,-11.635699025004783,,,
2021-07-03 02:45:00+00:00,,,-358.03893746123504,
2021-07-03 11:15:00+00:00,,,,191.92224730193266
2021-07-03 12:00:00+00:00,5.380638960833153,,,
2021-07-03 12:40:00+00:00,,,,-98.47037128809279
2021-07-03 15:55:00+00:00,,,52.1977857046586,
2021-07-03 18:00:00+00:00,,,,-58.5655341480724
2021-07-03 22:55:00+00:00,,-54.47941809521035,,
2021-07-04 06:05:00+00:00,,,,14.897324022396788
2021-07-04 08:25:00+00:00,,,,19.238171825587415
2021-07-04 12:45:00+00:00,,,-13.747642324808112,
2021-07-04 20:05:00+00:00,,7.388104850575473,,
2021-07-04 21:35:00+00:00,5.42363026613009,,,
2021-07-04 22:15:00+00:00,,,,-21.713729321561914
2021-07-06 04:05:00+00:00,5.4669650719564515,,,
2021-07-06 06:45:00+00:00,,,,22.893594866169224
2021-07-06 07:55:00+00:00,5.510646122881553,,,
2021-07-06 08:15:00+00:00,,,,-92.49094114498621
2021-07-06 09:10:00+00:00,,,,-66.2628416526095
2021-07-06 10:05:00+00:00,,-194.58459240869524,,
2021-07-07 12:45:00+00:00,,,,-96.93944852106688
2021-07-09 13:30:00+00:00,5.554676185403196,,,
2021-07-09 17:05:00+00:00,,,,32.429552703639274
2021-07-09 18:15:00+00:00,,,-48.75672880481579,
2021-07-09 21:35:00+00:00,5.5990580481245615,,,
2021-07-09 22:40:00+00:00,,97.21721748277469,,
2021-07-09 23:45:00+00:00,,,,50.578101769924615
2021-07-10 01:00:00+00:00,,,,-56.25026766966221
2021-07-11 22:15:00+00:00,,,,59.55261169729965
2021-07-12 04:25:00+00:00,,,,-94.49227487441931
2021-07-14 13:10:00+00:00,5.6437945219291805,,,
2021-07-14 16:15:00+00:00,,,,-103.5912416946885
2021-07-14 18:45:00+00:00,,,,-45.32924844061745
2021-07-15 01:25:00+00:00,,,,-89.88966161857752
2021-07-16 15:45:00+00:00,5.688888440159303,,,
2021-07-16 16:10:00+00:00,,,,-64.01184829476188
2021-07-16 17:30:00+00:00,,,,-122.80686527124271
2021-07-17 00:15:00+00:00,,-187.5942962818417,,
2021-07-18 02:35:00+00:00,,,,57.28669664677727
2021-07-18 07:55:00+00:00,-12.18996371209687,-171.45169924699258,,
2021-07-21 06:20:00+00:00,6.335367728314623,,,
2021-07-21 07:30:00+00:00,,85.69719577161595,,
2021-07-21 12:55:00+00:00,,,,538.760064950824
2021-07-21 14:30:00+00:00,,,,-68.94726192508278
2021-07-21 14:40:00+00:00,5.68756443688585,,,
2021-07-21 16:30:00+00:00,,94.88778953729707,,
2021-07-21 16:55:00+00:00,,,,79.45668284547355
2021-07-21 17:00:00+00:00,-12.187126681272957,,,
2021-07-21 18:20:00+00:00,-11.980128334591427,,,-119.61958733866413
2021-07-21 18:30:00+00:00,,-206.9647742334546,,
2021-07-23 02:30:00+00:00,,,,-30.37437947987928
2021-07-23 05:40:00+00:00,,,,-64.86377802237803
2021-07-24 00:10:00+00:00,,,,150.1511278835933
2021-07-24 00:40:00+00:00,9.451604659099416,,,
2021-07-24 01:40:00+00:00,,80.0528758225264,,
2021-07-24 03:00:00+00:00,,,,-86.48906570466534
2021-07-24 05:00:00+00:00,,,,-68.26123691408975
2021-07-24 06:20:00+00:00,,,,-66.46230945863681
2021-07-24 06:35:00+00:00,,,,-70.71632298018449
2021-07-24 07:30:00+00:00,,,,-78.69665506079946
2021-07-24 08:20:00+00:00,,,1133.5453762626494,
2021-07-24 11:20:00+00:00,,,,-65.16341635653043
2021-07-24 17:40:00+00:00,,,,34.326812562583655
2021-07-24 19:30:00+00:00,,,-482.15176596914534,
2021-07-24 19:45:00+00:00,,-142.5943517856831,,
2021-07-25 05:25:00+00:00,,,,-87.51648551844664
2021-07-25 08:20:00+00:00,,,,-16.516851471489645
2021-07-25 09:25:00+00:00,,,-538.3164373518157,
2021-07-25 23:15:00+00:00,,,,-70.47410732216667
2021-07-26 01:05:00+00:00,,,,983.4884946412913
2021-07-26 03:05:00+00:00,54.16543283954684,,,
2021-07-26 04:05:00+00:00,,671.3110482971924,,
2021-07-26 06:50:00+00:00,-12.857181236742804,,,
2021-07-26 07:50:00+00:00,,,3273.7945177572838,
2021-07-26 18:35:00+00:00,5.945482960692402,,,
2021-07-26 19:35:00+00:00,,,,31.59059003259972
2021-07-26 20:00:00+00:00,-12.739786041524326,,,
2021-07-27 14:10:00+00:00,-12.523400775609161,,,
2021-07-27 16:15:00+00:00,,,-619.5744728631835,
2021-07-27 23:00:00+00:00,,,,3.8968326527210593
2021-07-28 00:25:00+00:00,,,,-141.59995344893105
2021-07-28 01:35:00+00:00,5.791134506879416,,,
2021-07-28 03:00:00+00:00,,,,22.64671884143172
2021-07-28 03:30:00+00:00,5.837405671589295,,,
2021-07-28 03:40:00+00:00,,,,-146.62302459493185
2021-07-28 04:35:00+00:00,-12.508201568366417,,,
2021-07-28 12:05:00+00:00,,,,4.827943503838469
2021-07-28 12:40:00+00:00,-12.295749764727816,,,
2021-07-28 22:45:00+00:00,-12.086906454973928,,,
2021-07-30 21:50:00+00:00,,,,130.98614338040716
2021-07-30 22:50:00+00:00,24.01160602444679,,,
2021-07-30 23:50:00+00:00,,359.43876246766285,,
2021-07-31 00:05:00+00:00,,,,13.837336004915414
2021-07-31 04:05:00+00:00,,,1659.179241426842,
2021-07-31 05:25:00+00:00,-12.289447477161389,,,
2021-07-31 13:00:00+00:00,,-107.48821844778831,,
2021-08-01 04:20:00+00:00,,,,33.06027695022749
2021-08-04 14:05:00+00:00,,,,35.21149000513469
2021-08-04 15:05:00+00:00,5.682948635971684,,,
2021-08-04 15:10:00+00:00,,110.99501957624307,,
2021-08-04 17:00:00+00:00,,,,-3.533012634232364
2021-08-04 19:35:00+00:00,,,,-36.493010934847916
2021-08-04 20:40:00+00:00,,,,-86.93611605463411
2021-08-04 22:35:00+00:00,,,,-56.948493071286066
2021-08-04 23:05:00+00:00,,,766.30539849036,
2021-08-05 04:20:00+00:00,,-12.065289565964122,,
2021-08-05 16:00:00+00:00,5.728355395572862,,,
2021-08-05 16:50:00+00:00,5.7741249551837655,,,
2021-08-05 17:15:00+00:00,5.820260213575693,,,
2021-08-05 19:35:00+00:00,,,,244.8236823135976
2021-08-05 19:40:00+00:00,8.506273136860955,,,
2021-08-05 19:55:00+00:00,,334.214808221157,,
2021-08-06 00:10:00+00:00,,,1647.4360892212717,
2021-08-06 08:00:00+00:00,-12.615941892058572,,,
2021-08-06 09:10:00+00:00,,-36.71776798098472,,
2021-08-06 16:30:00+00:00,,,,283.1767572755525
2021-08-06 18:00:00+00:00,16.794011774146725,,,
2021-08-06 18:10:00+00:00,,,,-156.61548394073907
2021-08-06 19:15:00+00:00,,145.17734632666907,,
2021-08-06 21:10:00+00:00,,,-196.69567301135248,
2021-08-07 04:25:00+00:00,,,,24.513750435955444
2021-08-07 10:25:00+00:00,,,,-100.90963560791533
2021-08-07 12:40:00+00:00,,,,-0.7492715119187778
2021-08-08 00:25:00+00:00,,,,-78.42063514860638
2021-08-08 01:35:00+00:00,-12.686906409005815,,,
2021-08-08 06:10:00+00:00,,,,-59.43592403701041
2021-08-08 07:00:00+00:00,,,,-45.77473117049885
2021-08-08 08:55:00+00:00,-12.471419303648872,,,
2021-08-09 10:20:00+00:00,,,,-122.76761370894201
2021-08-09 11:50:00+00:00,19.899927053560873,,,
2021-08-09 12:05:00+00:00,,,,67.7320198646612
2021-08-09 12:20:00+00:00,,143.00471532491065,,
2021-08-09 13:50:00+00:00,-12.5975925077812,,,
2021-08-09 14:30:00+00:00,,,,-114.024818922333
2021-08-09 19:50:00+00:00,,,,-66.1149196310871
2021-08-09 20:40:00+00:00,,,625.3721970626721,
2021-08-10 00:10:00+00:00,,,,-114.84134447144788
2021-08-10 04:00:00+00:00,-12.383622399036426,,,
2021-08-11 06:40:00+00:00,,,,-79.5995892203864
2021-08-11 08:10:00+00:00,,,,-35.054147382941665
2021-08-11 15:00:00+00:00,,,,-70.50818286667163
2021-08-11 15:55:00+00:00,,,,-76.77539930319836
2021-08-13 08:35:00+00:00,5.72649748101162,,,
2021-08-13 09:45:00+00:00,,109.04530044008243,,
2021-08-13 11:45:00+00:00,,,,-40.42792949365321
2021-08-13 14:30:00+00:00,,,,-53.84915647946218
2021-08-13 15:10:00+00:00,,,0.22267140367330285,
2021-08-14 00:35:00+00:00,,,,207.19116495110575
2021-08-14 09:40:00+00:00,5.772252195885244,,,
2021-08-14 09:50:00+00:00,,,,-54.379581692410284
2021-08-14 10:20:00+00:00,,-237.98968837628308,,
2021-08-16 03:05:00+00:00,,,,68.62260005107055
2021-08-16 04:00:00+00:00,,,541.100967154016,
2021-08-17 14:25:00+00:00,-12.368592835851018,,,
2021-08-17 16:45:00+00:00,,-175.51795731448146,,
2021-08-19 16:50:00+00:00,5.932906835282097,,,
2021-08-19 18:30:00+00:00,,204.27929631321604,,
2021-08-19 22:40:00+00:00,,,1208.2743577511792,
2021-08-19 23:00:00+00:00,5.766951359785708,,,
2021-08-20 17:15:00+00:00,6.518135387995244,,,
2021-08-20 18:35:00+00:00,,,626.3656735614131,
2021-08-20 21:55:00+00:00,,179.4099409554383,,
2021-08-21 11:05:00+00:00,,,,634.5328933099936
2021-08-22 00:00:00+00:00,,,,-201.58757132239043
2021-08-23 01:50:00+00:00,5.865109202900385,,,
2021-08-23 03:40:00+00:00,,148.85035776692348,,
2021-08-23 06:30:00+00:00,,,665.2637267305181,
2021-08-23 14:30:00+00:00,,-121.7336989303476,,20.009481931128903
2021-08-23 19:00:00+00:00,-16.263470829910602,,,
2021-08-25 22:00:00+00:00,5.782026293500621,,,
2021-08-26 03:05:00+00:00,,,,-91.97785528570057
2021-08-26 03:10:00+00:00,,-129.06218613448618,,
2021-08-27 20:25:00+00:00,5.828224683585631,,,
2021-08-28 02:20:00+00:00,,,850.0461038772191,
2021-08-28 14:40:00+00:00,,,,158.9032437908645
2021-08-29 02:45:00+00:00,,,,-139.39149417828958
2021-08-31 09:35:00+00:00,,,-474.45059749346547,
2021-09-01 19:35:00+00:00,,,-550.0926418105155,
2021-09-02 00:05:00+00:00,5.874792198807427,,,
2021-09-02 01:35:00+00:00,,157.54027113443044,,
2021-09-02 04:25:00+00:00,,,-548.309979633872,
2021-09-02 06:50:00+00:00,5.921731788475881,,,
2021-09-02 07:25:00+00:00,,158.96954604795792,,
2021-09-02 15:05:00+00:00,,,,347.6892162171971
2021-09-03 06:55:00+00:00,,,-471.6358081159269,
2021-09-03 08:55:00+00:00,5.969046425465876,,,
2021-09-03 10:40:00+00:00,,161.4899651677115,,
2021-09-03 18:05:00+00:00,,-138.77927115980674,,
2021-09-03 22:15:00+00:00,,,,-202.77452072535743
2021-09-03 22:25:00+00:00,-16.55168029521792,,,
2021-09-06 01:25:00+00:00,5.884491180846567,,,
2021-09-06 02:50:00+00:00,,,-30.05552559323405,
2021-09-06 11:40:00+00:00,,,,242.60599626032854
2021-09-06 22:00:00+00:00,,133.0958557639242,,
2021-09-07 04:25:00+00:00,,,-28.50841688070068,
2021-09-07 07:10:00+00:00,,-100.39077065873062,,
2021-09-07 08:15:00+00:00,,,,-55.265224260603645
2021-09-07 18:35:00+00:00,5.931508265381467,,,
2021-09-08 08:15:00+00:00,,-399.5209176322369,,
2021-09-08 12:05:00+00:00,5.978901016421901,,,
2021-09-09 20:25:00+00:00,-16.579006274497942,,,-213.03332443359614
2021-09-11 13:35:00+00:00,,,-289.5215669851459,
2021-09-11 16:35:00+00:00,5.894206175409863,,,
2021-09-11 20:05:00+00:00,,,,-202.0359059036109
2021-09-12 20:30:00+00:00,,,,-155.26136888743713
2021-09-13 01:10:00+00:00,-16.344154368320005,-116.22520125985466,,-250.36186999650272
2021-09-13 14:00:00+00:00,,,,-371.7979693705911
2021-09-13 14:05:00+00:00,-19.876809764404697,-240.27106275520964,,
2021-09-14 07:00:00+00:00,5.651895379331108,,,
2021-09-15 00:25:00+00:00,5.697054023411852,,,
2021-09-15 18:05:00+00:00,,,-435.72363597921503,
2021-09-16 02:30:00+00:00,,,,210.07599176137228
2021-09-16 10:25:00+00:00,,-112.44896698679077,,
2021-09-16 10:30:00+00:00,,,,-210.63790617674204
2021-09-16 14:10:00+00:00,-15.797467484555,,,
2021-09-18 20:00:00+00:00,,,,-45.86223968395461
2021-09-18 20:15:00+00:00,,,-408.1378879053227,
2021-09-19 01:30:00+00:00,-15.450239149244567,,,
2021-09-19 02:55:00+00:00,,-74.51243703768705,,
2021-09-20 19:15:00+00:00,-15.110642892743954,,,
2021-09-21 08:40:00+00:00,5.3721702723419185,,,
2021-09-21 14:05:00+00:00,-14.896591264547624,,,
2021-09-22 01:05:00+00:00,5.296070148614149,,,
2021-09-22 07:40:00+00:00,5.338385749101462,,,
2021-09-22 16:10:00+00:00,5.381039451236802,,,
2021-09-22 18:00:00+00:00,5.4240339564523765,,,
2021-09-22 19:05:00+00:00,-15.040405042685734,,,
2021-09-23 17:15:00+00:00,5.347199151473433,,,
2021-09-24 04:30:00+00:00,,,-850.6653632637535,
2021-09-24 05:20:00+00:00,,,,146.65567084095164
2021-09-24 09:05:00+00:00,-14.827348377196927,,,-266.2160775531738
2021-09-24 14:25:00+00:00,5.271452759159615,,,
2021-09-24 15:40:00+00:00,-14.617309791512184,,,
2021-09-24 20:30:00+00:00,5.196779361471158,,,
2021-09-25 08:30:00+00:00,-14.41024653266004,,,
2021-09-26 22:55:00+00:00,,,,4.612488869563094
2021-09-26 23:00:00+00:00,-14.093509313872232,,,
2021-09-27 09:35:00+00:00,-13.783733979153226,,,
2021-09-27 10:25:00+00:00,,89.6244379007876,,
2021-09-27 12:30:00+00:00,,,,-175.19122774081734
2021-09-29 03:45:00+00:00,4.90042458486198,,,
2021-09-29 16:35:00+00:00,-13.588478838666674,,,
2021-09-30 04:15:00+00:00,18.955764486005137,,,
2021-09-30 10:55:00+00:00,,,,8.752028744585914
2021-09-30 18:40:00+00:00,,166.45631104761742,,
2021-10-01 07:20:00+00:00,4.982463589617282,,,
2021-10-01 10:25:00+00:00,5.022273473698533,138.64174358712626,,
2021-10-01 13:30:00+00:00,9.792947566427415,,,
2021-10-01 16:25:00+00:00,,178.89287123993563,,
2021-10-02 23:30:00+00:00,,,,891.4802003806817
2021-10-02 23:50:00+00:00,,,5853.638012838332,
2021-10-03 21:00:00+00:00,,-178.93497029822902,,-24.83363383998767
2021-10-03 21:05:00+00:00,-14.14160488535697,,,
2021-10-05 00:40:00+00:00,5.02765566677499,,,
2021-10-05 08:40:00+00:00,,125.30419595555395,,
2021-10-05 09:40:00+00:00,5.067826635552592,,,
2021-10-05 21:35:00+00:00,5.10831857037067,,,
2021-10-06 08:20:00+00:00,-14.16495195315872,,,
2021-10-06 08:30:00+00:00,,,,326.46789591975903
2021-10-06 08:40:00+00:00,,,-662.6002567773321,
2021-10-06 12:25:00+00:00,,146.18550109291937,,
2021-10-06 16:15:00+00:00,35.41551295870249,,,
2021-10-07 09:20:00+00:00,,,,465.6069588275277
2021-10-07 09:25:00+00:00,,,1577.5789107032178,
2021-10-07 11:00:00+00:00,,-136.32140573555444,,
2021-10-08 10:30:00+00:00,5.318926018182083,,,
2021-10-08 12:15:00+00:00,,,,-70.17641773143077
2021-10-08 14:00:00+00:00,,,-1281.3243307555458,
2021-10-09 20:00:00+00:00,,,,-242.74916346860664
2021-10-10 09:35:00+00:00,,,,-176.98964041138606
2021-10-10 20:25:00+00:00,5.361424237067467,,,
2021-10-10 21:00:00+00:00,-14.866793382671062,,,-261.8133693620912
2021-10-11 04:15:00+00:00,7.371418691789131,,,
2021-10-11 13:35:00+00:00,5.344373972941412,119.02083517638312,,
2021-10-11 19:45:00+00:00,5.3870755209851495,,,
2021-10-12 03:05:00+00:00,,,,-22.595194443461878
2021-10-12 03:15:00+00:00,,,-55.632998905843124,
2021-10-13 05:40:00+00:00,-14.937922306841983,,,
2021-10-13 05:55:00+00:00,,-217.60480617650865,,
2021-10-13 17:45:00+00:00,5.40094175840909,,,
2021-10-13 21:20:00+00:00,5.353917779816129,,,
2021-10-14 01:00:00+00:00,,146.17707018912188,,
2021-10-14 09:20:00+00:00,-14.845978587187687,,,
2021-10-14 15:00:00+00:00,,,,76.14602598678721
2021-10-15 01:20:00+00:00,,,-227.4245412796663,
2021-10-15 05:30:00+00:00,9.997191125447557,,,
2021-10-15 16:15:00+00:00,,160.2714285012371,,
2021-10-15 20:15:00+00:00,5.357953771057396,140.55824617173312,,
2021-10-15 21:50:00+00:00,-14.857170062666455,,,
2021-10-15 21:55:00+00:00,,-250.48585321088103,,444.28948577830306
2021-10-16 13:00:00+00:00,,,1103.8745622788629,
2021-10-18 01:20:00+00:00,9.547363459144321,,,
2021-10-18 07:55:00+00:00,,,-558.8923418440609,
2021-10-18 09:50:00+00:00,-14.740460513521043,,,
2021-10-18 09:55:00+00:00,,-204.9332773378428,,
2021-10-18 10:05:00+00:00,,,,-178.8636461301594
2021-10-19 03:20:00+00:00,8.516733417232217,,,
2021-10-19 06:15:00+00:00,,,-572.4826765153703,
2021-10-19 19:55:00+00:00,8.627323200655269,,,
2021-10-20 00:40:00+00:00,,,16.524858971184585,
2021-10-20 13:40:00+00:00,,148.57273116787837,,
2021-10-20 19:45:00+00:00,,,-611.6290714444331,
2021-10-21 01:55:00+00:00,,,,465.0648945254761
2021-10-21 02:00:00+00:00,-14.793291555895053,-222.72305473151937,,
2021-10-21 11:00:00+00:00,,,-503.5637350738907,
2021-10-21 11:30:00+00:00,-14.468135007496585,,,
2021-10-21 14:25:00+00:00,,,,-474.55602184025156
2021-10-22 14:05:00+00:00,,,,-295.08595521014104
2021-10-23 10:55:00+00:00,,,,-270.8300032808311
2021-10-24 08:20:00+00:00,-14.150125400031698,,,
2021-10-24 12:20:00+00:00,,,,-315.8708374570979
2021-10-24 23:45:00+00:00,,,-494.0525610707773,
2021-10-25 01:00:00+00:00,8.175649990170541,,,
2021-10-25 03:00:00+00:00,,110.39806089295234,,
2021-10-25 06:00:00+00:00,,,-194.51401194355276,
2021-10-25 10:40:00+00:00,,,-255.5758868170742,
2021-10-25 11:20:00+00:00,8.281810805292935,,,
2021-10-26 14:05:00+00:00,,,,95.09824262862821
2021-10-28 12:40:00+00:00,8.38935011859951,,,
2021-10-28 15:55:00+00:00,,,308.7673753745257,
2021-10-28 18:35:00+00:00,,-266.35579707126817,,
2021-10-28 18:40:00+00:00,,,,-306.3756382916763
2021-10-29 01:25:00+00:00,8.498285829889824,,,
2021-10-29 05:40:00+00:00,-14.572030870171261,,,
2021-10-29 18:30:00+00:00,,,-644.9869604324267,
2021-10-30 14:20:00+00:00,-14.2517376316448,,,
2021-10-30 14:40:00+00:00,,,,-199.45543671173073
2021-10-31 02:50:00+00:00,,,-372.2095144521372,
2021-10-31 08:45:00+00:00,,,,-295.6695231804988
2021-11-01 02:00:00+00:00,,,-242.29411541791342,
2021-11-01 03:55:00+00:00,,,,-198.29984551475172
2021-11-01 09:40:00+00:00,8.2343594373948,,,
2021-11-01 11:50:00+00:00,,,-265.53155726647674,
2021-11-01 17:00:00+00:00,-14.11947565893513,,,
2021-11-01 17:05:00+00:00,,-194.37398228741586,,
2021-11-01 21:15:00+00:00,,,,-275.305148555648
2021-11-02 15:45:00+00:00,8.15794120325802,,,
2021-11-02 17:35:00+00:00,,,36.95562535616773,
2021-11-03 07:50:00+00:00,,-30.755530825901587,,
2021-11-03 13:45:00+00:00,,,,45.85042220149808
2021-11-05 15:05:00+00:00,-13.988441131599416,,,
2021-11-05 15:10:00+00:00,,,,-213.33215642600408
2021-11-06 10:55:00+00:00,,,,-188.64322428991727
2021-11-08 03:40:00+00:00,8.08223216168858,,,
2021-11-08 05:15:00+00:00,,167.88446482921972,,
2021-11-08 10:25:00+00:00,,,1528.069207236891,
2021-11-09 03:40:00+00:00,8.187179946308106,,,
2021-11-09 06:15:00+00:00,,,35.8404191336449,
2021-11-09 15:10:00+00:00,,,,826.1878675978605
2021-11-09 16:10:00+00:00,,-172.85855617129164,,
2021-11-10 18:25:00+00:00,,,-203.61124213131552,
2021-11-10 19:35:00+00:00,,-190.69102235713308,,
2021-11-10 19:50:00+00:00,-14.038576873660531,,,
2021-11-10 20:00:00+00:00,,,,-132.36208121465643
2021-11-11 07:40:00+00:00,8.111199557206305,,,
2021-11-12 09:55:00+00:00,,,,-285.36609707061507
2021-11-12 20:05:00+00:00,8.216523483456626,,,
2021-11-14 02:45:00+00:00,,,-479.90328593829327,
2021-11-14 16:45:00+00:00,,,,-108.97861297436066
2021-11-15 01:15:00+00:00,8.422650067728682,,,
2021-11-15 06:05:00+00:00,,,-20.175072878417268,
2021-11-15 09:10:00+00:00,,81.99825359472106,,
2021-11-15 14:55:00+00:00,,,,-29.306026801968983
2021-11-15 15:05:00+00:00,-14.274022154899967,,,
2021-11-16 18:55:00+00:00,-10.787777130467703,,,
2021-11-17 03:05:00+00:00,,-183.33629733410817,,
2021-11-17 14:50:00+00:00,-10.604546735906752,,,
2021-11-18 15:10:00+00:00,,,,-374.8492722062165
2021-11-18 22:05:00+00:00,-10.424428509597305,,,
2021-11-19 14:55:00+00:00,7.834094444735456,,,
2021-11-20 01:20:00+00:00,7.935820161100423,,,
2021-11-22 00:00:00+00:00,-10.515221590941906,,,
2021-11-22 00:05:00+00:00,,-167.53765957607447,,-10.080479881720748
2021-11-22 15:35:00+00:00,-10.336620552219756,,,
2021-11-22 16:10:00+00:00,,-169.86496083285692,,
2021-11-22 18:35:00+00:00,,-167.60925281902837,,
2021-11-23 11:00:00+00:00,,-187.84034258229167,,
2021-11-24 02:05:00+00:00,-10.161053052140346,,,
2021-11-24 02:40:00+00:00,,-189.9693003200964,,
2021-11-25 04:30:00+00:00,,,-754.99879113512,
2021-11-25 19:50:00+00:00,,,-535.9432991954891,
2021-11-26 04:35:00+00:00,-9.988467566049849,,,
2021-11-26 05:10:00+00:00,,,,-31.57704145655225
2021-11-26 05:15:00+00:00,,-134.21969910405915,,
2021-11-29 02:05:00+00:00,22.44976586607322,,,
2021-11-29 02:10:00+00:00,,319.1477097329134,,
2021-11-29 08:45:00+00:00,,,1200.6937647001323,
2021-11-29 09:40:00+00:00,-10.20012271767564,,,
2021-11-29 23:05:00+00:00,,,-850.7037704009417,
2021-11-30 00:00:00+00:00,-10.026873633315859,,,
2021-11-30 01:10:00+00:00,,-148.51693145915397,,
2021-11-30 01:20:00+00:00,,,,353.6063910840585
2021-11-30 15:45:00+00:00,8.346572397220712,,,
2021-11-30 15:55:00+00:00,,,,-307.1702839216432
2021-11-30 16:10:00+00:00,,-149.21120073753445,,
2021-12-01 18:10:00+00:00,,,-764.9701386492306,
2021-12-01 19:00:00+00:00,-9.998333716820866,,,
2021-12-01 19:10:00+00:00,,-159.1446874336052,,
2021-12-01 20:25:00+00:00,,,,-335.7069724705598
2021-12-03 15:50:00+00:00,,,,-277.4004651710802
2021-12-04 00:50:00+00:00,-9.828512018640595,,,
2021-12-04 11:30:00+00:00,-9.66157474200395,,,
2021-12-04 19:10:00+00:00,7.260799855267578,,,
2021-12-04 21:45:00+00:00,-9.62079758055279,,,
2021-12-05 00:45:00+00:00,,,-989.3702940029252,
2021-12-05 20:35:00+00:00,,131.59261155213335,,
2021-12-06 00:15:00+00:00,-9.457388333647145,,,
2021-12-06 09:35:00+00:00,,,,-445.01813134387885
2021-12-06 17:30:00+00:00,7.107351097292167,,,
2021-12-06 21:45:00+00:00,7.199640051290544,,,
2021-12-07 03:35:00+00:00,7.293127377356541,,,
2021-12-08 09:55:00+00:00,,,,82.20847428567504
2021-12-08 10:45:00+00:00,,-210.31394071014165,,
2021-12-08 22:55:00+00:00,-9.663632605963244,,,
2021-12-09 07:05:00+00:00,,-162.28571538737106,,
2021-12-10 01:00:00+00:00,-9.49949580615089,,,
2021-12-10 14:45:00+00:00,,-164.69493099752708,,
2021-12-10 14:55:00+00:00,,,,-241.76262509079606
2021-12-10 15:00:00+00:00,-9.338146869883417,,,
2021-12-11 07:30:00+00:00,-9.179538445298476,,,
2021-12-12 04:50:00+00:00,,,-782.2038201648247,
2021-12-12 10:10:00+00:00,-9.023623984805113,,,
2021-12-12 14:10:00+00:00,,193.54077042952304,,
2021-12-12 18:10:00+00:00,6.78137151266003,,,
2021-12-13 01:10:00+00:00,,,,19.745646758161456
2021-12-14 00:15:00+00:00,,-137.15257333982026,,
2021-12-15 08:20:00+00:00,6.869427621751811,,,
2021-12-15 15:10:00+00:00,,-160.61564710956281,,-166.34202713160994
2021-12-16 00:45:00+00:00,6.958627139420287,,,
2021-12-17 22:05:00+00:00,-11.931974461602636,,,
2021-12-18 10:45:00+00:00,4.2420828119592215,,,
2021-12-18 19:10:00+00:00,-11.762950643143313,,,
2021-12-19 14:00:00+00:00,4.181991077987959,,,
2021-12-19 16:30:00+00:00,,-69.73389078054151,,
2021-12-19 17:25:00+00:00,-11.596321151901293,,,
2021-12-20 00:25:00+00:00,,,-911.5221865426865,
2021-12-21 03:30:00+00:00,,69.62588914991284,,
2021-12-21 03:50:00+00:00,4.122750580697357,,,
2021-12-21 06:50:00+00:00,,72.49233480271232,,
2021-12-21 07:55:00+00:00,6.0318021317143575,,,
2021-12-22 05:45:00+00:00,,,,-100.88119486082451
2021-12-23 00:20:00+00:00,,,1059.2948752879602,
2021-12-23 21:05:00+00:00,,190.8225700637022,,
2021-12-23 21:50:00+00:00,9.998026695553335,,,
2021-12-23 23:30:00+00:00,,,,151.74606443742869
2021-12-24 03:50:00+00:00,,,,-96.02367439525642
2021-12-24 11:30:00+00:00,,,,-81.84319707282157
2021-12-24 19:55:00+00:00,,,,-80.13346568828456
2021-12-24 22:45:00+00:00,-11.784387708369536,,,
2021-12-25 17:30:00+00:00,,,1104.0840093208972,
2021-12-27 10:55:00+00:00,,-22.18111870073062,,
2021-12-27 17:45:00+00:00,,49.64873104683102,,
2021-12-27 19:30:00+00:00,,,,-77.24175372601258
2021-12-28 00:10:00+00:00,,,-522.4134888331755,
2021-12-29 23:20:00+00:00,-11.52536686653957,-163.8825184868092,,
2021-12-31 17:05:00+00:00,-11.272039302813027,,,
2021-12-31 17:10:00+00:00,,-162.38878222344283,,
2021-12-31 17:45:00+00:00,,,-704.6444674848244,
2022-01-01 05:20:00+00:00,4.0074611570840375,,,
2022-01-02 04:50:00+00:00,,-148.14821748095073,,
2022-01-03 03:50:00+00:00,,,-1225.776423944706,
2022-01-03 15:50:00+00:00,,-110.45294383610508,,
2022-01-03 16:05:00+00:00,,,-850.5606929633141,
2022-01-04 12:45:00+00:00,,-11.61083462881561,,
2022-01-04 16:15:00+00:00,,-120.0597703959802,,
2022-01-04 18:55:00+00:00,,,-1187.4328117860205,
2022-01-05 12:50:00+00:00,,,-898.0436981455423,
2022-01-06 09:35:00+00:00,,-164.2685211926173,,
2022-01-07 13:35:00+00:00,-11.112363875169876,,,
2022-01-07 13:40:00+00:00,,-179.38240901019617,,
2022-01-09 11:05:00+00:00,,-13.747826515623274,,
2022-01-09 19:25:00+00:00,3.95069298436664,57.389746932586604,,
2022-01-10 00:05:00+00:00,-10.954950348989996,-127.65918228061219,,
2022-01-10 11:45:00+00:00,,,-667.8866871109421,
2022-01-10 17:30:00+00:00,-10.714160540319313,,,
2022-01-10 17:40:00+00:00,,-174.20283935206226,,
2022-01-10 21:00:00+00:00,3.809122825306133,,,
2022-01-11 02:25:00+00:00,3.839557716680247,,,
2022-01-12 05:45:00+00:00,,-7.568731109309738,,
2022-01-12 11:40:00+00:00,3.8702357828365166,,,
2022-01-12 21:20:00+00:00,3.901158966741434,,,
2022-01-13 01:25:00+00:00,,,,-104.32471830131908
2022-01-13 02:50:00+00:00,,-54.865450264035644,,
2022-01-13 15:10:00+00:00,,,,-89.26698460135685
2022-01-13 17:10:00+00:00,,,871.406515061979,
2022-01-14 19:35:00+00:00,3.9323292268855994,51.15357291544933,,
2022-01-16 18:25:00+00:00,,-56.112851787211184,,
2022-01-18 03:40:00+00:00,,-60.16283192737865,,
2022-01-19 03:35:00+00:00,-5.948103249502822,,,
2022-01-19 03:40:00+00:00,,-65.93900717083852,,
2022-01-20 21:15:00+00:00,-5.876785491541341,,,
2022-01-20 21:25:00+00:00,,-68.62196164961642,,
2022-01-20 21:45:00+00:00,,,-1348.5084214847302,
2022-01-21 17:35:00+00:00,-5.806322833497688,,,
2022-01-22 03:40:00+00:00,-5.736705022724152,,,
2022-01-22 14:00:00+00:00,-5.667921929501631,,,
2022-01-22 14:55:00+00:00,,-150.83026699426046,,
2022-01-22 22:45:00+00:00,-5.599963545566936,,,
2022-01-23 10:05:00+00:00,-5.532819982655667,,,
2022-01-24 00:20:00+00:00,5.274429767276047,,,
2022-01-24 16:50:00+00:00,-6.7461866527040115,,,
2022-01-24 20:45:00+00:00,,145.5258834564711,,
2022-01-24 21:50:00+00:00,33.05534671827053,,,
2022-01-24 22:30:00+00:00,-5.845168713159353,-127.57546734456082,,
2022-01-25 14:20:00+00:00,3.8484512319353144,,,
2022-01-25 19:35:00+00:00,-5.821228070559471,,,
2022-01-26 04:45:00+00:00,3.8326887449948117,,,
2022-01-26 06:30:00+00:00,-5.7973854840460035,,,
2022-01-26 19:15:00+00:00,-12.626459154050508,,,
2022-01-26 20:40:00+00:00,,,904.6842846761137,
2022-01-27 14:30:00+00:00,3.7161054094089536,,,
2022-01-28 02:00:00+00:00,-5.621039690693976,,,
2022-01-28 10:05:00+00:00,,-119.2072595342861,,
2022-01-28 15:30:00+00:00,-5.553643424802544,,,
2022-01-28 20:30:00+00:00,3.6565113735373416,,,
2022-01-29 13:30:00+00:00,3.6857268994117476,,,
2022-01-29 16:15:00+00:00,,,-662.5715983285409,
2022-01-29 20:50:00+00:00,-5.575088677031829,,,
2022-01-29 22:00:00+00:00,-5.508243363794236,,,
2022-01-31 16:50:00+00:00,,48.89577571137761,,
2022-01-31 18:10:00+00:00,7.069138672164968,,,
2022-01-31 19:15:00+00:00,,50.29689272393898,,
2022-01-31 20:10:00+00:00,-5.526958498541546,,,
2022-02-01 09:15:00+00:00,,,,-19.715834281450952
2022-02-01 17:10:00+00:00,,,,-48.31251190284638
2022-02-02 05:45:00+00:00,,,10.74773602217465,
2022-02-04 02:40:00+00:00,3.6389420539192088,,,
2022-02-04 06:05:00+00:00,,54.159822686281586,,
2022-02-04 13:30:00+00:00,-5.504321181370528,-74.395159414511,,
2022-02-04 15:40:00+00:00,,,,-14.698656209348883
2022-02-04 18:15:00+00:00,,,,77.23464857852468
2022-02-04 18:20:00+00:00,,117.39104570949803,,
2022-02-04 18:35:00+00:00,19.04292138252481,,,
2022-02-04 19:55:00+00:00,3.7761906165371784,,,
2022-02-04 20:20:00+00:00,,,,-23.609593249644604
2022-02-05 00:00:00+00:00,,,,96.31491109479884
2022-02-05 00:50:00+00:00,,,,-48.658495031875646
2022-02-05 13:20:00+00:00,,-44.809270165550515,,
2022-02-05 15:15:00+00:00,3.8063623795634385,,,
2022-02-06 14:35:00+00:00,,,,-44.090140542894915
2022-02-06 23:25:00+00:00,,,,-14.40308863057544
2022-02-06 23:55:00+00:00,,,,-49.34460361186393
2022-02-07 00:10:00+00:00,-5.757563808205646,-69.27344594213355,,
2022-02-07 02:55:00+00:00,,,,-53.89321889056555
2022-02-07 05:30:00+00:00,,,,-2.3880633615690385
2022-02-07 09:35:00+00:00,-5.688530618145194,-64.38488710655292,,
2022-02-07 15:15:00+00:00,,,,16.025094161258494
2022-02-07 16:40:00+00:00,,,,22.16841586791179
2022-02-07 17:45:00+00:00,3.745320920509471,44.756965717780986,,
2022-02-07 18:25:00+00:00,,,,-0.18904481704976206
2022-02-07 18:45:00+00:00,-5.66523153387061,,,
2022-02-07 18:50:00+00:00,,-64.910798045501,,
2022-02-07 20:45:00+00:00,-5.597305407779402,,,
2022-02-07 20:50:00+00:00,,-65.81376227449437,,
2022-02-08 06:00:00+00:00,,,,33.52772739667853
2022-02-08 06:20:00+00:00,,,,19.708903161975286
2022-02-08 08:05:00+00:00,-5.530193715940243,,,
2022-02-08 08:10:00+00:00,,-68.63402881934962,,
2022-02-08 10:15:00+00:00,,,6451.989222712458,
2022-02-09 00:50:00+00:00,3.641072116710234,,,
2022-02-09 02:10:00+00:00,,-80.95225057949301,,
2022-02-10 12:20:00+00:00,-5.507543147965407,,,
2022-02-10 14:10:00+00:00,,,-1995.5901849797956,
2022-02-10 15:50:00+00:00,,,,-87.5785275843773
2022-02-10 17:45:00+00:00,,,,-65.32459901020866
2022-02-10 19:05:00+00:00,-5.441507705621291,,,
2022-02-10 19:50:00+00:00,,-87.18235659549646,,
2022-02-12 21:20:00+00:00,-5.376264028230935,,,
2022-02-15 06:35:00+00:00,,100.47789938144524,,
2022-02-15 08:35:00+00:00,7.965488836791792,,,
2022-02-16 04:55:00+00:00,,,1344.184138362296,
2022-02-16 14:50:00+00:00,,-112.36534749970087,,
2022-02-17 09:15:00+00:00,,-102.94984014946567,,
2022-02-21 10:35:00+00:00,-9.912647886939851,,,
2022-02-21 10:55:00+00:00,,,-1197.5250601508233,
2022-02-21 11:35:00+00:00,,-108.86292578521352,,
2022-02-21 18:10:00+00:00,-11.740207494658364,,,
2022-02-21 18:25:00+00:00,,-147.8629828518424,,
2022-02-23 08:25:00+00:00,7.719389986316116,,,
2022-02-23 18:05:00+00:00,-9.60639031755153,,,
2022-02-23 18:20:00+00:00,,,-1105.3643050572791,
2022-02-24 10:20:00+00:00,-9.395241858371833,,,
2022-02-24 14:30:00+00:00,7.516535271746989,,,
2022-02-24 18:45:00+00:00,7.651682575932966,,,
2022-02-25 00:40:00+00:00,,242.1505771271868,,
2022-02-25 01:05:00+00:00,20.820046013423564,,,
2022-02-25 09:25:00+00:00,-9.979756481991842,,,
2022-02-25 18:05:00+00:00,-9.76040143451769,,,
2022-02-26 05:55:00+00:00,-9.54586781098692,,,
2022-02-26 09:30:00+00:00,,,1931.973328628941,
2022-02-27 13:45:00+00:00,-9.3360496365014,,,
2022-02-27 19:30:00+00:00,,-147.95615808646926,,
2022-02-27 19:40:00+00:00,,,-1598.6792188290128,
2022-02-28 14:15:00+00:00,7.469179340924995,,,
2022-02-28 19:05:00+00:00,,,,108.15923160508191
2022-02-28 20:20:00+00:00,,211.18335583887256,,
2022-02-28 21:05:00+00:00,23.95438382116481,,,
2022-02-28 21:40:00+00:00,,,,-3.8494475727029567
2022-02-28 22:55:00+00:00,,,,221.27439127102753
2022-03-01 03:35:00+00:00,13.929839818373466,,,
2022-03-01 14:30:00+00:00,,,,14.407690570672457
2022-03-01 15:00:00+00:00,-10.127711063001811,,,
2022-03-02 13:50:00+00:00,,,4448.290275146217,
2022-03-02 14:40:00+00:00,8.10253728160103,,,
2022-03-02 15:05:00+00:00,,,,-128.82692569734627
2022-03-02 15:25:00+00:00,-10.083197743286576,,,
2022-03-03 10:40:00+00:00,,-41.33750551719913,,
2022-03-06 23:15:00+00:00,-9.861569056889095,,,
2022-03-06 23:25:00+00:00,,-128.71190724521512,,
2022-03-07 18:35:00+00:00,-9.644811769018702,,,
2022-03-07 19:05:00+00:00,,,-1504.8894861608496,
2022-03-07 19:30:00+00:00,,-128.5954790317728,,
2022-03-08 08:30:00+00:00,7.7162002792500175,,,
2022-03-08 16:30:00+00:00,-9.602420888473603,,,
2022-03-09 03:10:00+00:00,,138.75644811673192,,
2022-03-09 08:35:00+00:00,,225.92669254581688,,
2022-03-09 09:05:00+00:00,28.580749519675294,,,
2022-03-10 01:35:00+00:00,-10.019564551787425,,,
2022-03-10 02:00:00+00:00,,,1746.9401251365562,
2022-03-10 04:20:00+00:00,,-187.61849529368192,,
2022-03-10 13:40:00+00:00,-9.799334522939148,,,
2022-03-11 12:05:00+00:00,7.839824103696401,,,
2022-03-11 13:15:00+00:00,-9.756264483924156,,,
2022-03-11 17:10:00+00:00,,,-1880.7655250829848,
2022-03-11 19:05:00+00:00,,-178.30238403827934,,
2022-03-13 12:25:00+00:00,-9.54182179056744,,,
2022-03-13 22:45:00+00:00,,-88.24960667702908,,
2022-03-14 22:45:00+00:00,7.633804549865488,84.5615970070794,,
2022-03-15 01:15:00+00:00,-9.499883571616863,,,
2022-03-15 03:40:00+00:00,,-122.209127049372,,
2022-03-15 07:30:00+00:00,,,-1023.2237837998764,
2022-03-16 02:05:00+00:00,7.600252449054324,,,
2022-03-16 03:10:00+00:00,,-153.66702544886448,,
2022-03-16 03:15:00+00:00,-17.19948987284016,,,
2022-03-18 00:55:00+00:00,-9.080084892137904,,,
2022-03-18 20:50:00+00:00,,,,3.2360107200711354
2022-03-19 20:35:00+00:00,7.264398233814063,,,
2022-03-19 21:55:00+00:00,,,,-48.0548535337648
2022-03-19 22:25:00+00:00,,,318.15775356856466,
2022-03-20 08:30:00+00:00,,13.269116489139378,,
2022-03-22 05:10:00+00:00,,,,68.50739697252448
2022-03-22 10:30:00+00:00,7.395012114058034,,,
2022-03-22 14:30:00+00:00,,65.81019565424185,,
2022-03-23 01:00:00+00:00,-9.202718465654925,,,
2022-03-24 06:30:00+00:00,,,,-56.61518465935933
2022-03-24 15:35:00+00:00,7.362509553856341,,,
2022-03-24 17:55:00+00:00,,,,45.37927662737002
2022-03-25 02:05:00+00:00,,,,-52.71847697387784
2022-03-25 08:05:00+00:00,,,-57.985317470163864,
2022-03-25 12:40:00+00:00,7.494887475634698,60.74539366660974,,
2022-03-25 14:10:00+00:00,,,,53.901713526504864
2022-03-25 15:30:00+00:00,,-55.77902527187371,,
2022-03-25 15:35:00+00:00,,,-333.5978480568301,
2022-03-27 12:55:00+00:00,,,-459.04267602961045,
2022-03-27 20:35:00+00:00,7.629645552446618,,,
2022-03-27 21:05:00+00:00,,,,118.47627958587145
2022-03-28 00:45:00+00:00,,,,47.95168378119797
2022-03-28 04:55:00+00:00,,66.41502922521613,,
2022-03-28 05:00:00+00:00,7.766826579479584,,,
2022-03-28 14:15:00+00:00,,,,-44.766774573003204
2022-03-28 15:50:00+00:00,,,,-61.795463950602425
2022-03-28 19:50:00+00:00,,,,-22.492773283319366
2022-04-01 18:35:00+00:00,9.461686984705068,,,
2022-04-02 00:55:00+00:00,,68.64777242414311,,
2022-04-02 15:15:00+00:00,,,-27.30971558913734,
2022-04-03 22:20:00+00:00,8.076595253363678,,,
2022-04-03 22:55:00+00:00,,-64.86569826573987,,
2022-04-03 23:00:00+00:00,-10.050914201540536,,,
2022-04-05 14:10:00+00:00,,-61.59061116424891,,
2022-04-05 14:15:00+00:00,,,-337.8594234991833,
2022-04-05 16:00:00+00:00,-9.829995107390744,,,
2022-04-10 21:50:00+00:00,,-43.88730594532581,,
2022-04-12 19:55:00+00:00,-9.61393181493031,,,
2022-04-14 09:20:00+00:00,,,491.0117821629756,
2022-04-14 13:45:00+00:00,,-79.43773267196957,,
2022-04-14 15:35:00+00:00,-9.402617593638013,,,
2022-04-17 00:05:00+00:00,,,-395.1131660801839,
2022-04-18 15:25:00+00:00,,,-415.16116259034607,
2022-04-18 22:50:00+00:00,,66.10843364305993,,
2022-04-18 23:00:00+00:00,7.5224361282784,,,
2022-04-19 01:40:00+00:00,,,532.3912323835102,
2022-04-19 16:50:00+00:00,,,-404.14238720025605,
2022-04-20 13:45:00+00:00,,,-589.2166476798229,
2022-04-20 15:00:00+00:00,,,,108.71482264398401
2022-04-20 18:40:00+00:00,,-78.06944832299268,,
2022-04-21 13:00:00+00:00,9.990667639256628,,,
2022-04-21 16:05:00+00:00,,,,-49.85649124439988
2022-04-21 16:55:00+00:00,-9.58088607974031,,,
2022-04-21 17:00:00+00:00,,-60.69288448907082,,
2022-04-25 18:45:00+00:00,7.665057402305024,74.41249803248911,,
2022-04-26 14:00:00+00:00,,,,-57.887836368432545
2022-04-26 14:40:00+00:00,,-82.46643343116739,,
2022-04-26 14:50:00+00:00,-9.53877616541024,,,
2022-04-27 11:25:00+00:00,,,-509.67687857020064,
2022-04-28 15:05:00+00:00,7.6313679389442655,,,
2022-04-29 02:55:00+00:00,-9.496851332592541,,,
2022-04-29 09:05:00+00:00,,-94.61469629622388,,
2022-04-29 10:40:00+00:00,,,,-185.56885968197093
2022-05-01 18:10:00+00:00,,,-394.75971934870904,
2022-05-01 18:50:00+00:00,,-60.55789622529937,,
2022-05-02 18:10:00+00:00,,,,-129.5312343167725
2022-05-03 18:00:00+00:00,,-59.06090448941222,,
2022-05-03 18:05:00+00:00,-9.288110540302227,,,
2022-05-04 12:40:00+00:00,,,550.2240443929113,
2022-05-04 16:20:00+00:00,,60.289403319377016,,
2022-05-04 18:50:00+00:00,7.4308263200118745,,,
2022-05-05 13:55:00+00:00,,-63.98079808683724,,
2022-05-05 14:00:00+00:00,,,,-58.94836126325026
2022-05-05 14:05:00+00:00,-9.24728743314023,,,
2022-05-10 07:45:00+00:00,8.247660053188156,,,
2022-05-10 08:00:00+00:00,,,-1067.2366977129568,
2022-05-10 13:30:00+00:00,7.546459276954238,,,
2022-05-11 06:45:00+00:00,-9.39118679823639,,,
2022-05-11 12:35:00+00:00,-19.73161147613672,,,
2022-05-11 13:55:00+00:00,-8.751067692165577,,,
2022-05-11 19:35:00+00:00,-8.558719224291849,,,
2022-05-12 01:20:00+00:00,-8.370598575741838,,,
2022-05-12 02:40:00+00:00,-8.18661281904707,,,
2022-05-12 14:25:00+00:00,6.549588072144445,,,
2022-05-12 16:25:00+00:00,6.667349665681513,,,
2022-05-12 17:40:00+00:00,-8.854828430504597,,,
2022-05-12 18:25:00+00:00,-8.102550231859368,,,
2022-05-13 06:55:00+00:00,,,-495.6529432758034,
2022-05-13 07:30:00+00:00,15.518686703352614,,,
2022-05-14 19:40:00+00:00,,,-973.9290431093905,
2022-05-15 11:45:00+00:00,6.761360931247509,,,
2022-05-15 20:10:00+00:00,6.882930200791293,,,
2022-05-16 04:30:00+00:00,-8.565458430584954,,,
2022-05-16 06:05:00+00:00,,-91.59714302661632,,
2022-05-16 13:45:00+00:00,-8.377189654280699,,,
2022-05-17 08:40:00+00:00,6.7020564732355865,,,
2022-05-18 03:20:00+00:00,-8.340370226961284,,,
2022-05-19 15:30:00+00:00,,56.11287355516333,,
2022-05-19 17:25:00+00:00,8.559872165808713,,,
2022-05-20 01:35:00+00:00,6.826506093484966,,,
2022-05-20 09:00:00+00:00,,-44.35858212955327,,
2022-05-22 14:25:00+00:00,,,-320.70602516337385,
2022-05-22 22:20:00+00:00,,38.42983771057152,,
2022-05-23 06:40:00+00:00,6.949246673045707,,,
2022-05-24 23:10:00+00:00,,42.987226829981864,,
2022-05-25 05:50:00+00:00,,,-430.81467109321966,
2022-05-25 11:25:00+00:00,-8.64798592538557,,,
2022-05-27 00:50:00+00:00,-8.457903194745597,,,
2022-05-27 01:00:00+00:00,,-84.85930250435786,,
2022-05-30 06:05:00+00:00,,106.88316006302239,,
2022-05-30 06:25:00+00:00,,,,-19.217548520986384
2022-05-30 07:05:00+00:00,10.783287838241677,,,
2022-05-30 11:00:00+00:00,,,432.0135213973408,
2022-05-30 12:15:00+00:00,,28.07152697824222,,
2022-05-30 12:20:00+00:00,,,,-48.02136240226537
2022-05-30 21:35:00+00:00,,,,148.92755930774638
2022-05-31 00:25:00+00:00,,38.96290226797419,,
2022-05-31 13:25:00+00:00,6.960513757178717,,,
2022-05-31 16:10:00+00:00,,,,-96.83450128841832
2022-05-31 17:15:00+00:00,,,,-66.59718014964619
2022-06-01 04:10:00+00:00,,-86.80313302687773,,
2022-06-03 11:10:00+00:00,-8.662007241592448,,,
2022-06-05 16:25:00+00:00,,-44.08126915139201,,
2022-06-06 00:45:00+00:00,,20.69332268940161,,
2022-06-06 05:55:00+00:00,,86.3592430813942,,
2022-06-06 06:55:00+00:00,7.505172693762233,,,
2022-06-06 11:50:00+00:00,,,1045.7903420034854,
2022-06-07 22:50:00+00:00,7.064863909362771,45.81978121278871,,
2022-06-08 01:00:00+00:00,,,883.0355692884768,
2022-06-08 01:05:00+00:00,-8.791865726958918,,,
2022-06-08 03:15:00+00:00,,-116.86536064859865,,
2022-06-10 00:15:00+00:00,-8.598620518280313,,,
2022-06-12 19:25:00+00:00,-8.41779513813367,-90.5807440947001,,
2022-06-13 22:40:00+00:00,-8.224599702152318,,,
2022-06-14 09:35:00+00:00,-9.336696208317505,,,
2022-06-14 11:15:00+00:00,-7.838602418040239,,,
2022-06-14 11:45:00+00:00,,-190.13446600981706,,
2022-06-14 20:20:00+00:00,-7.666309936891707,,,
2022-06-15 03:40:00+00:00,-7.497804444478788,,,
2022-06-15 15:45:00+00:00,4.332076437475791,,,
2022-06-15 16:55:00+00:00,,-145.63867771412015,,
2022-06-15 17:40:00+00:00,,,-2046.4272971289683,
2022-06-15 18:50:00+00:00,-7.428221742884887,,,
2022-06-15 23:35:00+00:00,8.928821023203966,,,
2022-06-16 04:50:00+00:00,-7.461204915066276,,,
2022-06-16 05:50:00+00:00,,,,-195.5364946328309
2022-06-16 05:55:00+00:00,,,-998.098649591011,
2022-06-16 09:35:00+00:00,,-153.35762858544558,,
2022-06-17 06:45:00+00:00,4.310929985849214,,,
2022-06-17 12:40:00+00:00,-7.391961872122067,,,
2022-06-17 13:15:00+00:00,,,-1294.7134727607336,
2022-06-18 16:45:00+00:00,-7.229486550172851,,,
2022-06-19 01:40:00+00:00,,-105.57398382442261,,
2022-06-19 01:55:00+00:00,-7.070582435800134,,,
2022-06-19 13:35:00+00:00,11.555974382267323,,,
2022-06-19 15:30:00+00:00,4.235290718376746,,,
2022-06-19 19:00:00+00:00,,162.9079382969203,,
2022-06-19 23:50:00+00:00,4.290285968354908,,,
2022-06-20 00:45:00+00:00,-7.356563526357775,,,
2022-06-20 01:20:00+00:00,,-128.68265172770725,,
2022-06-20 01:40:00+00:00,,,,61.596638321085265
2022-06-20 01:50:00+00:00,,,1370.3970546825294,
2022-06-20 14:45:00+00:00,4.25047035426428,,,
2022-06-20 17:40:00+00:00,,,-546.2316126753722,
2022-06-20 17:55:00+00:00,,,,-281.7454376339201
2022-06-21 01:00:00+00:00,4.305662711814307,,,
2022-06-21 13:40:00+00:00,4.361571742127296,,,
2022-06-21 18:35:00+00:00,-7.478797411732842,,,
2022-06-21 19:05:00+00:00,,,-94.86843512798077,
2022-06-21 20:10:00+00:00,,,,-96.01024771804077
2022-06-22 13:55:00+00:00,4.321094566807517,,,
2022-06-22 15:40:00+00:00,-7.409391103201415,,,
2022-06-23 06:30:00+00:00,4.280993036282382,,,
2022-06-23 15:30:00+00:00,-7.340628913690466,,,
2022-06-23 15:50:00+00:00,,,-927.6257404489661,
2022-06-23 23:35:00+00:00,5.588560173933104,,,
2022-06-24 06:55:00+00:00,,,-312.8863829393231,
2022-06-24 07:15:00+00:00,,,,-36.61691471953054
2022-06-24 15:15:00+00:00,-7.302118442790572,,,
2022-06-25 12:20:00+00:00,,,,-78.20409408438263
2022-06-25 12:40:00+00:00,,,-761.1248645868691,
2022-06-25 15:50:00+00:00,-7.141617879418106,,,
2022-06-25 20:20:00+00:00,,8.403328725748906,,
2022-06-26 15:05:00+00:00,,,,-104.45655091288609
2022-06-26 15:30:00+00:00,,,-458.76428339388076,
2022-06-27 12:55:00+00:00,,,-375.1845177413561,
2022-06-28 14:30:00+00:00,-6.984645118428432,,,
2022-06-28 14:55:00+00:00,,,-721.9498542837828,
2022-07-01 03:55:00+00:00,5.525262975299256,,,
2022-07-01 04:00:00+00:00,,,,-184.18687750006666
2022-07-01 04:45:00+00:00,,-63.70302323509577,,
2022-07-01 05:35:00+00:00,,,-1992.1859323171593,
2022-07-04 01:05:00+00:00,,-48.09514936467349,,
2022-07-04 02:40:00+00:00,,,-206.81525608003722,-102.08779108508679
2022-07-04 15:00:00+00:00,4.107329125000376,,,
2022-07-04 15:05:00+00:00,,59.37617331379988,,
2022-07-04 22:50:00+00:00,4.160662793688459,,,
2022-07-05 05:20:00+00:00,,65.3997020150855,,
2022-07-05 08:25:00+00:00,,,,105.55332908443415
2022-07-05 08:35:00+00:00,,,823.8350653859452,
2022-07-05 08:45:00+00:00,-7.1342983612952935,,,
2022-07-05 22:55:00+00:00,6.991826110704665,,,
2022-07-06 01:40:00+00:00,,,,-184.33148678799262
2022-07-06 02:10:00+00:00,,,-380.93453430772206,
2022-07-06 22:05:00+00:00,,68.50597553443595,,
2022-07-07 06:00:00+00:00,,,-602.2831018610013,
2022-07-07 18:40:00+00:00,4.212838997890572,,,
2022-07-07 20:45:00+00:00,,91.63280679892614,,
2022-07-07 23:00:00+00:00,4.267542712278214,,,
2022-07-08 01:25:00+00:00,,83.7499925240345,,
2022-07-08 02:25:00+00:00,-7.317565611216821,-70.07249994185622,,
2022-07-08 08:35:00+00:00,-7.156725519082329,,,341.8687191579538
2022-07-08 08:55:00+00:00,,,1084.0162718284046,
2022-07-10 02:25:00+00:00,-6.999420692172748,,,
2022-07-13 12:30:00+00:00,-6.845573425358907,-48.8306482038347,,-177.00348634273087
2022-07-13 13:20:00+00:00,,,-1470.472627937248,
2022-07-13 21:40:00+00:00,3.9552308354540173,,,
2022-07-14 07:15:00+00:00,,,-456.16445903062413,
2022-07-14 08:40:00+00:00,,,,-94.43178628352143
2022-07-14 08:50:00+00:00,-6.782043695232744,,,
2022-07-14 17:25:00+00:00,5.425881676938673,,,
2022-07-15 08:55:00+00:00,5.523439029490021,,,
2022-07-15 16:15:00+00:00,,,588.1401393696287,
2022-07-17 10:20:00+00:00,,,-74.8039269992878,
2022-07-17 17:55:00+00:00,-6.873640443938882,-76.26486753799236,,
2022-07-18 05:35:00+00:00,5.499162408058169,,,
2022-07-18 08:00:00+00:00,6.953073991383803,,,
2022-07-18 10:40:00+00:00,,119.2086764763817,,
2022-07-18 17:50:00+00:00,,,389.05539147745003,
2022-07-18 17:55:00+00:00,-6.996257983040778,,,27.466873767953984
2022-07-19 04:00:00+00:00,,,,-286.2804818193126
2022-07-19 04:05:00+00:00,,-98.66111434129243,,
2022-07-19 14:50:00+00:00,5.5972608999851445,,,
2022-07-19 17:10:00+00:00,6.2426972114901105,,,
2022-07-19 20:00:00+00:00,,99.69447393218252,,
2022-07-19 21:55:00+00:00,5.810143346829477,,,
2022-07-20 01:05:00+00:00,,,320.3516052972045,
2022-07-20 20:15:00+00:00,,,,9.230747257682197
2022-07-21 02:30:00+00:00,-7.230429462627171,,,
2022-07-22 10:35:00+00:00,5.78460660246742,,,
2022-07-22 15:45:00+00:00,,,-621.6612075479206,
2022-07-22 19:30:00+00:00,,,,-174.35006237697507
2022-07-25 01:05:00+00:00,,,,-162.53010567304318
2022-07-25 02:20:00+00:00,,-81.18500144604332,,
2022-07-25 22:25:00+00:00,-7.19865027616072,,,
2022-07-27 18:35:00+00:00,5.7591820972144205,,,
2022-07-27 22:30:00+00:00,5.862732191322323,,,
2022-07-27 23:40:00+00:00,,111.0812621284108,,
2022-07-28 07:30:00+00:00,-7.295873619152815,,,
2022-07-28 12:30:00+00:00,,-86.18646525232771,,339.5203121686973
2022-07-28 14:05:00+00:00,,,1932.2231191166138,
2022-07-28 20:35:00+00:00,5.836964308449922,,,
2022-07-29 06:35:00+00:00,,78.51295916087929,,
2022-07-29 11:30:00+00:00,,,62.81237613652047,
2022-07-29 13:05:00+00:00,,,,-22.421335283407643
2022-07-29 16:10:00+00:00,-7.263806792503544,,,
2022-07-30 19:50:00+00:00,,,-651.3011689027699,
2022-07-30 19:55:00+00:00,,-90.7896192441849,,
2022-07-30 20:05:00+00:00,-7.1041483192043415,,,
2022-07-30 22:00:00+00:00,,,,-134.90114074349367
2022-08-03 00:20:00+00:00,-6.947999139148237,,,
2022-08-03 00:25:00+00:00,,-84.5895421877126,,
2022-08-03 20:35:00+00:00,,,-248.0405239762913,
2022-08-03 23:00:00+00:00,,-75.45836639851768,,-158.80542282390434
2022-08-04 16:45:00+00:00,-6.795282118069736,,,
2022-08-05 11:40:00+00:00,,49.03882250310653,,
2022-08-05 12:55:00+00:00,,,-226.9929115939667,
2022-08-05 18:55:00+00:00,,,,-111.30079903441492
2022-08-07 14:10:00+00:00,,-21.619122729585342,,
2022-08-08 06:10:00+00:00,5.43647289680257,,,
2022-08-08 12:40:00+00:00,,87.06489530968656,,
2022-08-08 16:40:00+00:00,,,428.81778459224006,
2022-08-08 21:15:00+00:00,,-45.9850107795487,,
2022-08-08 22:40:00+00:00,,,,103.2892375362162
2022-08-10 14:45:00+00:00,5.534220679487078,,,
2022-08-10 18:45:00+00:00,,,,34.38543499304251
2022-08-10 21:25:00+00:00,,51.68351001477686,,
2022-08-11 07:30:00+00:00,,56.90271030420081,,
2022-08-11 12:30:00+00:00,5.633725967304201,,,
2022-08-11 15:20:00+00:00,,,797.9622058118039,
2022-08-11 18:20:00+00:00,,,,-27.601531915333908
2022-08-13 08:50:00+00:00,,,12.852049805849674,
2022-08-14 08:55:00+00:00,,,-435.89037055530935,
2022-08-14 12:50:00+00:00,,,,-40.564629667261215
2022-08-15 05:45:00+00:00,,,18.43073938483576,
2022-08-15 06:25:00+00:00,,,,-39.54229009221217
2022-08-15 06:35:00+00:00,,-58.926817818023665,,
2022-08-17 07:35:00+00:00,,,-795.399303515871,
2022-08-17 07:40:00+00:00,,-69.18370006586338,,-55.98511920088549
2022-08-18 23:20:00+00:00,,,,-91.1363748379772
2022-08-20 20:50:00+00:00,,,,-128.78061420276208
2022-08-21 22:05:00+00:00,,,,-21.7605743559252
2022-08-23 02:15:00+00:00,,,-286.96445706207305,
2022-08-23 05:30:00+00:00,,,,-116.78027476184161
2022-08-23 12:40:00+00:00,,,-218.71153059728385,
2022-08-24 23:30:00+00:00,,,,-19.33543602377631
2022-08-25 09:55:00+00:00,,18.226407765595013,,
2022-08-26 05:10:00+00:00,,,,-82.91003085041302
2022-08-26 14:00:00+00:00,,-61.969164900205215,,
2022-08-26 14:55:00+00:00,-7.010886958682818,,,-109.59461491257025
2022-08-28 23:25:00+00:00,,,,-89.06871509054417
2022-08-29 14:05:00+00:00,,41.29054309489629,,
2022-08-29 18:15:00+00:00,,,-209.25040816294495,
2022-08-30 04:30:00+00:00,,42.89141449861245,,
2022-08-30 08:50:00+00:00,,,-119.74651114072185,
2022-08-30 14:05:00+00:00,,-58.2929655174471,,36.68218756526949
2022-08-31 06:10:00+00:00,,57.681080026850395,,
2022-08-31 06:30:00+00:00,,,65.67511354889575,
2022-08-31 15:05:00+00:00,,,,-104.39698246476837
2022-09-02 17:20:00+00:00,,,,-57.950105607215846
2022-09-03 21:00:00+00:00,,-53.180856027822756,,
2022-09-05 05:20:00+00:00,,,,-44.580868120386185
2022-09-05 18:30:00+00:00,,-42.63898704800704,,
2022-09-06 01:55:00+00:00,,,-427.8410121224879,
2022-09-06 02:00:00+00:00,,-43.424320316162266,,-50.31117596559943
2022-09-08 07:20:00+00:00,,,,45.72032960112938
2022-09-09 03:30:00+00:00,5.608964612679301,60.02433430372503,,
2022-09-09 05:05:00+00:00,8.13889831882517,,,
2022-09-09 08:15:00+00:00,,116.39348238039474,,
2022-09-09 10:45:00+00:00,,65.0083740906357,,
2022-09-09 18:10:00+00:00,,,2154.65004790909,
2022-09-10 07:45:00+00:00,,,-450.69533030180173,
2022-09-10 12:20:00+00:00,,,,438.0094360837029
2022-09-10 20:50:00+00:00,,,-466.5304247586828,
2022-09-10 21:45:00+00:00,,69.56209655007478,,
2022-09-11 06:30:00+00:00,,,,-48.22483153199755
2022-09-12 02:10:00+00:00,-7.158965690565367,,,
2022-09-12 03:30:00+00:00,,-76.62105180817662,,
2022-09-12 10:10:00+00:00,,,-345.0093776650756,
2022-09-13 12:35:00+00:00,,,-1290.722002511,
2022-09-17 19:10:00+00:00,,,-338.65229992958484,
2022-09-18 10:00:00+00:00,,,,-39.44121949794044
2022-09-18 14:45:00+00:00,,-62.88832588463583,,
2022-09-19 17:30:00+00:00,,,501.4752537206077,
2022-09-19 20:00:00+00:00,5.727432985071346,77.95268538088521,,
2022-09-20 00:35:00+00:00,,,-83.72259559854865,
2022-09-20 12:25:00+00:00,,,,-160.89749773109997
2022-09-20 13:15:00+00:00,,-98.46377211161234,,
2022-09-21 15:05:00+00:00,,,-106.22063583115232,
2022-09-21 18:05:00+00:00,-15.943196433614048,-86.97812287415854,,-109.10671808670668
2022-09-21 19:30:00+00:00,-6.777069144087761,,,
2022-09-22 11:30:00+00:00,,,-305.177202871957,
2022-09-23 08:45:00+00:00,-6.628109164300724,,,
2022-09-23 11:50:00+00:00,,,,-126.35058711010606
2022-09-24 00:45:00+00:00,,,-442.1883442057733,
2022-09-25 22:00:00+00:00,,-86.52799697436149,,
2022-09-26 11:15:00+00:00,,,-289.49915111925657,
2022-09-26 11:30:00+00:00,,-57.43496936875272,,
2022-09-26 11:40:00+00:00,,,,-100.95582048022789
2022-09-27 03:10:00+00:00,5.302728452281656,,,
2022-09-27 05:20:00+00:00,,52.977255837501616,,
2022-09-27 08:50:00+00:00,,,868.6609971993603,
2022-09-27 16:10:00+00:00,-6.598977296250553,-72.49501008462857,,96.937598990472
2022-09-28 14:35:00+00:00,5.279421898067142,,,
2022-09-28 21:25:00+00:00,,78.67915158036476,,
2022-09-29 13:40:00+00:00,,,,-144.7401454877272
2022-09-30 00:30:00+00:00,5.374345903794449,,,
2022-09-30 16:15:00+00:00,,,-694.7813904788491,
2022-09-30 19:55:00+00:00,,,,-47.70478583745262
2022-09-30 20:00:00+00:00,-6.688101591563907,-90.29062579488163,,
2022-10-04 06:35:00+00:00,,36.068195861558706,,
2022-10-04 11:35:00+00:00,,,95.09093219973875,
2022-10-04 14:00:00+00:00,,41.08059027669833,,
2022-10-05 08:20:00+00:00,,-59.26030760304502,,
2022-10-05 11:40:00+00:00,,,,143.58212090388042
2022-10-06 14:05:00+00:00,,,,-104.533549640194
2022-10-06 22:00:00+00:00,,-59.34789125474481,,
2022-10-10 08:10:00+00:00,,,,-72.50400716842069
2022-10-10 16:20:00+00:00,,-35.196475673430996,,
2022-10-13 16:40:00+00:00,5.350724576528307,,,
2022-10-13 17:40:00+00:00,,76.14259855007549,,
2022-10-13 18:55:00+00:00,,37.99557261660175,,
2022-10-13 23:40:00+00:00,,,-240.16210532455443,
2022-10-14 03:35:00+00:00,,50.615477054460825,,
2022-10-14 07:10:00+00:00,,,-255.0800417006758,
2022-10-14 14:10:00+00:00,-6.658706044773396,,,
2022-10-14 14:15:00+00:00,,,,72.20124665007461
2022-10-15 23:00:00+00:00,,,,-64.69354480395941
2022-10-16 21:50:00+00:00,,-22.784143831827805,,-6.273978192692084
2022-10-17 12:40:00+00:00,,15.365290921931773,,
2022-10-18 12:50:00+00:00,,0.5255334139069419,,
2022-10-18 15:10:00+00:00,,,,19.16015933959534
2022-10-19 12:30:00+00:00,,-35.2706256361198,,
2022-10-20 00:45:00+00:00,,,,-79.07802193736825
2022-10-20 17:05:00+00:00,,-32.109777992881845,,
2022-10-20 20:30:00+00:00,,,,-53.947770331650645
2022-10-21 12:10:00+00:00,,,,-64.95723254494897
2022-10-22 14:20:00+00:00,,11.120915851538484,,
2022-10-23 12:25:00+00:00,,,,8.417859819773184
2022-10-23 19:55:00+00:00,,26.043042042674642,,
2022-10-24 00:45:00+00:00,,,-1.307064358930802,
2022-10-24 01:10:00+00:00,,-21.09804095184245,,
2022-10-24 04:10:00+00:00,,,,9.222749408204436
2022-10-25 10:00:00+00:00,,-28.173183799022354,,
2022-10-25 19:10:00+00:00,,101.47527030049878,,
2022-10-25 20:00:00+00:00,,-40.68597294757092,,
2022-10-25 20:20:00+00:00,,,343.9582145504319,
2022-10-26 08:35:00+00:00,5.327207069729241,,,
2022-10-26 13:30:00+00:00,,-48.42055641188017,,
2022-10-27 09:40:00+00:00,,-50.34168296320695,,
2022-10-27 20:15:00+00:00,,,,223.77448199060655
2022-10-27 20:20:00+00:00,-6.629439697301905,,,
2022-10-29 03:15:00+00:00,,33.00751037428836,,
2022-10-30 08:25:00+00:00,,-15.802412364002976,,
2022-10-30 13:55:00+00:00,,,,70.14965495198157
2022-10-31 13:55:00+00:00,,-31.454888464048963,,-69.40017982041991
2022-11-01 14:10:00+00:00,,,,-36.819012335910884
2022-11-02 18:50:00+00:00,,-28.084578008246353,,
2022-11-02 19:25:00+00:00,,,,-51.833873119404416
2022-11-03 06:30:00+00:00,,,-84.09650856691587,
2022-11-03 11:40:00+00:00,,-34.4749882863548,,
2022-11-04 06:05:00+00:00,,24.218268869678013,,
2022-11-04 10:15:00+00:00,,,-58.88692467294459,
2022-11-04 13:15:00+00:00,,25.354120072541264,,
2022-11-04 15:30:00+00:00,,27.893193263956164,,
2022-11-04 16:00:00+00:00,-6.483724612755225,-42.319426205338914,,
2022-11-04 16:05:00+00:00,,,-844.0505764111876,
2022-11-05 00:40:00+00:00,,29.69863997183893,,
2022-11-06 01:05:00+00:00,,-18.435809409777903,,
2022-11-06 22:10:00+00:00,,,,187.31135914964852
2022-11-07 21:35:00+00:00,,-28.495517715319693,,
2022-11-07 22:25:00+00:00,,,,-81.70353820595756
2022-11-08 03:50:00+00:00,,,,-100.24454401006278
2022-11-08 14:35:00+00:00,,-43.79021051756399,,
2022-11-08 17:10:00+00:00,5.2097410628992975,,,
2022-11-08 17:50:00+00:00,,-58.48332039919296,,-91.18087292414657
2022-11-08 21:40:00+00:00,5.28088670285905,,,
2022-11-09 00:55:00+00:00,-6.571796344058271,,,
2022-11-09 09:50:00+00:00,,-92.27305157560068,,
2022-11-09 10:10:00+00:00,,,,-266.6347713083501
2022-11-09 12:55:00+00:00,-6.42734826041584,,,
2022-11-09 20:40:00+00:00,-6.286075145651864,,,
2022-11-10 03:05:00+00:00,5.029088794669178,,,
2022-11-10 10:35:00+00:00,-6.258446585657282,,,
2022-11-10 13:30:00+00:00,5.006984941587177,118.61220865665246,,
2022-11-10 15:00:00+00:00,5.0970105308370535,,,
2022-11-10 15:30:00+00:00,-6.34297175018844,,,
2022-11-10 17:35:00+00:00,-6.203553231119315,,,
2022-11-10 22:10:00+00:00,-6.067199131099301,,,
2022-11-11 20:35:00+00:00,-5.933842094197701,,,
2022-11-14 08:55:00+00:00,5.733306466549891,,,
2022-11-14 13:10:00+00:00,,48.26544589752257,,
2022-11-14 13:50:00+00:00,-5.929434321102065,,,
2022-11-14 19:05:00+00:00,,,,-104.97943867895947
2022-11-15 13:30:00+00:00,4.743763160961862,,,
2022-11-15 19:05:00+00:00,,,-516.5381291057784,
2022-11-18 07:45:00+00:00,,,-386.17815900911955,
2022-11-23 02:15:00+00:00,4.829056022595921,,,
2022-11-23 02:25:00+00:00,,38.13131119946365,,
2022-11-23 14:10:00+00:00,,,545.4314977847753,
2022-11-23 14:25:00+00:00,,,,2.2174820959003227
2022-11-24 08:25:00+00:00,,,,-40.10293785180738
2022-11-28 01:30:00+00:00,-6.00951592037876,,,
2022-11-29 14:25:00+00:00,,,-155.8877406700558,
2022-11-30 00:40:00+00:00,,20.293675880903265,,
2022-11-30 06:05:00+00:00,,,,64.48946554708209
2022-11-30 18:10:00+00:00,,,-291.3347390636336,
2022-11-30 19:10:00+00:00,,26.093464077805947,,
2022-11-30 22:55:00+00:00,4.8078313536337305,,,
2022-12-01 05:45:00+00:00,,,,-30.879908088032153
2022-12-01 13:45:00+00:00,,,,-61.062942701314114
2022-12-01 20:50:00+00:00,,-39.742299205734525,,
2022-12-05 00:35:00+00:00,,9.489852028270434,,
2022-12-05 04:55:00+00:00,,11.492092134406448,,
2022-12-05 12:05:00+00:00,,,,3.8941678039168437
2022-12-05 14:25:00+00:00,,-29.534443047971763,,
2022-12-08 23:30:00+00:00,,16.747303672595535,,
2022-12-09 09:05:00+00:00,,,,5.818929315088553
2022-12-09 13:30:00+00:00,,,,-43.248379548739194
2022-12-09 14:20:00+00:00,,,249.75005565831088,
2022-12-11 20:15:00+00:00,,,,-29.67157690894055
2022-12-13 09:55:00+00:00,,9.003934891225072,,
2022-12-13 15:30:00+00:00,,45.30153011728453,,
2022-12-13 22:30:00+00:00,,,,95.31511967706729
2022-12-14 13:20:00+00:00,,15.603603231706984,,
2022-12-14 18:10:00+00:00,3.534603779500401,,,
2022-12-14 19:00:00+00:00,,-47.52504379656193,,-43.61746915344884
2022-12-14 20:30:00+00:00,,,1051.5143813304458,
2022-12-19 03:00:00+00:00,,,,-42.545300966365176
2022-12-20 07:00:00+00:00,,18.744406592456926,,
2022-12-21 00:50:00+00:00,,,,-16.765353078728367
2022-12-23 13:30:00+00:00,,13.510114110903032,,
2022-12-23 20:25:00+00:00,,,,-28.297202730677327
2022-12-26 08:15:00+00:00,,,,-16.777633187052743
2022-12-26 15:50:00+00:00,,-18.75962748206348,,
2022-12-27 00:45:00+00:00,,-19.787321543875805,,
2022-12-27 06:10:00+00:00,,,,-20.35563714724185
2022-12-31 01:55:00+00:00,,,,-29.943172221610894
2023-01-02 01:40:00+00:00,,,-159.7263511754718,
2023-01-02 14:35:00+00:00,,,,0.4358387377710642
2023-01-02 21:55:00+00:00,,5.52170672360171,,
2023-01-02 23:00:00+00:00,,,,-26.548290676465967
2023-01-04 12:35:00+00:00,,,,-3.132123512317321
2023-01-04 14:25:00+00:00,,,-108.43641591650521,
2023-01-04 17:30:00+00:00,,8.493489519587456,,
2023-01-04 22:30:00+00:00,,,,-27.92514290719646
2023-01-06 20:40:00+00:00,,11.352947247329212,,
2023-01-07 02:45:00+00:00,,,,7.220000334150427
2023-01-07 10:30:00+00:00,,,-193.08569075105333,
2023-01-09 05:00:00+00:00,,23.88467213560125,,
2023-01-09 15:45:00+00:00,,5.5769303972083435,,
2023-01-09 20:55:00+00:00,,,68.45924653708789,
2023-01-09 23:05:00+00:00,,,,25.659197372208837
2023-01-10 22:25:00+00:00,,,,-2.1940463276205264
2023-01-11 01:25:00+00:00,,,,-17.34789200518844
2023-01-11 15:45:00+00:00,,,-115.3755620389129,
2023-01-11 16:25:00+00:00,,-16.633432759664174,,
2023-01-11 23:25:00+00:00,,10.959692774178166,,
2023-01-12 04:35:00+00:00,,26.233627354186865,,
2023-01-12 05:25:00+00:00,,,,132.20241592985712
2023-01-12 12:30:00+00:00,3.5805006095771432,,,
2023-01-12 21:10:00+00:00,,,,83.36580262820053
2023-01-13 14:55:00+00:00,3.626993409992508,,,
2023-01-13 15:00:00+00:00,,,,-34.4001309795608
2023-01-13 15:10:00+00:00,,41.204788583620484,,
2023-01-13 16:15:00+00:00,,,,-20.838727199767618
2023-01-13 21:35:00+00:00,3.674089919421249,,,
2023-01-13 23:20:00+00:00,,,,75.96874986184366
2023-01-14 04:40:00+00:00,17.30135021384382,,,
2023-01-14 05:10:00+00:00,,,,148.56928376643464
2023-01-14 05:15:00+00:00,,131.95683756520248,,
2023-01-15 09:10:00+00:00,,,5822.621064281098,
2023-01-16 01:10:00+00:00,3.946456009551696,,,
2023-01-16 01:20:00+00:00,,,,-50.54704341370734
2023-01-16 03:05:00+00:00,,,,-52.81109088562107
2023-01-16 08:05:00+00:00,-6.766997480444445,,,
2023-01-16 08:30:00+00:00,,,-729.2585883241627,
2023-01-16 20:35:00+00:00,,,,-43.855605147278766
2023-01-17 01:10:00+00:00,-6.618258875824267,,,
2023-01-17 02:20:00+00:00,,,-661.0840588706196,
2023-01-17 14:25:00+00:00,,,,-33.8631609809604
2023-01-18 14:25:00+00:00,,,,-39.31777960778254
2023-01-20 06:45:00+00:00,,,-403.5676796445987,
2023-01-21 00:10:00+00:00,,,,134.3389447994141
2023-01-21 00:40:00+00:00,12.822443738910977,,,
2023-01-21 01:40:00+00:00,,159.62383420832202,,
2023-01-21 09:40:00+00:00,3.990392618999408,,,
2023-01-21 10:25:00+00:00,,,,36.33250981156152
2023-01-21 10:30:00+00:00,,-62.45063217151119,,
2023-01-21 18:10:00+00:00,,,,-48.47163925693894
2023-01-22 02:45:00+00:00,,,2453.8102722600597,
2023-01-22 20:05:00+00:00,-6.842335688880553,,,
2023-01-25 21:35:00+00:00,,30.27229142293254,,
2023-01-25 22:10:00+00:00,,,,-7.994756733645318
2023-01-25 22:55:00+00:00,,-57.605331330565605,,
2023-01-26 10:45:00+00:00,,,-605.3814664315141,
2023-01-27 20:00:00+00:00,3.953360138236974,,,
2023-01-29 20:00:00+00:00,,,,-24.6564713757125
2023-01-30 09:05:00+00:00,,,10.62182761488657,
2023-02-02 00:40:00+00:00,4.004694519631926,,,
2023-02-02 01:30:00+00:00,,56.93164488026923,,
2023-02-02 02:05:00+00:00,,,,-11.292064594999829
2023-02-02 06:25:00+00:00,-6.8668591918188895,,,
2023-02-02 21:55:00+00:00,,,-26.39199971818016,
2023-02-06 22:05:00+00:00,,-39.438902879792295,,
2023-02-08 15:15:00+00:00,,-49.42702531297891,,
2023-02-12 10:10:00+00:00,,,,-17.203338309307583
2023-02-12 17:50:00+00:00,,,,-13.262710334151507
2023-02-12 22:10:00+00:00,,,-384.7563903448099,
2023-02-13 09:15:00+00:00,,,-438.92150416088407,
2023-02-14 15:40:00+00:00,,-61.26202168692271,,-53.61858305438045
2023-02-15 12:00:00+00:00,,51.69007515019439,,
2023-02-15 12:10:00+00:00,3.9675293113635917,,,
2023-02-15 14:20:00+00:00,,,,36.89996664406499
2023-02-15 18:45:00+00:00,4.019047679471726,,,
2023-02-15 19:10:00+00:00,,50.317120870704,,
2023-02-16 00:55:00+00:00,,,,268.0130101419818
2023-02-16 01:35:00+00:00,18.54316393044411,175.43141038743124,,
2023-02-16 15:50:00+00:00,4.312017997226462,,,
2023-02-16 16:10:00+00:00,-7.3984878559225535,,,-43.59633823769491
2023-02-16 20:25:00+00:00,-7.231208724738281,,,
2023-02-17 22:35:00+00:00,4.1780429408204895,,,
2023-02-19 16:35:00+00:00,,,,-45.198556301089866
2023-02-20 00:55:00+00:00,,,4247.39550992455,
2023-02-20 01:10:00+00:00,,-120.05234783434253,,
2023-02-20 09:45:00+00:00,4.232294828407191,,,
2023-02-20 14:20:00+00:00,,55.52321047546275,,
2023-02-21 15:15:00+00:00,-7.257125981136198,,,
2023-02-21 16:20:00+00:00,,,-359.46979635348544,
2023-02-23 11:25:00+00:00,-7.097614352070821,,,
2023-02-23 11:35:00+00:00,,-83.11403843905873,-776.6499229352848,
2023-02-26 19:10:00+00:00,,,,-15.929045346247221
2023-02-26 22:20:00+00:00,,,,-23.835821117583237
2023-02-27 15:40:00+00:00,,,,-18.013842738414496
2023-02-27 16:10:00+00:00,-6.941608788612314,-50.52402404165605,,
2023-02-28 21:15:00+00:00,,,-244.43999882083153,
2023-03-01 09:10:00+00:00,,,,-28.70302406754172
2023-03-02 13:10:00+00:00,-6.789032227438554,,,
2023-03-02 14:10:00+00:00,,-68.59234698555201,,
2023-03-02 14:15:00+00:00,,,-377.6054134909209,
2023-03-03 01:30:00+00:00,,,-1180.1336713836572,
2023-03-05 02:35:00+00:00,,-49.45857881687107,,
2023-03-07 14:50:00+00:00,,,-499.53649363460136,
2023-03-11 01:10:00+00:00,3.922562499933804,,,
2023-03-11 07:20:00+00:00,,,-922.2836068702381,
2023-03-11 07:35:00+00:00,-6.726027222827952,,,
2023-03-12 19:30:00+00:00,,-49.42998114035527,,
2023-03-12 22:05:00+00:00,4.2130092000846275,,,
2023-03-12 23:45:00+00:00,,112.36689921093193,,
2023-03-13 02:25:00+00:00,14.038203207426704,,,
2023-03-13 06:05:00+00:00,2.537079746932079,,,
2023-03-13 09:55:00+00:00,,,3024.5113904866594,
2023-03-13 14:05:00+00:00,,89.66596411402543,,
2023-03-13 15:50:00+00:00,,,,169.27095343960582
2023-03-13 19:05:00+00:00,24.593753424436215,,,
2023-03-13 19:25:00+00:00,,134.9203891378579,,
2023-03-14 05:20:00+00:00,,,,-57.12820652909522
2023-03-14 05:25:00+00:00,-7.575686506294062,,,
2023-03-14 12:30:00+00:00,2.69332536878602,,,
2023-03-14 13:20:00+00:00,,,,87.95404038995002
2023-03-14 16:45:00+00:00,8.759914917321623,,,
2023-03-14 18:50:00+00:00,,-99.70692508568618,,
2023-03-14 19:25:00+00:00,,,2222.8599207251245,
2023-03-15 11:20:00+00:00,-7.660915138374378,,,
2023-03-17 01:25:00+00:00,2.723626046716447,,,
2023-03-17 05:30:00+00:00,4.1622090698134,,,
2023-03-17 10:00:00+00:00,2.7786438692974684,,,
2023-03-17 10:35:00+00:00,2.80084523381322,,,
2023-03-17 10:45:00+00:00,,107.28777328574915,,
2023-03-17 12:25:00+00:00,,,,18.964805589797834
2023-03-17 21:35:00+00:00,2.8232239872313585,,,
2023-03-17 21:50:00+00:00,,,,-48.43184559290694
2023-03-17 23:30:00+00:00,2.8457815468892704,,,
2023-03-17 23:45:00+00:00,,,,-66.79538766780115
2023-03-18 16:30:00+00:00,-7.891120791620494,-75.80163843397622,,
2023-03-18 16:40:00+00:00,,,3972.251199793878,
2023-03-19 16:30:00+00:00,2.805469286324012,,,
2023-03-19 20:20:00+00:00,,,,27.44591114861032
2023-03-19 21:05:00+00:00,2.827884985921571,,,
2023-03-20 01:40:00+00:00,,,325.10865100073715,
2023-03-20 02:05:00+00:00,,-66.26387463570472,,
2023-03-20 09:25:00+00:00,,,,-48.48054652057772
2023-03-20 11:05:00+00:00,2.850479786959113,,,
2023-03-20 15:55:00+00:00,,-63.05847020741612,,
2023-03-20 16:15:00+00:00,,,-1182.7614531439322,
2023-03-21 16:35:00+00:00,2.8732551204569745,,,
2023-03-22 15:50:00+00:00,,,,-38.47196158609904
2023-03-22 18:35:00+00:00,-7.967302776789666,,,
2023-03-22 19:20:00+00:00,,,-1451.279982939086,
2023-03-23 05:30:00+00:00,2.83255367968286,,,
2023-03-23 13:25:00+00:00,,,-659.7554270427354,
2023-03-24 09:10:00+00:00,,,-929.8921570941675,
2023-03-24 17:20:00+00:00,-7.854440991635272,,,
2023-03-27 06:10:00+00:00,,,-313.0132410829319,
2023-03-29 10:30:00+00:00,4.269150347319567,,,
2023-03-30 02:25:00+00:00,,72.38413877059111,,
2023-03-30 03:05:00+00:00,-7.775636303273188,,,
2023-03-30 03:10:00+00:00,,,,-53.89598347505489
2023-03-30 14:40:00+00:00,,,1595.9258059731146,
2023-04-01 02:00:00+00:00,2.764411977272232,,,
2023-04-01 07:35:00+00:00,,,-179.90177664209477,
2023-04-02 15:10:00+00:00,,-52.91196364388361,,
2023-04-03 17:00:00+00:00,,-31.223143717024413,-803.2051989274696,
2023-04-03 20:10:00+00:00,-7.665489592587676,,,
2023-04-04 16:10:00+00:00,,,-430.5942233510359,
2023-04-05 14:15:00+00:00,,,-811.6037088734083,
2023-04-07 06:35:00+00:00,,,-348.9044900125373,
2023-04-08 12:35:00+00:00,,,-204.7682330874086,
2023-04-09 06:50:00+00:00,,,-270.50052434836107,
2023-04-10 16:05:00+00:00,,,,-28.25492095883328
2023-04-10 21:30:00+00:00,2.725252367125961,,,
2023-04-10 21:55:00+00:00,,62.23515896997969,,
2023-04-11 02:05:00+00:00,4.286282064979389,,,
2023-04-11 03:00:00+00:00,,,,184.33396771621938
2023-04-11 03:05:00+00:00,,34.908015815879025,,
2023-04-11 19:15:00+00:00,,41.72908563334158,,
2023-04-11 19:40:00+00:00,,,,-35.703409837470645
2023-04-12 02:15:00+00:00,,,1212.38466641587,
2023-04-12 15:10:00+00:00,-7.651115658160336,,,
2023-04-13 15:10:00+00:00,,,,-39.197794414616055
2023-04-14 02:45:00+00:00,,,,-6.06331502492003
2023-04-14 07:55:00+00:00,,,,-29.82508557840947
2023-04-14 15:25:00+00:00,,-65.50012058034872,,
2023-04-16 12:20:00+00:00,,-29.337416146615396,,
2023-04-17 00:25:00+00:00,,-35.874623741577125,,
2023-04-18 11:15:00+00:00,,30.571721775851074,,
2023-04-18 18:05:00+00:00,,,-477.3739018162887,
2023-04-19 08:05:00+00:00,-7.482944135993932,,,
2023-04-19 08:10:00+00:00,,-54.376682577318206,,
2023-04-23 00:55:00+00:00,,,-436.7210431141066,
2023-04-24 01:30:00+00:00,,,,-32.25309455558181
2023-04-24 08:00:00+00:00,,-32.11285668465416,,
2023-04-24 16:55:00+00:00,,-60.217680784919594,,
2023-04-25 22:30:00+00:00,3.010790898811706,,,
2023-04-26 01:15:00+00:00,,45.449398555250355,,
2023-04-26 06:10:00+00:00,2.6844096087646108,,,
2023-04-26 08:25:00+00:00,,38.72424071814021,,
2023-04-26 14:20:00+00:00,,,,213.63792062913535
2023-04-26 16:20:00+00:00,8.364779158433976,,,
2023-04-26 17:25:00+00:00,,98.94440835384466,,
2023-04-26 19:25:00+00:00,,,1726.7185942670694,
2023-04-27 01:25:00+00:00,2.7726926270145213,,,
2023-04-27 04:55:00+00:00,2.7948464411044256,,,
2023-04-28 03:25:00+00:00,,,-903.7818602199623,
2023-04-28 13:40:00+00:00,-7.749881885660955,,,
2023-04-28 15:10:00+00:00,,-20.972321461641513,,
2023-04-30 15:45:00+00:00,,,,23.907665396506673
2023-04-30 19:15:00+00:00,-7.579539481814152,-39.121751865906845,,
2023-05-03 21:20:00+00:00,2.6946951874427327,,,
2023-05-03 22:45:00+00:00,,58.02977300943894,,
2023-05-04 12:15:00+00:00,,,,25.250681498673657
2023-05-04 13:30:00+00:00,,,-232.28626010652079,
2023-05-05 03:50:00+00:00,,,,-41.885632597457516
2023-05-05 07:40:00+00:00,,,-591.3963659760047,
2023-05-05 13:30:00+00:00,,-16.097722534081186,,
2023-05-05 16:00:00+00:00,2.71622580199039,,,
2023-05-06 00:35:00+00:00,2.73792844614826,,,
2023-05-06 01:20:00+00:00,,,,-8.13289303556303
2023-05-06 13:35:00+00:00,,-71.51853460682923,,
2023-05-10 13:15:00+00:00,,,,-15.347133340916116
2023-05-11 14:00:00+00:00,,-75.106893871804,,
2023-05-13 14:55:00+00:00,,-6.944549588560221,,
2023-05-13 18:45:00+00:00,2.759804494432956,,,
2023-05-14 16:55:00+00:00,,,,-19.812792847637866
2023-05-15 06:15:00+00:00,,20.282949664132047,,
2023-05-15 11:45:00+00:00,,,,11.65549592185016
2023-05-15 16:45:00+00:00,,,,-35.86463012082277
2023-05-15 17:05:00+00:00,,17.031697658476787,,
2023-05-15 17:45:00+00:00,,,,-32.3743000239765
2023-05-17 21:50:00+00:00,,25.670680679225825,,
2023-05-18 01:40:00+00:00,,,287.3322806885408,
2023-05-18 05:45:00+00:00,,,,-33.69440422192156
2023-05-18 17:35:00+00:00,-7.652713417385598,,,
2023-05-19 15:25:00+00:00,,11.151728614885087,,
2023-05-21 04:55:00+00:00,,,,-17.491374664911746
2023-05-21 10:45:00+00:00,,-39.44616823766637,,
2023-05-22 13:30:00+00:00,,11.505241753047358,,
2023-05-23 06:35:00+00:00,,,,5.360414721796133
2023-05-23 06:50:00+00:00,,,-150.27500361419516,
2023-05-23 08:55:00+00:00,,14.972976523140915,,
2023-05-24 03:30:00+00:00,-7.484506776471449,,,
2023-05-25 13:50:00+00:00,,,-351.58649842796876,
2023-05-25 19:10:00+00:00,,20.230743118894225,,
2023-05-26 14:50:00+00:00,,,,11.06343548103905
2023-05-27 07:55:00+00:00,,-12.252562448792105,,
2023-05-28 04:45:00+00:00,,15.023437992069375,,
2023-05-28 05:25:00+00:00,,,,23.67856289032443
2023-05-28 11:25:00+00:00,,,,-24.013604157575628
2023-05-28 17:40:00+00:00,,12.126455063361846,,
2023-05-28 18:30:00+00:00,,,,23.643873247717693
2023-05-29 00:45:00+00:00,,,,64.01046195195704
2023-05-29 02:05:00+00:00,,73.63293592437276,,
2023-05-29 02:45:00+00:00,,,-25.183590677726897,
2023-05-31 04:45:00+00:00,-7.31999731752461,,,
2023-06-02 22:05:00+00:00,,13.319529193352537,,
2023-06-03 17:20:00+00:00,,,,-24.083550027708952
2023-06-04 12:05:00+00:00,,,-43.68892250057979,
2023-06-04 22:15:00+00:00,,10.898168153955794,,
2023-06-04 22:25:00+00:00,,,,-16.62825154660095
2023-06-04 23:25:00+00:00,,-29.552644408227025,,
2023-06-06 12:10:00+00:00,,-62.848243709195685,,
2023-06-06 21:20:00+00:00,10.055091431052688,,,
2023-06-06 21:30:00+00:00,,87.2137756482798,,
2023-06-06 23:25:00+00:00,2.682762344961702,,,
2023-06-07 01:25:00+00:00,,,823.0197602296175,
2023-06-07 02:00:00+00:00,,,,-33.444614544268006
2023-06-10 18:20:00+00:00,-7.439081802482235,-37.6677153687142,,
2023-06-11 00:40:00+00:00,,,,-5.404833345060524
2023-06-11 22:40:00+00:00,,,,-8.614804194335193
2023-06-13 12:55:00+00:00,,,,-5.2058533373910905
2023-06-14 05:35:00+00:00,,,,-29.224740920298245
2023-06-14 18:05:00+00:00,,,,-37.54301614707265
2023-06-15 21:15:00+00:00,4.298147708656018,,,
2023-06-16 00:15:00+00:00,,,122.56926986321196,
2023-06-16 03:25:00+00:00,,,,60.20954382868513
2023-06-16 12:25:00+00:00,,9.924325659694205,,
2023-06-16 17:05:00+00:00,4.353959156652934,,,
2023-06-16 21:10:00+00:00,,36.04766538451395,,
2023-06-16 21:45:00+00:00,,,36.78331537738268,
2023-06-17 01:05:00+00:00,,,,99.09361809108032
2023-06-17 05:40:00+00:00,4.410495316302047,25.772849472295547,,
2023-06-17 10:10:00+00:00,,,,2.2878423779102377
2023-06-17 12:00:00+00:00,,-39.300386099351726,,
2023-06-18 11:15:00+00:00,,,,-26.494537566623876
2023-06-18 20:20:00+00:00,,,,-36.587043565828935
2023-06-19 16:30:00+00:00,,,,-26.641178414527985
2023-06-19 18:55:00+00:00,,-32.46172279169059,,
2023-06-20 00:55:00+00:00,,17.65597233059316,,
2023-06-20 01:10:00+00:00,4.467765597984169,,,
2023-06-20 05:30:00+00:00,,,,42.7473317696772
2023-06-20 05:55:00+00:00,,-30.74925458233747,,
2023-06-20 17:45:00+00:00,4.525779534274079,,,
2023-06-20 21:40:00+00:00,4.584546781526683,,,
2023-06-20 21:50:00+00:00,,99.73708241086752,,
2023-06-21 01:00:00+00:00,,29.667653078454805,,
2023-06-21 08:40:00+00:00,,,2430.222042008507,
2023-06-21 10:30:00+00:00,4.64407712148477,32.39725782002779,,
2023-06-21 17:10:00+00:00,10.027706082904615,,,
2023-06-21 19:05:00+00:00,,55.73749718588351,,
2023-06-21 19:25:00+00:00,,,235.69656320529612,
2023-06-21 21:00:00+00:00,,,,417.5630927675711
2023-06-22 12:35:00+00:00,,-16.672203975975663,,
2023-06-22 14:40:00+00:00,-8.18361903551289,,,
2023-06-23 16:25:00+00:00,8.998323283309105,,,
2023-06-23 18:50:00+00:00,,,-77.65539649048878,
2023-06-23 21:30:00+00:00,,,,90.21328032014299
2023-06-24 08:45:00+00:00,,-20.301550885579672,,
2023-06-24 15:30:00+00:00,,,,-61.94956080190968
2023-06-25 06:15:00+00:00,,,-333.773370611867,
2023-06-25 09:20:00+00:00,,-43.265469119897716,,-22.13550711116659
2023-06-26 01:10:00+00:00,-8.201526234879452,,,
2023-06-26 07:35:00+00:00,,-33.128861688202505,,
2023-06-26 09:25:00+00:00,,,-457.58122021601594,
2023-06-26 10:05:00+00:00,,,,-70.7376787355197
2023-06-26 14:40:00+00:00,,-34.24018856491966,,
2023-06-26 16:45:00+00:00,,,,-80.15235038431183
2023-06-27 14:05:00+00:00,4.738672342891562,,,
2023-06-27 20:25:00+00:00,,,,6.577545167934659
2023-06-28 02:50:00+00:00,-8.125412706333577,-34.718043715326075,,
2023-06-29 14:05:00+00:00,,,-257.7008060972221,
2023-06-29 20:20:00+00:00,,-35.849543779323085,,16.962545294017218
2023-06-30 04:35:00+00:00,4.694695519272102,,,
2023-06-30 05:55:00+00:00,,,-285.5323582324345,
2023-06-30 10:25:00+00:00,,,,8.176842613671397
2023-06-30 13:35:00+00:00,-8.050005542561962,-34.4582819346133,,
2023-07-01 11:15:00+00:00,,-7.724842792685195,,
2023-07-01 22:35:00+00:00,,,,-4.685268356988672
2023-07-02 15:20:00+00:00,,,,-34.854716301971166
2023-07-02 22:25:00+00:00,,12.576368386012291,,
2023-07-02 22:40:00+00:00,,,,-31.234181614896443
2023-07-02 22:45:00+00:00,,-24.02653346753914,,
2023-07-03 12:05:00+00:00,,,,-37.77259402505479
2023-07-03 15:00:00+00:00,4.65112681861973,,,
2023-07-03 19:05:00+00:00,,18.387200530324662,,
2023-07-03 21:25:00+00:00,,-28.044199852157817,,
2023-07-04 00:55:00+00:00,,,,33.11424636165248
2023-07-05 10:55:00+00:00,-7.975298188209706,,,
2023-07-06 01:20:00+00:00,,-25.599243880308677,,
2023-07-06 11:45:00+00:00,,24.6962149196097,,
2023-07-06 11:50:00+00:00,,,,28.949823065638157
2023-07-06 11:55:00+00:00,,,210.2393782594445,
2023-07-06 12:30:00+00:00,-7.800001134032925,,,
2023-07-07 00:00:00+00:00,-7.6285571091068505,,,
2023-07-08 01:05:00+00:00,,,,-14.692624333918502
2023-07-08 19:15:00+00:00,,,,-28.074631216770285
2023-07-09 02:45:00+00:00,,,-259.95861723603593,
2023-07-09 05:25:00+00:00,,,,-16.234433584276303
2023-07-10 20:40:00+00:00,,,,45.287322081490856
2023-07-10 21:55:00+00:00,,,-18.49644802956027,
2023-07-11 06:50:00+00:00,,9.953626782131323,,
2023-07-12 08:45:00+00:00,,-11.460020370996972,,
2023-07-13 12:35:00+00:00,,,-252.1483616850237,
2023-07-13 15:25:00+00:00,,15.175795191523775,,
2023-07-13 16:00:00+00:00,,,,-31.679132048497195
2023-07-13 18:05:00+00:00,4.407622624598446,,,
2023-07-13 18:30:00+00:00,,,,-6.735107231170332
2023-07-13 19:25:00+00:00,4.464855604378954,,,
2023-07-13 20:30:00+00:00,,,,-8.87141985760627
2023-07-13 21:05:00+00:00,-7.655898495321594,,,
2023-07-13 21:10:00+00:00,,,-913.6183481615735,
2023-07-13 21:15:00+00:00,,16.624090076513312,,
2023-07-16 16:25:00+00:00,,,-172.35876272459427,
2023-07-17 17:15:00+00:00,,-29.698322821601778,,
2023-07-18 11:55:00+00:00,,-41.28078392055886,,
2023-07-18 16:45:00+00:00,-7.487621846394404,,,
2023-07-19 06:25:00+00:00,,,-30.93101322201983,
2023-07-20 12:30:00+00:00,,,,-1.0493743897204695
2023-07-20 14:35:00+00:00,,-39.619994137216054,,
2023-07-23 07:25:00+00:00,,,-187.30948427083786,
2023-07-23 17:15:00+00:00,,7.2350152905078176,,
2023-07-23 19:20:00+00:00,,,,9.492899659268915
2023-07-23 20:00:00+00:00,,,-280.93063477560645,
2023-07-24 01:35:00+00:00,,-25.758502961683007,,
2023-07-26 18:15:00+00:00,,,,-24.877067363313472
2023-07-26 19:05:00+00:00,,,,-25.63705331696474
2023-07-26 21:25:00+00:00,,,,-3.9899299785138282
2023-07-26 23:45:00+00:00,,-32.11722995263199,,
2023-07-28 16:10:00+00:00,,,-268.45565196430107,
2023-07-29 07:55:00+00:00,,-18.62730408800917,,
2023-07-30 19:50:00+00:00,,-19.13166537759662,,
2023-07-30 20:00:00+00:00,-7.323043918210658,,,
2023-07-31 00:50:00+00:00,,,,-12.857278720888644
2023-07-31 04:00:00+00:00,,6.971964816176296,,
2023-08-01 23:05:00+00:00,,12.12069815312816,,
2023-08-02 00:45:00+00:00,4.641674524400457,,,
2023-08-02 01:55:00+00:00,,,,37.53442901558719
2023-08-02 03:30:00+00:00,,,703.2726089708085,
2023-08-02 03:35:00+00:00,,14.547949190160125,,
2023-08-05 18:15:00+00:00,,-11.909299537558127,,
2023-08-06 21:35:00+00:00,,,,-9.057606915209362
2023-08-06 21:50:00+00:00,,-18.134748522154496,,
2023-08-07 05:25:00+00:00,,,,-17.572870773197792
2023-08-07 06:35:00+00:00,,-17.666846019171317,,
2023-08-07 21:50:00+00:00,,,,-16.418446860735457
2023-08-07 23:40:00+00:00,,6.965774606417654,,
2023-08-08 07:25:00+00:00,,,,-18.9893914590657
2023-08-08 13:00:00+00:00,4.291375561185987,,,
2023-08-08 13:05:00+00:00,,,,25.62558397216617
2023-08-08 17:45:00+00:00,,13.641280688133975,,
2023-08-08 18:45:00+00:00,,,,12.164458202704736
2023-08-08 19:40:00+00:00,3.285781754215691,,,
2023-08-08 21:15:00+00:00,,14.931182896345945,,
2023-08-08 21:20:00+00:00,2.701133765261659,,,
2023-08-08 21:25:00+00:00,,,,-0.6249241194736896
2023-08-09 16:45:00+00:00,-7.490024256887693,,,
2023-08-13 19:45:00+00:00,,-0.325950216624733,,
2023-08-13 20:05:00+00:00,,-8.435109434141395,,
2023-08-13 21:40:00+00:00,,,-211.04249868721672,
2023-08-14 04:45:00+00:00,,2.38654765711226,,
2023-08-14 08:55:00+00:00,,,,-16.54835691853623
2023-08-14 12:20:00+00:00,,-10.47341290324357,,
2023-08-14 15:00:00+00:00,,,,-7.717899596694224
2023-08-14 16:45:00+00:00,,12.100832317247296,,
2023-08-14 17:05:00+00:00,,,,-4.458157863144152
2023-08-14 17:15:00+00:00,,-12.146819978719122,,
2023-08-16 16:10:00+00:00,-7.325393523721289,,,
2023-08-16 20:25:00+00:00,,-14.46725346071753,,
2023-08-17 00:35:00+00:00,-7.164381374069876,,,
2023-08-17 15:35:00+00:00,-7.006908271467864,,,
2023-08-17 21:40:00+00:00,-6.852896427660994,,,
2023-08-18 04:25:00+00:00,-6.702269764180983,,,
2023-08-18 14:50:00+00:00,-6.554953874764351,-70.37890352396153,,
2023-08-20 21:35:00+00:00,,,,-30.41016647090055
2023-08-21 21:30:00+00:00,,13.299154758907662,,
2023-08-22 17:40:00+00:00,-6.410875988597013,,,
2023-08-23 06:45:00+00:00,,18.750751158876938,,
2023-08-23 16:15:00+00:00,,20.483204720093454,,
2023-08-23 19:25:00+00:00,5.043121884343577,,,
2023-08-23 19:40:00+00:00,2.3195038170859448,20.738346089609877,,
2023-08-23 20:00:00+00:00,,,,45.77039666566088
2023-08-23 21:55:00+00:00,,,-598.7939036320386,
2023-08-24 14:30:00+00:00,-6.431795447285026,,,
2023-08-27 15:55:00+00:00,,,,-17.64108812086397
2023-08-28 12:35:00+00:00,,,,-20.236943029707618
2023-08-28 14:35:00+00:00,,5.158146755958114,,
2023-08-28 19:25:00+00:00,,,-463.56167576352163,
2023-08-29 03:20:00+00:00,,-14.215207236123206,,
2023-08-29 14:50:00+00:00,,,,170.07890455996676
2023-08-29 16:45:00+00:00,,171.29886143739077,,
2023-08-29 17:50:00+00:00,,,,10.506077226305933
2023-08-29 19:25:00+00:00,18.444081644990263,,,
2023-08-29 20:50:00+00:00,,-30.472857958946406,144.26943251183548,
2023-08-30 13:35:00+00:00,-6.695825497910619,,,
2023-08-31 11:40:00+00:00,2.380515173575816,,,
2023-08-31 15:40:00+00:00,-6.600974976981718,,,
2023-09-01 17:25:00+00:00,-6.455885546987645,,,
2023-09-02 20:40:00+00:00,,-4.037018036046902,,
2023-09-03 12:35:00+00:00,2.2952111742261536,,,
2023-09-03 21:20:00+00:00,,,,-26.22198798158479
2023-09-04 03:30:00+00:00,,-14.908283496067725,,
2023-09-06 17:05:00+00:00,-6.364433924274351,,,
2023-09-06 18:10:00+00:00,,,,-28.622986436061183
2023-09-06 18:25:00+00:00,,-28.452520056177946,,
2023-09-07 21:00:00+00:00,,14.76321952671924,,
2023-09-07 21:10:00+00:00,,,,11.133922175369662
2023-09-07 21:25:00+00:00,,,,-29.876875759519862
2023-09-07 23:30:00+00:00,,-19.382401892834878,,
2023-09-08 01:05:00+00:00,,,,-33.12482121808898
2023-09-08 10:15:00+00:00,,,-202.5040209802828,
2023-09-10 13:25:00+00:00,,,-311.38734619662864,
2023-09-10 20:35:00+00:00,,-12.748864319562472,,
2023-09-10 22:30:00+00:00,,6.883058928457558,,
2023-09-10 22:50:00+00:00,,,,-23.142345312461657
2023-09-11 07:10:00+00:00,,-14.367897247926976,,
2023-09-11 12:00:00+00:00,,,-518.3974688868548,
2023-09-12 07:45:00+00:00,,21.96504517465155,,
2023-09-12 10:20:00+00:00,3.6772383762986465,,,
2023-09-12 10:35:00+00:00,,-26.42004460508042,,-4.059675079088265
2023-09-12 14:25:00+00:00,,,,-40.90540941940981
2023-09-12 16:30:00+00:00,,29.269119477553886,,
2023-09-12 16:45:00+00:00,,,,-42.05381301973648
2023-09-12 23:50:00+00:00,,,-4.885996317389072,
2023-09-14 12:25:00+00:00,,,,-34.578685805338864
2023-09-14 21:45:00+00:00,,,,-15.939916470031676
2023-09-15 12:40:00+00:00,,,368.84724787588493,
2023-09-15 23:15:00+00:00,,,,-31.310592493806325
2023-09-16 04:25:00+00:00,,-20.833767442867156,,
2023-09-16 06:50:00+00:00,,,-63.071336197521305,
2023-09-18 02:35:00+00:00,,,,-21.68743516839777
2023-09-18 04:40:00+00:00,,-14.246253841307407,,
2023-09-18 13:15:00+00:00,,40.487363847881625,,
2023-09-18 13:40:00+00:00,,,,67.79181623022805
2023-09-18 13:50:00+00:00,,-16.88045974517081,,
2023-09-18 17:20:00+00:00,-3.43955317105997,,,
2023-09-18 18:25:00+00:00,,,209.456064618651,
2023-09-19 09:45:00+00:00,,,,-30.503181302644407
2023-09-19 10:25:00+00:00,-3.398312928538928,,,
2023-09-19 13:55:00+00:00,,-20.93883476072915,,
2023-09-19 15:45:00+00:00,,,,-35.581332144871794
2023-09-19 16:50:00+00:00,,-23.840636492240264,,-36.58841349214845
2023-09-21 00:55:00+00:00,,-24.252231753703654,,
2023-09-21 09:35:00+00:00,,,-109.31362457911018,
2023-09-24 18:15:00+00:00,,,,-5.250628267552202
2023-09-24 18:20:00+00:00,,-11.091566191758375,,
2023-09-24 23:55:00+00:00,,,-758.8481768236961,
2023-09-25 17:20:00+00:00,,-15.8058691288511,,
2023-09-27 12:40:00+00:00,,,,32.36938837013713
2023-09-27 13:30:00+00:00,,26.997108149378164,,
2023-09-27 14:15:00+00:00,-3.357567156525704,,,
2023-09-27 15:55:00+00:00,,,-62.87079312832793,
2023-09-28 01:00:00+00:00,,-17.362225772280453,,
2023-09-28 16:50:00+00:00,,27.86746477235738,,
2023-09-28 16:55:00+00:00,,,,24.997291814915116
2023-09-28 18:45:00+00:00,,-20.07645423184067,,
2023-09-29 14:05:00+00:00,-3.3173099263189556,,,
2023-10-01 10:40:00+00:00,,,,-6.600336104303096
2023-10-01 22:35:00+00:00,,,,85.11076300131299
2023-10-02 03:40:00+00:00,,23.098150903292208,,
2023-10-02 05:40:00+00:00,,,,-20.098672924190396
2023-10-02 07:30:00+00:00,3.5495243463909105,,,
2023-10-02 09:15:00+00:00,,,,0.8352461145996131
2023-10-02 14:05:00+00:00,,,,-32.89354136593465
2023-10-02 15:45:00+00:00,,-24.70495087104291,,
2023-10-02 22:10:00+00:00,,,1496.4995890458013,
2023-10-05 02:25:00+00:00,,,,-32.17034085971227
2023-10-05 15:00:00+00:00,,-21.06691395873213,,-6.630062115668352
2023-10-05 17:05:00+00:00,,,-156.75761704406614,
2023-10-06 17:35:00+00:00,,25.94821139224041,,
2023-10-06 23:00:00+00:00,,,,-32.468199947591074
2023-10-10 01:05:00+00:00,,-18.80197870270149,,
2023-10-10 13:10:00+00:00,,,-414.4347531800595,
2023-10-11 02:30:00+00:00,-6.086377816113497,,,
2023-10-11 15:55:00+00:00,,,-731.6051192360392,
2023-10-13 22:50:00+00:00,,-16.809944658954464,,
2023-10-15 21:10:00+00:00,,-13.1265033121349,,
2023-10-15 22:45:00+00:00,,-12.697010722566574,,
2023-10-15 22:50:00+00:00,,,,-17.537748909837774
2023-10-16 05:15:00+00:00,4.869323666343973,6.96568869243265,,
2023-10-16 09:05:00+00:00,,,,2.121484250105823
2023-10-16 13:05:00+00:00,,16.177714387594733,,
2023-10-16 13:25:00+00:00,4.95687410586487,,,
2023-10-16 13:40:00+00:00,,,,114.45670948732868
2023-10-16 13:45:00+00:00,,-104.30360008120488,,
2023-10-16 13:50:00+00:00,-14.584611995212583,,,
2023-10-18 04:55:00+00:00,4.783767378614357,,,
2023-10-18 14:30:00+00:00,-5.9531564940756425,,,
2023-10-19 15:20:00+00:00,,-20.95320675369385,,
2023-10-19 16:35:00+00:00,,-20.816102282970405,,
2023-10-20 04:50:00+00:00,,21.785022988223773,,
2023-10-20 05:30:00+00:00,,-21.900991264844833,,
2023-10-20 07:45:00+00:00,4.762741762318456,,,
2023-10-20 10:30:00+00:00,,23.474432091139988,,
2023-10-20 12:20:00+00:00,,,,112.7895996191537
2023-10-21 18:00:00+00:00,4.848375859204793,,,
2023-10-23 03:15:00+00:00,,,,-24.277340977003405
2023-10-23 03:45:00+00:00,,16.809794404559852,,
2023-10-23 05:45:00+00:00,4.935549657153274,,,
2023-10-23 06:10:00+00:00,,19.214015110644596,,
2023-10-23 07:50:00+00:00,,,,-4.860884745116891
2023-10-23 17:05:00+00:00,,24.52841470748126,,
2023-10-23 17:25:00+00:00,,-24.1331705323787,,
2023-10-23 18:45:00+00:00,,,,-32.14233252259055
2023-10-23 21:05:00+00:00,5.884974628484031,,,
2023-10-23 22:25:00+00:00,5.1301026838091275,29.89565779661325,,
2023-10-23 22:55:00+00:00,,,,233.36090834436982
2023-10-24 00:45:00+00:00,11.747887174911511,105.47265171478239,,
2023-10-24 02:55:00+00:00,,72.15347373876739,,
2023-10-24 04:00:00+00:00,,,,-121.08210833252997
2023-10-24 04:15:00+00:00,5.433568941468877,,,
2023-10-24 05:55:00+00:00,,-53.6827264541198,,
2023-10-24 15:30:00+00:00,-6.761801665883411,,,
2023-10-25 14:30:00+00:00,5.409687317083922,,,
2023-10-26 11:45:00+00:00,-6.732082192496762,,10805.935373837587,
2023-10-27 17:55:00+00:00,,,-1013.6802506783133,
2023-10-28 11:20:00+00:00,5.385910657224031,,,
2023-10-28 12:15:00+00:00,,,,-38.55368250736501
2023-10-29 17:05:00+00:00,,,,-27.75019666033586
2023-10-29 19:25:00+00:00,,-17.389161704299568,,
2023-10-29 20:40:00+00:00,,,,-18.202420523442015
2023-10-30 13:05:00+00:00,,,,-44.049831360133794
2023-10-30 16:40:00+00:00,,-18.262980860818516,,
2023-10-31 05:20:00+00:00,,,349.8038696569565,
2023-10-31 13:35:00+00:00,,-20.683320764920154,,
2023-11-01 13:35:00+00:00,,-20.680174431708565,,-59.38275769326083
2023-11-01 22:40:00+00:00,5.482749330840875,,,
2023-11-01 23:05:00+00:00,,22.248290383050062,,
2023-11-02 03:30:00+00:00,,-25.956711346101656,,
2023-11-02 04:05:00+00:00,,,,10.268685149861085
2023-11-02 13:40:00+00:00,-6.823004172443291,,,
2023-11-02 15:20:00+00:00,,,477.01170663985977,
2023-11-03 10:15:00+00:00,-6.673034540732999,,,
2023-11-05 00:10:00+00:00,,-20.08230810256873,,
2023-11-05 00:15:00+00:00,,,,-17.1516247151294
2023-11-05 03:55:00+00:00,5.338670387746561,,,
2023-11-05 06:25:00+00:00,,,,-28.23721750731147
2023-11-05 18:15:00+00:00,,-17.95969101107312,,
2023-11-06 00:15:00+00:00,,,,-54.57423460109476
2023-11-06 05:15:00+00:00,,-20.286476442814546,,
2023-11-06 11:10:00+00:00,,-20.316294869400735,,
2023-11-08 15:20:00+00:00,-6.64370521665046,,,
2023-11-08 21:00:00+00:00,,39.011231653374125,,
2023-11-09 02:20:00+00:00,,38.805202706363616,,
2023-11-09 04:25:00+00:00,5.69595870455737,,,
2023-11-09 10:20:00+00:00,,44.920706384897585,,
2023-11-09 15:55:00+00:00,,,,124.44884968532551
2023-11-09 16:10:00+00:00,,-62.2449377383241,,
2023-11-09 16:35:00+00:00,-6.622873748314589,,,
2023-11-09 20:35:00+00:00,,,1337.878105517957,
2023-11-10 13:05:00+00:00,5.717764670975441,,,
2023-11-11 22:40:00+00:00,,,166.0342321125936,
2023-11-13 05:25:00+00:00,,,-464.37856345937325,
2023-11-13 14:45:00+00:00,-6.602979450794692,,,
2023-11-14 11:45:00+00:00,,,-655.4752914374258,
2023-11-14 15:30:00+00:00,-6.457845962466138,,,
2023-11-15 15:45:00+00:00,5.166511696889756,,,
2023-11-15 18:10:00+00:00,,51.00758788740086,,
2023-11-15 22:40:00+00:00,5.2594055771998,,,
2023-11-15 23:55:00+00:00,,57.98999268841453,,
2023-11-16 01:50:00+00:00,,,,-62.66566955598864
2023-11-16 13:45:00+00:00,,,1333.6282618872574,
2023-11-17 16:40:00+00:00,,,-937.3879809253121,
2023-11-17 17:00:00+00:00,5.3539696894778785,,,
2023-11-19 14:20:00+00:00,,,-125.33624460740975,
2023-11-19 23:00:00+00:00,5.450234064494737,,,
2023-11-20 00:40:00+00:00,,23.594029897951714,,
2023-11-20 14:10:00+00:00,,-38.835503716511084,,
2023-11-21 12:05:00+00:00,,,771.0219966843433,
2023-11-21 14:30:00+00:00,,-52.999351630643105,,
2023-11-21 14:45:00+00:00,-6.782540568407967,,,
2023-11-21 22:55:00+00:00,-6.633460326714442,,,
2023-11-22 21:10:00+00:00,5.307009576880034,,,
2023-11-23 15:30:00+00:00,-6.604304939233032,,,
2023-11-23 15:50:00+00:00,,,423.7349853761043,
2023-11-24 15:25:00+00:00,,54.777984371229195,,
2023-11-24 16:50:00+00:00,,,,-19.100338396102416
2023-11-24 16:55:00+00:00,,-56.87017777539677,,
2023-11-25 12:20:00+00:00,,,425.3535071117003,
2023-11-26 12:15:00+00:00,,,-293.86152771278284,
2023-11-26 16:40:00+00:00,-6.459142316668647,,,
2023-11-27 02:45:00+00:00,,-30.328424562349483,,
2023-11-27 03:45:00+00:00,,,-733.5137204963758,
2023-11-27 13:15:00+00:00,-6.317170368548261,,,
2023-11-29 08:45:00+00:00,,35.80764515278497,,
2023-11-29 10:25:00+00:00,,,,-37.08167246260746
2023-11-29 16:30:00+00:00,,,514.8943358818287,
2023-11-30 09:40:00+00:00,,,-575.2032391942921,
2023-12-01 09:15:00+00:00,5.053966104184724,,,
2023-12-01 12:40:00+00:00,,,,-12.32957423194739
2023-12-01 16:25:00+00:00,,33.66908134478581,,
2023-12-01 23:30:00+00:00,,,,-25.120658081089914
2023-12-02 21:10:00+00:00,5.672691730176325,,,
2023-12-03 02:25:00+00:00,,,,34.318747132129374
2023-12-03 17:45:00+00:00,,,,-34.12235816824159
2023-12-03 22:20:00+00:00,,32.896658451340954,,
2023-12-04 01:15:00+00:00,5.246831412046504,,,
2023-12-04 07:10:00+00:00,5.461552532918688,,,
2023-12-04 08:10:00+00:00,,84.91981472895714,,
2023-12-04 11:10:00+00:00,,,,166.12063181711028
2023-12-04 15:30:00+00:00,-6.649461182157211,,,
2023-12-04 22:10:00+00:00,,46.15129526975488,,
2023-12-04 22:45:00+00:00,,,,-37.753149401790324
2023-12-05 07:20:00+00:00,,-66.45576057343442,,
2023-12-05 16:40:00+00:00,5.319810843321875,,,
2023-12-05 19:30:00+00:00,8.101149597287758,,,
2023-12-05 22:05:00+00:00,,71.01615514997502,,
2023-12-06 02:35:00+00:00,,,,103.93295943270914
2023-12-08 21:25:00+00:00,,43.485954626371495,,
2023-12-08 21:50:00+00:00,6.735927795057648,,,
2023-12-09 08:40:00+00:00,,-56.01189605464606,,16.348169762832185
2023-12-09 08:45:00+00:00,,,-73.87155552964396,
2023-12-09 23:30:00+00:00,-6.94635442879337,,,
2023-12-11 01:05:00+00:00,,,,-55.20682040707288
2023-12-11 02:00:00+00:00,-6.793673558448518,,,
2023-12-11 17:50:00+00:00,-6.644348613633781,,,
2023-12-12 00:20:00+00:00,5.315720602515341,,,
2023-12-12 16:10:00+00:00,,,,-89.34567415677247
2023-12-12 17:30:00+00:00,-6.615145369949403,,,
2023-12-13 16:05:00+00:00,5.292356945196957,,,
2023-12-13 19:35:00+00:00,,78.03390754212205,,
2023-12-13 21:50:00+00:00,5.387513523071561,,,
2023-12-14 13:25:00+00:00,-6.704488027610466,,,
2023-12-14 13:30:00+00:00,,-82.58262150015116,,94.74986112447732
2023-12-14 14:25:00+00:00,,,694.3710267723291,
2023-12-15 15:30:00+00:00,-6.557123380763642,,,
2023-12-17 01:50:00+00:00,,,,-48.63268896997397
2023-12-17 23:35:00+00:00,,,,-89.41668457584774
2023-12-18 00:10:00+00:00,-6.412997808854357,,,
2023-12-18 20:40:00+00:00,5.130631542490562,,,
2023-12-18 22:10:00+00:00,5.222880297624613,,,
2023-12-19 10:45:00+00:00,,52.904065493480175,,
2023-12-19 14:15:00+00:00,,,109.01005714989878,
2023-12-19 14:55:00+00:00,,,,77.41940453608777
2023-12-19 18:00:00+00:00,-6.4996103072614915,,,
2023-12-20 06:20:00+00:00,5.199924692051354,,,
2023-12-20 15:00:00+00:00,5.46373136791334,,,
2023-12-20 22:10:00+00:00,,,-635.6675361340822,
2023-12-22 07:55:00+00:00,,,,80.6147501077694
2023-12-23 02:05:00+00:00,,-17.25316995559524,,
2023-12-23 04:10:00+00:00,,,,-72.25067248906089
2023-12-24 05:50:00+00:00,,,,-34.242164647565914
2023-12-24 22:10:00+00:00,-6.591136032905865,,,
2023-12-26 05:35:00+00:00,,,,-81.43337582609638
2023-12-26 09:45:00+00:00,-6.446262862902643,,,
2023-12-26 17:35:00+00:00,-6.30457400517605,,,
2023-12-27 10:25:00+00:00,5.0438885552498505,,,
2023-12-28 06:00:00+00:00,,,-76.15998976826086,
2023-12-28 07:15:00+00:00,,,,23.4993310147006
2023-12-28 16:00:00+00:00,,-59.253378219749266,,
2023-12-29 01:00:00+00:00,-6.276864138986696,,,
2023-12-29 15:55:00+00:00,,,,-70.23193748199992
2023-12-29 22:20:00+00:00,-6.138898665211798,,,
2023-12-31 02:50:00+00:00,,,-669.977198706918,
2023-12-31 23:25:00+00:00,,,,-32.50231728615381
2024-01-01 15:40:00+00:00,4.911342256253704,,,
2024-01-02 01:15:00+00:00,11.271589068490016,,,
2024-01-02 05:05:00+00:00,,109.12861329657335,,
2024-01-02 16:20:00+00:00,,,2087.658165367,
2024-01-02 21:10:00+00:00,,,,168.43116115414296
2024-01-03 11:25:00+00:00,,,,-95.0608386137501
2024-01-03 11:50:00+00:00,-6.35966650306824,,,
2024-01-04 14:45:00+00:00,5.087964557747341,,,
2024-01-04 20:35:00+00:00,5.179446160495672,,,
2024-01-05 01:45:00+00:00,-6.445558720917745,,,
2024-01-05 02:10:00+00:00,,,-682.4932636240774,
2024-01-07 05:35:00+00:00,,,,-26.843035546779447
2024-01-07 15:45:00+00:00,,,,-35.669710174734064
2024-01-07 15:55:00+00:00,,,-556.1912738837491,
2024-01-08 12:00:00+00:00,3.724110607047919,,,
2024-01-08 17:55:00+00:00,3.7724681832804094,,,
2024-01-08 18:00:00+00:00,,41.71381009760398,,
2024-01-08 21:05:00+00:00,4.307258648238303,,,
2024-01-08 22:05:00+00:00,,55.05585659821281,,
2024-01-09 00:35:00+00:00,,,,171.4781514191659
2024-01-09 01:35:00+00:00,,,1725.029141091276,
2024-01-09 12:55:00+00:00,-5.071802669514682,,,
2024-01-09 21:20:00+00:00,-9.107637470058535,,,-74.29146403853838
2024-01-10 20:10:00+00:00,-4.830964878743998,,,
2024-01-10 23:40:00+00:00,-5.315494028892829,,,
2024-01-11 02:20:00+00:00,,,,-15.89716276891886
2024-01-11 06:05:00+00:00,-4.6586272741978405,,,
2024-01-11 15:10:00+00:00,3.5010193619041274,,,
2024-01-11 15:40:00+00:00,-4.638965303807424,-128.8544700146017,,-76.13777883886723
2024-01-11 16:10:00+00:00,,,-867.4633665053625,
2024-01-12 00:30:00+00:00,-4.560172478122297,,,
2024-01-15 21:30:00+00:00,,,,-27.694604145894118
2024-01-15 22:00:00+00:00,,,-893.8775238613161,
2024-01-15 22:05:00+00:00,-4.48271794858141,,,
2024-01-16 16:00:00+00:00,,46.27790217183792,,
2024-01-17 00:15:00+00:00,,,,-36.102145316011956
2024-01-17 12:35:00+00:00,-4.406578984224751,,,
2024-01-18 10:40:00+00:00,,,,-35.517552127020735
2024-01-19 23:35:00+00:00,,,,-4.123973600379031
2024-01-20 00:50:00+00:00,,,-545.6777953588607,
2024-01-20 23:50:00+00:00,,,,-26.458662267986256
2024-01-21 15:35:00+00:00,,,,-29.238383723478364
2024-01-21 19:40:00+00:00,,-12.654367861323408,,
2024-01-22 03:10:00+00:00,-4.331733240177698,,,
2024-01-23 19:10:00+00:00,-4.258158751093276,,,
2024-01-24 03:05:00+00:00,,,,-54.75454998235864
2024-01-24 03:45:00+00:00,,,-412.5574303639369,
2024-01-24 10:45:00+00:00,3.2000620260409676,,,
2024-01-24 12:55:00+00:00,,,,-31.93874719455971
2024-01-25 12:30:00+00:00,,,,-44.859731299869054
2024-01-26 01:00:00+00:00,,-28.652328894429502,,
2024-01-26 09:55:00+00:00,,,,-31.052452601100413
2024-01-26 14:55:00+00:00,3.2416148314491693,,,
2024-01-26 15:05:00+00:00,,47.592987290782276,,
2024-01-26 23:55:00+00:00,,,,123.46400971776302
2024-01-27 00:05:00+00:00,,,1153.4470153624789,
2024-01-28 00:45:00+00:00,,,,-16.855491117499696
2024-01-28 00:50:00+00:00,,,-233.89837633619754,
2024-01-28 04:40:00+00:00,3.2837072000355647,,,
2024-01-28 04:55:00+00:00,,44.432833355009734,,
2024-01-28 07:45:00+00:00,,,,12.206338953323666
2024-01-28 11:55:00+00:00,,,-131.71200414327905,
2024-01-28 18:15:00+00:00,,-51.38148496114445,,
2024-01-29 06:00:00+00:00,,,-501.42108287396695,
2024-01-29 14:30:00+00:00,,-43.449004079403494,,
2024-01-30 02:35:00+00:00,3.3263461380279296,37.85458831303413,,
2024-01-30 05:00:00+00:00,,,,73.8927707382968
2024-01-30 06:10:00+00:00,,,210.60823350118153,
2024-01-30 12:30:00+00:00,,,,-46.021006183004374
2024-01-31 20:05:00+00:00,-4.40751756207743,,,
2024-01-31 20:10:00+00:00,,,-817.0342430646779,
2024-01-31 20:50:00+00:00,,-58.30521264954268,,
2024-02-02 03:15:00+00:00,,,,-27.554043822165568
2024-02-02 03:30:00+00:00,,,247.62940186101332,
2024-02-02 17:55:00+00:00,,,,-53.71519482813346
2024-02-03 17:20:00+00:00,,6.787107484713033,,
2024-02-05 10:00:00+00:00,,19.779011279664246,,
2024-02-05 15:05:00+00:00,,,-195.36317436223908,
2024-02-05 15:20:00+00:00,,,,-36.336672388301395
2024-02-05 15:45:00+00:00,,-40.033670790085125,,
2024-02-07 17:20:00+00:00,,27.332755704250758,,
2024-02-08 01:20:00+00:00,,70.66077569580193,,
2024-02-08 07:00:00+00:00,,,162.87362401688733,
2024-02-08 14:00:00+00:00,4.586467627648801,,,
2024-02-09 02:15:00+00:00,,32.11743037289716,,
2024-02-09 11:00:00+00:00,,37.166081636252784,,
2024-02-09 11:50:00+00:00,4.668932315593906,,,
2024-02-09 15:15:00+00:00,,,897.1311079470615,
2024-02-09 17:25:00+00:00,,40.273477538920815,,
2024-02-09 22:40:00+00:00,,-74.77393596797083,,
2024-02-11 01:30:00+00:00,,,-131.97049573589902,
2024-02-11 03:35:00+00:00,4.752879718628321,,,
2024-02-11 08:55:00+00:00,,,-296.7882021853002,
2024-02-12 10:00:00+00:00,,,,376.92131669144374
2024-02-12 12:00:00+00:00,,-16.7500600555818,,
2024-02-12 19:05:00+00:00,4.8383364959692585,,,
2024-02-12 20:00:00+00:00,,54.21881377847831,,
2024-02-13 03:00:00+00:00,,,1123.6338607498838,
2024-02-13 14:10:00+00:00,,,,37.75261224565247
2024-02-13 14:20:00+00:00,-4.652765651726497,-67.96111457090501,,
2024-02-14 08:55:00+00:00,4.8416730597487,51.51696247510745,,
2024-02-14 13:35:00+00:00,4.928726341363017,,,
2024-02-14 14:30:00+00:00,,54.365491140499216,,
2024-02-14 18:30:00+00:00,,,413.99456236301194,
2024-02-15 22:00:00+00:00,,,,37.75359593350913
2024-02-16 14:55:00+00:00,,-37.03868936514891,,
2024-02-18 22:10:00+00:00,,35.74957657148616,,
2024-02-20 00:45:00+00:00,,,,-58.24152426835826
2024-02-20 13:30:00+00:00,,31.917817148115773,,
2024-02-20 14:10:00+00:00,-4.739688660959757,,,
2024-02-20 15:15:00+00:00,,-57.507053637196805,,
2024-02-20 15:20:00+00:00,,,,-74.83780160921788
2024-02-21 09:25:00+00:00,-4.659185049053406,,,
2024-02-21 09:55:00+00:00,,-69.13224280770737,,
2024-02-22 13:45:00+00:00,,,,-76.57422998497259
2024-02-23 14:20:00+00:00,,-48.818825377700705,,
2024-02-25 00:30:00+00:00,,,-179.97619962400495,
2024-02-26 07:55:00+00:00,,,,0.26426634790186654
2024-02-26 20:15:00+00:00,11.682572934233576,,,
2024-02-27 00:20:00+00:00,,166.51752455161886,,
2024-02-27 01:50:00+00:00,5.0584057530321616,,,
2024-02-27 02:05:00+00:00,5.149355888471689,,,
2024-02-27 09:30:00+00:00,,41.69749962732385,,
2024-02-27 16:10:00+00:00,,,4413.2496535917235,
2024-02-28 07:35:00+00:00,5.241941307346451,,,
2024-02-28 07:50:00+00:00,,55.3369885574125,,
2024-02-28 13:05:00+00:00,5.3361914120525284,69.88701407124108,,
2024-02-28 17:40:00+00:00,,74.40051931947073,,
2024-02-28 17:45:00+00:00,5.432136133641222,,,
2024-02-28 18:20:00+00:00,,,,594.8291598114733
2024-02-28 18:25:00+00:00,,,1868.9306919206283,
2024-02-28 23:15:00+00:00,5.529805941324014,,,
2024-02-29 00:50:00+00:00,-6.040479069377113,,,
2024-02-29 04:50:00+00:00,5.520624038481742,,,
2024-02-29 06:05:00+00:00,,94.25663618901399,,
2024-02-29 10:20:00+00:00,,,-1197.287864555714,
2024-02-29 16:40:00+00:00,-5.308884556446685,,,
2024-02-29 17:40:00+00:00,,-146.21347261061874,,
2024-03-02 14:00:00+00:00,-5.218713152255361,,,
2024-03-03 08:10:00+00:00,,,,-107.07086558491665
2024-03-03 11:25:00+00:00,,-60.62901190436287,,
2024-03-04 00:25:00+00:00,,43.50726704696581,,
2024-03-04 00:50:00+00:00,-8.804704099810294,-75.34559229756633,,2.715901607220985
2024-03-04 05:40:00+00:00,,,-679.8792281000351,
2024-03-04 14:35:00+00:00,5.2722900721764745,,,
2024-03-04 14:55:00+00:00,,62.645113047619816,,
2024-03-04 20:35:00+00:00,5.367085847674275,,,
2024-03-04 23:00:00+00:00,,70.11386283341653,,
2024-03-05 05:00:00+00:00,-5.161235210227687,-116.62248818395756,,
2024-03-05 08:10:00+00:00,,,,46.46662301518154
2024-03-05 15:30:00+00:00,,,,-129.05346830427334
2024-03-05 16:05:00+00:00,,-136.9035611658569,,
2024-03-06 02:55:00+00:00,-6.565622869084507,,,
2024-03-06 10:15:00+00:00,5.2527371429494,,,
2024-03-06 12:45:00+00:00,-6.536765640824001,,,
2024-03-06 13:45:00+00:00,,,-456.99904947039613,
2024-03-07 00:25:00+00:00,-6.393087532038805,,,
2024-03-07 22:25:00+00:00,,43.69874949730411,,
2024-03-08 14:45:00+00:00,5.114702596731547,,,
2024-03-08 15:35:00+00:00,-6.364988631160713,-94.11669992819907,,9.405497270544402
2024-03-08 16:30:00+00:00,,,-1763.90358237896,
2024-03-10 11:35:00+00:00,,10.854476773462466,,
2024-03-10 14:15:00+00:00,,,-339.1822667033921,
2024-03-11 00:50:00+00:00,-6.2250861810478,,,
2024-03-11 12:15:00+00:00,6.829788832664576,75.2074214045565,,
2024-03-11 21:10:00+00:00,,,555.1305125882864,
2024-03-12 03:30:00+00:00,,,,86.32807386667355
2024-03-12 15:00:00+00:00,,,,-95.20654895336065
2024-03-13 06:35:00+00:00,5.103095007508557,,,
2024-03-13 13:25:00+00:00,,,-296.98293008820474,
2024-03-13 13:35:00+00:00,,,,-45.303959568143
2024-03-13 13:55:00+00:00,-6.350543573595303,,,
2024-03-14 04:50:00+00:00,,,,-58.84747191635415
2024-03-14 11:15:00+00:00,,,,-65.21851826742477
2024-03-15 02:35:00+00:00,-6.210958625847752,,,
2024-03-15 02:45:00+00:00,,-100.22445708817713,,
2024-03-15 18:50:00+00:00,4.96899284619758,,,
2024-03-15 19:50:00+00:00,-6.183660218010971,,,
2024-03-16 10:20:00+00:00,-6.047743366419127,,,
2024-03-17 06:55:00+00:00,-5.914813967225257,,,
2024-03-17 22:35:00+00:00,4.7320663459934735,,,
2024-03-18 00:35:00+00:00,,,-672.9762250891363,
2024-03-18 08:25:00+00:00,-5.888817174510564,,,
2024-03-19 02:40:00+00:00,,-50.74282079559089,,
2024-03-19 22:15:00+00:00,-5.7593809730148,,,
2024-03-19 22:35:00+00:00,,-124.55819947305872,,
2024-03-20 17:15:00+00:00,4.607714296201948,,,
2024-03-21 01:25:00+00:00,9.745184995554894,,,
2024-03-21 04:05:00+00:00,,,-171.76466604221787,
2024-03-21 15:10:00+00:00,,,,-127.0115767808611
2024-03-22 11:00:00+00:00,,-100.68447458560104,,
2024-03-22 21:30:00+00:00,-5.948266505660797,,,
2024-03-23 14:30:00+00:00,4.758829593695964,,,
2024-03-23 23:05:00+00:00,-5.922122682335726,,,
2024-03-24 21:55:00+00:00,4.737913583962211,,,
2024-03-25 08:50:00+00:00,,,-655.0817479583202,
2024-03-25 14:00:00+00:00,4.823101270201846,52.318382312006634,,
2024-03-25 19:25:00+00:00,,76.11023033974516,,
2024-03-25 20:05:00+00:00,9.235723083018513,,,
2024-03-26 00:00:00+00:00,,,438.98549229116907,
2024-03-26 08:00:00+00:00,,,,261.736290731943
2024-03-26 14:30:00+00:00,-6.205106725637279,,,
2024-03-27 10:20:00+00:00,,-40.262017732191,,
2024-03-27 13:45:00+00:00,-6.068718479807842,-81.51699473409872,,-80.91614590680638
2024-03-28 17:30:00+00:00,,,102.97422712336993,
2024-03-29 15:40:00+00:00,-5.935328047621681,,,
2024-04-01 03:25:00+00:00,,,,-12.919108051544754
2024-04-02 02:30:00+00:00,-5.804869537134891,-54.83578222417327,,
2024-04-04 19:00:00+00:00,-3.0969321779552956,,,
2024-04-05 12:30:00+00:00,,-73.35995319620861,,
2024-04-06 22:50:00+00:00,4.588423961745264,,,
2024-04-07 16:40:00+00:00,,63.547545681339216,,
2024-04-07 18:40:00+00:00,,,,4.013568378343734
2024-04-07 18:45:00+00:00,,,-230.99054546275147,
2024-04-08 12:10:00+00:00,4.670923824577471,,,
2024-04-08 13:05:00+00:00,,61.98252734329708,,
2024-04-08 17:30:00+00:00,,,,48.914626982496884
2024-04-08 17:35:00+00:00,,,215.48832102060987,
2024-04-10 18:15:00+00:00,-3.170819541099604,,,
2024-04-11 07:20:00+00:00,,68.82789371304852,,
2024-04-11 11:05:00+00:00,,,-590.6892777678222,
2024-04-11 11:55:00+00:00,,,,-76.94854635983302
2024-04-13 07:15:00+00:00,-3.132801414801861,,,
2024-04-14 00:25:00+00:00,-3.0952391258383614,,,
2024-04-14 17:15:00+00:00,-3.0581272087195543,,,
2024-04-14 21:20:00+00:00,-3.021460263486972,,,
2024-04-15 09:20:00+00:00,4.476604547923387,,,
2024-04-16 13:40:00+00:00,-3.03890744345739,,,
2024-04-17 07:05:00+00:00,-3.0024709432103407,,,
2024-04-17 14:05:00+00:00,,-109.8736907925495,,
2024-04-17 19:05:00+00:00,-2.966471316601229,,,
2024-04-18 12:25:00+00:00,-2.930903325515203,,,
2024-04-18 17:50:00+00:00,-2.895761794642283,,,
2024-04-18 18:20:00+00:00,,,-369.06606723196455,
2024-04-19 01:35:00+00:00,,-103.47118370731869,,
2024-04-19 06:40:00+00:00,4.290369321169891,,,
2024-04-19 11:35:00+00:00,4.367510161564496,,,
2024-04-19 23:05:00+00:00,,,,-103.53604822482657
2024-04-21 09:20:00+00:00,,,-556.691770691672,
2024-04-21 16:05:00+00:00,-2.9648495857225043,,,
2024-04-21 16:10:00+00:00,,,,-74.04028091342025
2024-04-21 18:50:00+00:00,,41.65237223440636,,
2024-04-23 04:55:00+00:00,,,,10.003269264672326
2024-04-24 14:40:00+00:00,,-59.78447303963276,,
2024-04-26 00:30:00+00:00,-2.929301039189653,,,
2024-04-27 00:40:00+00:00,,-62.32946076400958,,
2024-04-30 02:05:00+00:00,,,,-81.61817582350886
2024-04-30 05:05:00+00:00,,,-660.3664181788627,
2024-04-30 08:10:00+00:00,,-50.64946665625121,,
2024-05-01 13:30:00+00:00,-2.89417871972978,,,
2024-05-01 19:30:00+00:00,-2.859477516880247,-89.31942994478732,,
2024-05-02 13:10:00+00:00,-2.825192381452865,,,
2024-05-03 14:55:00+00:00,4.185813467880706,,,
2024-05-03 21:25:00+00:00,-2.8415062282791155,,,
2024-05-03 23:30:00+00:00,,77.39039975226933,,
2024-05-06 03:10:00+00:00,,,,-56.76383253416634
2024-05-06 10:30:00+00:00,,-34.359356810608006,,
2024-05-06 10:35:00+00:00,,,,-14.611723211828576
2024-05-06 11:10:00+00:00,,,-1016.1049140515024,
2024-05-09 22:45:00+00:00,,34.87455955117457,,
2024-05-10 14:00:00+00:00,,,,-25.314851895964694
2024-05-10 14:15:00+00:00,,,-614.0778243345267,
2024-05-12 17:00:00+00:00,,-26.104543395016208,,-26.05592480464611
2024-05-13 01:40:00+00:00,,-23.654569206530596,,
2024-05-13 10:55:00+00:00,,30.480970724058352,,
2024-05-14 02:05:00+00:00,,,-290.35214101549354,
2024-05-14 06:05:00+00:00,,,,21.625025555028515
2024-05-14 06:15:00+00:00,-5.146576795485686,,,
2024-05-15 12:30:00+00:00,,33.98031662490439,,
2024-05-15 15:20:00+00:00,4.117448661265968,,,
2024-05-15 16:05:00+00:00,,40.156801120221644,,
2024-05-15 22:25:00+00:00,,43.037947953277126,,
2024-05-16 13:10:00+00:00,,,,133.65924917680513
2024-05-16 14:55:00+00:00,,,2412.9756526080746,
2024-05-17 18:00:00+00:00,,-39.62611833773644,,
2024-05-17 18:05:00+00:00,,,,-35.65544248449851
2024-05-18 06:35:00+00:00,,,-479.47914834728726,
2024-05-19 11:00:00+00:00,,,,-30.895351208845113
2024-05-20 06:55:00+00:00,,-27.024514843149518,,
2024-05-20 19:05:00+00:00,,25.556068832705023,,
2024-05-20 21:50:00+00:00,,28.886001155690337,,
2024-05-20 23:20:00+00:00,,34.307234524344494,,
2024-05-20 23:25:00+00:00,4.191480388195515,,,
2024-05-21 14:15:00+00:00,,,1568.069319842718,
2024-05-21 14:25:00+00:00,,,,155.7451384145602
2024-05-21 15:50:00+00:00,-5.21608529802802,-38.504277526658825,,
2024-05-24 06:55:00+00:00,-5.1014357431774044,,,
2024-05-25 16:45:00+00:00,,,-92.80214466289908,
2024-05-26 05:00:00+00:00,,16.63630871000578,,
2024-05-27 05:00:00+00:00,,-22.470501368187342,,
2024-05-27 18:05:00+00:00,,34.68819816384212,,
2024-05-27 19:45:00+00:00,,,,-1.0100184558000365
2024-05-27 23:25:00+00:00,,,-474.8800134287667,
2024-05-28 13:35:00+00:00,,-34.951670295746226,,
2024-05-29 15:15:00+00:00,,-38.80202149370234,,
2024-05-30 19:45:00+00:00,,-34.72809736627414,,-36.65494501401372
2024-05-30 21:10:00+00:00,,,-803.0707499670098,
2024-05-31 13:55:00+00:00,,-32.80550588040296,,
2024-06-02 07:50:00+00:00,,-8.328883133706768,,
2024-06-02 18:00:00+00:00,,,,-38.21319061959775
2024-06-02 18:25:00+00:00,,-25.00303071194776,,
2024-06-03 08:15:00+00:00,,15.205266303162716,,
2024-06-03 13:30:00+00:00,,18.065792766739378,,
2024-06-04 17:30:00+00:00,,,,3.2720395291307796
2024-06-04 19:00:00+00:00,,,,-27.978262313720734
2024-06-05 00:35:00+00:00,,30.40912530417063,,
2024-06-05 02:00:00+00:00,,,,-16.526902384093773
2024-06-05 08:05:00+00:00,,,,-19.031123446337915
2024-06-05 14:10:00+00:00,,,208.83899887908774,
2024-06-05 16:45:00+00:00,,,,-12.762320566077506
2024-06-07 12:20:00+00:00,,,,-10.669646295998518
2024-06-07 12:35:00+00:00,,,,-63.750970320576016
2024-06-07 15:50:00+00:00,,,-543.5097120303399,
2024-06-10 00:40:00+00:00,,,-296.0292049666896,
2024-06-10 06:45:00+00:00,,-17.296960394305643,,
2024-06-10 19:05:00+00:00,,-16.261861173311445,,
2024-06-10 20:15:00+00:00,,,-510.39713837278396,
2024-06-12 12:30:00+00:00,,31.11857275965349,,
2024-06-12 19:35:00+00:00,,-38.73690518792819,,
2024-06-12 19:45:00+00:00,-4.989306185542318,,,
2024-06-12 19:55:00+00:00,,,-546.0942177666802,
2024-06-16 12:10:00+00:00,,-2.8867843403845654,,
2024-06-16 21:50:00+00:00,,,-286.44833146640303,
2024-06-18 00:45:00+00:00,,-26.23472800023319,,
2024-06-18 00:55:00+00:00,,,-1220.205486478444,
2024-06-20 14:05:00+00:00,,,-492.4109046742378,
2024-06-25 09:50:00+00:00,,38.05903956658176,,
2024-06-26 05:25:00+00:00,,,123.56845525097742,
2024-06-28 05:40:00+00:00,,,-305.5221761840003,
2024-06-28 14:35:00+00:00,,-33.420593235747674,,
2024-07-01 02:10:00+00:00,,,,-4.261531997773545
2024-07-01 03:30:00+00:00,,62.36568772709688,,
2024-07-01 08:40:00+00:00,,-25.78574331745631,,
2024-07-01 10:05:00+00:00,,,977.9417883138376,
2024-07-01 18:25:00+00:00,,,,-28.343938372453067
2024-07-01 22:20:00+00:00,,-27.74652023034014,,
2024-07-01 22:30:00+00:00,,,-699.6493964979381,
2024-07-04 01:55:00+00:00,,,-1266.0612217957387,
2024-07-04 23:30:00+00:00,,,,-74.45497245360502
2024-07-04 23:40:00+00:00,,-40.52268125560977,,
2024-07-04 23:55:00+00:00,,,-903.9216196279522,
2024-07-05 15:00:00+00:00,2.882717991085457,,,
2024-07-06 15:30:00+00:00,2.9201500841997188,,,
2024-07-06 16:20:00+00:00,,66.41451209261595,,
2024-07-07 04:50:00+00:00,,,,105.26922154735712
2024-07-07 07:35:00+00:00,,,1252.6530576230289,
2024-07-07 13:20:00+00:00,,,-771.8611712703059,
2024-07-07 21:30:00+00:00,,,-906.2557484939607,
2024-07-08 13:15:00+00:00,,65.78949195323685,,
2024-07-08 14:25:00+00:00,-5.00718827587886,,,-74.05866724707039
2024-07-10 12:30:00+00:00,-4.897130277575087,-53.80898774510206,,51.19906760419599
2024-07-10 13:50:00+00:00,,,1297.4203308799479,
2024-07-11 03:15:00+00:00,,,,-47.72473638056772
2024-07-11 14:15:00+00:00,,,,-22.60192119797057
2024-07-12 01:25:00+00:00,,,-1133.3555405571678,
2024-07-12 20:15:00+00:00,,,,-8.195973903460072
2024-07-13 22:25:00+00:00,,,,-2.845037814513944
2024-07-13 22:50:00+00:00,,43.6079437800945,,
2024-07-14 14:30:00+00:00,,,,24.50944341078457
2024-07-14 21:20:00+00:00,,33.55765477863906,,
2024-07-15 02:25:00+00:00,,31.950998647552296,,
2024-07-15 15:00:00+00:00,,38.21835035117965,,
2024-07-15 22:40:00+00:00,,41.936349794969374,,
2024-07-16 05:35:00+00:00,,,,211.5634863534724
2024-07-16 05:50:00+00:00,,-44.13779097001361,,
2024-07-16 07:00:00+00:00,,,4394.105657964712,
2024-07-16 19:55:00+00:00,,48.45581355466038,,
2024-07-17 08:20:00+00:00,,,,-17.433082411987016
2024-07-17 16:10:00+00:00,,-47.993349354581824,,
2024-07-17 16:40:00+00:00,,,257.67682081893145,
2024-07-18 14:50:00+00:00,,,-710.353421671105,
2024-07-19 07:35:00+00:00,,,,-31.570930458519342
2024-07-19 08:05:00+00:00,,-38.985762283592976,,
2024-07-19 17:20:00+00:00,2.829460656626452,,,
2024-07-19 21:00:00+00:00,,76.36686335159175,,
2024-07-21 06:15:00+00:00,,-36.142264816384795,,132.4482543991685
2024-07-21 17:50:00+00:00,,,,-45.90251429545697
2024-07-22 06:35:00+00:00,,-33.724495380870394,,-32.299350239248724
2024-07-22 14:50:00+00:00,,,2083.1351152007046,
2024-07-23 01:25:00+00:00,,,,-50.9491845530556
2024-07-23 04:35:00+00:00,,-35.407006565038046,,
2024-07-23 05:05:00+00:00,,,-510.2893589007508,
2024-07-23 17:05:00+00:00,,,-1150.9069416901475,
2024-07-24 16:05:00+00:00,,,,-12.270215994517002
2024-07-24 21:45:00+00:00,,,-639.3377242377173,
2024-07-25 21:45:00+00:00,,40.099719753649424,,
2024-07-26 09:20:00+00:00,,41.86638918618337,,
2024-07-26 14:30:00+00:00,,,,147.1161532259771
2024-07-27 15:35:00+00:00,,,,30.684197779651186
2024-07-27 19:00:00+00:00,,-35.715316028884445,,
2024-07-27 20:40:00+00:00,,,1520.0416978852882,
2024-07-28 00:05:00+00:00,-4.851682899306638,,,
2024-07-28 05:05:00+00:00,,-46.45287138640924,,
2024-07-29 13:45:00+00:00,,,,51.66742857350255
2024-07-29 14:55:00+00:00,,-45.18718778917537,-560.7890999056326,
2024-07-30 14:35:00+00:00,,,-764.4960809755648,
2024-07-31 04:55:00+00:00,,,-698.8623166870093,
2024-07-31 14:25:00+00:00,,,,-32.29827144122919
2024-07-31 19:50:00+00:00,,,-749.9166951492953,
2024-08-01 14:25:00+00:00,,,,-51.44989420881711
2024-08-01 15:10:00+00:00,,,-777.2520674111074,
2024-08-02 02:20:00+00:00,,,,-54.04014990263613
2024-08-02 13:30:00+00:00,,40.27580660818421,,
2024-08-03 15:30:00+00:00,,,,-39.79212306824411
2024-08-04 14:45:00+00:00,,,-1112.51865253711,
2024-08-04 21:25:00+00:00,-3.6667221934676775,,,
2024-08-05 00:05:00+00:00,,-41.934638764980264,,
2024-08-05 09:45:00+00:00,-3.604442917011653,,,
2024-08-05 12:30:00+00:00,,-80.324914567419,,
2024-08-05 14:00:00+00:00,2.708786021845725,,,
2024-08-05 16:05:00+00:00,3.3689833440669474,,,
2024-08-05 17:05:00+00:00,-3.646452366746246,,,
2024-08-06 00:15:00+00:00,2.7403566730798445,,,
2024-08-06 08:35:00+00:00,-3.631062331389302,,,
2024-08-07 00:15:00+00:00,-3.5693887376906446,,,
2024-08-07 08:50:00+00:00,,150.68826843884972,,
2024-08-07 14:15:00+00:00,,,,121.0766863792528
2024-08-07 14:25:00+00:00,-3.5087626699809675,,,
2024-08-07 18:30:00+00:00,,,123.32075691951468,
2024-08-08 12:30:00+00:00,2.6368810640780964,,,
2024-08-08 13:45:00+00:00,,,,-23.863856868332732
2024-08-08 16:35:00+00:00,,91.7936698035187,,
2024-08-08 21:40:00+00:00,2.6711209646951772,,,
2024-08-09 10:20:00+00:00,-3.5393227504901006,,,129.57560648530352
2024-08-10 17:00:00+00:00,,46.522459549141786,,
2024-08-11 11:00:00+00:00,,,,-21.700630297592397
2024-08-11 19:30:00+00:00,,,1815.2395993965765,
2024-08-12 13:45:00+00:00,-3.4792073535730026,-38.5691034143706,,-50.562036438528594
2024-08-12 18:35:00+00:00,-3.420113016672559,,,
2024-08-12 18:50:00+00:00,,-43.09819808578686,,
2024-08-13 10:20:00+00:00,,,,-116.39379856457208
2024-08-14 11:40:00+00:00,2.5702596894989824,,,
2024-08-14 13:10:00+00:00,,,,70.8718237197204
2024-08-14 14:00:00+00:00,,-52.31084837605886,,
2024-08-14 14:15:00+00:00,,,-380.1447852275887,
2024-08-15 18:00:00+00:00,,-41.37558401518345,,-39.16226969451327
2024-08-15 18:35:00+00:00,,,-1374.5898516951129,
2024-08-16 12:30:00+00:00,,,,-55.3068637951269
2024-08-16 15:35:00+00:00,,,,-76.53899249103915
2024-08-17 21:30:00+00:00,,,,6.833692372333644
2024-08-18 02:55:00+00:00,2.6036345115671224,,,
2024-08-18 03:25:00+00:00,,,,-16.952024002286635
2024-08-18 17:20:00+00:00,,,,-50.868769752910794
2024-08-18 18:10:00+00:00,,2.2762438618669876,,
2024-08-18 23:35:00+00:00,,,525.0017059853635,
2024-08-19 13:50:00+00:00,,,,-49.51018107049185
2024-08-20 00:25:00+00:00,,36.851313483060494,,
2024-08-20 05:15:00+00:00,2.6374427056998684,,,
2024-08-20 13:35:00+00:00,,,,79.52170275771641
2024-08-20 14:40:00+00:00,,-33.256349399450755,,
2024-08-20 15:15:00+00:00,,,-416.4453148725588,
2024-08-21 09:15:00+00:00,,,,-40.858420992293304
2024-08-22 02:45:00+00:00,,,,23.79299609045529
2024-08-22 02:50:00+00:00,-3.494697954445769,-37.36406723000118,,
2024-08-22 13:30:00+00:00,,,,-49.067986473178735
2024-08-23 11:40:00+00:00,,,,-22.749959080549615
2024-08-23 14:45:00+00:00,-3.4353405096895244,-33.922871570106054,,-16.33958241103801
2024-08-23 21:15:00+00:00,2.5817033497765465,,,
2024-08-23 23:00:00+00:00,,66.20779084436845,,
2024-08-24 21:35:00+00:00,,,,81.66197097503846
2024-08-25 23:40:00+00:00,,-22.61064192113463,,-18.986620273961307
2024-08-26 22:50:00+00:00,,,2511.40182822958,
2024-08-28 14:45:00+00:00,-3.420841482528431,-43.07776327183092,,
2024-08-29 18:10:00+00:00,,,,8.54237378130847
2024-08-30 13:50:00+00:00,,,,-51.69943125856207
2024-08-30 15:20:00+00:00,,,-1147.5804511725,
2024-09-01 02:25:00+00:00,-3.3627384899476738,,,
2024-09-01 02:30:00+00:00,,,-966.984514186166,
2024-09-01 05:20:00+00:00,,-36.960162260078505,,
2024-09-01 22:20:00+00:00,,-35.41232572394165,,
2024-09-01 23:45:00+00:00,,,-1122.619492779515,
2024-09-03 02:00:00+00:00,,40.273977127039416,,
2024-09-03 05:05:00+00:00,,,,-14.015244886049004
2024-09-03 14:35:00+00:00,,,-516.5531251866487,
2024-09-04 16:00:00+00:00,1.5550145887430062,,,
2024-09-05 03:05:00+00:00,,,,-66.6016576504835
2024-09-05 05:20:00+00:00,,,-407.5628101627517,
2024-09-05 12:20:00+00:00,,-59.090502151705095,,
2024-09-06 14:05:00+00:00,,-57.44170240360154,,
2024-09-06 15:10:00+00:00,,,-1821.8292040451852,
2024-09-07 21:15:00+00:00,,,,-61.03528628315689
2024-09-07 23:10:00+00:00,,,-608.1468658658487,
2024-09-08 16:10:00+00:00,,,-639.164405430507,
2024-09-08 23:00:00+00:00,,,,-34.14473169696248
2024-09-09 01:00:00+00:00,,30.83749793535935,,
2024-09-09 14:35:00+00:00,,,,-41.625384972088796
2024-09-09 16:30:00+00:00,,37.19446439764715,,
2024-09-09 21:10:00+00:00,1.5674391553070848,,,
2024-09-09 22:10:00+00:00,,46.63634632060439,,
2024-09-09 23:05:00+00:00,,,,64.98955002678713
2024-09-11 01:35:00+00:00,,-53.415111666214216,,
2024-09-11 05:05:00+00:00,,,911.805992641508,
2024-09-11 16:55:00+00:00,1.5799629941579667,,,
2024-09-12 13:50:00+00:00,,,,-53.253932330485895
2024-09-12 15:00:00+00:00,,,,-65.67650864294274
2024-09-13 15:30:00+00:00,,56.80313949397032,,
2024-09-13 21:10:00+00:00,1.5925868984813008,,,
2024-09-14 10:45:00+00:00,,,,81.26499952932772
2024-09-15 17:10:00+00:00,,,,-36.093187103242144
2024-09-15 22:35:00+00:00,,,1231.9741570052065,
2024-09-16 02:10:00+00:00,,-47.97358960066549,,
2024-09-16 13:30:00+00:00,,-32.64989106168332,,
2024-09-17 15:25:00+00:00,2.3534227387521582,,,
2024-09-17 19:15:00+00:00,,70.2408926651974,,
2024-09-17 19:25:00+00:00,,,,71.70249429224623
2024-09-18 19:35:00+00:00,,,,-57.01027777206582
2024-09-18 20:00:00+00:00,,-51.62187723337411,,
2024-09-19 14:30:00+00:00,,57.00430534348288,,
2024-09-19 22:20:00+00:00,,,,66.5742572757822
2024-09-20 13:10:00+00:00,,,,-53.19517669699735
2024-09-22 02:10:00+00:00,,,,-27.058873642918115
2024-09-22 02:40:00+00:00,,-26.5630744312125,,
2024-09-22 10:40:00+00:00,,,3129.802183540982,
2024-09-22 22:00:00+00:00,,-25.88244356484529,,
2024-09-23 00:10:00+00:00,,-28.329276798441242,,-40.481968151621004
2024-09-23 00:15:00+00:00,-3.4525158986827478,,,
2024-09-23 04:25:00+00:00,,,,-15.613534253023772
2024-09-23 13:10:00+00:00,,-30.132916262145955,,
2024-09-24 14:05:00+00:00,,,,-42.984172955788836
2024-09-25 06:20:00+00:00,,,,-4.377914963609328
2024-09-25 18:10:00+00:00,,,-138.85495330647973,
2024-09-26 01:20:00+00:00,,-42.09312952793471,,
2024-09-26 15:00:00+00:00,,,,11.642446795802698
2024-09-26 15:20:00+00:00,,36.60576468286354,,
2024-09-26 19:55:00+00:00,,,,-34.201934764352245
2024-09-27 18:30:00+00:00,,,,-23.03862090474786
2024-09-29 03:40:00+00:00,,10.14436262820982,,
2024-09-29 22:20:00+00:00,,,,-28.357445233766157
2024-09-30 01:45:00+00:00,,,988.4481531023848,
2024-10-01 13:35:00+00:00,,-34.14841040493911,,
2024-10-02 19:25:00+00:00,,-45.89231137430079,,
2024-10-02 19:50:00+00:00,,,-1555.1915671053212,
2024-10-04 14:30:00+00:00,,,,-31.875965043136148
2024-10-05 02:55:00+00:00,,,,-26.87820234586161
2024-10-06 21:50:00+00:00,,,,-8.663661325235807
2024-10-07 06:55:00+00:00,,45.97154090296135,,
2024-10-07 09:30:00+00:00,,,,-11.252871195108128
2024-10-07 18:15:00+00:00,,-29.97408698784193,,
2024-10-07 18:50:00+00:00,,,,-72.96997409004462
2024-10-09 18:35:00+00:00,,,-55.68523122111219,
2024-10-10 17:10:00+00:00,,,-1045.0713663190472,
2024-10-11 12:30:00+00:00,,38.05983287273557,,
2024-10-11 20:15:00+00:00,,40.89489003113977,,
2024-10-11 22:40:00+00:00,,,,44.4909477273095
2024-10-13 01:20:00+00:00,,,,-36.078932139329936
2024-10-13 15:15:00+00:00,,,1178.8320383906612,
2024-10-14 07:50:00+00:00,1.5965299134522866,,,
2024-10-14 08:40:00+00:00,,47.32439074060403,,
2024-10-14 14:20:00+00:00,,30.953261983373068,,
2024-10-15 03:40:00+00:00,,,,101.70640998825593
2024-10-15 13:45:00+00:00,1.6092861874608104,,,
2024-10-15 14:35:00+00:00,-3.448325702617666,,,
2024-10-15 14:40:00+00:00,,,,-52.628604662548696
2024-10-15 15:05:00+00:00,,-35.96164334789091,,
2024-10-15 16:40:00+00:00,1.5945922617346753,,,
2024-10-17 04:55:00+00:00,,,,-47.71285074999378
2024-10-18 04:45:00+00:00,,23.593445524131766,,
2024-10-19 11:25:00+00:00,,,,6.1818475374561785
2024-10-20 13:00:00+00:00,,,,-16.683613464033442
2024-10-21 03:50:00+00:00,,-1.749140983351026,,
2024-10-21 07:50:00+00:00,,,,-5.606001157976607
2024-10-21 13:30:00+00:00,,,3814.200845637548,
2024-10-22 00:25:00+00:00,,-33.32985379479487,,
2024-10-22 13:50:00+00:00,,-36.08562393927923,,
2024-10-23 09:10:00+00:00,,,-974.114308814962,
2024-10-24 08:55:00+00:00,,,,-32.104856380946785
2024-10-24 13:20:00+00:00,,37.584209379538606,,
2024-10-25 04:25:00+00:00,,,,-2.67015076458938
2024-10-25 17:55:00+00:00,,-37.43244549378869,,
2024-10-28 12:10:00+00:00,,54.181129632267584,,
2024-10-28 15:30:00+00:00,,-24.814126080841106,,
2024-10-29 04:05:00+00:00,,36.35128112877919,,
2024-10-29 15:40:00+00:00,,34.92519428960577,,
2024-10-29 15:45:00+00:00,1.6073330539059612,,,
2024-10-29 20:25:00+00:00,,,,202.41195626314948
2024-11-01 15:45:00+00:00,,,,-78.95320226807416
2024-11-01 15:50:00+00:00,,-58.6732850516114,,
2024-11-01 19:15:00+00:00,,,-1521.7834920365567,
2024-11-04 16:50:00+00:00,,,-1086.2470854140338,
2024-11-04 17:00:00+00:00,,-40.51085258955982,,
2024-11-05 19:55:00+00:00,,-51.69997518142509,,
2024-11-06 02:15:00+00:00,1.6201756450066398,,,
2024-11-06 03:35:00+00:00,3.004094120277898,,,
2024-11-06 04:30:00+00:00,1.6571235604312733,,,
2024-11-06 07:30:00+00:00,,83.73405300827153,,
2024-11-06 08:05:00+00:00,,,,166.95288643352706
2024-11-09 08:05:00+00:00,,15.785304714439462,,
2024-11-09 17:00:00+00:00,,,4997.735728131112,
2024-11-10 09:55:00+00:00,,36.01821216744838,,
2024-11-10 11:10:00+00:00,1.6703639776791306,,,
2024-11-10 20:40:00+00:00,,,,159.0460707320567
2024-11-10 23:40:00+00:00,-3.5792011898429905,,,
2024-11-11 15:10:00+00:00,,43.6311199669085,,
2024-11-11 16:00:00+00:00,1.6551123683539686,,,
2024-11-11 18:40:00+00:00,1.6683367161770946,,,
2024-11-11 20:10:00+00:00,1.6816667265394187,,,
2024-11-11 22:35:00+00:00,,77.84843615292766,,
2024-11-12 00:10:00+00:00,-3.6034203496845976,,,
2024-11-12 02:30:00+00:00,-3.5422162550452185,,,
2024-11-12 07:10:00+00:00,,68.23718288080318,,
2024-11-12 10:45:00+00:00,,,,216.03242777475316
2024-11-12 13:00:00+00:00,-3.482051711953261,,,
2024-11-12 13:45:00+00:00,,,5977.864955293146,
2024-11-12 19:30:00+00:00,1.6101880140341223,,,
2024-11-13 14:30:00+00:00,1.623053416266231,,,
2024-11-13 14:50:00+00:00,1.636021613062212,,,
2024-11-13 15:45:00+00:00,1.6490934257505785,,,
2024-11-13 18:50:00+00:00,,120.82283855729338,,
2024-11-13 19:10:00+00:00,-3.5336233482536272,,,
2024-11-13 21:00:00+00:00,,-126.85608811158863,,
2024-11-13 21:05:00+00:00,,,,-85.34404751399825
2024-11-14 15:50:00+00:00,,,-708.9693681508434,
2024-11-17 02:05:00+00:00,,,191.693445540659,
2024-11-17 22:00:00+00:00,,,,-75.5427962934491
2024-11-18 08:35:00+00:00,,19.181206843292784,,
2024-11-18 11:40:00+00:00,,-54.50913901043032,,
2024-11-18 11:50:00+00:00,,,,-64.09932910900625
2024-11-18 13:20:00+00:00,,,-1006.2034675003451,
2024-11-18 16:45:00+00:00,-3.4736047556835103,,,
2024-11-18 19:15:00+00:00,,,,-105.09097089004399
2024-11-18 23:25:00+00:00,-3.4146055789082084,,,
2024-11-21 04:00:00+00:00,,64.56556911341067,,
2024-11-21 11:00:00+00:00,1.5789992310963612,,,
2024-11-21 15:40:00+00:00,,,,107.74782218423661
2024-11-21 19:15:00+00:00,,60.932401454376304,,
2024-11-22 14:55:00+00:00,,,3111.5840333071465,
2024-11-24 08:35:00+00:00,,-16.33129953912112,,
2024-11-24 12:35:00+00:00,,,,-76.77966514796344
2024-11-25 14:40:00+00:00,,,-646.1915577269538,
2024-11-25 14:45:00+00:00,,,,-76.05471884609187
2024-11-25 14:50:00+00:00,,-45.15875190531233,,
2024-11-26 20:05:00+00:00,,-80.86942316605246,,
2024-11-30 01:50:00+00:00,,,,59.4779352106475
2024-11-30 02:05:00+00:00,,,1507.7801692198773,
2024-11-30 04:45:00+00:00,,8.052611532429182,,
2024-12-02 03:55:00+00:00,,,,-30.610746364273382
2024-12-02 04:20:00+00:00,,,-708.7893035672168,
2024-12-02 17:30:00+00:00,,-44.352790635737165,,
2024-12-02 17:55:00+00:00,-4.37843645309934,,-1520.343515727327,
2024-12-04 16:25:00+00:00,,,-1004.3763322241502,-58.03476916986483
2024-12-05 00:10:00+00:00,4.787372526192485,,,
2024-12-05 02:40:00+00:00,,37.48034150713829,,
2024-12-05 06:45:00+00:00,3.98383570498288,,,
2024-12-05 14:40:00+00:00,,45.58684773850973,,
2024-12-05 16:35:00+00:00,-4.474989576781468,,,
2024-12-05 16:40:00+00:00,,,,120.82050878421569
2024-12-05 20:05:00+00:00,,,839.2866084831694,
2024-12-06 16:30:00+00:00,2.5855564848453696,,,
2024-12-08 09:00:00+00:00,,,-1163.2804566433042,
2024-12-08 23:45:00+00:00,2.6191299358010554,,,
2024-12-09 00:40:00+00:00,,,,-50.77353128025834
2024-12-09 03:15:00+00:00,,,-648.5606442000644,
2024-12-09 03:45:00+00:00,-4.4910283134096005,,,
2024-12-09 15:45:00+00:00,-4.392315511080881,,,
2024-12-10 03:25:00+00:00,-4.295772416147315,,,
2024-12-10 16:10:00+00:00,-4.201351338440389,,,
2024-12-10 16:30:00+00:00,,-77.86110343844302,,
2024-12-11 08:10:00+00:00,2.4274539665030943,,,
2024-12-11 19:00:00+00:00,3.3302161922270272,,,
2024-12-12 16:40:00+00:00,2.5022173135142225,,,
2024-12-12 19:25:00+00:00,-4.29055796266141,,,
2024-12-12 19:30:00+00:00,,,,45.54405938987293
2024-12-12 20:05:00+00:00,,,754.7929307989834,
2024-12-15 11:55:00+00:00,2.4789957101850177,,,
2024-12-15 23:20:00+00:00,2.5111854694818305,,,
2024-12-16 02:25:00+00:00,,,,91.59145500250588
2024-12-16 12:45:00+00:00,,-44.986566215447965,,
2024-12-16 19:05:00+00:00,2.900040179032345,,,
2024-12-17 14:55:00+00:00,2.581450234527722,,,
2024-12-17 15:25:00+00:00,,,,-53.0726036630972
2024-12-17 23:10:00+00:00,,,2513.509403592805,
2024-12-18 03:40:00+00:00,,-52.79825060184112,,
2024-12-18 20:00:00+00:00,-4.426418840261221,,,
2024-12-19 14:30:00+00:00,2.557493317182292,,,
2024-12-20 02:00:00+00:00,-4.3853398572639435,,,
2024-12-20 08:40:00+00:00,-4.288950087201272,,,
2024-12-20 18:35:00+00:00,2.626139302738693,,,
2024-12-21 06:40:00+00:00,2.5121671318230767,,,
2024-12-21 13:25:00+00:00,-4.307618939716292,,,
2024-12-22 04:50:00+00:00,,,-1484.8049756155015,
2024-12-22 05:00:00+00:00,,,,-87.59323011007837
2024-12-22 07:10:00+00:00,,-23.83072605109055,,
2024-12-22 15:00:00+00:00,-4.212937475421313,,,
2024-12-23 14:40:00+00:00,-4.120337109711528,,,
2024-12-24 19:30:00+00:00,6.321325234866407,,,
2024-12-25 10:20:00+00:00,,46.754409658939494,,
2024-12-26 08:05:00+00:00,-4.168714828702434,,648.9477005541921,38.828040845625765
2024-12-27 15:20:00+00:00,,,,-98.25550020990977
2024-12-27 15:30:00+00:00,-4.07708647676759,,,
2024-12-29 14:40:00+00:00,,,-797.2628881998899,
2024-12-30 21:40:00+00:00,,-46.44714571098484,,
2024-12-30 21:50:00+00:00,-3.987472116008263,,,
2024-12-30 22:15:00+00:00,,,-1249.644367047178,
2024-12-31 17:40:00+00:00,,,,-79.75967737811698
2025-01-01 09:30:00+00:00,,,-857.3969363683718,
2025-01-02 08:10:00+00:00,,43.459168290836715,,
2025-01-03 07:35:00+00:00,,,-104.66018815432471,
2025-01-04 09:50:00+00:00,,,-728.7204646092796,
2025-01-05 07:10:00+00:00,,20.178870784610808,,
2025-01-05 08:35:00+00:00,,,-477.92426008174516,
2025-01-05 14:20:00+00:00,,,,25.944541464142276
2025-01-06 06:55:00+00:00,,20.153802285241454,,
2025-01-06 20:00:00+00:00,,32.32498140945381,,
2025-01-07 11:10:00+00:00,,,747.8663363110172,
2025-01-07 11:45:00+00:00,,,,54.37258296178197
2025-01-07 15:00:00+00:00,-3.899827478898345,,,
2025-01-09 13:35:00+00:00,,-67.01153716161662,,
2025-01-09 19:45:00+00:00,-3.8141092709121835,,,
2025-01-11 04:35:00+00:00,-3.7302751491374977,,,
2025-01-12 08:55:00+00:00,,,-349.23874043552496,
2025-01-12 22:00:00+00:00,,,-471.59032526553347,
2025-01-12 22:20:00+00:00,,,,-74.44753542853505
2025-01-13 01:50:00+00:00,,,,-64.92690575653069
2025-01-13 08:15:00+00:00,,-52.47809696724062,,
2025-01-13 20:45:00+00:00,2.1552758808986425,,,
2025-01-14 01:10:00+00:00,2.183262138212143,,,
2025-01-14 01:45:00+00:00,,60.76088001456128,,
2025-01-15 13:30:00+00:00,2.211611797076813,,,
2025-01-15 19:55:00+00:00,,60.46090729167872,,
2025-01-15 20:15:00+00:00,2.2403295762618143,,,
2025-01-16 09:10:00+00:00,,,2392.942641011934,
2025-01-16 14:45:00+00:00,,,,65.79875978154041
2025-01-17 10:30:00+00:00,,52.344261235922204,,
2025-01-18 03:45:00+00:00,,,,64.24579435560418
2025-01-18 04:15:00+00:00,,,837.3557715638744,
2025-01-18 04:20:00+00:00,-3.8414984384054947,,,
2025-01-19 19:55:00+00:00,,50.84843658374166,,
2025-01-19 21:55:00+00:00,,,,-84.49994774654033
2025-01-20 06:35:00+00:00,2.219538398586934,,,
2025-01-20 08:50:00+00:00,5.266833654470133,,,
2025-01-20 11:50:00+00:00,,138.00243914379553,,
2025-01-20 16:15:00+00:00,,,,-116.42318934434388
2025-01-20 16:25:00+00:00,,,-2179.3316501980953,
2025-01-21 00:55:00+00:00,-3.9216127604555595,,,
2025-01-21 12:15:00+00:00,2.265826798001342,,,
2025-01-21 18:30:00+00:00,2.295248558973384,,,
2025-01-22 08:10:00+00:00,,,170.8239974260723,
2025-01-23 16:35:00+00:00,2.8946462171284395,,,
2025-01-24 18:25:00+00:00,,71.47825368611302,,
2025-01-26 23:10:00+00:00,,,,-111.1152540415319
2025-01-27 14:55:00+00:00,2.4194624477515845,,,
2025-01-28 00:05:00+00:00,2.3940560625251237,,,
2025-01-28 03:45:00+00:00,,50.046501434738275,,
2025-01-30 14:45:00+00:00,2.4251428804970487,,,
2025-01-30 14:50:00+00:00,,60.890544086175396,,
2025-01-31 03:30:00+00:00,,,-224.13048274532775,
2025-02-03 17:10:00+00:00,3.109259160857391,,,
2025-02-03 20:45:00+00:00,,161.96134628467598,,
2025-02-03 22:05:00+00:00,2.4970070910039794,,,
2025-02-04 08:55:00+00:00,,,-496.1479745151519,
2025-02-04 21:25:00+00:00,,-123.47641414539703,,
2025-02-06 17:05:00+00:00,,,-1132.5290797241105,
2025-02-07 15:20:00+00:00,-4.281623981764682,,,
2025-02-07 20:05:00+00:00,,-76.15134515610589,,
2025-02-07 20:55:00+00:00,,,-1759.4850077540905,
2025-02-09 13:55:00+00:00,,,-898.2837307726368,
2025-02-11 05:55:00+00:00,,38.20051426887858,,
2025-02-11 14:05:00+00:00,,,-596.2662711380544,
2025-02-13 07:30:00+00:00,,,-1107.327785013229,
2025-02-13 16:55:00+00:00,-4.187513886645434,,,
2025-02-14 21:10:00+00:00,,,,-61.75978288908482
2025-02-15 06:40:00+00:00,,20.787142023656543,,
2025-02-16 09:05:00+00:00,,,-736.0418825356101,
2025-02-18 08:45:00+00:00,,-39.67869842625805,,
2025-02-18 16:35:00+00:00,,-44.18572468207594,,
2025-02-20 01:00:00+00:00,,42.749131774115085,,
2025-02-21 09:30:00+00:00,,,,-21.429119495270697
2025-02-21 15:20:00+00:00,,,,-24.347227227564872
2025-02-21 17:50:00+00:00,,-53.059989031693476,,
2025-02-21 18:45:00+00:00,,,206.1419748515982,
2025-02-24 03:25:00+00:00,,-30.338088697471903,,
2025-02-24 14:40:00+00:00,,-32.231870065691965,,
2025-02-25 14:45:00+00:00,-4.095472331417,,,
2025-02-26 13:55:00+00:00,-4.005453849572461,,,
2025-02-26 14:20:00+00:00,,-94.4251559438726,,
2025-02-27 06:25:00+00:00,2.3142684463992964,,,
2025-02-28 13:10:00+00:00,2.3443192221757556,,,
2025-02-28 16:10:00+00:00,2.935778181247059,,,
2025-02-28 18:35:00+00:00,2.4128812869592196,,,
2025-03-02 14:15:00+00:00,,,,-51.31959612169567
2025-03-02 14:55:00+00:00,,,28.880336115325917,
2025-03-02 18:40:00+00:00,11.105034353102667,,,
2025-03-02 20:55:00+00:00,2.588411421545402,,,
2025-03-02 21:40:00+00:00,,167.69059318507016,,
2025-03-03 06:40:00+00:00,,,,188.04720643437213
2025-03-03 06:55:00+00:00,,,1805.1531549149295,
2025-03-03 14:50:00+00:00,,-104.5528477866801,,
2025-03-03 14:55:00+00:00,,,-1509.448583293488,
2025-03-04 20:55:00+00:00,6.8314629641538716,,,
2025-03-05 10:30:00+00:00,,120.14937533520879,,
2025-03-05 14:55:00+00:00,-3.5457622957401895,,,
2025-03-06 01:45:00+00:00,2.664686767033487,,,
2025-03-06 09:30:00+00:00,,,3685.537968937424,
2025-03-06 12:35:00+00:00,-3.530797227885074,,,-23.766940236685514
2025-03-07 00:35:00+00:00,,-141.94590239014542,,
2025-03-07 00:40:00+00:00,,,-2840.3789012258567,
2025-03-07 09:30:00+00:00,2.6534403226993675,,,
2025-03-07 15:15:00+00:00,-3.515895320850518,,,
2025-03-07 16:40:00+00:00,,,-912.5880943180673,
2025-03-07 19:45:00+00:00,-3.45617783882588,,,
2025-03-09 09:10:00+00:00,,,-485.4467913698172,
2025-03-09 12:05:00+00:00,,-121.83082832388482,,
2025-03-10 09:15:00+00:00,2.5973628753112052,,,
2025-03-10 14:15:00+00:00,,-69.08272609247479,-1512.0981871477998,
2025-03-11 00:15:00+00:00,-3.441590866670623,,,
2025-03-11 07:20:00+00:00,2.586400574843424,,,
2025-03-11 14:45:00+00:00,,,-55.613513829375734,
2025-03-11 18:20:00+00:00,2.619984986307742,,,
2025-03-11 18:50:00+00:00,,97.98852026756731,,
2025-03-12 04:00:00+00:00,-3.4715659045563427,,,
2025-03-12 04:20:00+00:00,,,-374.26041467425966,
2025-03-12 13:55:00+00:00,-3.412601357667427,,,
2025-03-12 14:35:00+00:00,,,,-82.92505997056378
2025-03-12 14:50:00+00:00,,,-685.4509848937087,
2025-03-13 00:20:00+00:00,2.5646145794549113,,,
2025-03-13 06:15:00+00:00,,,-67.19957249960135,
2025-03-14 07:10:00+00:00,,-46.05205215324804,,
2025-03-14 20:20:00+00:00,-3.3981983022394786,,,
2025-03-15 06:00:00+00:00,,,,-10.382438118283062
2025-03-15 07:25:00+00:00,,,1453.0274164643415,
2025-03-16 01:40:00+00:00,,,-249.46142681402125,
2025-03-16 09:55:00+00:00,,,-370.0742518780826,
2025-03-16 19:10:00+00:00,-3.340479904075977,,,-71.5530270278955
2025-03-16 22:05:00+00:00,,-67.12880251320439,,
2025-03-16 22:20:00+00:00,,,-1296.8875576844875,
2025-03-18 01:25:00+00:00,,,-133.80565976061916,
2025-03-18 13:35:00+00:00,,-51.42717386426193,,
2025-03-19 15:00:00+00:00,,44.48281250093305,,
2025-03-20 00:00:00+00:00,,55.108210180174865,,
2025-03-20 04:45:00+00:00,,-59.91554419886643,,18.368407328090598
2025-03-20 10:35:00+00:00,,,1572.6938768517648,
2025-03-20 16:10:00+00:00,,,-863.0585055970514,
2025-03-21 07:25:00+00:00,,,-459.5358113308175,
2025-03-22 13:40:00+00:00,,,-242.3541912007713,
2025-03-22 21:10:00+00:00,,,-232.7687031790556,
2025-03-24 05:25:00+00:00,,49.49154813788937,,
2025-03-24 14:00:00+00:00,,22.913095554942174,,
2025-03-24 22:50:00+00:00,,,1656.2791641177173,
2025-03-24 23:20:00+00:00,,-37.41038086867184,,
2025-03-25 01:25:00+00:00,,,,81.76985659151387
2025-03-25 23:15:00+00:00,,,-58.846262768995075,
2025-03-26 13:30:00+00:00,,,-242.87561167116655,
2025-03-26 19:05:00+00:00,,-49.09384956001941,,
2025-03-27 11:40:00+00:00,,,-197.0755045303158,
2025-03-28 03:30:00+00:00,,,-356.2135552648251,
2025-03-28 06:50:00+00:00,,-47.38978760431473,,
2025-03-29 06:20:00+00:00,,,-417.1418347396029,
2025-03-31 13:45:00+00:00,,-35.21025460142164,,
2025-04-01 08:20:00+00:00,,35.59173468704648,,
2025-04-01 14:05:00+00:00,,-41.02211043597754,,
2025-04-01 14:15:00+00:00,,,,5.19780856870193
2025-04-01 15:10:00+00:00,2.5104143632601676,,,
2025-04-02 05:20:00+00:00,,,383.5359223727646,
2025-04-02 15:05:00+00:00,2.5430120937671177,,,
2025-04-02 19:55:00+00:00,,43.007470166630355,,
2025-04-02 20:15:00+00:00,2.5760331058046972,,,
2025-04-02 21:20:00+00:00,,,,-2.985117416169487
2025-04-02 22:20:00+00:00,,,-1014.6613176802202,
2025-04-04 10:20:00+00:00,-4.4171300767904995,,,
2025-04-04 10:30:00+00:00,,,,13.687454162095491
2025-04-04 10:45:00+00:00,,-57.06858980300285,,
2025-04-04 11:40:00+00:00,,,-652.5763019207079,
2025-04-05 13:20:00+00:00,,,,-26.44344764143443
2025-04-05 13:45:00+00:00,,-62.74831770876335,,
2025-04-05 15:40:00+00:00,-4.3200415577026945,,,
2025-04-06 08:15:00+00:00,,,-445.2560663027034,
2025-04-06 08:25:00+00:00,,,,-13.549317263378725
2025-04-07 13:40:00+00:00,,-53.54258738201088,,
2025-04-07 13:50:00+00:00,2.496030722009664,,,
2025-04-07 22:10:00+00:00,2.5284416809350034,,,
2025-04-08 01:55:00+00:00,,63.20014361080075,,
2025-04-08 08:20:00+00:00,-4.335524947681108,,,
2025-04-08 15:15:00+00:00,,,,47.91917986191493
2025-04-08 15:55:00+00:00,,,-1023.7654251550412,
2025-04-09 21:35:00+00:00,,154.62427905312688,,
2025-04-09 22:55:00+00:00,13.9478133385268,,,
2025-04-10 15:15:00+00:00,,,,131.2655731679465
2025-04-10 15:45:00+00:00,,,699.6873017334146,
2025-04-11 09:25:00+00:00,2.6860890609170553,,,
2025-04-11 17:35:00+00:00,2.720967927373067,,,
2025-04-12 14:30:00+00:00,2.7562996959099166,,,
2025-04-13 01:30:00+00:00,,58.22268749001887,,
2025-04-13 06:00:00+00:00,,,2053.7394018847262,
2025-04-13 12:30:00+00:00,,,,167.1687527857439
2025-04-13 13:55:00+00:00,-4.726233626430599,,,
2025-04-13 19:35:00+00:00,,-39.46631477474148,,
2025-04-15 17:25:00+00:00,,,,-5.3097818845012625
2025-04-15 18:05:00+00:00,,,-650.986884622449,
2025-04-15 23:05:00+00:00,,-44.39020336958856,,
2025-04-15 23:40:00+00:00,-4.622351011321626,,,
2025-04-16 17:45:00+00:00,,-39.35186953361699,,
2025-04-18 22:05:00+00:00,,-4.54683343234592,,
2025-04-19 16:50:00+00:00,,,,24.528443320448332
2025-04-20 07:10:00+00:00,,,,-28.125331821844156
2025-04-20 07:25:00+00:00,,,-131.78724953579513,
2025-04-20 10:30:00+00:00,,-24.58956849003289,,
2025-04-21 00:05:00+00:00,,14.15887426648942,,
2025-04-21 04:35:00+00:00,,21.982286822844344,,
2025-04-21 11:25:00+00:00,,,,78.96191865932906
2025-04-21 14:20:00+00:00,2.6706988759401327,,,
2025-04-21 14:25:00+00:00,,24.272370947944182,,
2025-04-21 16:45:00+00:00,,-31.458191586586054,,
2025-04-22 13:30:00+00:00,,33.9797241408487,,
2025-04-22 17:55:00+00:00,,37.28691443780053,,
2025-04-22 18:55:00+00:00,2.705377900844269,,,
2025-04-22 21:45:00+00:00,,40.45209704505123,,
2025-04-23 15:20:00+00:00,,,,173.83686424895086
2025-04-24 04:10:00+00:00,,,,-65.43334505013217
2025-04-24 04:15:00+00:00,,,3975.3277017635046,
2025-04-24 08:30:00+00:00,,-49.329977209270965,,
2025-04-25 12:10:00+00:00,2.7405072328867277,,,
2025-04-26 09:45:00+00:00,,,277.82128042977274,
2025-04-26 11:40:00+00:00,,-37.73453419590169,,
2025-04-26 11:45:00+00:00,,,,45.5140954289659
2025-04-27 05:30:00+00:00,,,,-27.97529318052375
2025-04-27 23:10:00+00:00,,,,-28.22289881151528
2025-04-28 00:15:00+00:00,,,-811.7689249964751,
2025-04-28 10:35:00+00:00,,21.47970253991616,,
2025-04-28 13:35:00+00:00,,-27.636098276911525,,
2025-04-28 15:50:00+00:00,,,-467.6303077390621,-21.93546836918722
2025-05-02 13:00:00+00:00,,-9.994744987862305,,
2025-05-02 22:45:00+00:00,,,777.3143088070792,
2025-05-03 01:15:00+00:00,,,,40.25817212083621
2025-05-06 08:25:00+00:00,,,,-44.97701915827474
2025-05-06 11:30:00+00:00,,,-571.7873413290508,
2025-05-07 03:15:00+00:00,,,,32.815154684776644
2025-05-07 10:50:00+00:00,,18.28906799750166,,
2025-05-08 01:00:00+00:00,2.7760927193056943,,,
2025-05-08 15:20:00+00:00,,21.210322116523912,,
2025-05-08 20:55:00+00:00,,22.583753568007523,,
2025-05-08 21:15:00+00:00,2.8121402832659044,,,
2025-05-09 09:25:00+00:00,,,,164.82417707532113
2025-05-09 19:10:00+00:00,,-15.706349664089885,,
2025-05-11 02:50:00+00:00,,,,-29.12873147921937
2025-05-11 21:10:00+00:00,,-26.70775610322471,,
2025-05-12 07:00:00+00:00,2.8486559248441097,,,
2025-05-12 08:10:00+00:00,,,,-35.851162253573875
2025-05-12 15:40:00+00:00,,,3783.5680871115037,
2025-05-14 03:40:00+00:00,,,-27.060280406520178,
2025-05-14 08:55:00+00:00,,,,-34.294243630364235
2025-05-17 01:10:00+00:00,,,,-40.24383807624099
2025-05-17 01:20:00+00:00,,,-536.4037582908786,
2025-05-18 14:45:00+00:00,2.8856457220282152,,,
2025-05-18 18:00:00+00:00,,,,32.34780141189731
2025-05-18 19:55:00+00:00,,-34.03868431027422,,
2025-05-19 00:40:00+00:00,,,,-25.473775457025567
2025-05-19 03:10:00+00:00,-4.948023564220165,-38.688313564663076,,
2025-05-19 04:00:00+00:00,,,-126.71723083104735,
2025-05-20 00:15:00+00:00,2.85886574574738,21.75781683785317,,
2025-05-20 08:30:00+00:00,,,76.43599833564076,
2025-05-20 12:20:00+00:00,,,,-62.19718560008687
2025-05-21 10:00:00+00:00,,,-106.57552645150281,
2025-05-21 14:50:00+00:00,,26.909547982353615,,
2025-05-21 17:25:00+00:00,,,,13.885357491974446
2025-05-21 17:30:00+00:00,-4.902103875370102,-57.13185816573923,,
2025-05-21 23:25:00+00:00,2.832334298634237,,,
2025-05-22 03:45:00+00:00,,32.083712826630745,,
2025-05-23 01:45:00+00:00,,-16.202914016513205,,
2025-05-23 06:20:00+00:00,,,636.5647459371903,
2025-05-23 11:45:00+00:00,,,,-6.9063983369997
2025-05-24 23:10:00+00:00,,,-840.8072884478315,
2025-05-26 07:05:00+00:00,,17.202892599590086,,
2025-05-27 01:10:00+00:00,,,,-7.188926025861747
2025-05-27 02:05:00+00:00,,,-211.87322443115409,
2025-05-27 14:30:00+00:00,,,,-54.18377728389987
2025-05-27 22:00:00+00:00,,,-424.95901611726003,
2025-05-30 07:35:00+00:00,,,,-40.09362318369131
2025-05-30 16:35:00+00:00,,,,-63.11576591020821
2025-06-01 01:40:00+00:00,,,,3.8292384374012727
2025-06-01 02:25:00+00:00,,,-122.80694809426495,
2025-06-01 09:55:00+00:00,,,,-30.015962663288974
2025-06-02 03:50:00+00:00,,,33.9980995293663,
2025-06-02 10:20:00+00:00,,,,-1.3837027774784474
2025-06-02 11:40:00+00:00,,-30.566397151428646,,
2025-06-03 08:45:00+00:00,,,-397.42647893427784,
2025-06-04 12:50:00+00:00,,,-771.0840216811484,
2025-06-04 13:00:00+00:00,,-20.77678093534314,,
2025-06-04 13:55:00+00:00,,,,-2.245666024567072
2025-06-05 06:45:00+00:00,,,,-28.010777002565646
2025-06-05 13:50:00+00:00,,-28.421970854735264,,
2025-06-05 14:10:00+00:00,,,,-25.668383191751673
2025-06-05 16:55:00+00:00,,,-1016.0510875742839,
2025-06-06 13:40:00+00:00,,27.66436518941282,,
2025-06-08 09:10:00+00:00,,,,103.71020662643696
2025-06-08 09:50:00+00:00,,,1053.3537003939564,
2025-06-08 22:40:00+00:00,,,,-5.603124333290452
2025-06-08 23:45:00+00:00,,,-192.98210589029622,
2025-06-09 14:50:00+00:00,,33.336143200904644,,
2025-06-09 19:25:00+00:00,,15.680961516963634,,
2025-06-10 01:05:00+00:00,,21.114702365115136,,
2025-06-10 14:45:00+00:00,,,,85.88863469153557
2025-06-11 18:00:00+00:00,,-35.837280611756796,,
2025-06-11 18:05:00+00:00,,,,-21.24127329055591
2025-06-11 19:05:00+00:00,,,823.5766950280376,
2025-06-12 20:40:00+00:00,,,,-39.71624083111783
2025-06-12 20:55:00+00:00,,,-1243.0208270295261,
2025-06-14 07:15:00+00:00,,,-502.7032491470236,0.8524207609343648
2025-06-15 06:35:00+00:00,,,,-0.853887426527308
2025-06-15 09:20:00+00:00,,,-343.34145302564866,
2025-06-15 20:40:00+00:00,,,,-22.531385544597924
2025-06-16 07:15:00+00:00,,15.229968736861792,,
2025-06-16 14:40:00+00:00,,15.946782611632443,,
2025-06-16 22:05:00+00:00,,18.66254435267274,,
2025-06-16 23:45:00+00:00,,,,45.385344084406825
2025-06-17 00:10:00+00:00,,,27.569837745191762,
2025-06-18 10:05:00+00:00,,,,-15.35311484875001
2025-06-18 10:50:00+00:00,,,-575.0203220378462,
2025-06-19 14:55:00+00:00,,,,-35.293847658504546
2025-06-20 14:45:00+00:00,,-34.5358075428544,,-0.14386585495458348
2025-06-20 15:20:00+00:00,,,-639.7306281301353,
2025-06-21 17:35:00+00:00,,,,-15.04734369438711
2025-06-21 19:05:00+00:00,,,-664.4381102816114,
2025-06-22 13:30:00+00:00,,,,-73.8210496089714
2025-06-23 13:55:00+00:00,3.972786802298458,,,
2025-06-23 16:25:00+00:00,,,,17.83681769578061
2025-06-23 18:15:00+00:00,,39.63444767432429,,
2025-06-23 22:10:00+00:00,4.0442175090038575,,,
2025-06-24 16:55:00+00:00,,46.93584109022322,,
2025-06-25 13:45:00+00:00,4.116932539815679,,,
2025-06-26 11:45:00+00:00,,,2816.5615254134755,
2025-06-26 13:55:00+00:00,,,,124.17530685352085
2025-06-27 08:20:00+00:00,,,,-32.152568092647925
2025-06-28 13:25:00+00:00,,,,-3.8890984768918315
2025-06-29 16:25:00+00:00,,,,-1.8018694817119467
2025-06-29 16:45:00+00:00,,-21.78404615965337,,
2025-06-30 06:40:00+00:00,,,,-2.7863699188314968
2025-06-30 08:55:00+00:00,,-17.53519066822082,,
2025-06-30 14:05:00+00:00,,,,-23.429720450160858
2025-07-01 09:35:00+00:00,,,,-35.26071312291788
2025-07-01 15:10:00+00:00,,,,-40.40872331866376
2025-07-02 10:50:00+00:00,,21.448777988828624,,
2025-07-02 16:05:00+00:00,,19.629189670613414,,
2025-07-03 12:45:00+00:00,,,,86.34599417114987
2025-07-04 04:45:00+00:00,,,,-44.323617226586975
2025-07-04 06:40:00+00:00,,-18.31172054028275,,
2025-07-04 13:45:00+00:00,,,,-32.3645671555073
2025-07-04 14:20:00+00:00,,,197.34462349998648,
2025-07-06 09:45:00+00:00,,,,-5.910064625995346
2025-07-06 21:30:00+00:00,,10.434452133051764,,
2025-07-07 12:05:00+00:00,,,,6.738263657162406
2025-07-07 12:10:00+00:00,,-19.734038452863388,,
2025-07-07 17:15:00+00:00,,,-392.11176315746707,
2025-07-08 02:10:00+00:00,,,,-28.588858987102867
2025-07-08 16:05:00+00:00,,,,-3.2376123175836256
2025-07-09 04:25:00+00:00,,,,-29.60090747417962
2025-07-09 14:35:00+00:00,,,,-12.027452835122858
2025-07-10 01:50:00+00:00,,16.903216268819506,,
2025-07-10 13:40:00+00:00,,,,24.874970705164287
2025-07-10 17:05:00+00:00,3.026671329513732,,,
2025-07-10 21:15:00+00:00,3.065972656727496,,,
2025-07-11 00:20:00+00:00,,57.826418919059506,,
2025-07-11 05:25:00+00:00,,36.7692212490515,,
2025-07-11 05:35:00+00:00,3.1057843116751087,,,
2025-07-11 16:05:00+00:00,,,,156.45369330938092
2025-07-12 15:25:00+00:00,,,,-27.863773789164952
2025-07-12 20:05:00+00:00,,-11.312597695145996,,
2025-07-14 08:45:00+00:00,,67.99558854678435,,
2025-07-14 14:25:00+00:00,,-36.178982437697414,,
2025-07-14 15:10:00+00:00,,,,78.08145781231133
2025-07-14 15:45:00+00:00,-5.32549572604924,,,
2025-07-15 02:50:00+00:00,,,4318.537770548421,
2025-07-17 01:45:00+00:00,,,,8.864987910480068
2025-07-18 08:30:00+00:00,,,,2.110655191445858
2025-07-18 14:20:00+00:00,,-41.648495102491324,,-43.21466458652321
2025-07-18 15:30:00+00:00,,,-338.17881156821386,
2025-07-19 14:35:00+00:00,,,,-9.739481381323458
2025-07-20 22:05:00+00:00,,,,-20.718580467158517
2025-07-20 23:15:00+00:00,,,-628.4782211533093,
2025-07-21 11:55:00+00:00,,,,2.2953917111403825
2025-07-21 17:45:00+00:00,,-28.244503148938747,,
2025-07-21 19:30:00+00:00,,,-702.1674711920423,
2025-07-22 01:15:00+00:00,,,,-70.59558335004112
2025-07-22 14:00:00+00:00,,,,4.477883387166457
2025-07-22 18:55:00+00:00,,27.019165532288753,,
2025-07-23 03:45:00+00:00,,,,-25.64386984666953
2025-07-23 10:10:00+00:00,,-41.65058690307433,,
2025-07-23 13:50:00+00:00,,,,-41.00917784781086
2025-07-24 04:40:00+00:00,,,,-21.82423914375886
2025-07-24 07:05:00+00:00,,,-524.0636004883636,
2025-07-25 01:15:00+00:00,,,,-36.26520292710438
2025-07-25 01:35:00+00:00,,,-643.8383414011187,
2025-07-27 11:15:00+00:00,,16.837238202426306,,
2025-07-28 10:40:00+00:00,,,,66.88607537990401
2025-07-28 13:25:00+00:00,,-23.400127019504907,,
2025-07-31 07:15:00+00:00,,16.377846096759185,,
2025-07-31 19:10:00+00:00,,,-454.46225165363285,
2025-08-05 03:50:00+00:00,,,-28.267537334199005,
2025-08-07 04:45:00+00:00,,,-402.2263635365525,
2025-08-07 13:25:00+00:00,,15.785637478173157,,
2025-08-07 19:45:00+00:00,,14.969638120263426,,
2025-08-08 00:15:00+00:00,,,,-12.238332698806062
2025-08-08 01:00:00+00:00,,,,-24.242111080178347
2025-08-08 16:30:00+00:00,,,-205.5861786816531,
2025-08-09 11:10:00+00:00,,,,-14.469078856905526
2025-08-09 19:05:00+00:00,,,-582.6091546451789,
2025-08-10 05:15:00+00:00,,,,-0.613934029698612
2025-08-10 12:15:00+00:00,,9.655317980894324,,
2025-08-10 17:25:00+00:00,,,,-14.114755429758588
2025-08-11 07:10:00+00:00,,44.24021340011632,,
2025-08-11 07:55:00+00:00,,,,58.14662864276306
2025-08-11 13:00:00+00:00,-4.024812374426347,,,
2025-08-11 13:20:00+00:00,,,521.1390889897448,
2025-08-13 13:50:00+00:00,,18.38414025293514,,
2025-08-13 15:20:00+00:00,,-38.42957827469763,,
2025-08-14 00:25:00+00:00,,20.60827526874391,,
2025-08-14 04:10:00+00:00,,,,16.71253374845537
2025-08-14 05:40:00+00:00,,-40.7886620713889,,
2025-08-14 07:35:00+00:00,,,322.2072475959649,
2025-08-17 19:30:00+00:00,,,-325.4665399044461,
2025-08-19 03:30:00+00:00,,-27.952744567553054,,
2025-08-22 18:15:00+00:00,3.998343369162029,,,
2025-08-22 19:10:00+00:00,,29.807991071099423,,
2025-08-23 11:30:00+00:00,,,-601.4290582960457,
2025-08-28 08:45:00+00:00,2.3579171460463897,,,
2025-08-29 07:05:00+00:00,-4.064412021097581,,,
2025-08-29 13:55:00+00:00,-3.9953779829191944,,,
2025-08-31 03:45:00+00:00,1.8475629519078893,,,
2025-08-31 12:05:00+00:00,,,-483.1008030244702,
2025-09-01 00:00:00+00:00,,,-521.5757838172649,
2025-09-01 00:25:00+00:00,-3.958897344617469,,,
2025-09-01 13:00:00+00:00,1.8306933901101274,,,
2025-09-01 13:25:00+00:00,,11.443193820403849,,
2025-09-01 21:50:00+00:00,,,-951.2391074241677,
2025-09-02 06:20:00+00:00,,16.78048126422891,,
2025-09-02 07:00:00+00:00,2.3444849860105137,,,
2025-09-02 12:55:00+00:00,,,-782.818623643725,
2025-09-03 14:40:00+00:00,1.864053065335355,21.46509581171904,,
2025-09-04 05:00:00+00:00,-3.9942318192522634,,-324.67701426675194,
2025-09-05 09:15:00+00:00,,,,-12.883104553265639
2025-09-05 10:55:00+00:00,2.332647227002866,,,
2025-09-05 12:40:00+00:00,,,,-16.3766982280481
2025-09-05 13:35:00+00:00,,,,-24.91152481070685
2025-09-05 14:15:00+00:00,-3.9660098049529324,,,
2025-09-05 15:10:00+00:00,,,-436.85732726678543,
2025-09-08 13:05:00+00:00,1.8339823700937359,,,
2025-09-08 14:30:00+00:00,,8.156932921086536,,
2025-09-09 01:30:00+00:00,,,-18.102149898673815,
2025-09-09 14:35:00+00:00,,-33.67280054131925,,
2025-09-09 15:20:00+00:00,,,-584.1887500684898,
2025-09-09 15:35:00+00:00,-3.929797318971879,,,
2025-09-10 12:30:00+00:00,1.8172368086522113,,,
2025-09-10 12:45:00+00:00,,,,-18.331170121547984
2025-09-10 16:15:00+00:00,,,,-2.247813255159599
2025-09-11 09:10:00+00:00,,,,-17.94559650363226
2025-09-11 11:35:00+00:00,,-11.10822883456376,,
2025-09-11 12:10:00+00:00,1.8317565307533243,,,
2025-09-11 12:35:00+00:00,,,,-25.940767072241215
2025-09-11 14:15:00+00:00,,,,-17.03948371135266
2025-09-12 01:25:00+00:00,,,,22.07249040762281
2025-09-12 18:05:00+00:00,2.010083208357031,,,
2025-09-12 20:20:00+00:00,,,,-12.873777484940547
2025-09-12 22:35:00+00:00,,-10.100362967073124,,
2025-09-13 17:00:00+00:00,,,1095.8140615507364,
2025-09-15 06:30:00+00:00,,,,-14.327283565441576
2025-09-15 08:45:00+00:00,,-25.088205675519475,,
2025-09-15 09:10:00+00:00,,,-624.0437823159227,
2025-09-16 17:40:00+00:00,,,,-17.316599483020582
2025-09-17 03:25:00+00:00,,,,-14.147839248462333
2025-09-17 05:55:00+00:00,1.8624528302688077,,,
2025-09-17 08:30:00+00:00,,,,-13.866459983753884
2025-09-17 14:25:00+00:00,,,-137.31805905452347,
2025-09-17 14:30:00+00:00,-3.990802887994988,,,
2025-09-17 16:40:00+00:00,,-25.376087362920316,,
2025-09-18 03:10:00+00:00,1.8454473133075737,,,
2025-09-18 04:35:00+00:00,,,,-7.603585691038461
2025-09-18 19:35:00+00:00,,,,-21.93478813578622
2025-09-19 10:20:00+00:00,,,-536.1447205953082,
2025-09-19 15:00:00+00:00,-3.9543640235588953,,,
2025-09-21 02:00:00+00:00,,,-316.08879983720544,
2025-09-24 04:10:00+00:00,-3.887199150618727,,,
2025-09-25 03:55:00+00:00,,,-349.8105680379231,
2025-09-25 12:30:00+00:00,-3.8211750730455094,,,
2025-09-28 20:20:00+00:00,,4.8959971379076705,,
2025-09-29 02:10:00+00:00,,18.27411876424503,,
2025-09-29 13:40:00+00:00,2.8716630733807165,,,
2025-09-29 17:45:00+00:00,,8.825964336791913,,
2025-09-30 04:25:00+00:00,,,,-1.0936620433735698
2025-09-30 05:05:00+00:00,,,1453.4459553196866,
2025-10-01 08:25:00+00:00,2.908951618388528,,,
2025-10-01 08:30:00+00:00,,12.068144797876812,,
2025-10-01 14:00:00+00:00,,13.59391816255311,,
2025-10-01 14:15:00+00:00,2.9467243551533215,,,
2025-10-01 17:10:00+00:00,,,,55.66694068526476
2025-10-02 00:45:00+00:00,,,,-0.09657940706165391
2025-10-02 12:40:00+00:00,2.984987570904991,,,
2025-10-02 14:45:00+00:00,,,,-20.50082004094793
2025-10-02 16:00:00+00:00,,14.07840815334339,,
2025-10-02 17:25:00+00:00,,,,-17.400149907613013
2025-10-02 21:55:00+00:00,,,,-12.046352530236163
2025-10-03 05:50:00+00:00,,,2163.9843417817247,
2025-10-03 12:25:00+00:00,,-9.672370795522966,,
2025-10-03 15:30:00+00:00,3.0237476345131427,,,
2025-10-03 17:00:00+00:00,,,,26.71885173336068
2025-10-04 01:45:00+00:00,,,-239.045770320241,
2025-10-04 09:20:00+00:00,,1.9271586066033706,,
2025-10-04 11:20:00+00:00,,,-375.4777443701387,
2025-10-05 02:30:00+00:00,3.063010997547309,,,
2025-10-05 02:45:00+00:00,,,,-17.732014183040974
2025-10-05 07:35:00+00:00,,,,-22.337750312800836
2025-10-05 16:50:00+00:00,,-42.61789089694321,,
2025-10-06 18:55:00+00:00,3.102784195350438,,,
2025-10-06 20:20:00+00:00,,,,-20.418668042173522
2025-10-07 15:05:00+00:00,-5.320351419471223,,,
2025-10-09 01:10:00+00:00,,,-570.1589096479365,
2025-10-09 14:20:00+00:00,,-45.93132384849332,,
2025-10-09 14:40:00+00:00,,,-565.4054723572772,
2025-10-09 16:50:00+00:00,-5.203410095271295,,,
2025-10-10 15:30:00+00:00,-5.089039141377242,,,
2025-10-11 18:45:00+00:00,,1.9779553390221736,,
2025-10-11 20:55:00+00:00,-4.977182061049746,,,
2025-10-12 15:05:00+00:00,2.8757129225446647,,,
2025-10-12 21:10:00+00:00,2.9130540548439114,,,
2025-10-14 04:45:00+00:00,-4.995020697510881,,,
2025-10-14 21:55:00+00:00,2.8860197179888587,,,
2025-10-15 10:50:00+00:00,,-15.82140405418977,,
2025-10-15 13:45:00+00:00,-4.948664855980979,,,
2025-10-17 07:05:00+00:00,-4.839893202446547,,,
2025-10-19 09:45:00+00:00,2.796390257638251,,,
2025-10-20 00:25:00+00:00,,-39.42207218826661,,
2025-10-20 03:50:00+00:00,2.832701385133703,,,
2025-10-20 08:30:00+00:00,,16.676826121352406,,
2025-10-20 17:40:00+00:00,,,-437.1570593053475,
2025-10-21 04:10:00+00:00,-4.857239784164875,,,
2025-10-21 17:20:00+00:00,,,,-55.22967947711095
2025-10-21 18:15:00+00:00,,33.088420387669885,,
2025-10-21 19:55:00+00:00,6.05842867975241,,,
2025-10-21 20:35:00+00:00,,,-797.3289254108895,
2025-10-23 06:15:00+00:00,2.8850814504288564,,,
2025-10-23 21:40:00+00:00,,,-391.03542687586014,
2025-10-24 07:05:00+00:00,2.9225442330626663,,,
2025-10-26 22:00:00+00:00,,16.17121636623324,,
2025-10-27 06:45:00+00:00,1.8216667558515667,19.66430257213142,,
2025-10-27 13:35:00+00:00,,,,16.037604166485835
2025-10-28 14:45:00+00:00,,,,-41.63683548336212
2025-10-28 19:15:00+00:00,,-44.124280871813426,,
2025-10-28 20:00:00+00:00,-5.0513337639066265,,-614.2835055282922,
2025-10-30 04:20:00+00:00,-4.940305447775984,,,
2025-10-30 12:20:00+00:00,-4.8317175340338565,,,
2025-10-31 00:50:00+00:00,1.717783252832561,,,
2025-10-31 09:15:00+00:00,1.7315083410227032,,,
2025-11-01 00:20:00+00:00,,,,-34.10782803714346
2025-11-01 15:30:00+00:00,,11.927953296733904,,
2025-11-02 16:00:00+00:00,,,,-20.60342449575319
2025-11-02 16:20:00+00:00,,,59.38908182542218,
2025-11-04 05:40:00+00:00,-4.8013318118686925,,,
2025-11-05 01:25:00+00:00,-4.695798538643885,,,
2025-11-05 14:40:00+00:00,1.6694610211668817,,,
2025-11-05 16:55:00+00:00,1.6828000147260411,,,
2025-11-05 19:15:00+00:00,,57.81285852233077,,
2025-11-06 12:40:00+00:00,,,,-40.96216530689253
2025-11-06 15:40:00+00:00,-4.666267584333383,,,
2025-11-06 15:50:00+00:00,,,-739.3492141609022,
2025-11-07 11:10:00+00:00,-4.56370302282977,,,
2025-11-07 20:25:00+00:00,3.780894912134926,,,
2025-11-08 06:00:00+00:00,,,,-14.446413330514133
2025-11-08 14:15:00+00:00,-4.546496900556662,,,
2025-11-08 14:20:00+00:00,,,-537.1101124618217,
2025-11-09 08:00:00+00:00,,-14.956692394688162,,
2025-11-09 16:45:00+00:00,1.6163809618049356,,,
2025-11-10 00:20:00+00:00,,35.45943021776475,,
2025-11-10 01:55:00+00:00,1.6606197475827003,,,
2025-11-10 14:50:00+00:00,,,,69.02722834427868
2025-11-11 01:15:00+00:00,1.6425641974729217,,,
2025-11-11 05:15:00+00:00,-4.554696935335244,,,
2025-11-11 06:05:00+00:00,,,,-47.87766125696862
2025-11-11 12:45:00+00:00,,-48.697102239545984,,
2025-11-11 13:20:00+00:00,,,599.179860455879,
2025-11-12 15:15:00+00:00,,,,-52.00950020346363
2025-11-12 15:40:00+00:00,-4.454584696696571,,,
2025-11-12 15:45:00+00:00,,,-637.3720369081057,
2025-11-13 14:35:00+00:00,,-57.39277861404298,,
2025-11-13 16:05:00+00:00,,,-1028.9436835674205,
2025-11-13 16:10:00+00:00,-4.356672925063151,,,
2025-11-14 04:30:00+00:00,-4.260913254170276,,,
2025-11-14 20:40:00+00:00,-4.167258380843606,,,
2025-11-15 06:10:00+00:00,1.4815532171357972,,,
2025-11-16 13:40:00+00:00,,,,-42.59278275019096
2025-11-16 16:00:00+00:00,,,-908.2646867612712,
2025-11-17 07:35:00+00:00,1.4933908273407042,,,
2025-11-17 13:40:00+00:00,-4.141051311730251,,,
2025-11-17 16:05:00+00:00,,,,-79.79426357011425
2025-11-17 17:40:00+00:00,,-61.392125753849086,,
2025-11-18 14:30:00+00:00,1.4722360200704827,,,
2025-11-18 17:35:00+00:00,1.5310140027652892,,,
2025-11-19 04:30:00+00:00,-4.116042439400388,,,
2025-11-19 04:50:00+00:00,,,-648.2336257941352,
2025-11-19 15:50:00+00:00,-4.025571826582336,,,
2025-11-20 03:20:00+00:00,3.9176356327805593,,,
2025-11-20 14:00:00+00:00,,,,-48.39664088220343
2025-11-20 15:20:00+00:00,,,-580.2974971286676,
2025-11-20 16:10:00+00:00,,-76.10749766080517,,
2025-11-21 02:50:00+00:00,-4.02319938904256,,,
2025-11-21 14:30:00+00:00,1.4303370353551372,,,
2025-11-21 15:40:00+00:00,-4.264586963327986,,,
2025-11-23 01:55:00+00:00,1.4202718507882253,,,
2025-11-23 04:45:00+00:00,1.4190393505184886,,,
2025-11-23 05:25:00+00:00,,20.437324196886493,,
2025-11-23 21:40:00+00:00,1.4303774749291165,,,
2025-11-24 00:15:00+00:00,-3.9663204101582608,,,
2025-11-24 00:20:00+00:00,,,,18.43150357258537
2025-11-24 09:20:00+00:00,-3.8791406875429573,,,
2025-11-24 10:00:00+00:00,,,110.43152979082515,
2025-11-24 19:50:00+00:00,2.0570593100712244,,,
2025-11-25 07:50:00+00:00,,,,-21.85574703141674
2025-11-25 09:00:00+00:00,,,-488.4363474046695,
2025-11-26 22:30:00+00:00,2.944618965770104,39.759068064640815,,
2025-11-28 16:30:00+00:00,,,,44.34259914392669
2025-11-28 17:45:00+00:00,,,426.77889909903024,
2025-11-30 23:20:00+00:00,,,-308.33549136277725,
2025-12-02 01:05:00+00:00,2.3062341045306027,,,
2025-12-02 13:55:00+00:00,,40.83687916666895,,
2025-12-02 20:05:00+00:00,6.297977237918531,73.49091418461103,,
2025-12-03 04:25:00+00:00,2.4179597888123396,,,
2025-12-04 17:45:00+00:00,,,1289.9857392590711,
2025-12-04 19:15:00+00:00,-4.146081385198926,,,-16.990411894939825
2025-12-04 20:05:00+00:00,,-44.111443413326015,,
2025-12-07 21:55:00+00:00,,,,-16.31853046146398
2025-12-07 22:05:00+00:00,-4.054950516352221,-44.73859052265698,,
2025-12-07 22:30:00+00:00,,,-684.2537154137681,
2025-12-08 15:15:00+00:00,,,,-50.48648197264265
2025-12-08 15:30:00+00:00,,,-784.1840159112617,
2025-12-09 05:15:00+00:00,,-50.19944005689331,,
2025-12-09 20:35:00+00:00,2.8416243675147257,,,
2025-12-09 21:55:00+00:00,,,,-20.025353302337862
2025-12-10 20:10:00+00:00,,38.6022186323562,,
2025-12-10 20:50:00+00:00,-4.028281607600746,,,
2025-12-10 21:05:00+00:00,,-61.81545170538129,,
2025-12-11 00:30:00+00:00,,,-509.86574066081084,
2025-12-12 15:35:00+00:00,,,-981.6690113804143,
2025-12-12 15:55:00+00:00,-3.9397399778657416,,,
2025-12-12 16:00:00+00:00,,-62.065239822712556,,
2025-12-15 14:50:00+00:00,,-32.71440880672526,,
2025-12-17 15:55:00+00:00,-3.8531444931522287,,,-52.83352251496672
2025-12-17 16:10:00+00:00,,-61.71921445291264,,
2025-12-17 16:35:00+00:00,,,-1366.5580717458288,
2025-12-18 17:05:00+00:00,-3.768452377192716,-62.794140299148694,,
2025-12-18 17:25:00+00:00,,,-1336.5989020587367,
2025-12-19 15:10:00+00:00,2.1773338941918894,,,
2025-12-20 21:40:00+00:00,,2.4772816780714493,,
2025-12-21 14:00:00+00:00,,,-170.1484971347163,
2025-12-22 02:00:00+00:00,,-27.564095137831373,,
2025-12-22 02:15:00+00:00,,,,-42.02218799723914
2025-12-22 19:00:00+00:00,,-33.944054026567755,,
2025-12-22 19:05:00+00:00,,,,-37.29866556868683
2025-12-22 19:40:00+00:00,,,-461.43241432029026,
2025-12-25 20:25:00+00:00,,,,-14.994292462239628
2025-12-25 22:45:00+00:00,,,-330.3782182379073,
2025-12-26 07:45:00+00:00,,,,-4.114461436845431
2025-12-26 07:55:00+00:00,,-20.809121192325165,,
2025-12-26 14:55:00+00:00,-2.885038711830049,,-627.5069642917952,
2025-12-28 05:35:00+00:00,,,-71.19391639619789,
2025-12-29 01:15:00+00:00,,-11.16431552204017,,
2025-12-29 06:15:00+00:00,,36.737452485517906,,
2025-12-29 07:05:00+00:00,,-14.6041766574549,,
2025-12-29 08:50:00+00:00,,,,33.32864672861979
2025-12-29 09:40:00+00:00,,,64.61363226978574,
2025-12-29 09:45:00+00:00,-2.836036329309593,,,
2025-12-30 20:50:00+00:00,,,-14.97826929018629,
2025-12-31 15:10:00+00:00,,,-291.30156468653877,
2026-01-02 14:10:00+00:00,,-15.687537360192891,,-4.438449617257902
2026-01-02 14:30:00+00:00,,,259.706759263805,
2026-01-02 15:20:00+00:00,,,,-32.86526976139976
2026-01-02 16:40:00+00:00,,-19.15860260415434,,
2026-01-02 18:45:00+00:00,,-19.401390436001293,,
2026-01-03 03:25:00+00:00,,,,-3.0238429403129885
2026-01-03 05:55:00+00:00,,,-284.85691894706906,
2026-01-04 12:35:00+00:00,,,,1.0742892048019712
2026-01-04 12:55:00+00:00,,,233.41686906693576,
2026-01-04 17:40:00+00:00,,-3.6038366657862753,,
2026-01-05 04:15:00+00:00,,7.787475816213828,,
2026-01-05 04:30:00+00:00,,,,10.013748833701811
2026-01-05 18:55:00+00:00,,10.52424948333055,,
2026-01-05 20:25:00+00:00,2.131318415398738,,,
2026-01-06 00:25:00+00:00,,,,2.8276893062375166
2026-01-06 00:35:00+00:00,,,561.3028991805004,
2026-01-06 16:30:00+00:00,,,-456.9946798648416,
2026-01-07 01:15:00+00:00,,-23.67001602751907,,
2026-01-09 08:05:00+00:00,,,-269.7953556673674,
2026-01-09 08:35:00+00:00,,-23.744972854465686,,
2026-01-09 18:30:00+00:00,,,,-37.68470319381095
2026-01-11 19:55:00+00:00,,,-78.94506106588597,
2026-01-12 00:35:00+00:00,,-12.00101860844893,,
2026-01-12 01:35:00+00:00,,-13.350397677067349,,
2026-01-12 05:05:00+00:00,,10.079418964378192,,
2026-01-12 07:35:00+00:00,,-14.225715038219732,,
2026-01-12 07:40:00+00:00,,,,3.659961569497227
2026-01-12 08:00:00+00:00,,,-186.73582613558028,
2026-01-12 08:35:00+00:00,-2.824066695541859,,,
2026-01-12 17:30:00+00:00,,-16.889532082417873,,
2026-01-12 21:50:00+00:00,,-18.397688971736216,,
2026-01-12 22:00:00+00:00,,,-277.5751288518877,
2026-01-13 14:00:00+00:00,,,,-20.28331900394869
2026-01-13 20:20:00+00:00,,14.265538225817409,,
2026-01-13 22:10:00+00:00,2.1223230789810543,,,
2026-01-14 04:40:00+00:00,,,,63.37459612018483
2026-01-14 06:15:00+00:00,,,896.1940703257351,
2026-01-14 06:35:00+00:00,,-24.15628892614677,,
2026-01-14 15:10:00+00:00,2.1498814441616787,,,
2026-01-15 00:35:00+00:00,,,171.89877499812792,-4.570480550348748
2026-01-15 03:25:00+00:00,,-23.706736684583348,,
2026-01-15 15:00:00+00:00,,,-436.9472573591738,
2026-01-15 19:30:00+00:00,-2.8486633165436785,,,
2026-01-17 22:25:00+00:00,,,-184.49241143410836,
2026-01-18 23:35:00+00:00,,,-376.1513048704328,
2026-01-21 08:45:00+00:00,,,-405.3337631309696,
2026-01-21 17:00:00+00:00,,,-1017.8326753019028,
2026-01-22 14:00:00+00:00,,,-290.2658957187232,
2026-01-22 14:25:00+00:00,,-20.291984394174506,,
2026-01-22 15:20:00+00:00,-2.8002787701121576,,,
2026-01-23 19:15:00+00:00,,-24.08081515504591,,
2026-01-23 19:30:00+00:00,-2.752716035201786,,,-26.016819287613544
2026-01-23 20:55:00+00:00,,,-371.50552855515343,
2026-01-26 08:20:00+00:00,,8.762599020294147,,
2026-01-28 03:15:00+00:00,,,,-4.130245329643003
2026-01-28 13:10:00+00:00,,15.093800400193004,,
2026-01-28 14:35:00+00:00,,,,3.3800103904832213
2026-01-28 18:45:00+00:00,,,,-30.188163460734813
2026-01-29 02:45:00+00:00,-2.7059611533438783,,,
2026-01-31 08:15:00+00:00,-2.6600004031543563,,,
2026-02-01 14:30:00+00:00,-2.614820296306732,,,
2026-02-02 14:35:00+00:00,2.7209848791792695,,,
2026-02-03 02:55:00+00:00,-2.616623501746858,,,
2026-02-04 14:55:00+00:00,-2.572180151569654,,,
2026-02-06 02:25:00+00:00,-2.5284916716952637,,,
2026-02-06 03:50:00+00:00,-2.4855452406515326,,,
2026-02-06 05:50:00+00:00,,59.04169395961935,,
2026-02-06 09:35:00+00:00,2.5864611139363376,,,
2026-02-06 21:05:00+00:00,8.243979362570116,,,
2026-02-07 00:00:00+00:00,-2.6272832862325117,,,
2026-02-07 00:10:00+00:00,,,164.86691821959175,
2026-02-07 07:15:00+00:00,,-93.59839186679892,,
2026-02-07 12:50:00+00:00,-2.5826588796158774,,,
2026-02-08 11:15:00+00:00,2.687517673561956,,,
2026-02-08 23:05:00+00:00,2.7358392413325703,,,
2026-02-08 23:20:00+00:00,,,,-30.78659917636469
2026-02-10 03:25:00+00:00,-2.6309081357450737,,,
2026-02-10 06:40:00+00:00,,-43.12539011228887,,
2026-02-11 14:35:00+00:00,-2.5862221610594247,,,
2026-02-12 14:50:00+00:00,,,-299.2380252591538,
2026-02-12 16:10:00+00:00,-2.542295177653841,,,
2026-02-13 20:15:00+00:00,,,,7.090337276160881
2026-02-14 08:05:00+00:00,2.6455151608610095,,,
2026-02-14 08:55:00+00:00,,19.65260366446705,,
2026-02-14 12:45:00+00:00,,,,9.628052004286474
2026-02-14 13:05:00+00:00,,,-127.56583987875638,
2026-02-14 13:15:00+00:00,-2.5440483690686335,,,
2026-02-15 08:30:00+00:00,,,,-12.578285778221016
2026-02-21 16:15:00+00:00,,,,-6.585950952977328
2026-02-25 05:35:00+00:00,-1.7653838159060626,,,
2026-02-25 14:35:00+00:00,,,,-8.77618071905681
2026-02-25 15:30:00+00:00,,35.08991039790817,,
2026-02-25 19:10:00+00:00,,,,67.9272637900749
2026-02-25 19:30:00+00:00,,43.404853556764465,,
2026-02-25 21:45:00+00:00,,,,-16.316454971296025
2026-02-25 22:30:00+00:00,,,1196.4257117121379,
2026-03-01 02:00:00+00:00,,33.81062370215773,,
2026-03-01 04:10:00+00:00,-1.744216863953369,,,
2026-03-02 16:15:00+00:00,5.421680889630522,,,
2026-03-02 17:35:00+00:00,,,,29.391227200925186
2026-03-02 19:15:00+00:00,,,82.37433529501868,
2026-03-03 09:25:00+00:00,,-49.70783871868957,,
2026-03-04 07:45:00+00:00,2.6817187359491186,,,
2026-03-04 11:05:00+00:00,,,,34.54489266038354
2026-03-04 11:40:00+00:00,,58.31683838998015,,
2026-03-04 12:15:00+00:00,,,454.2096397961832,
2026-03-04 14:30:00+00:00,2.729936038821478,,,
2026-03-04 14:35:00+00:00,,,,-5.251246463041753
2026-03-04 16:20:00+00:00,-1.8531953983707297,,,
2026-03-04 18:10:00+00:00,,,,9.371401426515604
2026-03-04 20:05:00+00:00,,,,-17.800411285072187
2026-03-05 16:05:00+00:00,,-51.34535596408591,,
2026-03-08 11:20:00+00:00,,,-272.43933819225276,
2026-03-09 07:15:00+00:00,-1.8309755855442233,-35.754573447322855,,
2026-03-09 10:00:00+00:00,,,,-16.420179214199834
2026-03-09 15:35:00+00:00,,,,7.489866639472893
2026-03-09 19:40:00+00:00,,,,-25.853042273731262
2026-03-10 03:40:00+00:00,-1.8090221882735875,,,13.627352435258672
2026-03-10 08:05:00+00:00,,31.118353885374972,,
2026-03-10 10:15:00+00:00,,,,3.8983079130098304
2026-03-10 17:25:00+00:00,,,,-11.79180955400625
2026-03-10 17:35:00+00:00,-1.7873320122361918,,,
2026-03-11 13:50:00+00:00,-1.7659019014095065,,,
2026-03-13 00:45:00+00:00,,,,-4.941883743544167
2026-03-13 02:55:00+00:00,,,-417.380194791087,
2026-03-13 08:55:00+00:00,,,,-14.618085433820852
2026-03-13 13:15:00+00:00,,28.896534950140676,,
2026-03-13 14:40:00+00:00,,,,31.103227958191383
2026-03-13 15:00:00+00:00,,,-142.56772381513656,
2026-03-15 01:25:00+00:00,,,-180.33353684017493,
2026-03-15 18:10:00+00:00,,,,-11.574555417256306
2026-03-15 22:05:00+00:00,,,,-6.575059222067466
2026-03-15 23:20:00+00:00,,,,4.427907500504716
2026-03-16 01:15:00+00:00,,,-319.7027378679777,
2026-03-16 03:30:00+00:00,,14.616613596312845,,
2026-03-16 03:45:00+00:00,,,,9.573695982710433
2026-03-16 05:30:00+00:00,,,,-23.21547900164296
2026-03-16 08:30:00+00:00,-1.744728737611581,,,
2026-03-16 13:50:00+00:00,,,,-21.44907734067374
2026-03-16 21:35:00+00:00,,18.811198610180327,,
2026-03-16 23:00:00+00:00,,,,-7.49983144937687
2026-03-17 00:25:00+00:00,,,,-4.642818600042574
2026-03-17 02:05:00+00:00,,,,-11.551445047698508
2026-03-21 02:35:00+00:00,,1.510709246168517,,
2026-03-23 11:15:00+00:00,,,,-17.870988984154792
2026-03-23 12:05:00+00:00,-2.901632406270693,,,
2026-03-23 15:20:00+00:00,,,,-17.940281865945053
2026-03-24 12:10:00+00:00,,,-9.382460108216037,
2026-03-24 14:50:00+00:00,,-48.0916442177047,,
2026-03-25 11:45:00+00:00,,,,-9.654819878072885
2026-03-28 23:15:00+00:00,,,-277.5584197973658,-23.419169530356157
2026-03-30 14:45:00+00:00,,,,-11.653387955147991
2026-03-30 17:05:00+00:00,,,-232.13227608895977,
2026-03-31 01:30:00+00:00,,30.149617738484267,,
2026-03-31 07:20:00+00:00,,,,-44.61430865594593
2026-03-31 08:35:00+00:00,,,-423.8526141138864,
2026-03-31 08:40:00+00:00,-3.0962998088049574,,,
2026-03-31 09:15:00+00:00,,-44.62701374027438,,
2026-04-01 13:45:00+00:00,,,,-15.618254122816325
2026-04-01 13:55:00+00:00,,,-365.8354496144675,
2026-04-04 17:25:00+00:00,,-2.149607187111542,,
2026-04-05 01:10:00+00:00,,,-137.8740577999888,
2026-04-05 01:30:00+00:00,,,,-8.108523084129047
2026-04-05 22:40:00+00:00,,11.811514062460674,,
2026-04-06 03:10:00+00:00,,24.685618573031434,,
2026-04-06 09:15:00+00:00,1.7889780327575409,,,
2026-04-06 22:30:00+00:00,,,377.66538528682213,
2026-04-06 22:50:00+00:00,,-28.749781235685532,,
2026-04-06 22:55:00+00:00,,,,27.59893465795767
2026-04-07 22:30:00+00:00,1.8122079125128892,,,
2026-04-08 00:35:00+00:00,1.8357394322569291,,,
2026-04-08 02:05:00+00:00,,52.58777138687151,,
2026-04-08 13:45:00+00:00,,,,52.80425219435392
2026-04-08 15:00:00+00:00,,,326.377676782693,
2026-04-10 04:25:00+00:00,,,-249.923622454593,
2026-04-10 07:55:00+00:00,,,,-28.964379736563842
2026-04-10 20:30:00+00:00,1.859576508784727,,,
2026-04-11 05:05:00+00:00,,,-167.15941961039425,
2026-04-11 23:10:00+00:00,,,,-12.957416366924463
2026-04-12 00:15:00+00:00,,,-265.98411306058915,
2026-04-13 19:30:00+00:00,,27.312457046928557,,
2026-04-13 23:50:00+00:00,,32.84042213476414,,
2026-04-14 14:25:00+00:00,1.8837231097513438,,,
2026-04-14 15:10:00+00:00,,,,92.62116777625579
2026-04-14 17:30:00+00:00,-3.230024484420909,,,
2026-04-14 18:45:00+00:00,,,872.4473322735503,
2026-04-16 13:55:00+00:00,,,,-52.18244923820703
2026-04-17 10:30:00+00:00,,,,-14.431412683860344
2026-04-17 16:20:00+00:00,1.8662413864012422,,,
2026-04-17 16:55:00+00:00,,36.54690842350101,,
2026-04-18 04:45:00+00:00,,,424.20938232843037,
2026-04-18 08:45:00+00:00,,,,-6.292278408654056
2026-04-18 10:05:00+00:00,,-45.19235204059464,,
2026-04-19 17:10:00+00:00,,,-427.20684183725825,
2026-04-21 03:00:00+00:00,,,-321.9057889372016,
2026-04-21 12:45:00+00:00,,,,-5.344278542889697
2026-04-21 13:40:00+00:00,,,-319.3946465499648,
2026-04-21 17:15:00+00:00,,-36.32695179720713,,
2026-04-22 12:10:00+00:00,,32.34523447888705,,
2026-04-22 23:30:00+00:00,,,399.99462539127853,
2026-04-23 00:10:00+00:00,,,,28.83551955289522
2026-04-26 12:45:00+00:00,,,,-7.307864572067956
2026-04-26 21:45:00+00:00,,,,-13.5912341547496
2026-04-27 05:10:00+00:00,,-24.719872937670743,,
2026-04-27 05:15:00+00:00,,,,-12.816533270833133
2026-04-28 02:35:00+00:00,,,-240.63603811290886,
2026-04-29 12:10:00+00:00,,,,-2.9439587022375235
2026-04-29 12:25:00+00:00,,,-125.53162328456528,
2026-04-29 15:10:00+00:00,,-28.64112735038566,,
2026-05-01 04:25:00+00:00,,,,-3.9826311967585752
2026-05-01 20:20:00+00:00,,,1.1046490120643284,
2026-05-01 20:50:00+00:00,,,,7.505786040514067
2026-05-03 01:00:00+00:00,,,,-9.295257371007665
2026-05-03 14:00:00+00:00,,-6.545986684074478,,
2026-05-03 21:40:00+00:00,,,,-15.845241633003752
2026-05-03 23:20:00+00:00,,,,-20.734214891629563
2026-05-04 06:25:00+00:00,,,-203.29449435861898,
2026-05-04 10:00:00+00:00,,,,-9.460281833227327
2026-05-04 10:05:00+00:00,-3.200048531926427,-23.657906845077605,,
2026-05-05 13:05:00+00:00,1.848921900616574,,,
2026-05-05 13:20:00+00:00,,25.205732505589367,,
2026-05-05 16:45:00+00:00,,,-236.34674582076332,
2026-05-05 22:35:00+00:00,,,,3.717194732403641
2026-05-06 13:20:00+00:00,,,-309.26663376378565,
2026-05-06 13:35:00+00:00,,,,-3.71437353313695
2026-05-09 23:20:00+00:00,,,-112.30437286162123,
2026-05-10 01:00:00+00:00,,,,-1.7251814009373447
2026-05-10 20:30:00+00:00,,,-167.45741988971713,-6.785255724070339
2026-05-10 20:40:00+00:00,,-17.74583294388981,,
2026-05-11 00:55:00+00:00,,-24.119199024574073,,
2026-05-11 01:00:00+00:00,,,-368.1325214393073,
2026-05-11 02:20:00+00:00,,,,-15.344156847173963
2026-05-11 03:10:00+00:00,-3.170350768570245,-24.06627890916957,,
2026-05-12 01:35:00+00:00,,-28.050504884704424,,
2026-05-13 10:50:00+00:00,,,,-17.4796173840723
2026-05-14 19:00:00+00:00,,18.933813241881126,,
2026-05-14 20:40:00+00:00,,,14.103119526946102,
2026-05-15 02:30:00+00:00,,,,15.199948939318347
2026-05-15 13:35:00+00:00,-3.1006664586770682,,,
2026-05-17 13:20:00+00:00,,,-136.31105653496707,
2026-05-17 14:05:00+00:00,,,,-11.561104379035896
2026-05-20 13:35:00+00:00,,,,-9.52284528682776
2026-05-21 06:45:00+00:00,,,,-9.850878678143545
2026-05-21 10:00:00+00:00,,,,-19.632978828800788
2026-05-22 14:05:00+00:00,,-26.287802175364277,,
2026-05-23 22:35:00+00:00,,,,4.9079480954465
2026-05-24 05:25:00+00:00,,,411.4188607132419,
2026-05-24 13:25:00+00:00,,,,-16.34661569349555
2026-05-25 20:40:00+00:00,,,,-3.858837588924871
2026-05-26 15:20:00+00:00,,,,-23.3792956434977
2026-05-26 18:00:00+00:00,,,-534.7602470195197,
2026-05-27 13:25:00+00:00,,,,-26.792639274333396
2026-05-27 13:40:00+00:00,,,-423.73232661154907,
2026-05-29 13:05:00+00:00,,,,-16.51553284975853
2026-05-29 13:25:00+00:00,,,-219.58960521520567,
2026-05-29 23:20:00+00:00,,,,-21.3076751570959
2026-05-30 10:50:00+00:00,,-19.25330030554619,,
2026-05-31 10:20:00+00:00,,,,-4.928116107734468
2026-05-31 16:50:00+00:00,,,-266.42464423352794,
2026-06-01 01:50:00+00:00,,,,-21.677538678351084
2026-06-01 06:40:00+00:00,,,-304.67865949856787,
2026-06-03 16:20:00+00:00,-3.0325138099153435,-44.71737202316763,,
2026-06-03 16:25:00+00:00,,,-657.1857866519895,
2026-06-04 09:15:00+00:00,-2.965859156373398,,,
2026-06-04 23:30:00+00:00,,-22.270843691209166,,
2026-06-05 02:20:00+00:00,-2.9006695721163,,,
2026-06-05 03:15:00+00:00,,,-612.1355641646223,
2026-06-06 04:10:00+00:00,-2.8369128549212093,,,
2026-06-06 04:45:00+00:00,,,-860.5846507042043,
2026-06-06 16:20:00+00:00,,-36.452313723842735,,
2026-06-07 07:50:00+00:00,1.6391096120179327,,,
2026-06-07 19:15:00+00:00,,,,11.500930917156893
2026-06-08 17:00:00+00:00,,4.6137120527209845,,
2026-06-09 00:25:00+00:00,,,,-3.483883309651901
2026-06-09 00:55:00+00:00,,,542.0950757385399,
2026-06-09 13:20:00+00:00,-2.8105851396421997,,,
2026-06-09 14:10:00+00:00,,,-496.31500286659866,
2026-06-10 09:20:00+00:00,-2.7488084782728492,,,
2026-06-10 21:50:00+00:00,,-41.44433961736968,,
2026-06-10 21:55:00+00:00,-2.6883896679204184,,,
2026-06-12 06:30:00+00:00,,,,27.827444685015053
2026-06-13 02:45:00+00:00,,,,-12.902448647322899
2026-06-14 06:35:00+00:00,,,,9.139579532964945
2026-06-14 14:45:00+00:00,,,633.7492544614943,
2026-06-15 01:20:00+00:00,,15.725927511710097,,
2026-06-15 11:15:00+00:00,1.5532959843634444,,,
2026-06-15 22:25:00+00:00,,,,41.6365199268937
2026-06-16 02:25:00+00:00,,-26.195093557099426,,
2026-06-16 03:10:00+00:00,,,339.44453157998214,
2026-06-16 14:15:00+00:00,,-29.785439100996655,,-27.77402541740321
2026-06-16 14:45:00+00:00,,,-339.1559675597491,
2026-06-17 08:40:00+00:00,,,-454.3818234583996,
2026-06-17 18:05:00+00:00,-2.663440308755824,-28.708925314150292,,-40.35399199247786
2026-06-17 20:25:00+00:00,,,-457.1757297642871,
2026-06-18 15:35:00+00:00,,,-503.9357167443741,
2026-06-20 14:05:00+00:00,,,,1.0541055652647628
2026-06-21 08:20:00+00:00,,,,1.6732757430493166
2026-06-21 23:45:00+00:00,,,169.01376109868943,
2026-06-22 12:45:00+00:00,,9.104929806877863,,
2026-06-22 18:55:00+00:00,,,,-4.509610918457383
2026-06-22 21:35:00+00:00,-2.6048978907693794,-26.165191626749674,,
2026-06-22 23:05:00+00:00,,,-174.17317886221645,
2026-06-23 18:40:00+00:00,-1.389728407607464,,,
2026-06-24 13:10:00+00:00,,,,-38.40251685136195
2026-06-25 05:50:00+00:00,1.4870105378267624,,,
2026-06-25 13:45:00+00:00,,-37.01538639159753,,
2026-06-25 13:55:00+00:00,,,-1174.9519506372635,
2026-06-25 15:10:00+00:00,-1.3908948203487768,,,
2026-06-25 16:35:00+00:00,-1.3742179914528094,,,
2026-06-26 01:05:00+00:00,-1.3577411177352872,,,
2026-06-26 06:35:00+00:00,1.4527841113854123,,,
2026-06-26 09:50:00+00:00,-1.3588806832291453,,,
2026-06-26 13:15:00+00:00,,-52.505813496138444,,
2026-06-26 14:40:00+00:00,-1.3425877038372391,,,
2026-06-26 18:25:00+00:00,-1.3264900772682324,,,
2026-06-28 06:15:00+00:00,,,-329.71427339260845,
2026-06-28 16:45:00+00:00,,,,-36.21992065470795
2026-06-29 00:30:00+00:00,-1.3105854612417716,,,
2026-06-29 05:05:00+00:00,-1.2948715415614913,,,
2026-06-29 13:40:00+00:00,-1.2793460317781609,,,-36.63102727427213
2026-06-30 00:30:00+00:00,-1.2640066728571497,,,
2026-06-30 04:55:00+00:00,,,-395.4681680398353,
2026-06-30 12:20:00+00:00,,-29.5234464559328,,
2026-06-30 14:55:00+00:00,-1.2488512328496029,,,
2026-07-01 14:45:00+00:00,1.3362718451027291,,,
2026-07-01 22:20:00+00:00,1.3536233350113775,28.008709145749435,,
2026-07-02 00:40:00+00:00,,,,0.5363371612534138
2026-07-02 06:00:00+00:00,-1.2661293497772874,,,
2026-07-02 13:40:00+00:00,1.3547594444096376,,,
2026-07-03 00:35:00+00:00,-1.2671920246119441,,,
2026-07-03 20:35:00+00:00,,30.758298167890416,,
2026-07-05 09:40:00+00:00,,,,33.229112983959794
2026-07-06 03:30:00+00:00,,,,-8.89302027799522
2026-07-06 07:00:00+00:00,-1.2519983922368283,,,
2026-07-06 10:00:00+00:00,,,1023.1088821695666,
2026-07-06 11:55:00+00:00,,-20.81871599963779,,
2026-07-06 16:55:00+00:00,2.5230279575181527,,,
2026-07-07 01:35:00+00:00,-1.2672380367245637,,,
2026-07-07 03:25:00+00:00,,,,-26.2267291558112
2026-07-07 13:20:00+00:00,-1.2520438526642295,,,
2026-07-08 01:35:00+00:00,-1.2370318468707922,,,
2026-07-08 02:35:00+00:00,,,-412.06282869051574,
2026-07-08 06:20:00+00:00,,-31.156949095311802,,
2026-07-10 08:15:00+00:00,1.3236250923955737,26.99694976159799,,
2026-07-12 00:30:00+00:00,,,279.2560437431748,
2026-07-12 06:25:00+00:00,,,,18.830811238694196
2026-07-13 00:40:00+00:00,,,,-23.763676544319424
2026-07-14 15:25:00+00:00,1.3408123642203407,,,
2026-07-14 17:50:00+00:00,,20.565212147544344,,
2026-07-16 00:35:00+00:00,,,,42.79567387563429
2026-07-16 07:40:00+00:00,-1.2541464401316347,,,
2026-07-16 08:10:00+00:00,,,159.8297585731525,
2026-07-17 18:45:00+00:00,1.3419377212446193,,,
2026-07-20 00:10:00+00:00,,20.911762447243063,,
2026-07-20 00:50:00+00:00,,-15.802820691336365,,
2026-07-20 05:10:00+00:00,,,,-1.72903004523846
2026-07-20 06:30:00+00:00,,,-11.159508689688664,
2026-07-20 13:50:00+00:00,-1.2551990575921934,,,
2026-07-20 18:10:00+00:00,,17.203041779442174,,
2026-07-21 06:35:00+00:00,1.3430640227921486,,,
2026-07-21 13:55:00+00:00,,20.960736529717906,,
2026-07-22 06:05:00+00:00,,,,20.679608354738093
2026-07-22 07:35:00+00:00,,,38.507400216822134,
2026-07-24 10:50:00+00:00,,,,-28.61518974298042
2026-07-27 00:55:00+00:00,,,,20.27834711559285
2026-07-27 06:05:00+00:00,,7.122907565849346,,
2026-07-27 08:00:00+00:00,,-12.802952102552354,,
2026-07-27 08:15:00+00:00,,,,-16.10848709579227
2026-07-27 15:05:00+00:00,,,42.05827701344242,
2026-07-29 16:40:00+00:00,,,,-11.930077244323456
2026-07-29 16:50:00+00:00,,,-319.31252785690594,
2026-07-31 02:15:00+00:00,,,,-12.591930157644356
2026-07-31 03:25:00+00:00,,,-118.2726766339365,
2026-08-02 11:50:00+00:00,,,,-5.724249550696641
2026-08-02 13:35:00+00:00,,,-176.36873391612244,
2026-08-03 00:30:00+00:00,,,,-15.488789131812837
2026-08-03 03:05:00+00:00,,,-146.44892121671364,
2026-08-03 03:45:00+00:00,,-16.946974388069293,,
2026-08-04 04:45:00+00:00,,14.68545354048797,,
2026-08-04 10:15:00+00:00,,,,-13.272161517715404
2026-08-05 15:05:00+00:00,0.8371524555974901,,,
2026-08-06 13:05:00+00:00,,,157.77997250580665,-2.1383299700630687
2026-08-07 17:15:00+00:00,,,,-12.920558041633967
2026-08-07 17:30:00+00:00,,-17.945468569558443,,
2026-08-09 00:45:00+00:00,,,-15.964526792300603,
2026-08-09 22:30:00+00:00,,,,-3.4957457841455835
2026-08-09 23:30:00+00:00,,-10.622094238398859,,
2026-08-10 00:40:00+00:00,,,-152.74114773975452,
2026-08-12 13:30:00+00:00,,,,-17.34879205356833
2026-08-12 15:00:00+00:00,,,-323.02639407865354,
2026-08-16 17:30:00+00:00,,,,-4.2357528711952455
2026-08-16 20:40:00+00:00,,-9.004694031482813,,
2026-08-16 21:55:00+00:00,,,-162.75852321632192,
2026-08-17 09:35:00+00:00,,,,-5.506779810538546
2026-08-17 14:50:00+00:00,,6.402747886050065,,
2026-08-17 20:25:00+00:00,,8.92820308172486,,
2026-08-18 02:45:00+00:00,,,,6.406360457070605
2026-08-19 00:50:00+00:00,,,,-6.060992032472541
2026-08-19 01:40:00+00:00,,-16.947629744751794,,
2026-08-19 03:50:00+00:00,,,245.44022508990747,
2026-08-19 15:30:00+00:00,,,,87.19705442478403
2026-08-19 17:25:00+00:00,2.0885329163338326,,,
2026-08-19 20:30:00+00:00,,72.90056987978824,,
2026-08-20 08:05:00+00:00,0.8605286817192166,,,
2026-08-20 10:10:00+00:00,0.8674043058861685,,,
2026-08-20 20:35:00+00:00,,33.803119138945476,,
2026-08-21 05:15:00+00:00,0.8743348662902406,,,
2026-08-21 09:05:00+00:00,,,,211.8870348674593
2026-08-21 09:20:00+00:00,0.8813208018718655,,,
2026-08-21 10:10:00+00:00,,43.510063717266576,,
2026-08-21 11:30:00+00:00,-1.8884653314160005,,,
2026-08-22 05:10:00+00:00,-1.8563897477619093,,,
2026-08-24 13:45:00+00:00,-1.2881989417176953,-21.275576618947298,,
2026-08-24 15:55:00+00:00,-1.2727534364065036,,,
2026-08-24 16:40:00+00:00,,22.686213257784175,,
2026-08-24 16:50:00+00:00,-1.2574931227039627,,,
2026-08-25 07:45:00+00:00,-1.2424157801627729,-26.769863513591645,,
2026-08-25 09:45:00+00:00,,,115.29561702007413,
2026-08-25 09:50:00+00:00,,,,29.424537221510946
2026-08-27 10:25:00+00:00,-1.2275192149585905,-22.42693352217566,,
2026-08-27 13:45:00+00:00,,,,-32.571626818059485
2026-08-28 02:30:00+00:00,,,,-21.688489328272226
2026-08-28 03:30:00+00:00,,,0.6306687076321396,
2026-08-30 20:40:00+00:00,,-15.018660781030576,,-16.095440240119387
2026-08-30 21:55:00+00:00,,,-123.14725993208049,
2026-08-31 12:25:00+00:00,,-16.37335141505355,,
2026-08-31 23:00:00+00:00,,-18.049116340667524,,
2026-09-03 18:30:00+00:00,1.7989510706352405,,,
2026-09-03 19:50:00+00:00,,37.5794242740194,,
2026-09-04 02:20:00+00:00,,-22.08138834149463,,
2026-09-04 02:25:00+00:00,,,440.44793951023894,
2026-09-04 02:45:00+00:00,,,,55.59161382252887
2026-09-07 00:15:00+00:00,,-10.678291765450695,,
2026-09-07 03:10:00+00:00,,,,-15.658491107790269
2026-09-09 09:55:00+00:00,,-14.894783915802918,,
2026-09-09 15:00:00+00:00,,,,-28.94949233796433
2026-09-09 15:20:00+00:00,,,-344.6350690964573,
2026-09-11 15:50:00+00:00,,,,-28.96516242356938
2026-09-11 15:55:00+00:00,-1.5811409242427743,-23.638848932221208,,
2026-09-13 22:15:00+00:00,,-11.321997435892172,,
2026-09-14 09:50:00+00:00,,5.11997855224422,,
2026-09-14 13:05:00+00:00,,,,-4.639333615133182
2026-09-14 18:50:00+00:00,,8.49525178488284,,
2026-09-14 22:25:00+00:00,,-16.015900103228205,,
2026-09-14 23:05:00+00:00,,,,-3.0330864968782407
2026-09-18 09:00:00+00:00,,13.019793643848516,,
2026-09-18 18:50:00+00:00,,30.19031374910128,,
2026-09-18 19:10:00+00:00,1.316274833185659,,,
2026-09-19 20:30:00+00:00,,,1037.4342582978243,
2026-09-20 02:30:00+00:00,,,,96.47341493011663
2026-09-20 21:00:00+00:00,,-14.58014065682869,,
2026-09-21 01:50:00+00:00,,,,-30.60331395893536
2026-09-21 12:50:00+00:00,1.9515976371685184,,,
2026-09-21 19:30:00+00:00,0.8360476069413636,,,
2026-09-22 00:55:00+00:00,,-25.67828514723169,,
2026-09-23 11:25:00+00:00,,,,-32.40021831170907
2026-09-24 14:50:00+00:00,,-24.543388922064196,,
2026-09-25 13:50:00+00:00,,,,-31.950830299624613
2026-09-27 22:35:00+00:00,,,,-5.790373456235102
2026-09-28 14:50:00+00:00,,-17.119256161365456,,
2026-09-29 01:15:00+00:00,,-20.77519322811213,,
2026-09-29 15:20:00+00:00,,,-270.05994853008815,
2026-09-29 15:25:00+00:00,,,,-37.959998182263234
2026-09-30 13:40:00+00:00,,,,-18.417077926098045
2026-09-30 14:20:00+00:00,,-22.322385450356478,,
2026-09-30 14:30:00+00:00,-1.7914554130218079,,,
2026-09-30 20:00:00+00:00,,,-558.8351013023967,
