exit_time,accurate,vol_adjusted,trend_reversal,donchian_breakout
2018-04-03 09:05:00+00:00,0.01905426785811426,,,
2018-04-04 01:25:00+00:00,-0.02198,,,
2018-04-04 14:00:00+00:00,,-0.05424360432404274,,
2018-04-05 12:00:00+00:00,-0.02198,,,
2018-04-07 06:10:00+00:00,0.012985000000000024,,,
2018-04-07 23:15:00+00:00,-0.02198,,,
2018-04-08 12:10:00+00:00,0.012984999999999802,,,
2018-04-08 17:00:00+00:00,-0.02198,,,
2018-04-09 09:00:00+00:00,,0.04315437716342396,,
2018-04-09 10:15:00+00:00,-0.02198,,,0.011579948245372229
2018-04-09 10:25:00+00:00,,,0.0062467313879608355,
2018-04-12 06:55:00+00:00,,,,-0.0040257832234738
2018-04-12 07:05:00+00:00,,,-0.015503171599049237,
2018-04-12 16:15:00+00:00,,0.05894334385332556,,
2018-04-12 16:25:00+00:00,0.05922300897774102,,,
2018-04-12 22:05:00+00:00,-0.02198000000000011,,,
2018-04-13 07:45:00+00:00,0.012985000000000024,,,
2018-04-13 20:35:00+00:00,-0.02198000000000011,,,
2018-04-13 21:05:00+00:00,,,,0.11449102429971125
2018-04-13 22:20:00+00:00,,,0.0814876921662735,
2018-04-14 07:30:00+00:00,0.012984999999999802,,,
2018-04-16 02:10:00+00:00,-0.02198,,,0.0021738952634047237
2018-04-16 03:00:00+00:00,,,0.004136794048650305,
2018-04-17 18:55:00+00:00,,,,-0.029092785328119763
2018-04-17 19:05:00+00:00,,,-0.031185643503522043,
2018-04-18 14:55:00+00:00,-0.02198,,,
2018-04-19 02:45:00+00:00,0.012985000000000024,,,
2018-04-20 22:20:00+00:00,0.012984999999999802,,,
2018-04-20 22:25:00+00:00,,0.025577659635362515,,
2018-04-21 03:30:00+00:00,0.01530999804088018,,,
2018-04-21 07:05:00+00:00,,0.02408932240822237,,
2018-04-21 07:55:00+00:00,-0.02198000000000011,,,
2018-04-21 08:45:00+00:00,,,,0.07083450664093038
2018-04-22 11:40:00+00:00,0.012985000000000024,,,
2018-04-22 23:10:00+00:00,,,,-0.023449946885685913
2018-04-22 23:25:00+00:00,,,0.08295758227475014,
2018-04-24 05:35:00+00:00,0.012985000000000024,,,
2018-04-24 13:30:00+00:00,,0.0266423498257522,,
2018-04-25 03:55:00+00:00,-0.02198,-0.029568081803827417,,
2018-04-25 04:35:00+00:00,,,,0.033881237104909534
2018-04-25 04:55:00+00:00,,,0.01974943415178565,
2018-04-25 22:20:00+00:00,0.012984999999999802,,,
2018-04-26 06:35:00+00:00,-0.02198000000000011,,,
2018-04-27 01:15:00+00:00,0.02030736037998171,,,
2018-04-27 19:50:00+00:00,-0.02197999999999989,,,
2018-04-27 20:25:00+00:00,,,-0.004463426083706201,-0.01400319464715949
2018-04-28 08:30:00+00:00,0.012985000000000024,,,
2018-04-29 01:30:00+00:00,0.012984999999999802,,,
2018-04-29 08:45:00+00:00,-0.02198,,,
2018-04-29 09:00:00+00:00,,,,-0.01605500821830763
2018-04-29 09:10:00+00:00,,,-0.006085206024744494,
2018-04-29 11:55:00+00:00,,-0.005837802510635037,,
2018-04-30 07:15:00+00:00,,,-0.02468351846763739,
2018-05-03 16:55:00+00:00,,0.01841610713682762,,
2018-05-03 21:55:00+00:00,0.019403377308707226,,,
2018-05-03 23:05:00+00:00,,0.019814647103973293,,
2018-05-04 15:40:00+00:00,-0.02198,,,
2018-05-06 05:55:00+00:00,-0.02198,,,
2018-05-06 06:00:00+00:00,,,,0.04620701039036068
2018-05-07 01:00:00+00:00,-0.02198,,,
2018-05-08 11:15:00+00:00,-0.02198000000000011,,,
2018-05-09 17:05:00+00:00,0.012985000000000024,,,
2018-05-10 17:15:00+00:00,,,,-0.02334847447433086
2018-05-10 17:35:00+00:00,,,-0.019950407796738845,
2018-05-10 18:15:00+00:00,,-0.02914953479782534,,
2018-05-11 20:35:00+00:00,-0.02198000000000011,,,
2018-05-12 15:20:00+00:00,-0.02198000000000011,,,
2018-05-13 04:55:00+00:00,-0.02198,,,
2018-05-13 20:40:00+00:00,0.012984999999999802,,,
2018-05-14 03:10:00+00:00,-0.02198000000000011,,,
2018-05-14 03:30:00+00:00,,,,-0.03342718263278177
2018-05-14 03:45:00+00:00,,,-0.021357511285299502,
2018-05-14 10:25:00+00:00,,-0.018896405919661685,,
2018-05-14 19:00:00+00:00,0.012985000000000024,,,
2018-05-15 14:35:00+00:00,,,,-0.03133710736224338
2018-05-15 15:05:00+00:00,,,-0.027347761194029818,
2018-05-16 00:45:00+00:00,,-0.039943996565731665,,
2018-05-16 13:15:00+00:00,-0.02198000000000011,,,
2018-05-19 11:50:00+00:00,0.012985000000000024,,,
2018-05-19 22:40:00+00:00,-0.02198000000000011,,,
2018-05-21 14:40:00+00:00,,,,-0.00020806306922371842
2018-05-21 14:55:00+00:00,,,0.016572856655675317,
2018-05-21 18:00:00+00:00,-0.02198,-0.023157360037090124,,
2018-05-24 07:50:00+00:00,-0.02198,,,
2018-05-24 19:05:00+00:00,0.012985000000000024,,,
2018-05-25 19:25:00+00:00,-0.02198,,,
2018-05-26 22:35:00+00:00,-0.02198,,,
2018-05-26 22:45:00+00:00,,,-0.02899156025372218,
2018-05-29 16:05:00+00:00,0.017981480617431655,,,
2018-05-29 16:10:00+00:00,,0.0214418113780932,,
2018-05-30 01:15:00+00:00,0.012985000000000024,,,
2018-05-30 15:00:00+00:00,,,,-0.018745491852818263
2018-05-30 15:25:00+00:00,,,0.004168070881047425,
2018-05-31 17:45:00+00:00,0.012985000000000024,,,
2018-06-01 11:50:00+00:00,,-0.028631467598418614,,-0.02355504555792176
2018-06-02 16:10:00+00:00,,,-0.012268222280062413,
2018-06-03 06:45:00+00:00,,,,0.002112002857513895
2018-06-03 14:30:00+00:00,,,-0.010068866434339685,
2018-06-04 06:35:00+00:00,,-0.015614616377732982,,
2018-06-04 11:00:00+00:00,-0.016985000000000028,,,
2018-06-06 04:05:00+00:00,,,-0.0036934495142557644,
2018-06-06 18:00:00+00:00,,-0.013893648295613015,,
2018-06-07 00:55:00+00:00,0.017979999999999885,,,
2018-06-07 09:25:00+00:00,,,-0.005906662731498535,
2018-06-08 10:20:00+00:00,,-0.014575602403156696,,
2018-06-11 14:10:00+00:00,-0.016984999999999917,,,
2018-06-12 03:40:00+00:00,-0.016985000000000028,,,
2018-06-14 13:05:00+00:00,-0.016985000000000028,,,
2018-06-14 18:10:00+00:00,0.018616945539838614,,,
2018-06-15 11:25:00+00:00,,-0.02710258639474883,,
2018-06-18 00:15:00+00:00,,-0.016840662369437376,,
2018-06-18 00:55:00+00:00,-0.016985000000000028,,,
2018-06-19 03:15:00+00:00,,,-0.009276795005202954,
2018-06-19 12:55:00+00:00,0.017980000000000107,,,
2018-06-19 13:10:00+00:00,,0.023092328096582904,,
2018-06-19 13:20:00+00:00,,,,-0.0015912474721755387
2018-06-20 21:55:00+00:00,,,-0.007470773829538646,
2018-06-21 09:50:00+00:00,,-0.01472998542740489,,
2018-06-22 01:40:00+00:00,-0.016985000000000028,,,
2018-06-25 12:00:00+00:00,0.017979999999999885,,,
2018-06-26 00:55:00+00:00,-0.016985000000000028,,,
2018-06-27 02:50:00+00:00,,-0.013872461119770252,,
2018-06-29 23:35:00+00:00,0.030639522789843943,,,
2018-06-30 01:40:00+00:00,,,,0.014990866141732173
2018-06-30 02:35:00+00:00,,0.055288895686754325,,
2018-06-30 03:55:00+00:00,-0.016985000000000028,,,
2018-06-30 14:30:00+00:00,,,0.01868223399133373,
2018-07-02 13:35:00+00:00,,,,0.007743669388374119
2018-07-02 13:50:00+00:00,,,,-0.006150904328644513
2018-07-02 19:20:00+00:00,,,,-0.006280834997682949
2018-07-03 00:25:00+00:00,,,-0.003660722381743975,
2018-07-03 06:55:00+00:00,,0.0031962171501318526,,
2018-07-03 10:30:00+00:00,-0.011989999999999945,,,
2018-07-04 13:20:00+00:00,,,,0.0057454255796558495
2018-07-04 14:45:00+00:00,-0.011989999999999945,,,
2018-07-05 00:20:00+00:00,,-0.032634032579073935,,
2018-07-07 23:35:00+00:00,,,,-0.0044942165861942
2018-07-08 03:25:00+00:00,,0.00958149999999991,,
2018-07-08 23:00:00+00:00,,,-0.005625186755561451,
2018-07-08 23:05:00+00:00,-0.011990000000000056,,,
2018-07-13 04:00:00+00:00,,0.009669897476327627,,
2018-07-13 19:10:00+00:00,-0.011989999999999945,,,
2018-07-16 04:15:00+00:00,,-0.0049897787514792125,,
2018-07-16 11:30:00+00:00,0.017979999999999885,,,
2018-07-16 13:40:00+00:00,,0.01614529373921325,,
2018-07-16 23:30:00+00:00,,,,-0.005523610116225153
2018-07-17 00:00:00+00:00,,,,-0.0011483971418385641
2018-07-17 04:05:00+00:00,,0.008069030718873105,,
2018-07-17 04:20:00+00:00,,,,-0.004448696799709828
2018-07-17 05:45:00+00:00,,,0.0209485419714599,
2018-07-17 15:45:00+00:00,,,,-0.003191998803847129
2018-07-17 16:00:00+00:00,,,,-0.0055792914692701645
2018-07-17 17:35:00+00:00,,0.007751533297718938,,
2018-07-17 17:50:00+00:00,,,,0.04760303311258274
2018-07-17 18:10:00+00:00,,,,0.009532318826825703
2018-07-17 18:25:00+00:00,,,,-0.006368977208872417
2018-07-17 18:45:00+00:00,0.04825717397176299,,,
2018-07-17 19:35:00+00:00,-0.011989999999999945,,,
2018-07-17 21:45:00+00:00,,0.050330223504645444,,
2018-07-18 03:05:00+00:00,,0.020286461457838634,,
2018-07-18 03:15:00+00:00,,,,0.002821796521350395
2018-07-18 04:10:00+00:00,-0.011990000000000056,,,
2018-07-18 08:30:00+00:00,,,-0.0024492463503077433,
2018-07-18 18:10:00+00:00,,,,-0.0070792625471773896
2018-07-19 16:45:00+00:00,,,-0.014742074500497027,
2018-07-20 16:45:00+00:00,-0.011990000000000056,,,-0.0004306860233418419
2018-07-20 17:00:00+00:00,,-0.03031020092068537,,
2018-07-23 04:50:00+00:00,,,,-0.006703272416792694
2018-07-23 06:00:00+00:00,,0.01631662643098397,,
2018-07-23 06:30:00+00:00,,,,-0.006912073929961071
2018-07-23 07:05:00+00:00,,,,-0.006721821812138984
2018-07-23 07:25:00+00:00,0.017980000000000107,0.010594923141572288,,
2018-07-23 07:30:00+00:00,,,,0.00260498832684819
2018-07-23 18:35:00+00:00,,,,-0.016232223363286225
2018-07-23 23:25:00+00:00,,,0.010703908617343494,
2018-07-24 04:40:00+00:00,,,,-0.006586306354732452
2018-07-24 04:55:00+00:00,,,,-0.0018621246198602392
2018-07-24 05:35:00+00:00,,,,0.008023594136597145
2018-07-24 05:50:00+00:00,,,,-0.006751699115838172
2018-07-24 07:35:00+00:00,,,,-0.006338281447305638
2018-07-24 09:45:00+00:00,,0.012578306364037672,,
2018-07-24 10:35:00+00:00,0.017980000000000107,,,
2018-07-24 11:00:00+00:00,,,,0.005230558287685039
2018-07-24 11:35:00+00:00,,,,-0.000305102133741908
2018-07-24 12:15:00+00:00,,,,0.009092689352360184
2018-07-24 12:30:00+00:00,-0.011989999999999945,,,
2018-07-24 22:40:00+00:00,,0.013471375990559364,,
2018-07-24 23:50:00+00:00,,,,0.006102924648916597
2018-07-25 00:35:00+00:00,,,,-0.006866170543532113
2018-07-25 03:40:00+00:00,,,0.044611226200921505,
2018-07-25 09:20:00+00:00,,-0.028182740162585707,,
2018-07-26 16:00:00+00:00,,-0.014815855999307015,,
2018-07-27 16:25:00+00:00,0.017980000000000107,,,
2018-07-28 00:25:00+00:00,,,-0.005570993403607116,
2018-07-28 08:50:00+00:00,,0.004874145701997401,,
2018-07-31 08:55:00+00:00,-0.011989999999999945,,,
2018-07-31 10:15:00+00:00,,-0.02251967478927086,,
2018-08-01 11:30:00+00:00,-0.016984999999999917,,,
2018-08-02 08:55:00+00:00,,,,-0.0043445143175582235
2018-08-02 10:10:00+00:00,-0.016985000000000028,,,
2018-08-02 12:40:00+00:00,,-0.019117982434176506,,
2018-08-03 18:55:00+00:00,,,,0.0018628789375814137
2018-08-03 19:10:00+00:00,,,-0.00578105779571525,
2018-08-05 13:15:00+00:00,,,,-0.006246356906719375
2018-08-06 07:35:00+00:00,,,,-0.006419926853771463
2018-08-07 13:55:00+00:00,,,,0.009071201172079935
2018-08-07 14:35:00+00:00,,,-0.003339644073143133,
2018-08-09 08:30:00+00:00,,,,-0.015105191487356562
2018-08-09 21:00:00+00:00,0.007989999999999942,,,
2018-08-09 21:35:00+00:00,,0.021287491831096794,,
2018-08-09 23:55:00+00:00,-0.016984999999999917,,,0.015751971158411093
2018-08-10 01:35:00+00:00,,,-0.004813886238284715,
2018-08-10 16:45:00+00:00,-0.016985000000000028,,,
2018-08-11 23:25:00+00:00,,,,0.02478060777129132
2018-08-11 23:40:00+00:00,,,-0.015664768138402785,
2018-08-11 23:45:00+00:00,-0.016985000000000028,-0.027359554699982302,,
2018-08-12 12:45:00+00:00,,,,-0.014598841898493031
2018-08-12 19:40:00+00:00,,,,-0.016978842062692734
2018-08-13 13:10:00+00:00,-0.016985000000000028,,-0.011263811759317566,-0.009255037012427914
2018-08-14 14:50:00+00:00,-0.016985000000000028,,,
2018-08-15 02:10:00+00:00,0.007990000000000164,,,
2018-08-15 04:10:00+00:00,0.007989999999999942,,,
2018-08-15 07:35:00+00:00,0.007990000000000164,,,
2018-08-15 09:25:00+00:00,-0.016984999999999917,,,0.024710533305191795
2018-08-15 10:40:00+00:00,,,0.013086364519584226,
2018-08-15 19:05:00+00:00,-0.016984999999999917,,,
2018-08-15 19:20:00+00:00,,,,-0.0013146636594447703
2018-08-15 19:45:00+00:00,,-0.02454003701284213,,
2018-08-15 19:50:00+00:00,,,-0.02511380595028201,
2018-08-16 10:40:00+00:00,0.007989999999999942,,,
2018-08-16 12:25:00+00:00,,,,-0.012621971501033946
2018-08-17 04:20:00+00:00,0.007989999999999942,,,
2018-08-17 05:40:00+00:00,-0.016985000000000028,,,
2018-08-17 10:25:00+00:00,,,,-0.008430648396914542
2018-08-17 10:35:00+00:00,,,-0.004170658999067434,
2018-08-17 22:00:00+00:00,,-0.0030350107058164655,,
2018-08-18 02:55:00+00:00,,,,-0.009600731756257308
2018-08-19 15:05:00+00:00,,,,-0.007423135580204687
2018-08-20 04:10:00+00:00,,,-0.0044533293121648,
2018-08-20 04:50:00+00:00,,,,-0.004841482460774205
2018-08-20 06:50:00+00:00,,-0.016731413695963093,,
2018-08-20 09:20:00+00:00,-0.016985000000000028,,,
2018-08-20 22:05:00+00:00,,,,-0.014192437749898534
2018-08-21 13:35:00+00:00,,,,-0.013538099255896552
2018-08-21 13:40:00+00:00,,,-0.001912587499999896,
2018-08-22 01:00:00+00:00,0.007989999999999942,0.011704249963598201,,
2018-08-22 02:05:00+00:00,,,,0.034057051957411266
2018-08-22 04:05:00+00:00,0.007989999999999942,,,
2018-08-22 07:55:00+00:00,,,-0.01869712581544869,
2018-08-22 15:55:00+00:00,,-0.01960020133763518,,
2018-08-23 14:05:00+00:00,0.007989999999999942,,,
2018-08-23 19:30:00+00:00,,,,-0.0077082576193234775
2018-08-24 12:10:00+00:00,,,,0.0009416486998763407
2018-08-24 21:35:00+00:00,0.007989999999999942,,,
2018-08-25 04:00:00+00:00,,,,0.015565257298781221
2018-08-25 04:25:00+00:00,,,-0.0003870716976618338,
2018-08-25 18:10:00+00:00,,-0.0030542344616015793,,
2018-08-26 02:15:00+00:00,,,,-0.00993953535180836
2018-08-26 15:50:00+00:00,,,-0.005433736771501052,-0.010524931941421123
2018-08-27 12:45:00+00:00,,,,-0.007084807836604146
2018-08-28 11:05:00+00:00,0.007989999999999942,0.008752161835785754,,
2018-08-28 16:25:00+00:00,-0.016985000000000028,-0.012543636086730037,,0.034451680573134746
2018-08-28 17:05:00+00:00,,,0.016406972054330282,
2018-08-28 21:55:00+00:00,,,,-0.008813497987093522
2018-08-29 14:45:00+00:00,,,-0.010401509069575487,-0.009353544436931371
2018-08-31 04:55:00+00:00,,0.008770343341198306,,
2018-08-31 21:15:00+00:00,,,,-0.0112141123801347
2018-09-01 10:35:00+00:00,,0.008270711069149783,,
2018-09-01 12:00:00+00:00,,,,-0.00650268625778172
2018-09-01 19:50:00+00:00,,0.00814129484556192,,
2018-09-01 20:20:00+00:00,,,,0.009173151385487133
2018-09-02 11:35:00+00:00,,,,-0.007625352494042725
2018-09-03 00:05:00+00:00,0.017979999999999885,,,
2018-09-04 12:00:00+00:00,0.017980000000000107,,,
2018-09-04 13:15:00+00:00,,,,-0.002325962583516028
2018-09-05 09:50:00+00:00,-0.02198000000000011,,,
2018-09-05 16:50:00+00:00,-0.02198,,,
2018-09-05 23:40:00+00:00,-0.02198000000000011,,,
2018-09-06 09:35:00+00:00,-0.02198000000000011,,,
2018-09-08 17:45:00+00:00,-0.02198,,,
2018-09-09 13:35:00+00:00,0.03112945975637338,,,
2018-09-09 22:00:00+00:00,-0.02198,-0.020096542834049824,,
2018-09-09 22:35:00+00:00,,,-0.025411878374005048,
2018-09-11 14:55:00+00:00,-0.02198000000000011,,,
2018-09-11 15:05:00+00:00,,,-0.017949800190716236,
2018-09-12 08:20:00+00:00,,,-0.019637635913446028,
2018-09-13 04:15:00+00:00,0.024304505552058542,,,
2018-09-13 05:45:00+00:00,,,,-0.007529360266134044
2018-09-13 13:50:00+00:00,,0.009265167014800957,,
2018-09-13 19:30:00+00:00,,,,0.0005379036138684068
2018-09-14 02:40:00+00:00,0.017980000000000107,,,
2018-09-14 08:05:00+00:00,,,,-0.005121968466669902
2018-09-14 08:55:00+00:00,-0.02198,,,
2018-09-16 04:20:00+00:00,,,0.022639284384220915,
2018-09-17 13:45:00+00:00,,,-0.010757597412598185,
2018-09-17 14:15:00+00:00,-0.02198,,,
2018-09-18 19:55:00+00:00,,-0.012637006631730396,,
2018-09-19 12:00:00+00:00,,,-0.016649958150338984,
2018-09-19 18:35:00+00:00,,,-0.015355905511810986,
2018-09-19 18:55:00+00:00,-0.02198,,,
2018-09-20 13:05:00+00:00,,,,-0.0006212183170387631
2018-09-20 16:05:00+00:00,,0.002165093734050272,,
2018-09-20 20:35:00+00:00,-0.02198000000000011,,,
2018-09-21 07:15:00+00:00,0.017980000000000107,,,
2018-09-21 07:35:00+00:00,,0.012715174979149646,,
2018-09-21 15:35:00+00:00,,,,0.022699674968400974
2018-09-21 20:05:00+00:00,0.017980000000000107,,,
2018-09-21 21:00:00+00:00,,,,-0.01550395711743513
2018-09-22 00:05:00+00:00,,0.013471699324324238,,
2018-09-22 02:55:00+00:00,,,,-0.009268584876947372
2018-09-22 08:35:00+00:00,-0.02198,,,
2018-09-24 07:10:00+00:00,,,0.02280295637198626,
2018-09-24 23:00:00+00:00,-0.02198,,,
2018-09-25 18:10:00+00:00,-0.02198,,,
2018-09-26 15:25:00+00:00,0.017980000000000107,,,
2018-09-27 23:50:00+00:00,,0.00858368345114835,,
2018-09-27 23:55:00+00:00,0.018047638299203195,,,
2018-09-28 08:30:00+00:00,,,,0.022706414133291997
2018-09-28 09:30:00+00:00,-0.02198,,,
2018-09-29 01:35:00+00:00,-0.02198,,,
2018-09-29 01:45:00+00:00,,,-0.0008353706551830209,
2018-10-01 11:00:00+00:00,,,,-0.014704738011106278
2018-10-01 15:00:00+00:00,,,-0.011576345853662295,
2018-10-04 21:20:00+00:00,,,,-0.012974078257288468
2018-10-05 02:45:00+00:00,-0.011990000000000056,,,
2018-10-05 15:35:00+00:00,,0.0012267196631732258,,
2018-10-05 22:25:00+00:00,,,,-0.0041862938208291345
2018-10-07 08:35:00+00:00,,,-0.010041047214507492,
2018-10-08 12:50:00+00:00,,,,0.0010207654174927416
2018-10-08 13:10:00+00:00,,-0.008023340581348903,,
2018-10-09 08:15:00+00:00,,-0.008279889179108713,,
2018-10-09 13:55:00+00:00,,,-0.00021770861209513548,
2018-10-14 09:30:00+00:00,,,,-0.002678416209657697
2018-10-15 05:50:00+00:00,,,,0.030455043640897683
2018-10-15 06:10:00+00:00,,,,0.026208800000000032
2018-10-15 06:50:00+00:00,,,,0.06133418548400327
2018-10-15 09:00:00+00:00,0.047141514115613514,0.06573344685402271,,
2018-10-15 11:50:00+00:00,-0.011990000000000056,,,
2018-10-15 13:05:00+00:00,-0.011989999999999945,,,
2018-10-16 06:15:00+00:00,-0.011989999999999945,,,
2018-10-17 00:20:00+00:00,,-0.01853039103910692,,
2018-10-18 15:30:00+00:00,,,0.049340870865258735,
2018-10-21 22:15:00+00:00,,,,-0.00733765668232933
2018-10-22 00:35:00+00:00,,,-0.005144488304669292,
2018-10-24 15:55:00+00:00,,-0.007623253664936991,,
2018-10-24 23:25:00+00:00,,,-0.01090530138178658,
2018-10-31 16:05:00+00:00,,,,-0.005731995308835058
2018-11-01 09:25:00+00:00,,-0.004873536376689636,,
2018-11-01 22:40:00+00:00,,,,-0.006791826817759583
2018-11-02 02:50:00+00:00,,,-0.006687647894722981,
2018-11-02 07:15:00+00:00,,,,-0.0062054234710126055
2018-11-04 15:50:00+00:00,,0.0022872349746900777,,
2018-11-04 16:00:00+00:00,,,,-0.00038375380905253387
2018-11-04 19:50:00+00:00,,,,-0.005810531040131739
2018-11-05 09:25:00+00:00,,-0.005649709181233198,,
2018-11-07 03:55:00+00:00,,0.004707326635628339,,
2018-11-07 14:15:00+00:00,,,,0.004105693086264184
2018-11-07 21:25:00+00:00,,-0.003061247720364757,,
2018-11-11 23:55:00+00:00,,0.0023386094714010763,,
2018-11-12 01:20:00+00:00,,,,-0.006370728072196297
2018-11-12 17:30:00+00:00,,-0.007912884780109208,,
2018-11-13 23:35:00+00:00,,-0.0008551232322482338,,
2018-11-14 09:55:00+00:00,,,,-0.010472610256841541
2018-11-15 02:05:00+00:00,-0.016985000000000028,,,
2018-11-15 02:50:00+00:00,,-0.039054366901261295,,
2018-11-15 16:40:00+00:00,-0.016984999999999917,,,
2018-11-15 17:35:00+00:00,-0.017335775094732497,,,
2018-11-16 09:45:00+00:00,-0.01698500000000014,,,
2018-11-16 12:25:00+00:00,,-0.006188653407238287,,
2018-11-18 20:00:00+00:00,,,,-0.0068976703823177
2018-11-20 04:40:00+00:00,-0.016985000000000028,,,
2018-11-20 12:35:00+00:00,0.017979999999999885,,,
2018-11-20 17:25:00+00:00,,,-0.031409859085534064,
2018-11-20 17:30:00+00:00,0.017979999999999885,,,
2018-11-20 20:00:00+00:00,,-0.059354711659716064,,
2018-11-20 23:30:00+00:00,-0.01698500000000014,,,
2018-11-20 23:55:00+00:00,0.017980000000000107,,,
2018-11-21 00:40:00+00:00,-0.016985000000000028,,,
2018-11-21 07:20:00+00:00,0.017979999999999885,,,
2018-11-21 13:50:00+00:00,-0.01698500000000014,,,
2018-11-22 01:55:00+00:00,0.017980000000000107,,,
2018-11-22 03:10:00+00:00,-0.016984999999999917,,,
2018-11-23 16:45:00+00:00,-0.016985000000000028,,,
2018-11-24 02:30:00+00:00,,-0.0033370261451074468,,
2018-11-24 07:05:00+00:00,-0.016984999999999917,,,
2018-11-25 09:20:00+00:00,-0.016985000000000028,,,
2018-11-25 11:10:00+00:00,-0.016985000000000028,,,
2018-11-25 11:30:00+00:00,-0.016985000000000028,,,
2018-11-25 15:25:00+00:00,-0.016985000000000028,,,
2018-11-25 20:50:00+00:00,,0.03428373221041214,,
2018-11-25 23:40:00+00:00,0.03261263463969666,,,
2018-11-26 01:25:00+00:00,-0.016985000000000028,,,
2018-11-26 08:00:00+00:00,-0.016984999999999917,,,
2018-11-26 14:45:00+00:00,,-0.0446326214649897,,
2018-11-26 20:00:00+00:00,-0.016985000000000028,,,
2018-11-27 01:25:00+00:00,-0.016985000000000028,,,
2018-11-27 07:20:00+00:00,-0.016985000000000028,,,
2018-11-27 15:25:00+00:00,-0.016985000000000028,,,
2018-11-28 00:40:00+00:00,0.017980000000000107,,,
2018-11-28 07:40:00+00:00,0.025755837716002983,,,
2018-11-28 08:40:00+00:00,,,-0.011213219323491508,
2018-11-28 14:35:00+00:00,,0.03320288070740496,,
2018-11-28 15:55:00+00:00,0.017979999999999885,,,
2018-11-28 21:55:00+00:00,-0.016985000000000028,,,
2018-11-28 22:10:00+00:00,,,,0.011561373524915153
2018-11-29 07:45:00+00:00,-0.016985000000000028,,,
2018-11-29 12:55:00+00:00,-0.016985000000000028,,,
2018-11-29 13:00:00+00:00,,,-0.01725011958421474,-0.030962867713163145
2018-11-30 00:20:00+00:00,-0.011990000000000056,,,
2018-11-30 18:55:00+00:00,-0.011990000000000056,,,
2018-12-01 12:20:00+00:00,0.015608072016475738,,,
2018-12-01 16:00:00+00:00,,0.016339407047983645,,
2018-12-01 17:40:00+00:00,-0.011990000000000056,,,
2018-12-01 20:45:00+00:00,,,0.013809651921682375,
2018-12-02 03:00:00+00:00,-0.011989999999999945,,,
2018-12-04 08:30:00+00:00,0.012984999999999802,,,
2018-12-04 14:15:00+00:00,,0.013573173907631242,,
2018-12-04 15:30:00+00:00,-0.011989999999999945,,,
2018-12-04 16:20:00+00:00,,,-0.008306215161580144,
2018-12-06 10:10:00+00:00,-0.011989999999999945,,,
2018-12-06 10:50:00+00:00,,-0.022842842635419025,,
2018-12-07 06:05:00+00:00,-0.011990000000000056,,,
2018-12-07 21:10:00+00:00,-0.02079255542713032,,,
2018-12-08 01:05:00+00:00,-0.011989999999999945,,,
2018-12-08 02:10:00+00:00,-0.011989999999999945,,,
2018-12-08 04:00:00+00:00,,0.004610197541242034,,
2018-12-08 16:50:00+00:00,-0.011989999999999945,,,
2018-12-08 23:10:00+00:00,-0.015089735725825282,,,
2018-12-09 01:30:00+00:00,0.012985000000000024,0.02140978601905985,,
2018-12-09 16:20:00+00:00,0.012984999999999802,,,
2018-12-09 17:55:00+00:00,,,,0.003238641760551886
2018-12-09 19:30:00+00:00,-0.011990000000000056,,,
2018-12-09 21:55:00+00:00,,,-0.0007058341017475156,
2018-12-12 13:15:00+00:00,,,-0.014355900405327082,
2018-12-12 17:25:00+00:00,,,,-0.015006290228203767
2018-12-16 07:45:00+00:00,-0.011989999999999945,,,
2018-12-16 07:50:00+00:00,,,0.00194384740134379,
2018-12-16 12:00:00+00:00,,-0.005718838414634164,,
2018-12-17 14:15:00+00:00,,0.009686524286077303,,
2018-12-17 14:25:00+00:00,0.012984999999999802,,,
2018-12-17 15:25:00+00:00,-0.011989999999999945,,,
2018-12-17 20:40:00+00:00,,0.010269254754583068,,
2018-12-17 21:15:00+00:00,-0.011989999999999945,-0.01880380062387077,,
2018-12-17 21:20:00+00:00,,,,0.030248665551424248
2018-12-17 23:10:00+00:00,,,0.02296473127753318,
2018-12-18 17:20:00+00:00,-0.011989999999999945,-0.020132330936809106,,
2018-12-18 17:30:00+00:00,,,-0.013843166940135765,
2018-12-19 01:15:00+00:00,0.01641615866296009,,,
2018-12-19 02:45:00+00:00,,0.012855055862091458,,
2018-12-19 06:35:00+00:00,,,,0.02264689919695817
2018-12-19 07:10:00+00:00,-0.011989999999999945,,,
2018-12-19 07:20:00+00:00,,,0.005634848110644519,
2018-12-19 12:40:00+00:00,0.012985000000000024,,,
2018-12-19 13:50:00+00:00,-0.011990000000000056,-0.02174291843934162,,
2018-12-19 13:55:00+00:00,,,,0.015805165699753543
2018-12-19 14:50:00+00:00,,,-0.007767160122516881,
2018-12-20 03:05:00+00:00,-0.011989999999999945,,,
2018-12-20 10:20:00+00:00,,0.036471294117647046,,
2018-12-20 10:30:00+00:00,0.059768310161960825,,,
2018-12-20 11:35:00+00:00,-0.011990000000000056,,,
2018-12-20 11:40:00+00:00,,,,0.0005164683544303106
2018-12-20 17:20:00+00:00,-0.011989999999999945,,,
2018-12-20 17:50:00+00:00,,,,-0.024852533953584
2018-12-20 20:10:00+00:00,,,0.007054163692661541,
2018-12-21 01:30:00+00:00,0.012985000000000024,,,
2018-12-21 01:50:00+00:00,,0.020087923541628694,,
2018-12-21 02:10:00+00:00,-0.020736721748439657,,,
2018-12-21 08:35:00+00:00,-0.011990000000000056,,,
2018-12-21 13:35:00+00:00,-0.011990000000000056,,,
2018-12-22 11:30:00+00:00,-0.011990000000000056,,,
2018-12-22 12:20:00+00:00,,,-0.017529900497894157,
2018-12-23 07:20:00+00:00,,,-0.009367681698570829,
2018-12-23 08:50:00+00:00,,-0.0001037510520688345,,
2018-12-23 10:50:00+00:00,0.012985000000000024,,,
2018-12-24 02:45:00+00:00,0.03192468231147405,0.029333975993998562,,
2018-12-24 06:25:00+00:00,,,,0.02186878183692076
2018-12-24 10:20:00+00:00,,,0.0016754840843122842,
2018-12-24 15:50:00+00:00,-0.011990000000000056,,,
2018-12-25 20:35:00+00:00,-0.011990000000000056,,,
2018-12-26 06:50:00+00:00,-0.011990000000000056,,,
2018-12-27 00:10:00+00:00,-0.011990000000000056,,,
2018-12-28 17:40:00+00:00,0.03879999835837711,0.012738986043831835,,
2018-12-29 02:30:00+00:00,,,,-0.004100349017377769
2018-12-29 02:40:00+00:00,,,0.01175099882023889,
2018-12-29 23:40:00+00:00,-0.011990000000000056,,,
2018-12-30 12:00:00+00:00,0.007990000000000164,,,
2019-01-01 23:15:00+00:00,,0.007306526260670632,,
2019-01-02 06:40:00+00:00,-0.011989999999999945,,,
2019-01-02 08:05:00+00:00,,-0.0008938547486033732,,
2019-01-02 14:15:00+00:00,,,,-0.006645514005477526
2019-01-03 00:30:00+00:00,,,,-0.011083222912531276
2019-01-03 16:25:00+00:00,,,-0.01420263392540111,
2019-01-05 00:15:00+00:00,,0.0055985827848679115,,
2019-01-05 10:25:00+00:00,,,-0.009943212354116993,
2019-01-06 19:20:00+00:00,0.008861826431357134,0.008861826431357134,,
2019-01-06 21:00:00+00:00,,,,0.004728319094371658
2019-01-08 14:30:00+00:00,,,,-0.007130092434097901
2019-01-08 15:55:00+00:00,,,,-0.010016030843154722
2019-01-08 23:40:00+00:00,,,0.03318285784651498,
2019-01-09 13:25:00+00:00,,,-0.01151059985003755,
2019-01-14 17:35:00+00:00,,0.012041264222644843,,
2019-01-14 18:30:00+00:00,0.007989999999999942,,,
2019-01-15 20:35:00+00:00,,,-0.018637414756917048,
2019-01-17 16:25:00+00:00,,-0.01281423920948599,,
2019-01-18 12:30:00+00:00,,,-0.01002885484660243,
2019-01-19 13:10:00+00:00,,,,-0.008258297915947566
2019-01-19 18:25:00+00:00,-0.011989999999999945,-0.013072212992925047,,
2019-01-20 11:35:00+00:00,,,-0.033040942138419016,
2019-01-22 14:15:00+00:00,,0.006217525441978067,,
2019-01-22 15:45:00+00:00,0.007989999999999942,,,
2019-01-22 19:25:00+00:00,,,,-0.005326921577581523
2019-01-23 16:00:00+00:00,,,-0.013747148680707921,
2019-01-25 08:45:00+00:00,,,-0.00811016000067033,
2019-01-26 08:50:00+00:00,,-0.009462317452578861,,
2019-01-26 08:55:00+00:00,,,,-0.0076370665630195456
2019-01-26 15:40:00+00:00,,,-0.009370419582566791,
2019-01-30 19:40:00+00:00,,,,0.00045979282296104707
2019-01-31 04:10:00+00:00,,,,-0.007885788726811005
2019-01-31 08:40:00+00:00,,,0.0001808158411686911,
2019-02-01 19:10:00+00:00,,0.0032465345425809478,,
2019-02-02 05:20:00+00:00,,,-0.004856984642432671,
2019-02-02 16:00:00+00:00,,,-0.007299643268124267,
2019-02-03 00:35:00+00:00,,,,-0.0045147891755821234
2019-02-03 03:10:00+00:00,,-0.008033415372504127,,
2019-02-03 07:10:00+00:00,,,-0.0094130489011226,
2019-02-04 08:15:00+00:00,,-0.001258777982435455,,
2019-02-05 00:40:00+00:00,,,-0.006672295342886825,
2019-02-08 14:00:00+00:00,,0.001792105024189805,,
2019-02-08 17:30:00+00:00,,,,0.05527909857516722
2019-02-08 18:50:00+00:00,,0.05321690776820809,,
2019-02-10 07:00:00+00:00,,,0.055203570805466784,
2019-02-11 00:05:00+00:00,,-0.00852857817790642,,
2019-02-11 01:10:00+00:00,,,-0.008770557551301739,
2019-02-12 00:10:00+00:00,-0.011989999999999945,,,
2019-02-12 22:30:00+00:00,,,-0.011188865444454521,
2019-02-13 08:30:00+00:00,,,-0.010498396239571495,
2019-02-15 10:05:00+00:00,,,-0.007077229035465704,
2019-02-15 14:25:00+00:00,,,,-0.012412504219391884
2019-02-17 00:05:00+00:00,,,-0.0044519355522928405,
2019-02-17 10:40:00+00:00,,-0.00932354940815805,,
2019-02-17 10:45:00+00:00,,,,-0.007405222650556542
2019-02-17 12:05:00+00:00,,,-0.005997746268287529,
2019-02-18 01:25:00+00:00,,,,-0.010691588105566696
2019-02-18 01:40:00+00:00,,0.003269320548773491,,
2019-02-18 03:05:00+00:00,,0.0039484690146276424,,
2019-02-18 07:20:00+00:00,,0.004010925674952093,,
2019-02-18 13:20:00+00:00,,0.004800447975310762,,
2019-02-18 14:40:00+00:00,-0.011989999999999945,,,
2019-02-18 15:05:00+00:00,,,,0.0008927806426020091
2019-02-18 16:00:00+00:00,,0.005150031282388223,,
2019-02-18 16:45:00+00:00,-0.01582026396623437,,,-0.0035882229770601848
2019-02-18 17:05:00+00:00,,-0.01864655641263291,,
2019-02-18 18:15:00+00:00,,0.007076986629118043,,
2019-02-19 01:05:00+00:00,,,,-0.005385768590751461
2019-02-19 01:25:00+00:00,,-0.015195305672775716,,
2019-02-19 14:35:00+00:00,,,,-0.013565288456476421
2019-02-19 21:40:00+00:00,,-0.016643606898363417,,
2019-02-20 00:20:00+00:00,,,0.0676818170604343,
2019-02-21 09:05:00+00:00,,,-0.007718471353705181,
2019-02-22 07:35:00+00:00,,,-0.008888455335441692,
2019-02-23 04:40:00+00:00,,,-0.0061203193735480665,
2019-02-23 19:50:00+00:00,,0.02319803735723447,,
2019-02-23 20:20:00+00:00,0.017980000000000107,,,
2019-02-24 04:40:00+00:00,,,,0.03805803400613694
2019-02-24 08:45:00+00:00,,-0.012410216370462912,,
2019-02-24 14:05:00+00:00,,,0.004524729592308319,
2019-02-28 03:30:00+00:00,,-0.002413470631226211,,
2019-02-28 16:40:00+00:00,,,,-0.01584383279782664
2019-03-04 00:45:00+00:00,,0.0009785160517241653,,
2019-03-04 03:00:00+00:00,,-0.0070110556132143564,,
2019-03-04 08:20:00+00:00,,-0.00810547206819423,,
2019-03-04 16:00:00+00:00,,-0.0025782775387563905,,
2019-03-05 14:35:00+00:00,,0.006971738002218286,,
2019-03-05 16:50:00+00:00,,-0.010945362612391762,,
2019-03-06 00:30:00+00:00,,,,-0.004108308798624338
2019-03-06 01:30:00+00:00,,,-0.0008893553905796603,
2019-03-06 10:40:00+00:00,0.012985000000000024,,,
2019-03-06 11:30:00+00:00,,,,-0.010991746309796713
2019-03-08 07:05:00+00:00,,-0.009028657533562745,,
2019-03-08 07:45:00+00:00,,,,-0.009777798462264231
2019-03-08 21:40:00+00:00,,,-0.008711535764822864,
2019-03-09 00:25:00+00:00,,0.00329750863635514,,
2019-03-09 11:30:00+00:00,,-0.005815740554726223,,
2019-03-09 16:55:00+00:00,,-0.010828603267123649,,
2019-03-09 17:00:00+00:00,,,,-0.004367689878165604
2019-03-12 09:30:00+00:00,,0.002055401718174865,,
2019-03-13 14:50:00+00:00,,-0.008575602157136375,,
2019-03-14 14:25:00+00:00,,-0.015863039529585676,,-0.015863039529585676
2019-03-14 19:50:00+00:00,,-0.001956184436612829,,
2019-03-15 15:55:00+00:00,,0.0018791782209579555,,
2019-03-15 21:30:00+00:00,,,-0.004504033923717565,
2019-03-16 05:20:00+00:00,,0.011433930157965344,,
2019-03-16 06:10:00+00:00,,,,0.01877864162336107
2019-03-16 12:30:00+00:00,,,0.005166025284450093,
2019-03-18 04:55:00+00:00,,-0.00838548481982182,,
2019-03-18 05:35:00+00:00,,,-0.010355049078262124,
2019-03-19 14:45:00+00:00,,-0.00700580784367133,,
2019-03-19 19:00:00+00:00,,-0.007062559492216791,,
2019-03-20 01:15:00+00:00,,,-0.010191922630599426,
2019-03-20 15:00:00+00:00,,0.0009842896834653114,,
2019-03-21 05:40:00+00:00,,,-0.007631141472275171,
2019-03-21 13:25:00+00:00,,,,-0.004938249830553687
2019-03-21 20:25:00+00:00,,0.0004772027972028692,,
2019-03-25 17:20:00+00:00,,-0.006140208529127333,,
2019-03-25 20:20:00+00:00,,-0.0071613984965357425,,
2019-03-25 23:25:00+00:00,,0.0012638032371992125,,
2019-03-26 00:10:00+00:00,,0.0012837350725569685,,
2019-03-26 11:50:00+00:00,,-0.007589401732122525,,
2019-03-26 15:40:00+00:00,,0.001430091003264078,,
2019-03-27 02:00:00+00:00,,0.003074325686917012,,
2019-03-27 14:50:00+00:00,,-0.003930022522914078,,
2019-03-28 00:20:00+00:00,,,,0.0012907965255959386
2019-03-28 03:45:00+00:00,,,0.00808187494813195,
2019-03-29 04:45:00+00:00,,-0.006311409892188591,,
2019-03-29 05:00:00+00:00,,,,-0.005950069646138312
2019-03-29 06:10:00+00:00,,,-0.006151041396146084,
2019-03-29 07:40:00+00:00,,0.0006692667764836013,,
2019-03-29 09:10:00+00:00,,0.0007127716317210098,,
2019-03-29 10:15:00+00:00,,0.0008258846000814835,,
2019-03-29 11:35:00+00:00,,0.0009639249619519674,,
2019-03-29 12:05:00+00:00,,-0.007820830298616133,,
2019-03-29 12:35:00+00:00,,,,-0.00010098871961916611
2019-03-29 20:25:00+00:00,,,0.003249612345861408,
2019-03-30 00:55:00+00:00,,,,-0.0012877508305627616
2019-03-30 04:00:00+00:00,,-0.01315971560685969,,
2019-04-01 01:20:00+00:00,,,,-0.006571799271691603
2019-04-01 07:20:00+00:00,,,,-0.0033917853472953396
2019-04-01 14:10:00+00:00,,,,-0.0014929960568391687
2019-04-01 14:40:00+00:00,,0.003608691212637405,,
2019-04-01 14:45:00+00:00,,,,-0.003111845471815311
2019-04-02 00:55:00+00:00,,,,-0.003895330271478925
2019-04-02 03:00:00+00:00,,,,7.161822489720748e-06
2019-04-02 03:45:00+00:00,,,,-0.004063891055695823
2019-04-02 04:30:00+00:00,,0.0033116123816436804,,
2019-04-02 04:40:00+00:00,,,,0.045367801596440716
2019-04-02 05:00:00+00:00,,,,0.012118148395722006
2019-04-02 05:25:00+00:00,,,,0.03090123798186406
2019-04-02 08:55:00+00:00,,0.07137242611050287,,
2019-04-02 09:20:00+00:00,0.07469686236100714,,,
2019-04-02 14:05:00+00:00,-0.01698500000000014,,,
2019-04-02 23:20:00+00:00,,,,-0.008036390441744534
2019-04-02 23:50:00+00:00,,,,-0.0061129074552890295
2019-04-03 00:35:00+00:00,,,,-0.0021833086887480535
2019-04-03 03:10:00+00:00,,,,0.0057133884576821
2019-04-03 04:10:00+00:00,0.015122454446347966,,,
2019-04-03 16:15:00+00:00,,,,-0.0008254038240393946
2019-04-03 17:15:00+00:00,,,,-0.004566882463587496
2019-04-03 18:55:00+00:00,,,,-0.006713559216137366
2019-04-03 20:10:00+00:00,0.008492063961221374,,,
2019-04-03 20:25:00+00:00,,,,0.005516803487457755
2019-04-03 21:40:00+00:00,,,,-0.006191755050942271
2019-04-03 22:40:00+00:00,-0.016984999999999917,,,
2019-04-03 23:25:00+00:00,,,0.18514921923843208,
2019-04-04 06:20:00+00:00,0.007989999999999942,,,
2019-04-05 05:05:00+00:00,0.007989999999999942,,,
2019-04-06 19:55:00+00:00,0.009339431596807612,,,
2019-04-06 21:00:00+00:00,,-0.02626672427549248,,
2019-04-06 21:20:00+00:00,,,-0.024796792602759576,
2019-04-07 16:05:00+00:00,-0.016985000000000028,,,
2019-04-07 16:25:00+00:00,,,-0.01568348900535821,
2019-04-08 01:25:00+00:00,,,,-0.0062422368093423275
2019-04-08 02:35:00+00:00,0.007989999999999942,,,
2019-04-08 07:30:00+00:00,,,-0.01750142626648843,
2019-04-08 08:35:00+00:00,,-0.02888931568759867,,
2019-04-08 22:20:00+00:00,0.007989999999999942,,,
2019-04-09 03:50:00+00:00,,,-0.018530122641365665,
2019-04-10 18:40:00+00:00,,,,0.00915754005655045
2019-04-10 20:35:00+00:00,,-0.02299817428955897,,
2019-04-10 20:40:00+00:00,-0.03382041950503234,,,
2019-04-11 03:25:00+00:00,,,-0.00014821453191782297,
2019-04-12 20:35:00+00:00,,,-0.011294997973887777,
2019-04-13 08:25:00+00:00,,,-0.00898129964055161,
2019-04-14 03:50:00+00:00,,,-0.010268470193446566,
2019-04-15 10:55:00+00:00,,,-0.007847571674791554,
2019-04-15 16:00:00+00:00,,-0.003313711682339404,,
2019-04-17 00:05:00+00:00,0.007990000000000164,,,
2019-04-17 00:10:00+00:00,,0.008289489917731041,,
2019-04-18 04:10:00+00:00,,,,-0.002362579272769283
2019-04-18 09:10:00+00:00,,,0.004456857142857151,
2019-04-18 20:00:00+00:00,,,,-0.003945710221885168
2019-04-18 21:40:00+00:00,,,,-0.0050791684269017034
2019-04-19 16:30:00+00:00,,,,-0.0007869150747115139
2019-04-20 08:10:00+00:00,,,,-0.004358883778505462
2019-04-22 15:45:00+00:00,,,,-0.010132976589130482
2019-04-22 18:25:00+00:00,,,,-0.005809409510058039
2019-04-22 19:05:00+00:00,,,,-0.0007454594487672495
2019-04-23 03:15:00+00:00,,0.0067532130531022805,,
2019-04-23 03:25:00+00:00,,,,-0.004295904061697442
2019-04-23 03:55:00+00:00,,,,-0.0007327055562112994
2019-04-23 04:15:00+00:00,,,,-0.0010315332682483414
2019-04-23 04:20:00+00:00,0.007990000000000164,,,
2019-04-23 04:30:00+00:00,,,,0.009570975561661754
2019-04-23 08:15:00+00:00,,0.007965301036471306,,
2019-04-23 09:40:00+00:00,-0.016984999999999917,,,
2019-04-23 22:20:00+00:00,,,0.0410799829545454,
2019-04-25 21:55:00+00:00,,,-0.01325217869501183,
2019-04-26 06:40:00+00:00,,,-0.03324351295572725,
2019-04-26 16:00:00+00:00,-0.016984999999999917,,,
2019-04-26 16:25:00+00:00,,-0.032688335345647856,,
2019-05-01 17:10:00+00:00,,0.010594453221231426,,
2019-05-02 08:40:00+00:00,0.017980000000000107,,,
2019-05-03 02:05:00+00:00,,0.009151723795354894,,
2019-05-03 06:25:00+00:00,0.017979999999999885,,,
2019-05-03 07:20:00+00:00,,0.009666027907157426,,
2019-05-03 08:50:00+00:00,0.017979999999999885,,,
2019-05-03 11:25:00+00:00,,0.010965489796568084,,
2019-05-04 01:40:00+00:00,,0.01453473414230566,,
2019-05-04 01:45:00+00:00,0.017979999999999885,,,
2019-05-04 04:05:00+00:00,-0.02198,,,
2019-05-04 13:40:00+00:00,,,,0.08572790747295711
2019-05-04 14:25:00+00:00,,,0.07328174024200251,
2019-05-04 22:15:00+00:00,0.017980000000000107,,,
2019-05-06 00:55:00+00:00,,-0.031074221202357144,,
2019-05-06 01:20:00+00:00,-0.02198,,,
2019-05-06 01:30:00+00:00,,,,-0.010415466262319928
2019-05-06 01:55:00+00:00,,,-0.017229243398005356,
2019-05-07 04:00:00+00:00,0.028940174727669632,,,
2019-05-07 13:40:00+00:00,,0.015443438611126847,,
2019-05-07 23:55:00+00:00,,,,0.022742010547547986
2019-05-08 23:20:00+00:00,0.017979999999999885,,,
2019-05-09 05:00:00+00:00,0.017979999999999885,,,
2019-05-09 22:45:00+00:00,,0.019880533515802323,,
2019-05-10 16:35:00+00:00,0.017980000000000107,,,
2019-05-10 16:50:00+00:00,,0.016616026023720698,,
2019-05-10 20:50:00+00:00,-0.02198,,,
2019-05-11 02:55:00+00:00,0.017979999999999885,,,
2019-05-11 04:45:00+00:00,0.017979999999999885,,,
2019-05-11 08:10:00+00:00,,0.04509432453420925,,
2019-05-11 16:30:00+00:00,0.01943008734378382,,,
2019-05-11 22:00:00+00:00,0.017979999999999885,,,
2019-05-11 23:35:00+00:00,0.029564778298983185,,,
2019-05-12 00:30:00+00:00,,-0.041696670921574364,,
2019-05-12 05:25:00+00:00,0.017979999999999885,,,
2019-05-12 08:20:00+00:00,-0.02198,,,
2019-05-12 09:50:00+00:00,-0.022772019509106567,,,
2019-05-12 11:35:00+00:00,,-0.04855864656135944,,
2019-05-12 11:40:00+00:00,,,,0.18732305957526774
2019-05-12 14:00:00+00:00,-0.02198,,,
2019-05-12 15:45:00+00:00,,,0.18697124202700266,
2019-05-12 18:15:00+00:00,0.017979999999999885,,,
2019-05-12 21:45:00+00:00,0.017980000000000107,,,
2019-05-13 12:35:00+00:00,0.02893637353263845,,,
2019-05-13 16:15:00+00:00,0.05419187659527247,,,
2019-05-13 21:30:00+00:00,,0.04878630069649148,,
2019-05-13 22:25:00+00:00,0.02441759627149165,,,
2019-05-14 01:25:00+00:00,0.017980000000000107,,,
2019-05-14 02:25:00+00:00,-0.02198000000000011,,,
2019-05-14 08:10:00+00:00,0.029412944996843216,,,
2019-05-14 08:45:00+00:00,-0.02198,,,
2019-05-14 10:15:00+00:00,-0.02198000000000011,,,
2019-05-14 16:00:00+00:00,-0.02198,,,
2019-05-14 18:35:00+00:00,-0.02198,,,
2019-05-14 19:15:00+00:00,,,,0.09170132724277158
2019-05-14 20:50:00+00:00,-0.02198000000000011,,,
2019-05-14 23:45:00+00:00,0.017980000000000107,,,
2019-05-15 18:40:00+00:00,0.017979999999999885,,,
2019-05-16 02:50:00+00:00,0.017980000000000107,,,
2019-05-16 10:10:00+00:00,-0.02198,,,
2019-05-16 10:15:00+00:00,,,,-0.01491083527856718
2019-05-16 12:55:00+00:00,-0.02198,,,
2019-05-16 13:00:00+00:00,,,0.08697136384612136,
2019-05-16 20:55:00+00:00,-0.02198,,,
2019-05-17 01:40:00+00:00,-0.02198000000000011,,,
2019-05-17 03:00:00+00:00,,,,-0.06318108703819669
2019-05-17 04:55:00+00:00,-0.02198,,,
2019-05-17 10:30:00+00:00,-0.02198,,,
2019-05-17 16:05:00+00:00,-0.02198,,,
2019-05-17 17:05:00+00:00,-0.02198,,,
2019-05-17 22:15:00+00:00,0.02250346782895707,,,
2019-05-18 09:30:00+00:00,-0.02198,,,
2019-05-19 03:10:00+00:00,0.04963298329427124,,,
2019-05-19 04:50:00+00:00,0.017980000000000107,,,
2019-05-19 12:20:00+00:00,-0.02198,,,
2019-05-19 22:35:00+00:00,0.017980000000000107,,,
2019-05-19 22:45:00+00:00,,0.048841611412618,,
2019-05-20 00:05:00+00:00,-0.02198,,,
2019-05-20 00:45:00+00:00,,,,0.08627048870613718
2019-05-20 08:50:00+00:00,-0.02198,,,
2019-05-20 13:10:00+00:00,,,,-0.06929580789410039
2019-05-20 20:45:00+00:00,0.017979999999999885,,,
2019-05-21 11:35:00+00:00,-0.02198,,,
2019-05-22 11:10:00+00:00,-0.02198,,,
2019-05-22 20:15:00+00:00,-0.02198,,,
2019-05-22 21:50:00+00:00,,,,-0.024917744382126017
2019-05-22 22:15:00+00:00,,,0.05054275092936811,
2019-05-23 00:20:00+00:00,-0.02198000000000011,,,
2019-05-23 09:10:00+00:00,-0.02198,,,
2019-05-23 15:00:00+00:00,0.017980000000000107,,,
2019-05-24 08:20:00+00:00,0.017979999999999885,,,
2019-05-24 16:05:00+00:00,0.017979999999999885,,,
2019-05-24 23:05:00+00:00,-0.02198,,,
2019-05-26 11:20:00+00:00,-0.02198,,,
2019-05-26 20:40:00+00:00,0.04726415642458104,,,
2019-05-26 22:10:00+00:00,0.017980000000000107,,,
2019-05-27 01:00:00+00:00,,0.05801246314660946,,
2019-05-27 15:35:00+00:00,0.017980000000000107,,,
2019-05-27 16:40:00+00:00,-0.02198,,,
2019-05-28 13:30:00+00:00,-0.02198,,,
2019-05-29 04:25:00+00:00,-0.02198,,,
2019-05-29 04:35:00+00:00,,,,0.11442773037798948
2019-05-29 05:15:00+00:00,,,0.1122130107069288,
2019-05-30 16:15:00+00:00,,-0.021701092689745183,,-0.0036146328308334086
2019-05-30 16:20:00+00:00,-0.0226596821029591,,,
2019-05-30 21:30:00+00:00,,,-0.05082965026579889,
2019-05-31 04:30:00+00:00,-0.02198,,,
2019-05-31 18:30:00+00:00,0.017980000000000107,,,
2019-06-01 09:10:00+00:00,0.017980000000000107,,,
2019-06-02 12:00:00+00:00,0.017980000000000107,,,
2019-06-02 13:15:00+00:00,-0.02198,,,-0.007897062514522046
2019-06-03 05:50:00+00:00,-0.02198000000000011,,,
2019-06-03 07:00:00+00:00,,,0.011851643694389846,
2019-06-03 14:45:00+00:00,-0.02198,,,
2019-06-03 23:10:00+00:00,-0.02198,-0.021880043391398485,,
2019-06-03 23:50:00+00:00,,,-0.04739058037794819,
2019-06-04 17:15:00+00:00,-0.02198,,,
2019-06-05 07:40:00+00:00,0.017980000000000107,,,
2019-06-05 14:40:00+00:00,-0.02198,,,
2019-06-06 14:45:00+00:00,-0.02198,,,
2019-06-06 18:30:00+00:00,,,-0.045527314551530584,
2019-06-07 06:05:00+00:00,0.017979999999999885,,,
2019-06-07 19:20:00+00:00,0.017979999999999885,,,
2019-06-08 06:00:00+00:00,,,,0.0010305788749189748
2019-06-08 07:00:00+00:00,-0.02198000000000011,,,
2019-06-08 16:35:00+00:00,-0.02198,,,
2019-06-08 17:30:00+00:00,,,0.005250181112548491,
2019-06-09 12:30:00+00:00,-0.02198,,,
2019-06-09 13:30:00+00:00,,,-0.0256872906403941,
2019-06-09 22:05:00+00:00,-0.02198,,,
2019-06-10 11:25:00+00:00,0.017980000000000107,,,
2019-06-11 10:10:00+00:00,-0.02198,-0.023850224277394805,,-0.01909753642998646
2019-06-11 11:45:00+00:00,,,0.0025715239764516618,
2019-06-12 12:15:00+00:00,0.017980000000000107,,,
2019-06-12 15:10:00+00:00,0.017980000000000107,,,
2019-06-13 10:25:00+00:00,,,,0.0014151011924352641
2019-06-13 22:20:00+00:00,0.017979999999999885,,,
2019-06-15 00:30:00+00:00,,0.01870033647336866,,
2019-06-15 01:10:00+00:00,0.034372597451043596,,,
2019-06-15 16:30:00+00:00,,0.019404436341290632,,
2019-06-16 04:55:00+00:00,,0.01956544645108793,,
2019-06-16 08:45:00+00:00,,,,0.09415526095205284
2019-06-16 08:50:00+00:00,0.039273051033231976,,,
2019-06-16 14:00:00+00:00,,0.020508199596443344,,
2019-06-16 19:35:00+00:00,-0.02197999999999989,,,
2019-06-17 10:45:00+00:00,0.017980000000000107,,,
2019-06-17 23:10:00+00:00,0.017980000000000107,,,
2019-06-18 03:25:00+00:00,-0.02198,,,
2019-06-18 05:30:00+00:00,,,,-0.02282713235597167
2019-06-18 07:35:00+00:00,,,0.15316264940543522,
2019-06-18 15:20:00+00:00,-0.02198,,,
2019-06-18 16:55:00+00:00,,,-0.026145361816865664,
2019-06-20 02:55:00+00:00,0.017979999999999885,,,
2019-06-20 08:45:00+00:00,,,,-0.014925628285526904
2019-06-20 23:50:00+00:00,0.017980000000000107,,,
2019-06-21 09:55:00+00:00,,0.01878442393032209,,
2019-06-21 13:30:00+00:00,0.017979999999999885,,,
2019-06-22 00:10:00+00:00,,-0.021274506535713722,,
2019-06-22 05:35:00+00:00,,0.04884815033845702,,
2019-06-22 06:20:00+00:00,0.08004501876328973,,,
2019-06-22 14:30:00+00:00,0.029948940279656666,,,0.13048266997092628
2019-06-22 19:00:00+00:00,-0.02198,,,
2019-06-23 10:35:00+00:00,-0.02198,,,
2019-06-23 22:25:00+00:00,,-0.04199165236213298,,
2019-06-23 22:40:00+00:00,0.017979999999999885,,,
2019-06-23 23:05:00+00:00,,,,-0.030972779901121794
2019-06-24 00:10:00+00:00,-0.02198000000000011,,,
2019-06-24 16:05:00+00:00,0.017980000000000107,,,
2019-06-25 06:50:00+00:00,0.019989166951976722,,,
2019-06-26 03:15:00+00:00,,0.028229477576968476,,
2019-06-26 07:50:00+00:00,,0.04545958339669043,,
2019-06-26 09:05:00+00:00,0.11478605184018331,,,
2019-06-26 20:35:00+00:00,,-0.034596655960878686,,0.12034836280171413
2019-06-26 20:40:00+00:00,0.028625327227450814,,,
2019-06-27 01:40:00+00:00,-0.05415114230630369,,,
2019-06-27 03:50:00+00:00,0.017979999999999885,,,
2019-06-27 06:25:00+00:00,-0.02198000000000011,-0.07184945249324359,,
2019-06-27 09:25:00+00:00,,,0.2847156041450303,
2019-06-27 14:05:00+00:00,-0.02198,,,
2019-06-27 15:15:00+00:00,-0.02198,,,
2019-06-28 04:00:00+00:00,0.017980000000000107,,,
2019-06-28 23:35:00+00:00,0.025062848524125325,,,
2019-06-29 01:55:00+00:00,-0.02198,,,
2019-06-29 02:00:00+00:00,,,,-0.02940197935925537
2019-06-29 10:00:00+00:00,-0.02198,,,
2019-06-29 18:30:00+00:00,0.017979999999999885,,,
2019-06-30 07:10:00+00:00,-0.02198,,,
2019-06-30 22:30:00+00:00,-0.02198,,,
2019-07-01 12:20:00+00:00,-0.02198,,,
2019-07-01 12:25:00+00:00,,-0.04396273207125312,,
2019-07-02 01:40:00+00:00,-0.02198,,,
2019-07-02 04:15:00+00:00,,-0.0468589759911735,,
2019-07-02 11:05:00+00:00,-0.029721821767165535,-0.050445969423697945,,
2019-07-02 14:30:00+00:00,0.017979999999999885,,,
2019-07-02 21:10:00+00:00,0.024205012087444633,,,
2019-07-03 00:00:00+00:00,0.017980000000000107,,,
2019-07-03 00:50:00+00:00,,0.06498033362851041,,
2019-07-03 04:45:00+00:00,0.02312273524041597,,,
2019-07-03 08:30:00+00:00,-0.02198,,,
2019-07-03 08:55:00+00:00,,,-0.019864426586797546,
2019-07-03 09:00:00+00:00,,,,0.02036082474226797
2019-07-04 02:35:00+00:00,0.05527960772550755,,,
2019-07-04 04:35:00+00:00,-0.02198,,,
2019-07-04 05:20:00+00:00,,,-0.02189880103202324,
2019-07-04 05:45:00+00:00,,,,-0.011820955249496223
2019-07-04 23:05:00+00:00,-0.02198,,,
2019-07-05 01:05:00+00:00,,-0.00935689357373748,,
2019-07-05 20:10:00+00:00,-0.02198,,,
2019-07-05 20:30:00+00:00,,-0.04033693328258181,,
2019-07-06 08:00:00+00:00,0.017980000000000107,,,
2019-07-06 21:25:00+00:00,-0.02198,,,
2019-07-06 21:30:00+00:00,,,,-0.026762449315513637
2019-07-07 16:40:00+00:00,-0.02197999999999989,,,
2019-07-08 00:20:00+00:00,,0.004897467690400115,,
2019-07-08 08:55:00+00:00,0.017979999999999885,,,
2019-07-08 14:35:00+00:00,0.017979999999999885,,,
2019-07-08 19:45:00+00:00,,0.03263451848585808,,
2019-07-09 02:00:00+00:00,,0.03259790461539813,,
2019-07-09 06:05:00+00:00,0.036953129620016956,,,
2019-07-09 07:50:00+00:00,-0.02198,-0.029272212458571478,,
2019-07-09 08:00:00+00:00,,,,0.07700224120623944
2019-07-09 10:25:00+00:00,,,0.017473743287928833,
2019-07-09 21:35:00+00:00,0.017979999999999885,,,
2019-07-10 05:25:00+00:00,0.03086057790897856,,,
2019-07-10 07:05:00+00:00,-0.02198,,,
2019-07-10 14:15:00+00:00,-0.02198000000000011,,,
2019-07-10 14:45:00+00:00,,,-0.00766323002647562,
2019-07-10 14:50:00+00:00,,,,-0.006475235978755101
2019-07-10 15:10:00+00:00,,-0.03559609435465949,,
2019-07-11 00:05:00+00:00,-0.02198,,,
2019-07-11 03:20:00+00:00,-0.02198,,,
2019-07-11 16:15:00+00:00,0.017980000000000107,,,
2019-07-11 19:15:00+00:00,-0.02198,,,
2019-07-11 20:10:00+00:00,-0.02198,,,
2019-07-12 03:50:00+00:00,-0.02198000000000011,,,
2019-07-13 04:05:00+00:00,,,,-0.025349813839998236
2019-07-13 10:05:00+00:00,-0.02198,,,
2019-07-13 11:50:00+00:00,,-0.045032896594346394,,
2019-07-13 18:15:00+00:00,-0.02198000000000011,,,
2019-07-14 07:05:00+00:00,-0.02198,,,
2019-07-14 09:45:00+00:00,,-0.03222243682570913,,
2019-07-14 21:00:00+00:00,0.017980000000000107,,,
2019-07-14 23:00:00+00:00,-0.02198,,,
2019-07-15 14:00:00+00:00,0.017980000000000107,,,
2019-07-15 22:20:00+00:00,0.019857596874279126,,,
2019-07-16 03:40:00+00:00,,,-0.019664656162470817,
2019-07-16 03:45:00+00:00,-0.02198000000000011,,,
2019-07-16 07:25:00+00:00,,,,-0.027359055580321923
2019-07-16 10:00:00+00:00,-0.02198,,,
2019-07-16 12:50:00+00:00,-0.02198000000000011,,,
2019-07-16 16:00:00+00:00,,-0.04443574553086316,,
2019-07-17 10:00:00+00:00,-0.02197999999999989,,,
2019-07-17 19:25:00+00:00,0.02477857634543179,,,
2019-07-17 20:05:00+00:00,-0.02198,,,
2019-07-17 23:20:00+00:00,-0.02198,,,
2019-07-18 00:25:00+00:00,,,-0.015605205727037497,
2019-07-18 12:15:00+00:00,-0.02198,,,
2019-07-18 12:20:00+00:00,,,,-0.03640180468433185
2019-07-18 14:45:00+00:00,,0.05568996756071254,,
2019-07-18 19:15:00+00:00,0.04290015520020618,,,
2019-07-19 05:00:00+00:00,,,0.0062518662106911815,
2019-07-19 08:25:00+00:00,-0.02198,,,
2019-07-19 08:55:00+00:00,,,,0.021915667225973712
2019-07-19 13:05:00+00:00,-0.028280347118504356,,,
2019-07-20 04:35:00+00:00,0.017980000000000107,,,
2019-07-20 15:15:00+00:00,,0.019082174253633788,,
2019-07-20 21:05:00+00:00,0.028837026713256053,,,
2019-07-20 23:40:00+00:00,-0.02198,,,
2019-07-20 23:50:00+00:00,,,,-0.008053141378254747
2019-07-21 00:10:00+00:00,,,-0.018729963429679253,
2019-07-21 04:00:00+00:00,,-0.03823886809692423,,
2019-07-21 13:20:00+00:00,-0.02198000000000011,,,
2019-07-22 14:40:00+00:00,-0.02198000000000011,-0.026546643691794602,,
2019-07-23 05:40:00+00:00,-0.02198,,,
2019-07-23 23:15:00+00:00,,-0.029175381276226986,-0.027014873110865256,
2019-07-23 23:25:00+00:00,-0.02198,,,
2019-07-24 16:20:00+00:00,-0.02198,-0.029039632317003572,,
2019-07-25 04:45:00+00:00,0.032238809942698454,,,
2019-07-25 13:10:00+00:00,,,,-0.0035533416742357105
2019-07-25 13:45:00+00:00,,,-0.017309712387169607,
2019-07-26 00:15:00+00:00,,-0.02859967047215317,,
2019-07-27 00:10:00+00:00,0.017980000000000107,,,
2019-07-27 10:20:00+00:00,-0.02197999999999989,-0.02714332181794543,,
2019-07-27 10:25:00+00:00,,,,-0.04541306472380302
2019-07-28 22:00:00+00:00,,,,-0.018635324105810258
2019-07-29 08:55:00+00:00,,,,-0.0058217291673550164
2019-07-30 18:00:00+00:00,,-0.005034754082032911,,
2019-07-31 10:45:00+00:00,0.018632673230051022,,,
2019-07-31 19:00:00+00:00,0.018879082619508214,,,
2019-08-01 00:05:00+00:00,,0.01484340425063957,,
2019-08-01 03:45:00+00:00,,,,0.02692019031513304
2019-08-01 04:25:00+00:00,,,0.017509938611151243,
2019-08-02 01:15:00+00:00,0.03705878944366048,,,
2019-08-02 06:05:00+00:00,,0.015318103411967376,,
2019-08-02 18:00:00+00:00,,,0.024718620579802453,
2019-08-02 20:30:00+00:00,,,,0.02184021940080405
2019-08-03 07:25:00+00:00,0.032783431752638315,,,
2019-08-03 07:55:00+00:00,,0.017389741074284926,,
2019-08-03 12:10:00+00:00,,,,-0.0027037563264415976
2019-08-04 03:40:00+00:00,,,-0.0034093423827228353,-0.017205822099693124
2019-08-04 04:40:00+00:00,-0.02198000000000011,,,
2019-08-04 20:35:00+00:00,0.02357876267221215,,,
2019-08-05 00:45:00+00:00,,0.015865919339613788,,
2019-08-05 06:25:00+00:00,,0.028366776858913978,,
2019-08-05 11:15:00+00:00,0.054163510068824916,,,
2019-08-05 16:55:00+00:00,0.017979999999999885,,,
2019-08-06 01:30:00+00:00,-0.02198,,,0.05929822023319886
2019-08-06 02:10:00+00:00,,,0.06232941406514114,
2019-08-06 06:40:00+00:00,,0.018675007496229856,,
2019-08-06 10:30:00+00:00,,,,0.0046489708486592285
2019-08-06 10:45:00+00:00,,-0.027306159446293,,
2019-08-06 11:45:00+00:00,,,-0.03495572923076917,
2019-08-06 12:35:00+00:00,-0.02198,,,
2019-08-06 21:20:00+00:00,-0.02198,,,
2019-08-07 15:05:00+00:00,,-0.03311360933070595,,
2019-08-07 15:15:00+00:00,,,,-0.019036830308230446
2019-08-07 17:15:00+00:00,,,-0.0355827530527385,
2019-08-07 20:00:00+00:00,0.017980000000000107,,,
2019-08-08 17:25:00+00:00,-0.02198,,,
2019-08-09 08:35:00+00:00,,,,-0.017951430584725814
2019-08-09 09:50:00+00:00,,,-0.02324952412934367,
2019-08-10 11:25:00+00:00,-0.02198,,,
2019-08-11 09:15:00+00:00,-0.02197999999999989,,,
2019-08-12 05:20:00+00:00,,,,-0.008413267903066957
2019-08-13 13:35:00+00:00,-0.02198000000000011,,,
2019-08-14 01:20:00+00:00,-0.02198,,,
2019-08-14 09:20:00+00:00,-0.02198000000000011,,,
2019-08-14 16:25:00+00:00,-0.022773140940529846,,,
2019-08-14 23:30:00+00:00,-0.02197999999999989,,,
2019-08-16 01:35:00+00:00,0.030229435335596744,,,
2019-08-16 04:45:00+00:00,-0.02198,-0.03164834345043821,,
2019-08-16 04:50:00+00:00,,,-0.022349377374083934,
2019-08-16 11:30:00+00:00,-0.02197999999999989,,,
2019-08-16 20:45:00+00:00,0.032144543970295425,,,
2019-08-17 00:35:00+00:00,,,,-0.02480712187789491
2019-08-17 00:40:00+00:00,,,-0.024685584524040904,
2019-08-17 17:15:00+00:00,-0.02198,,,
2019-08-18 07:05:00+00:00,,-0.020560865732748956,,
2019-08-18 16:00:00+00:00,0.017980000000000107,,,
2019-08-19 00:00:00+00:00,,,-0.007149499448336094,
2019-08-19 00:15:00+00:00,,,,-0.014658375651781741
2019-08-19 11:45:00+00:00,,0.024844419237665782,,
2019-08-19 12:15:00+00:00,0.019417064749607693,,,
2019-08-20 06:00:00+00:00,,,,0.019926540207536814
2019-08-20 06:05:00+00:00,,,0.0034365604897708124,
2019-08-21 02:20:00+00:00,,-0.00859182661089175,,
2019-08-21 03:30:00+00:00,-0.02198,,,
2019-08-22 01:45:00+00:00,-0.02198000000000011,,,
2019-08-22 18:05:00+00:00,0.017980000000000107,,,
2019-08-23 19:05:00+00:00,0.017979999999999885,,,
2019-08-24 03:10:00+00:00,,,-0.009405057150419949,
2019-08-24 07:10:00+00:00,,,,0.004057469257096269
2019-08-24 08:20:00+00:00,-0.02198,,,
2019-08-25 12:45:00+00:00,0.017980000000000107,,,
2019-08-25 14:25:00+00:00,,,,-0.02101552553915076
2019-08-25 14:30:00+00:00,-0.022485469343865527,,,
2019-08-26 03:50:00+00:00,,-0.03225848175739887,,
2019-08-26 03:55:00+00:00,,,,-0.011627525874498224
2019-08-26 05:35:00+00:00,0.017980000000000107,,,
2019-08-27 03:15:00+00:00,-0.02198,,,
2019-08-28 18:25:00+00:00,,,-0.05379296773344644,
2019-08-30 21:40:00+00:00,,-0.010995864145093903,,
2019-09-01 01:10:00+00:00,,0.002859269444847712,,
2019-09-01 21:50:00+00:00,,-0.008844572116953442,,
2019-09-01 22:35:00+00:00,,0.0030098951156811715,,
2019-09-01 23:30:00+00:00,,-0.007943960264984229,,
2019-09-02 17:05:00+00:00,,0.0024069536129369684,,
2019-09-02 18:30:00+00:00,,0.011731146096774614,,
2019-09-02 20:20:00+00:00,0.017980000000000107,,,
2019-09-02 20:45:00+00:00,,,,-0.012181736655755393
2019-09-02 21:25:00+00:00,,0.013183897723070492,,
2019-09-02 23:05:00+00:00,,,,-0.00876549196688603
2019-09-02 23:20:00+00:00,,-0.009534779589631892,,
2019-09-03 03:45:00+00:00,,,,-0.00719226819417762
2019-09-03 07:55:00+00:00,,-0.006691783990693478,,
2019-09-03 11:45:00+00:00,,,,-0.00838018591803047
2019-09-03 12:50:00+00:00,,0.004055516134670922,,
2019-09-03 14:00:00+00:00,,0.00853043486499283,,
2019-09-03 14:50:00+00:00,,,,0.016658313016787663
2019-09-03 14:55:00+00:00,0.02341637644212069,,,
2019-09-04 13:05:00+00:00,,,0.06475655179830686,
2019-09-04 19:40:00+00:00,,0.005134317741750216,,
2019-09-04 20:15:00+00:00,,,,-0.009405039807529603
2019-09-04 20:20:00+00:00,,-0.014472420240738582,,
2019-09-05 02:50:00+00:00,,,-0.016813885537202422,
2019-09-05 19:50:00+00:00,0.017979999999999885,,,
2019-09-05 19:55:00+00:00,,,,-0.029575878322066873
2019-09-06 12:50:00+00:00,,,,-0.008782535066252706
2019-09-06 13:45:00+00:00,,-0.010572646377103312,,
2019-09-06 18:30:00+00:00,,,-0.02724379971923252,
2019-09-07 17:20:00+00:00,,-0.011143104107206203,,
2019-09-08 11:25:00+00:00,,,-0.019669483157492285,
2019-09-09 11:10:00+00:00,,0.0035933970082520084,,
2019-09-09 12:15:00+00:00,,0.005329531938982557,,
2019-09-09 16:05:00+00:00,-0.02198000000000011,,,
2019-09-11 01:45:00+00:00,,-0.01039732186780351,,
2019-09-11 21:35:00+00:00,,8.129131513645582e-05,,
2019-09-13 17:15:00+00:00,,,0.0022964014093207474,
2019-09-15 03:20:00+00:00,,,-0.008000980437523841,
2019-09-16 22:05:00+00:00,,0.0077089989759973054,,
2019-09-19 20:00:00+00:00,0.017980000000000107,0.004897828285540307,,
2019-09-20 00:30:00+00:00,,-0.002680430720290561,,
2019-09-20 21:50:00+00:00,,,-0.015354031104589883,
2019-09-21 06:20:00+00:00,-0.02198000000000011,,,
2019-09-22 07:40:00+00:00,,0.0026331988615211355,,
2019-09-22 12:15:00+00:00,,-0.003549980867423197,,
2019-09-24 02:45:00+00:00,,-0.009477223814105984,,
2019-09-24 16:55:00+00:00,,-0.009984603020799288,,
2019-09-24 21:00:00+00:00,,0.018260086560071054,,
2019-09-24 23:05:00+00:00,,0.017511039207570356,,
2019-09-24 23:55:00+00:00,-0.02197999999999989,,,
2019-09-25 04:10:00+00:00,-0.02198,,,
2019-09-25 12:15:00+00:00,-0.02198,,,
2019-09-25 23:10:00+00:00,-0.02198000000000011,,,
2019-09-27 21:40:00+00:00,0.017980000000000107,,,
2019-09-28 02:10:00+00:00,,-0.01642603653676067,,
2019-09-28 12:30:00+00:00,-0.02198,,,
2019-09-28 22:45:00+00:00,,,,-0.022968828131431973
2019-09-28 22:50:00+00:00,,-0.01335482768373486,,
2019-09-28 22:55:00+00:00,-0.02198000000000011,,,
2019-09-30 11:20:00+00:00,,0.006999398933312362,,
2019-09-30 13:30:00+00:00,0.017980000000000107,,,
2019-09-30 16:00:00+00:00,,0.007286341226870885,,
2019-09-30 20:05:00+00:00,,,,-0.01361967553614507
2019-09-30 21:50:00+00:00,,,0.0026675135131153382,
2019-10-01 02:10:00+00:00,0.017979999999999885,,,
2019-10-01 02:55:00+00:00,,0.006598063291199718,,
2019-10-01 03:15:00+00:00,,0.00666356880796215,,
2019-10-01 06:15:00+00:00,,-0.013641825650811401,,
2019-10-01 08:30:00+00:00,,,,-0.00037525576240737823
2019-10-01 09:15:00+00:00,,,-0.01995825218653724,
2019-10-01 17:55:00+00:00,-0.02198,,,
2019-10-04 00:05:00+00:00,,-0.009609401338368295,,
2019-10-05 22:40:00+00:00,,-0.009045824549042014,,
2019-10-06 18:20:00+00:00,,-0.009277848999967198,,
2019-10-07 11:40:00+00:00,,0.004764951046506649,,
2019-10-07 13:20:00+00:00,0.017979999999999885,,,
2019-10-07 14:00:00+00:00,,0.005072980850296727,,
2019-10-07 23:45:00+00:00,,,,-0.0011073053977879166
2019-10-08 02:10:00+00:00,0.017980000000000107,,,
2019-10-08 05:25:00+00:00,,,0.02439982780134775,
2019-10-08 07:40:00+00:00,,,,-0.011867274573548414
2019-10-09 16:05:00+00:00,,0.031078862106206362,,
2019-10-09 16:20:00+00:00,,0.004032954598693905,,
2019-10-09 17:25:00+00:00,0.0225701522566093,,,
2019-10-09 21:35:00+00:00,,,,0.02397833501851121
2019-10-10 01:45:00+00:00,,,0.010129840765350284,
2019-10-11 05:15:00+00:00,,,,-0.014492122168056065
2019-10-11 05:20:00+00:00,,-0.02390157304249163,,
2019-10-11 05:25:00+00:00,-0.02197999999999989,,,
2019-10-13 20:05:00+00:00,,,,-0.004185986208196435
2019-10-14 21:05:00+00:00,,-0.0012560947971637093,,
2019-10-17 10:05:00+00:00,,0.0028803706718609767,,
2019-10-17 12:05:00+00:00,,-0.008647685057922239,,
2019-10-17 19:35:00+00:00,,,-0.007519861760369784,
2019-10-19 15:55:00+00:00,,-0.009211567234413298,,
2019-10-20 18:25:00+00:00,,0.0029360484303471157,,
2019-10-20 19:30:00+00:00,,0.002969631962615793,,
2019-10-20 23:10:00+00:00,,,,0.008905847532601818
2019-10-20 23:15:00+00:00,,-0.00868685208084663,,
2019-10-21 08:35:00+00:00,,,0.01727220260913409,
2019-10-21 15:20:00+00:00,0.017980000000000107,,,
2019-10-21 15:25:00+00:00,,,,-0.015340162536835789
2019-10-22 13:50:00+00:00,,,-0.007200186252396268,
2019-10-25 13:50:00+00:00,,0.00813292625203399,,
2019-10-25 15:40:00+00:00,0.017980000000000107,,,
2019-10-25 16:50:00+00:00,,0.08630310095593385,,
2019-10-25 17:35:00+00:00,,-0.019551786092953494,,
2019-10-25 19:20:00+00:00,0.0922569128844617,,,
2019-10-25 22:45:00+00:00,,,,0.11930640508509383
2019-10-26 00:20:00+00:00,0.017979999999999885,,,
2019-10-26 02:25:00+00:00,,0.0958018292682925,,
2019-10-26 04:10:00+00:00,0.07658511950830871,,,
2019-10-26 04:20:00+00:00,,,,0.07821632799181732
2019-10-26 05:10:00+00:00,0.017979999999999885,,,
2019-10-26 08:45:00+00:00,,,0.23459071569680257,
2019-10-26 13:00:00+00:00,-0.02198000000000011,,,
2019-10-26 23:35:00+00:00,0.007989999999999942,,,
2019-10-27 01:40:00+00:00,-0.016985000000000028,,,
2019-10-27 11:45:00+00:00,-0.01698500000000014,,,
2019-10-27 16:15:00+00:00,0.007989999999999942,,,
2019-10-27 19:50:00+00:00,0.007989999999999942,,,
2019-10-27 23:15:00+00:00,,,-0.01165009370314829,
2019-10-28 04:00:00+00:00,-0.016984999999999917,,,
2019-10-29 13:25:00+00:00,-0.016985000000000028,,,
2019-10-30 00:50:00+00:00,-0.01698500000000014,,,
2019-10-31 14:05:00+00:00,-0.016985000000000028,,,
2019-10-31 21:00:00+00:00,,-0.03459170209626383,,
2019-11-02 19:00:00+00:00,,,-0.007826785067984843,
2019-11-03 04:25:00+00:00,,,,-0.007164750374833995
2019-11-04 19:45:00+00:00,,,-0.002820318291339441,
2019-11-04 20:15:00+00:00,,0.006823677878778245,,
2019-11-04 22:30:00+00:00,,,,-0.00417806781502883
2019-11-05 06:25:00+00:00,,-0.02009413803774962,,
2019-11-10 16:35:00+00:00,,,,0.006023560902844949
2019-11-11 05:35:00+00:00,-0.016985000000000028,,,
2019-11-11 06:05:00+00:00,,-0.02593152480211869,,
2019-11-13 20:30:00+00:00,,-2.1962576872369688e-05,,
2019-11-15 09:35:00+00:00,-0.016985000000000028,-0.017625180270406937,,
2019-11-17 20:45:00+00:00,,,,-0.007856170851448963
2019-11-18 02:45:00+00:00,,-0.017672368676563743,,
2019-11-22 18:55:00+00:00,0.007989999999999942,,,
2019-11-22 19:25:00+00:00,-0.016984999999999917,,,
2019-11-22 23:05:00+00:00,-0.016985000000000028,,,
2019-11-23 16:55:00+00:00,,0.003362905517829473,,
2019-11-24 03:15:00+00:00,-0.016985000000000028,,,
2019-11-25 09:50:00+00:00,0.00818243093922666,,,
2019-11-25 12:25:00+00:00,,0.0214200939860707,,
2019-11-25 15:30:00+00:00,0.05903056564120779,,,
2019-11-25 16:00:00+00:00,0.007990000000000164,,,
2019-11-25 21:20:00+00:00,,,-0.004705087584618517,
2019-11-25 23:05:00+00:00,,,,-0.027204688798516563
2019-11-26 06:15:00+00:00,-0.011990000000000056,,,
2019-11-26 06:40:00+00:00,-0.011989999999999945,,,
2019-11-27 15:45:00+00:00,0.012984999999999802,,,
2019-11-27 16:45:00+00:00,,0.025699466814995242,,
2019-11-27 18:35:00+00:00,,,,0.01741453745206223
2019-11-27 19:50:00+00:00,0.01712760319746276,,,
2019-11-27 21:20:00+00:00,,,0.029093329454896732,
2019-11-28 16:25:00+00:00,,0.004405664867978443,,
2019-11-28 22:35:00+00:00,-0.011990000000000056,,,
2019-11-29 16:05:00+00:00,,,,0.008514449243302025
2019-11-29 19:05:00+00:00,-0.011990000000000056,,,
2019-11-30 13:30:00+00:00,,-0.011298791145897824,,
2019-12-04 13:30:00+00:00,,,,-0.01577807560592659
2019-12-04 14:35:00+00:00,,-0.03961596272299772,,
2019-12-04 16:25:00+00:00,-0.03176557331702201,,,
2019-12-04 20:50:00+00:00,,-0.03728484124174214,,
2019-12-06 18:00:00+00:00,-0.015192936396683288,,,-0.015192936396683288
2019-12-09 15:10:00+00:00,,-0.014125553106067223,,
2019-12-09 15:15:00+00:00,,,,-0.009669114339200924
2019-12-15 12:45:00+00:00,,-0.013934772529478168,,
2019-12-18 18:10:00+00:00,0.014044032099413739,,,
2019-12-18 19:35:00+00:00,,0.017903606249982218,,
2019-12-18 20:50:00+00:00,,,,0.003883780200124143
2019-12-18 23:05:00+00:00,,,,0.0037015808634073277
2019-12-18 23:20:00+00:00,,0.02898809754606524,,
2019-12-18 23:30:00+00:00,0.023965254910063072,,,
2019-12-19 01:00:00+00:00,-0.011990000000000056,,,
2019-12-19 01:10:00+00:00,,,0.0020486322188451034,
2019-12-22 17:55:00+00:00,,,,0.007213173272182294
2019-12-22 19:40:00+00:00,,,,-0.003151550000000003
2019-12-22 20:40:00+00:00,,0.018441116768069143,,
2019-12-22 22:30:00+00:00,,,0.0009980133747065079,
2019-12-22 23:05:00+00:00,0.012984999999999802,,,
2019-12-22 23:50:00+00:00,,0.008506259753051859,,
2019-12-23 00:35:00+00:00,,,,0.0036035990642433458
2019-12-23 05:00:00+00:00,,,0.005041617393553466,
2019-12-23 06:20:00+00:00,-0.011990000000000056,,,
2019-12-23 06:55:00+00:00,,-0.016237586318645247,,
2019-12-23 16:25:00+00:00,,,,-0.01113987350334844
2019-12-25 22:05:00+00:00,,,-0.01113737552671712,
2019-12-26 19:50:00+00:00,,,,0.0031887298647386153
2019-12-26 19:55:00+00:00,,-0.0111333792083681,,
2019-12-26 21:05:00+00:00,-0.016985000000000028,,,
2019-12-26 21:35:00+00:00,,,-0.017821464102026008,
2019-12-29 00:00:00+00:00,,,-0.0009952599955391772,
2019-12-29 20:30:00+00:00,,-0.008941470665204232,,0.010832558784922286
2019-12-30 00:20:00+00:00,,,-0.007910882442541345,
2020-01-03 07:45:00+00:00,,0.026182179224474078,,
2020-01-03 09:55:00+00:00,0.012984999999999802,,,
2020-01-03 14:00:00+00:00,,,,0.0027464407290676007
2020-01-03 19:05:00+00:00,,,,-0.012157744704177853
2020-01-03 22:50:00+00:00,,,0.008136311718735856,
2020-01-05 01:15:00+00:00,0.012984999999999802,,,
2020-01-05 08:45:00+00:00,,,,0.00229324607228798
2020-01-05 11:10:00+00:00,,,-0.008668372244334033,
2020-01-06 03:10:00+00:00,,,,-0.002676361288092566
2020-01-06 10:45:00+00:00,,0.009086362781461688,,
2020-01-06 13:55:00+00:00,,,,-0.007470777044854882
2020-01-06 22:10:00+00:00,0.012984999999999802,,,
2020-01-07 00:55:00+00:00,,,,0.030169122899701417
2020-01-07 03:05:00+00:00,,0.031917594465391774,,
2020-01-07 04:10:00+00:00,0.021759253640776688,,,
2020-01-07 15:30:00+00:00,,,0.03688954344624462,
2020-01-07 21:50:00+00:00,,,,0.00325648225774966
2020-01-07 22:15:00+00:00,,-0.012886850046019749,,
2020-01-07 23:40:00+00:00,0.012984999999999802,,,
2020-01-08 03:25:00+00:00,,,,0.005066284908816776
2020-01-08 05:05:00+00:00,0.015745353966962305,,,
2020-01-08 16:30:00+00:00,,-0.015171001677702356,0.014470388971949522,
2020-01-10 16:55:00+00:00,,-0.016540983240493246,,
2020-01-10 18:05:00+00:00,0.012985000000000024,,,
2020-01-10 23:50:00+00:00,0.012984999999999802,,,
2020-01-11 04:20:00+00:00,,-0.017123609940526974,,-0.004083406768028208
2020-01-11 05:10:00+00:00,-0.016985000000000028,,,
2020-01-11 06:15:00+00:00,,,0.014195371000680579,
2020-01-11 21:50:00+00:00,,,,-0.012879351916697201
2020-01-14 00:55:00+00:00,,,,0.003503473853287309
2020-01-14 03:50:00+00:00,,0.01344811238351129,,
2020-01-14 04:45:00+00:00,,0.011088639427591529,,
2020-01-14 06:05:00+00:00,0.018139716752106905,,,
2020-01-14 10:35:00+00:00,,,,0.01720253299290264
2020-01-14 12:40:00+00:00,,,,-0.009706038726233435
2020-01-14 14:15:00+00:00,,0.011535545435516159,,
2020-01-14 16:00:00+00:00,-0.016984999999999917,,,-0.004354232982836104
2020-01-14 16:05:00+00:00,,-0.017093939568411654,,
2020-01-14 18:35:00+00:00,,,,-0.015611101606571087
2020-01-14 23:30:00+00:00,0.012984999999999802,,,
2020-01-15 00:00:00+00:00,,,,-0.017625329980063276
2020-01-15 03:50:00+00:00,,,,-0.018138999378750964
2020-01-15 04:05:00+00:00,,-0.015608143252810347,,
2020-01-15 04:30:00+00:00,,,0.02582443584260874,
2020-01-15 14:05:00+00:00,,,,-0.015901023174336948
2020-01-16 01:20:00+00:00,-0.016984999999999917,,,
2020-01-17 06:55:00+00:00,,,,-0.005847828470767036
2020-01-17 10:25:00+00:00,,,,-0.013013895290844069
2020-01-17 13:40:00+00:00,,,-0.0036922642574817033,
2020-01-19 01:00:00+00:00,0.012985000000000024,,,
2020-01-19 06:40:00+00:00,,,,0.0054407916983407745
2020-01-19 11:00:00+00:00,-0.016985000000000028,-0.013706501558540363,,
2020-01-19 11:05:00+00:00,,,-0.04859016305260655,
2020-01-21 22:20:00+00:00,,,,-0.01015103780348392
2020-01-22 07:30:00+00:00,,,,-0.005971150672292924
2020-01-22 09:20:00+00:00,,-0.011980466850582627,,
2020-01-22 16:35:00+00:00,-0.016985000000000028,,,
2020-01-27 00:20:00+00:00,,0.009914498590704923,,
2020-01-27 08:40:00+00:00,,,0.006170074077527898,
2020-01-27 08:45:00+00:00,,-0.015979822557870005,,0.00815962957642502
2020-01-27 18:55:00+00:00,,0.009432598723233543,,
2020-01-28 00:35:00+00:00,0.007990000000000164,0.010551588805809864,,
2020-01-28 05:00:00+00:00,,,,0.03585267323726815
2020-01-28 05:20:00+00:00,-0.011989999999999945,-0.01904446386352243,,
2020-01-28 05:30:00+00:00,,,0.02271337190203293,
2020-01-28 14:45:00+00:00,-0.011990000000000056,,,
2020-01-28 15:00:00+00:00,,,,-0.02197564252030504
2020-01-28 23:35:00+00:00,0.007990000000000164,,,
2020-01-29 10:00:00+00:00,,,,0.011226590694690675
2020-01-29 10:05:00+00:00,,,-0.011648550469971153,
2020-01-29 11:35:00+00:00,-0.011990000000000056,,,-0.0235383846259114
2020-01-29 22:50:00+00:00,,-0.0015264967196065848,,
2020-01-29 23:50:00+00:00,,,,-0.01636641822783258
2020-01-30 16:30:00+00:00,,,,-0.019014358123485398
2020-01-30 23:35:00+00:00,-0.011990000000000056,,,
2020-01-31 01:35:00+00:00,,,,-0.004360121824571128
2020-01-31 10:45:00+00:00,,-0.023102097274339872,,
2020-02-02 12:20:00+00:00,,0.00959617752907227,,
2020-02-02 21:30:00+00:00,,,-0.002642590781301468,
2020-02-02 22:30:00+00:00,,,,-0.009154651822378734
2020-02-03 02:00:00+00:00,,,,-0.0169337165426221
2020-02-03 02:05:00+00:00,,-0.02171451344817954,,
2020-02-05 15:50:00+00:00,,0.009015766277706616,,
2020-02-05 16:20:00+00:00,0.007990000000000164,,,
2020-02-05 19:15:00+00:00,,0.010626076657489714,,
2020-02-05 23:35:00+00:00,,,,0.02021031814797114
2020-02-05 23:55:00+00:00,,,0.03163928472271538,
2020-02-06 00:15:00+00:00,-0.011990000000000056,,,
2020-02-06 00:20:00+00:00,,-0.017495314316296806,,
2020-02-06 13:45:00+00:00,-0.011989999999999945,,,
2020-02-06 17:40:00+00:00,-0.011989999999999945,,,
2020-02-06 18:15:00+00:00,,,-0.009390916835365193,
2020-02-06 22:20:00+00:00,,,,-0.0014504933577575985
2020-02-07 12:00:00+00:00,,0.0001472085418590119,,
2020-02-07 12:10:00+00:00,,,,-0.012927554532684016
2020-02-09 07:35:00+00:00,,0.00863743971161468,,
2020-02-09 14:30:00+00:00,,,0.004062046673052322,
2020-02-09 14:55:00+00:00,,,,0.016707080090571313
2020-02-10 03:35:00+00:00,,,,-0.011636971063603951
2020-02-10 05:55:00+00:00,-0.011990000000000056,,,
2020-02-11 18:40:00+00:00,,0.01459092542185636,,
2020-02-11 20:35:00+00:00,0.02104244791093257,,,
2020-02-11 21:40:00+00:00,,,,-0.0030006690419964732
2020-02-12 09:00:00+00:00,,,0.040688692042195385,
2020-02-12 14:20:00+00:00,,,,-0.004922129833075495
2020-02-13 07:55:00+00:00,,,,-0.013760845445090153
2020-02-13 13:55:00+00:00,-0.011990000000000056,,,
2020-02-13 14:00:00+00:00,,-0.025693027869355123,,-0.03235903230914161
2020-02-17 02:20:00+00:00,,,-0.016678934782215937,
2020-02-17 04:10:00+00:00,,-0.024448403655625284,,
2020-02-18 19:50:00+00:00,,0.01502465469953429,,
2020-02-18 21:50:00+00:00,0.015887954588136965,,,
2020-02-19 04:15:00+00:00,,,,0.008181190124035842
2020-02-19 04:45:00+00:00,,,0.0172925418864176,
2020-02-19 07:05:00+00:00,-0.011990000000000056,,,
2020-02-19 20:05:00+00:00,,,,-0.015635409536031486
2020-02-19 21:35:00+00:00,,-0.02342904057171169,,
2020-02-23 04:00:00+00:00,,0.008674901814958114,,
2020-02-23 11:00:00+00:00,,,,0.0061144506428723044
2020-02-23 11:55:00+00:00,,,-0.005646982278480928,
2020-02-24 02:35:00+00:00,-0.011989999999999945,-0.016348047399563304,,-0.0179461335299671
2020-02-25 14:20:00+00:00,-0.02198000000000011,,,
2020-02-26 01:25:00+00:00,-0.02197999999999989,,,
2020-02-26 13:55:00+00:00,-0.02198,,,
2020-02-27 01:00:00+00:00,-0.02198,,,
2020-02-27 08:25:00+00:00,0.017980000000000107,,,
2020-02-27 12:50:00+00:00,-0.02198,,,
2020-02-27 21:35:00+00:00,-0.02198000000000011,,,
2020-02-28 09:45:00+00:00,-0.02198,,,
2020-02-28 10:00:00+00:00,,-0.02012591842517042,,
2020-02-28 17:30:00+00:00,,-0.02130115228708851,,
2020-02-29 06:05:00+00:00,0.017980000000000107,,,
2020-02-29 14:05:00+00:00,,-0.021164745967346077,,
2020-03-01 12:50:00+00:00,,-0.018182339733836872,,
2020-03-01 16:30:00+00:00,-0.02197999999999989,,,
2020-03-02 10:15:00+00:00,0.017979999999999885,,,
2020-03-03 00:15:00+00:00,,,0.009872574290743952,
2020-03-03 15:15:00+00:00,,,,-0.008481771327914722
2020-03-04 13:50:00+00:00,,-0.004266748118563757,,
2020-03-05 09:25:00+00:00,0.017980000000000107,,,
2020-03-05 09:35:00+00:00,,0.020232841804921353,,
2020-03-05 15:25:00+00:00,,,0.01671706570953524,
2020-03-07 09:45:00+00:00,,0.002509018235109961,,
2020-03-07 17:00:00+00:00,,,,0.009287581811155965
2020-03-07 18:05:00+00:00,-0.02198000000000011,,,
2020-03-08 23:35:00+00:00,-0.02198,,,
2020-03-09 04:10:00+00:00,-0.02198,,,
2020-03-09 11:10:00+00:00,-0.02198,-0.02147784680703435,,
2020-03-09 13:45:00+00:00,-0.02198,,,
2020-03-10 00:00:00+00:00,0.017980000000000107,,,
2020-03-10 12:35:00+00:00,0.017979999999999885,,,
2020-03-10 15:30:00+00:00,-0.02198,-0.024182622659445263,-0.011385052286926656,
2020-03-11 15:45:00+00:00,-0.02198000000000011,,,
2020-03-11 22:30:00+00:00,0.017980000000000107,,,
2020-03-12 01:45:00+00:00,-0.02198,,,
2020-03-12 02:10:00+00:00,,-0.020516831122836754,,
2020-03-12 12:55:00+00:00,0.017979999999999885,,,
2020-03-12 16:00:00+00:00,0.017980000000000107,,,
2020-03-12 16:10:00+00:00,-0.02198,,,
2020-03-12 18:30:00+00:00,-0.02198,,,
2020-03-12 23:00:00+00:00,-0.02198000000000011,,,
2020-03-13 03:45:00+00:00,-0.02198000000000011,,,
2020-03-13 04:10:00+00:00,-0.02198000000000011,,,
2020-03-13 05:35:00+00:00,-0.03890139304293172,,,
2020-03-13 06:05:00+00:00,-0.028563666938989596,,,
2020-03-13 06:50:00+00:00,0.017980000000000107,,,
2020-03-13 08:50:00+00:00,0.017980000000000107,,,
2020-03-13 09:20:00+00:00,-0.02198000000000011,,,
2020-03-13 10:45:00+00:00,0.017980000000000107,,,
2020-03-13 12:35:00+00:00,0.02091253946275251,,,
2020-03-13 12:50:00+00:00,-0.02197999999999989,,,
2020-03-13 13:25:00+00:00,0.017980000000000107,,,
2020-03-13 14:35:00+00:00,0.017980000000000107,,,
2020-03-13 16:55:00+00:00,-0.0301194050779644,,,
2020-03-13 19:25:00+00:00,0.017980000000000107,,,
2020-03-13 21:00:00+00:00,0.025531382896077037,,,
2020-03-13 22:30:00+00:00,0.0254026168597683,,,
2020-03-13 23:45:00+00:00,-0.02198,,,
2020-03-14 03:55:00+00:00,0.017980000000000107,,,
2020-03-14 06:05:00+00:00,-0.02198,,,
2020-03-14 08:05:00+00:00,-0.02198,,,
2020-03-14 12:55:00+00:00,0.017979999999999885,,,
2020-03-14 16:00:00+00:00,-0.02198,,,
2020-03-14 20:35:00+00:00,-0.02198,,,
2020-03-15 00:40:00+00:00,0.017980000000000107,,,
2020-03-15 06:00:00+00:00,,0.049501464619869484,,
2020-03-15 10:15:00+00:00,0.017979999999999885,,,
2020-03-15 12:15:00+00:00,0.017980000000000107,,,
2020-03-15 12:30:00+00:00,-0.036449207015672225,,,
2020-03-15 20:45:00+00:00,-0.02197999999999989,,,
2020-03-15 22:20:00+00:00,0.02308253523494641,,,
2020-03-15 22:25:00+00:00,,-0.044697219007987066,,-0.06633560450776044
2020-03-16 05:45:00+00:00,-0.02198000000000011,,,
2020-03-16 09:10:00+00:00,-0.02197999999999989,,,
2020-03-16 12:05:00+00:00,0.017980000000000107,,,
2020-03-16 13:10:00+00:00,-0.024277194989084094,,,
2020-03-16 15:35:00+00:00,0.04073679795709251,,,
2020-03-16 16:15:00+00:00,-0.02198,,,
2020-03-16 19:30:00+00:00,-0.02198000000000011,,,
2020-03-16 22:25:00+00:00,-0.02198,,,
2020-03-17 01:00:00+00:00,0.017979999999999885,,,
2020-03-17 01:30:00+00:00,,0.09012394267003887,,
2020-03-17 02:25:00+00:00,0.017979999999999885,,,
2020-03-17 08:25:00+00:00,0.02279616235405002,,,
2020-03-17 13:50:00+00:00,-0.02198,,,
2020-03-17 16:30:00+00:00,0.023274384978719143,,,
2020-03-18 06:25:00+00:00,-0.02198,,,
2020-03-18 10:05:00+00:00,-0.02198000000000011,-0.062307273307357636,,
2020-03-18 13:40:00+00:00,0.017979999999999885,,,
2020-03-18 15:00:00+00:00,0.017980000000000107,,,
2020-03-18 16:15:00+00:00,-0.02198,,,
2020-03-18 20:05:00+00:00,0.017979999999999885,,,
2020-03-18 22:15:00+00:00,-0.02197999999999989,,,
2020-03-19 09:20:00+00:00,0.017979999999999885,,,
2020-03-19 11:15:00+00:00,0.017980000000000107,,,
2020-03-19 13:25:00+00:00,0.03225781433984887,,,
2020-03-19 13:35:00+00:00,,0.07427899064238086,,
2020-03-19 15:25:00+00:00,0.017979999999999885,,,
2020-03-19 16:20:00+00:00,,0.05741433389030215,,
2020-03-19 17:30:00+00:00,0.050832830071598334,,,
2020-03-19 18:55:00+00:00,-0.02198,,,
2020-03-20 01:30:00+00:00,-0.02198,,,
2020-03-20 01:35:00+00:00,,,0.08665124933262147,
2020-03-20 09:20:00+00:00,0.07390386609175903,,,
2020-03-20 11:35:00+00:00,,0.07353608107333764,,
2020-03-20 13:10:00+00:00,-0.02198000000000011,,,
2020-03-20 13:25:00+00:00,,,-0.03477477002877172,
2020-03-20 16:10:00+00:00,-0.02198,,,
2020-03-20 16:30:00+00:00,,-0.04508135927321588,,0.1457392296910307
2020-03-20 18:25:00+00:00,-0.02198,,,
2020-03-20 22:35:00+00:00,0.020159171731188863,,,
2020-03-21 00:00:00+00:00,-0.02198,,,
2020-03-21 02:25:00+00:00,0.024396743202436344,,,
2020-03-21 03:15:00+00:00,-0.02198000000000011,,,
2020-03-21 08:20:00+00:00,-0.02198,,,
2020-03-21 11:15:00+00:00,-0.02198,,,
2020-03-21 13:20:00+00:00,0.017980000000000107,,,
2020-03-21 14:25:00+00:00,-0.02198,,,
2020-03-21 17:50:00+00:00,-0.02198,,,
2020-03-21 22:15:00+00:00,,,-0.04166194766395337,
2020-03-22 03:35:00+00:00,0.017980000000000107,,,
2020-03-22 08:50:00+00:00,-0.02198000000000011,,,
2020-03-22 10:35:00+00:00,-0.02198,,,
2020-03-22 18:30:00+00:00,-0.02198000000000011,,,
2020-03-22 22:50:00+00:00,-0.02198000000000011,,,
2020-03-23 08:35:00+00:00,-0.02198,,,
2020-03-23 12:05:00+00:00,0.017980000000000107,,,
2020-03-23 13:25:00+00:00,0.040598936610736436,,,
2020-03-23 20:50:00+00:00,0.017980000000000107,,,
2020-03-24 00:00:00+00:00,0.017980000000000107,,,
2020-03-24 00:05:00+00:00,,0.05569620200218606,,
2020-03-24 04:10:00+00:00,-0.02198,,,
2020-03-24 04:30:00+00:00,,,0.026266778027012938,
2020-03-24 04:40:00+00:00,,-0.038013036220207685,,
2020-03-24 08:00:00+00:00,0.017979999999999885,,,
2020-03-24 12:15:00+00:00,-0.02198,,,
2020-03-24 15:05:00+00:00,-0.02198,-0.03925647877412053,,
2020-03-24 19:50:00+00:00,0.017980000000000107,,,
2020-03-25 01:55:00+00:00,-0.02198,,,
2020-03-25 10:40:00+00:00,-0.016985000000000028,,,
2020-03-25 18:05:00+00:00,-0.016985000000000028,,,
2020-03-25 21:00:00+00:00,-0.016985000000000028,,,
2020-03-26 06:00:00+00:00,-0.016985000000000028,,,
2020-03-27 00:00:00+00:00,0.007990000000000164,,,
2020-03-27 05:00:00+00:00,-0.016985000000000028,,,
2020-03-28 11:00:00+00:00,0.007989999999999942,,,
2020-03-28 13:20:00+00:00,-0.016984999999999917,,,
2020-03-29 07:45:00+00:00,-0.016985000000000028,,,
2020-03-30 10:05:00+00:00,0.03565184450496406,,,
2020-03-30 11:30:00+00:00,,0.03234341301598831,,
2020-03-30 15:20:00+00:00,0.007989999999999942,,,
2020-03-30 20:15:00+00:00,0.007989999999999942,,,
2020-03-30 23:45:00+00:00,,-0.021875090152567056,,
2020-03-31 04:55:00+00:00,,,0.02731300600679032,
2020-03-31 11:10:00+00:00,-0.016985000000000028,,,
2020-04-01 00:30:00+00:00,,,,-0.010361117878543769
2020-04-02 02:25:00+00:00,,0.040490238690339186,,
2020-04-02 03:25:00+00:00,0.029990437128506464,,,
2020-04-02 18:40:00+00:00,,,,0.032280561378694284
2020-04-02 19:00:00+00:00,,-0.0213679653238108,,
2020-04-02 20:25:00+00:00,-0.016985000000000028,,,
2020-04-02 20:35:00+00:00,,,0.014676019966924247,
2020-04-03 12:45:00+00:00,-0.016985000000000028,,,
2020-04-04 11:35:00+00:00,-0.016984999999999917,,,
2020-04-05 04:00:00+00:00,-0.016984999999999917,,,
2020-04-06 05:55:00+00:00,0.007989999999999942,,,
2020-04-06 10:05:00+00:00,0.013708747954630285,,,
2020-04-06 17:25:00+00:00,0.007989999999999942,,,
2020-04-06 18:45:00+00:00,,0.02651637623117553,,
2020-04-06 23:55:00+00:00,0.007989999999999942,,,
2020-04-07 02:20:00+00:00,-0.016985000000000028,,,
2020-04-07 12:30:00+00:00,-0.016985000000000028,,,
2020-04-07 14:20:00+00:00,,,0.04710497863957119,
2020-04-07 20:00:00+00:00,,,,0.02542416319874974
2020-04-07 20:05:00+00:00,,-0.0189083009111074,,
2020-04-08 10:40:00+00:00,,-0.019297580104049916,,
2020-04-08 13:55:00+00:00,-0.016985000000000028,,,
2020-04-11 14:15:00+00:00,-0.016984999999999917,,,
2020-04-12 19:05:00+00:00,,0.019359986850207678,,
2020-04-12 19:35:00+00:00,0.017062646782527002,,,
2020-04-12 22:15:00+00:00,-0.016985000000000028,-0.014536574768851729,,
2020-04-12 23:15:00+00:00,,,0.003101035412037323,
2020-04-12 23:55:00+00:00,,,,-0.005319030393370783
2020-04-14 20:35:00+00:00,-0.016985000000000028,,,
2020-04-16 07:00:00+00:00,,0.020976845455443538,,
2020-04-16 11:05:00+00:00,,0.022955334471684186,,
2020-04-16 12:15:00+00:00,0.028890346725176652,,,
2020-04-16 22:00:00+00:00,0.007989999999999942,,,
2020-04-17 00:10:00+00:00,-0.016985000000000028,,,
2020-04-17 04:55:00+00:00,,,0.015514830903827992,
2020-04-19 05:50:00+00:00,-0.016985000000000028,-0.015495938176295465,,0.017610017850657522
2020-04-19 05:55:00+00:00,,,-0.013749834626338608,
2020-04-20 17:15:00+00:00,,-0.013266519904745033,,
2020-04-23 01:35:00+00:00,0.007989999999999942,,,
2020-04-23 06:10:00+00:00,,,-0.0025010101067340917,
2020-04-23 18:10:00+00:00,,0.060335850142628544,,
2020-04-23 19:20:00+00:00,0.034417669242419624,,,
2020-04-24 14:15:00+00:00,-0.02198,,,
2020-04-25 15:50:00+00:00,0.017979999999999885,,,
2020-04-26 15:05:00+00:00,,-0.012223880616951899,,
2020-04-26 15:10:00+00:00,-0.02198,,,
2020-04-27 06:05:00+00:00,,,-0.010446689411349297,
2020-04-27 06:15:00+00:00,,-0.012889315108570276,,
2020-04-28 04:50:00+00:00,,,,-0.010671181850281042
2020-04-29 02:05:00+00:00,0.017979999999999885,,,
2020-04-29 09:20:00+00:00,,0.012644409856485517,,
2020-04-29 20:45:00+00:00,,0.10625143043010854,,
2020-04-29 22:00:00+00:00,,-0.020797704901395875,,
2020-04-29 22:25:00+00:00,0.11214783696224262,,,
2020-04-30 02:55:00+00:00,0.017980000000000107,,,
2020-04-30 08:35:00+00:00,0.0213375329608938,,,
2020-04-30 09:00:00+00:00,,,0.14875836760774486,
2020-04-30 09:10:00+00:00,,,,0.134285704476792
2020-04-30 09:15:00+00:00,,-0.022807843771002867,,
2020-04-30 16:40:00+00:00,-0.02198,,,
2020-04-30 22:20:00+00:00,-0.02198000000000011,,,
2020-05-01 10:55:00+00:00,0.017980000000000107,,,
2020-05-01 13:30:00+00:00,,,-0.025207398056639962,
2020-05-01 16:00:00+00:00,-0.02198000000000011,,,
2020-05-03 05:35:00+00:00,0.029608417340251103,,,
2020-05-03 06:10:00+00:00,,-0.017183504271304106,,
2020-05-03 06:15:00+00:00,,,-0.027707743020239595,-0.019047335802390486
2020-05-03 12:30:00+00:00,-0.02198,,,
2020-05-04 01:15:00+00:00,-0.02198,,,
2020-05-04 18:15:00+00:00,0.01843834161562463,,,
2020-05-05 09:50:00+00:00,0.022212506240893326,,,
2020-05-05 10:00:00+00:00,,-0.01938279853834901,,
2020-05-06 10:20:00+00:00,0.017979999999999885,,,
2020-05-06 18:45:00+00:00,,,-0.014562384970433495,
2020-05-06 23:00:00+00:00,0.017980000000000107,,,
2020-05-06 23:50:00+00:00,-0.02198,,,
2020-05-06 23:55:00+00:00,,-0.017647435689555402,,
2020-05-07 00:00:00+00:00,,,,-0.005440697547683948
2020-05-07 13:15:00+00:00,0.017979999999999885,,,
2020-05-07 15:30:00+00:00,,-0.017776632935443404,,
2020-05-07 17:25:00+00:00,,0.0252082566944134,,
2020-05-07 22:25:00+00:00,0.043355562434275186,,,
2020-05-07 23:45:00+00:00,,0.02615160044311504,,
2020-05-08 03:05:00+00:00,,,0.008935118333481595,
2020-05-08 23:50:00+00:00,,,,0.03828181396078545
2020-05-09 06:55:00+00:00,-0.02198,,,
2020-05-09 23:50:00+00:00,-0.02198000000000011,,,
2020-05-10 07:45:00+00:00,0.017980000000000107,,,
2020-05-10 14:55:00+00:00,-0.02198,,,
2020-05-11 09:10:00+00:00,-0.02197999999999989,,,
2020-05-11 12:45:00+00:00,,-0.042600393270422754,,
2020-05-11 16:35:00+00:00,-0.02197999999999989,,,
2020-05-11 16:40:00+00:00,,,-0.07117589220684639,
2020-05-12 09:00:00+00:00,0.017979999999999885,,,
2020-05-13 11:00:00+00:00,0.017980000000000107,,,
2020-05-13 20:00:00+00:00,0.017980000000000107,,,
2020-05-14 05:20:00+00:00,,,-0.011712195444209761,
2020-05-14 05:50:00+00:00,0.017980000000000107,,,
2020-05-14 08:45:00+00:00,,0.02856497990291862,,
2020-05-14 12:40:00+00:00,,,0.000841733986260973,0.04922724727845096
2020-05-14 13:55:00+00:00,0.017979999999999885,,,
2020-05-15 02:30:00+00:00,-0.02197999999999989,-0.018391499136931833,,
2020-05-15 15:05:00+00:00,-0.02198,,,
2020-05-17 07:00:00+00:00,0.017980000000000107,,,
2020-05-17 18:45:00+00:00,,,-0.002262147791483815,
2020-05-17 22:15:00+00:00,,-0.01891591932711678,,
2020-05-17 22:20:00+00:00,,,,-0.0018175588598465797
2020-05-18 01:05:00+00:00,0.017980000000000107,,,
2020-05-18 06:10:00+00:00,,-0.016260716568112676,,
2020-05-18 08:45:00+00:00,-0.02197999999999989,,,
2020-05-18 08:50:00+00:00,,,,-0.04076652722700458
2020-05-19 12:35:00+00:00,,-0.01873062781788104,,
2020-05-20 06:35:00+00:00,0.017979999999999885,,,
2020-05-21 08:15:00+00:00,-0.02198000000000011,,,
2020-05-22 00:10:00+00:00,,-0.019043277958286642,,
2020-05-22 03:55:00+00:00,-0.02198000000000011,,,
2020-05-22 17:00:00+00:00,0.017980000000000107,,,
2020-05-24 23:30:00+00:00,-0.02198000000000011,,,
2020-05-27 15:40:00+00:00,0.03590441279174761,,,
2020-05-28 12:05:00+00:00,,0.020173317440824068,,
2020-05-28 18:00:00+00:00,0.030510847797062812,,,
2020-05-28 22:45:00+00:00,,0.019121429839830784,,
2020-05-29 08:30:00+00:00,,,,0.04276384206464434
2020-05-29 10:05:00+00:00,,,0.032402459418931384,
2020-05-30 09:05:00+00:00,,-0.014302465357559746,,
2020-05-30 20:40:00+00:00,,,-0.016291890331709302,
2020-05-30 22:40:00+00:00,0.017980000000000107,,,
2020-05-31 04:25:00+00:00,,-0.01505819050149626,,-0.011276663162467115
2020-05-31 09:00:00+00:00,-0.02198,,,
2020-05-31 15:30:00+00:00,-0.02198000000000011,,,
2020-06-02 03:05:00+00:00,,0.021097131387437962,,
2020-06-02 04:10:00+00:00,0.05732823792046604,,,
2020-06-02 14:45:00+00:00,-0.02198,,,0.029378938895113116
2020-06-02 15:05:00+00:00,,,-0.013570198757763885,
2020-06-04 13:15:00+00:00,0.017980000000000107,,,
2020-06-05 08:15:00+00:00,,,-0.006242878407654695,-0.013424320848871463
2020-06-05 11:50:00+00:00,,-0.013951459798117849,,
2020-06-06 00:35:00+00:00,-0.02197999999999989,,,
2020-06-07 14:00:00+00:00,-0.02198,,,
2020-06-08 00:55:00+00:00,0.020787908996372506,,,
2020-06-08 08:15:00+00:00,,,,-0.012515236558960807
2020-06-08 14:25:00+00:00,,,-0.005852087332794187,
2020-06-09 00:00:00+00:00,,0.013009288304055566,,
2020-06-09 00:20:00+00:00,,,,-0.009745790486059946
2020-06-10 18:50:00+00:00,,,,-0.006445257654820069
2020-06-10 18:55:00+00:00,,-0.016446904846767585,,
2020-06-11 01:35:00+00:00,0.017980000000000107,,,
2020-06-11 12:55:00+00:00,-0.02198000000000011,,,
2020-06-12 13:55:00+00:00,0.017980000000000107,,,
2020-06-12 17:35:00+00:00,-0.02198,,,
2020-06-15 01:45:00+00:00,-0.02197999999999989,,,
2020-06-15 20:50:00+00:00,,0.01665262170151527,,
2020-06-15 23:10:00+00:00,0.034517921658318684,,,
2020-06-16 14:55:00+00:00,,,,-0.007329454347771214
2020-06-16 16:00:00+00:00,,,0.006100763106392293,
2020-06-17 20:05:00+00:00,-0.02198,,,
2020-06-18 19:10:00+00:00,,-0.011866997902997278,,
2020-06-19 02:55:00+00:00,-0.02198,,,
2020-06-21 11:50:00+00:00,,,-0.0030112156557912106,
2020-06-22 11:45:00+00:00,,0.007171543792667157,,
2020-06-22 16:05:00+00:00,0.017980000000000107,,,
2020-06-22 20:50:00+00:00,,0.0073702732499829615,,
2020-06-22 22:05:00+00:00,,-0.008504081871263947,,
2020-06-23 01:25:00+00:00,,-0.008598765309737466,,
2020-06-23 01:40:00+00:00,,,,0.017378692937612295
2020-06-23 10:00:00+00:00,,,0.01601178207767373,
2020-06-26 14:20:00+00:00,,-0.02293088988953207,,
2020-06-27 19:40:00+00:00,-0.02198000000000011,,,
2020-06-29 20:45:00+00:00,0.017979999999999885,,,
2020-06-30 06:25:00+00:00,,,-0.012876917073170735,
2020-06-30 13:05:00+00:00,,,,-0.013138852556138225
2020-07-02 06:45:00+00:00,,,-0.006780421089504829,
2020-07-02 15:00:00+00:00,,-0.01535810003955651,,-0.010041299837638129
2020-07-02 15:05:00+00:00,-0.02198000000000011,,,
2020-07-05 05:55:00+00:00,,,,-0.009236366470414925
2020-07-05 09:55:00+00:00,-0.02198000000000011,-0.008866823219576325,,
2020-07-06 12:00:00+00:00,,0.010863609357000925,,
2020-07-06 12:35:00+00:00,0.017979999999999885,,,
2020-07-07 08:05:00+00:00,,,,0.0032168482382790575
2020-07-07 09:50:00+00:00,,,0.00040861850828677326,
2020-07-08 13:50:00+00:00,,0.01236743997957035,,
2020-07-09 10:05:00+00:00,,,,-0.005901470786323748
2020-07-09 10:55:00+00:00,,,-0.009184050002807975,
2020-07-09 14:55:00+00:00,,-0.01499404562966733,,
2020-07-09 15:20:00+00:00,-0.02198,,,
2020-07-12 13:25:00+00:00,,,,-0.009789133825191199
2020-07-14 04:15:00+00:00,,-0.014298973751915911,,
2020-07-14 11:20:00+00:00,-0.02198,,,
2020-07-19 03:10:00+00:00,,,,-0.006315549158880884
2020-07-19 06:45:00+00:00,,-0.0019235980688108167,,
2020-07-20 10:45:00+00:00,,-0.009312134682331497,,-0.00793032810650629
2020-07-20 11:10:00+00:00,,,-0.008768963986791278,
2020-07-21 12:45:00+00:00,,0.013959061260753636,,
2020-07-21 15:55:00+00:00,,,,0.009673532361993864
2020-07-22 07:55:00+00:00,,-0.011395105034887054,,
2020-07-22 08:15:00+00:00,,,-0.0038863131152747643,
2020-07-22 22:30:00+00:00,0.017980000000000107,,,
2020-07-23 14:30:00+00:00,,,,-0.008759788348700726
2020-07-23 17:10:00+00:00,,,,0.0015280281690142061
2020-07-24 05:00:00+00:00,,-0.013235868190720423,,
2020-07-25 18:00:00+00:00,,,,0.00020211322120200492
2020-07-25 21:20:00+00:00,,,,-0.003420721607570787
2020-07-26 07:55:00+00:00,,,,-0.004208961418444512
2020-07-26 08:20:00+00:00,0.017980000000000107,,,
2020-07-26 08:35:00+00:00,,,,-0.004229245486683797
2020-07-26 09:15:00+00:00,,,,-0.000854254631183271
2020-07-26 10:10:00+00:00,,,,0.023976044085055603
2020-07-26 12:55:00+00:00,,0.015829614767835176,,
2020-07-26 15:05:00+00:00,0.019027374974564193,,,
2020-07-27 01:20:00+00:00,,0.017471946045881204,,
2020-07-27 03:55:00+00:00,,,,0.011859235218738773
2020-07-27 06:00:00+00:00,,,,-0.005793327017825756
2020-07-27 08:35:00+00:00,0.02051063932448738,,,
2020-07-27 10:35:00+00:00,,0.018852697932192797,,
2020-07-27 11:10:00+00:00,,,,-0.006783053889140245
2020-07-27 13:25:00+00:00,,,,-0.004358533910903684
2020-07-27 14:00:00+00:00,,,,-0.006410403673870468
2020-07-27 15:00:00+00:00,,,,-0.0040457046034950706
2020-07-27 17:05:00+00:00,,,,0.033445151278683305
2020-07-27 22:20:00+00:00,,,,0.026038565847501083
2020-07-27 23:20:00+00:00,0.05037363314787768,0.035349230568696655,,
2020-07-28 08:05:00+00:00,-0.016985000000000028,,,
2020-07-28 08:50:00+00:00,,-0.04439736419618112,,
2020-07-29 17:55:00+00:00,0.017980000000000107,,,
2020-07-30 00:00:00+00:00,-0.016985000000000028,,,
2020-07-31 02:25:00+00:00,,-0.012909906763569179,,
2020-07-31 16:20:00+00:00,,,,0.0007604753031653644
2020-07-31 18:00:00+00:00,0.023214051801943025,,,
2020-08-01 06:00:00+00:00,,,,0.009433605751028695
2020-08-01 06:30:00+00:00,,,,-0.0018194950582304248
2020-08-01 10:55:00+00:00,0.030242278333188377,,,
2020-08-01 12:05:00+00:00,,0.022247664185068627,,
2020-08-01 13:35:00+00:00,-0.016985000000000028,,,
2020-08-01 19:45:00+00:00,,,,0.0010834326726565369
2020-08-01 20:50:00+00:00,,,,-0.0071861588754186245
2020-08-02 01:40:00+00:00,0.017979999999999885,,,
2020-08-02 03:00:00+00:00,,,,7.372644197545242e-05
2020-08-02 04:20:00+00:00,,,,0.001927233985168142
2020-08-02 04:35:00+00:00,,-0.028092859480543297,,
2020-08-02 04:40:00+00:00,-0.05294280431023901,,,
2020-08-02 10:45:00+00:00,-0.016985000000000028,,,
2020-08-02 12:40:00+00:00,,,0.1528051006992639,
2020-08-02 21:35:00+00:00,-0.016985000000000028,,,
2020-08-03 20:10:00+00:00,0.01810202984187881,,,
2020-08-03 21:55:00+00:00,-0.016985000000000028,,,
2020-08-04 11:50:00+00:00,-0.016985000000000028,,,
2020-08-04 13:15:00+00:00,,,-0.0086272286120751,
2020-08-05 12:55:00+00:00,,,,0.0017729153852035218
2020-08-05 13:35:00+00:00,,,,-0.0036526014450093403
2020-08-05 14:20:00+00:00,,,,-0.006187229396783622
2020-08-05 15:30:00+00:00,,,,-0.0026277843674928913
2020-08-05 16:25:00+00:00,,,,-0.005895106002811956
2020-08-05 18:55:00+00:00,0.041834188192096944,,,
2020-08-05 21:30:00+00:00,,0.020871653449976213,,
2020-08-05 22:00:00+00:00,,,,-0.001523235198806816
2020-08-06 00:20:00+00:00,,,,-0.006487511958867986
2020-08-06 14:10:00+00:00,,,,-0.0003144879470634576
2020-08-06 19:10:00+00:00,0.017980000000000107,,,
2020-08-06 19:40:00+00:00,,,,-0.004756154743587815
2020-08-06 21:45:00+00:00,-0.016985000000000028,,,
2020-08-07 03:15:00+00:00,,,,-0.0061923000177965815
2020-08-07 11:55:00+00:00,-0.016985000000000028,,,
2020-08-07 14:25:00+00:00,,,0.029376442600886454,
2020-08-09 15:10:00+00:00,,,-0.009491318086053857,
2020-08-10 01:55:00+00:00,,0.020891468501600396,,
2020-08-10 02:20:00+00:00,,,,0.011359964121426369
2020-08-10 02:40:00+00:00,,,,-0.0056597002488432135
2020-08-10 07:05:00+00:00,0.029642565032107715,,,
2020-08-10 10:25:00+00:00,,-0.02146060923701565,,
2020-08-11 06:25:00+00:00,-0.016985000000000028,,,
2020-08-11 13:05:00+00:00,,,-0.0008597016796944024,
2020-08-11 14:55:00+00:00,,-0.03457637671574332,,
2020-08-12 06:00:00+00:00,-0.016985000000000028,,,
2020-08-12 16:20:00+00:00,0.017979999999999885,,,
2020-08-13 08:30:00+00:00,-0.016985000000000028,,,
2020-08-13 08:45:00+00:00,,,-0.006472852908691817,
2020-08-13 12:35:00+00:00,-0.016985000000000028,,,
2020-08-13 22:25:00+00:00,,,,0.003706961540103748
2020-08-14 00:25:00+00:00,,,,-0.005192207167003637
2020-08-14 02:45:00+00:00,0.019360910694104616,,,
2020-08-14 17:00:00+00:00,,,,-0.0057799884612185215
2020-08-14 23:05:00+00:00,,0.01896511579437332,,
2020-08-15 00:55:00+00:00,,,,0.003841336430766562
2020-08-16 11:25:00+00:00,,,0.013502822732729847,
2020-08-17 13:20:00+00:00,0.017980000000000107,,,
2020-08-17 13:25:00+00:00,,,,-0.005195659723270962
2020-08-17 15:50:00+00:00,,,,0.014612957842220942
2020-08-17 16:05:00+00:00,,,,-0.008235428342031281
2020-08-17 18:25:00+00:00,,0.03216662115045987,,
2020-08-17 22:30:00+00:00,0.017980000000000107,,,
2020-08-18 11:55:00+00:00,-0.016985000000000028,,,
2020-08-18 14:15:00+00:00,,-0.02878177247170688,,
2020-08-18 14:40:00+00:00,,,0.0033237893027757703,
2020-08-19 03:55:00+00:00,-0.016984999999999917,,,
2020-08-19 16:25:00+00:00,-0.016985000000000028,,,
2020-08-21 11:45:00+00:00,,,-0.01607177337312793,
2020-08-21 21:15:00+00:00,-0.016985000000000028,,,
2020-08-25 13:40:00+00:00,-0.02198,,,
2020-08-25 18:05:00+00:00,-0.02198,,,
2020-08-26 16:25:00+00:00,0.017980000000000107,,,
2020-08-27 13:20:00+00:00,,0.016284829969790637,,
2020-08-27 17:00:00+00:00,-0.02198,,,
2020-08-28 09:30:00+00:00,0.017979999999999885,,,
2020-08-31 12:50:00+00:00,0.017980000000000107,,,
2020-08-31 13:20:00+00:00,,,,-0.004566625231693822
2020-08-31 20:20:00+00:00,,-0.010409699520519289,,
2020-09-01 00:20:00+00:00,-0.02198,,,
2020-09-01 06:10:00+00:00,,,,-0.002738935604204462
2020-09-01 07:10:00+00:00,,,,0.002743129996625626
2020-09-01 07:30:00+00:00,0.019241565555439877,,,
2020-09-01 07:55:00+00:00,,,,-0.003527822866655206
2020-09-01 08:05:00+00:00,,,,-0.004803076653265292
2020-09-01 10:25:00+00:00,,,,-0.004040850570548704
2020-09-01 15:20:00+00:00,,0.012257293751313902,,
2020-09-01 15:30:00+00:00,,,,-0.0029870446133460904
2020-09-01 16:15:00+00:00,,,,0.001191700509970417
2020-09-02 07:10:00+00:00,,,0.030186463990135026,
2020-09-02 10:25:00+00:00,-0.02198,,,
2020-09-02 14:55:00+00:00,-0.02197999999999989,,,
2020-09-03 12:10:00+00:00,-0.02197999999999989,,,
2020-09-03 15:35:00+00:00,-0.02198,,,
2020-09-03 23:25:00+00:00,-0.02198,,,
2020-09-04 10:15:00+00:00,0.017980000000000107,,,
2020-09-04 14:15:00+00:00,-0.02198000000000011,,,
2020-09-04 18:55:00+00:00,0.017979999999999885,,,
2020-09-05 09:05:00+00:00,-0.02198,,,
2020-09-05 11:40:00+00:00,,,-0.02784759729290176,
2020-09-05 18:50:00+00:00,-0.02198000000000011,,,
2020-09-06 08:40:00+00:00,0.017979999999999885,,,
2020-09-07 11:00:00+00:00,-0.02198,,,
2020-09-07 12:15:00+00:00,,,-0.01945361929240852,
2020-09-07 23:45:00+00:00,0.03006857622802328,,,
2020-09-08 09:45:00+00:00,-0.02198000000000011,,,
2020-09-08 10:10:00+00:00,,,-0.01730651430928487,
2020-09-08 22:30:00+00:00,0.017979999999999885,,,
2020-09-08 22:40:00+00:00,-0.02198000000000011,,,
2020-09-09 11:15:00+00:00,0.017979999999999885,,,
2020-09-10 13:55:00+00:00,0.017980000000000107,,,
2020-09-11 03:35:00+00:00,-0.02198,,,
2020-09-13 03:35:00+00:00,0.017979999999999885,,,
2020-09-13 04:05:00+00:00,,,,0.002293946114553025
2020-09-13 11:30:00+00:00,-0.02198,-0.010857837726901187,,
2020-09-13 12:15:00+00:00,,,0.017518438577480033,
2020-09-14 12:50:00+00:00,0.017980000000000107,,,
2020-09-14 13:15:00+00:00,,,,-0.00519647774225962
2020-09-14 13:35:00+00:00,,,,-0.000723735748774601
2020-09-14 13:55:00+00:00,,,,-0.005301937116951705
2020-09-14 14:10:00+00:00,,,,-0.004385694569198129
2020-09-14 16:10:00+00:00,,,,0.0003276913238774437
2020-09-15 02:30:00+00:00,,0.01506516298133942,,
2020-09-15 02:50:00+00:00,,,,0.0009626158139535157
2020-09-15 03:00:00+00:00,0.017980000000000107,,,
2020-09-15 11:20:00+00:00,,,,-0.0016673631695258706
2020-09-15 12:35:00+00:00,,,,-0.0024562607976473805
2020-09-15 12:50:00+00:00,,,,-0.00573839514245611
2020-09-15 14:55:00+00:00,,-0.01378179846379457,,
2020-09-16 08:00:00+00:00,,,,-0.0058697809980543525
2020-09-16 13:00:00+00:00,,,,-0.004531797491070133
2020-09-16 15:40:00+00:00,,,,-0.0003677361764830023
2020-09-16 16:10:00+00:00,,,,-0.004144553441645993
2020-09-16 16:35:00+00:00,0.02163706143914168,,,
2020-09-16 17:00:00+00:00,,,,-0.0009555724849732439
2020-09-17 10:20:00+00:00,-0.02198000000000011,,,
2020-09-17 13:45:00+00:00,,,0.03812324260368727,
2020-09-18 17:50:00+00:00,,,-0.008473447242409615,
2020-09-19 12:05:00+00:00,,,,-0.000679767420896038
2020-09-19 12:50:00+00:00,0.019607333981999542,,,
2020-09-19 18:05:00+00:00,,-0.010709758028041194,,
2020-09-20 03:00:00+00:00,,,-0.003349587584170588,
2020-09-21 09:35:00+00:00,,,-0.012203981335712322,
2020-09-21 10:50:00+00:00,-0.02198,,,
2020-09-23 19:05:00+00:00,-0.02198000000000011,,,
2020-09-23 19:40:00+00:00,,,-0.020004202962087603,
2020-09-24 17:05:00+00:00,0.034980406891852445,,,
2020-09-27 04:10:00+00:00,,0.011005116884214905,,
2020-09-27 08:00:00+00:00,,,0.031123615401968063,
2020-09-28 01:10:00+00:00,0.017979999999999885,,,
2020-09-28 23:15:00+00:00,-0.02198,-0.010319697005926942,,
2020-09-29 00:10:00+00:00,,,-0.005902249410032034,
2020-10-01 16:15:00+00:00,-0.02198,,,
2020-10-01 16:35:00+00:00,,,-0.019663314164677037,
2020-10-05 23:40:00+00:00,0.017979999999999885,,,
2020-10-06 19:45:00+00:00,,,0.0034075050763928694,
2020-10-08 09:15:00+00:00,,,-0.008393217798806418,
2020-10-08 16:50:00+00:00,0.017979999999999885,,,
2020-10-08 18:30:00+00:00,,,,-0.004233384483623981
2020-10-08 18:35:00+00:00,,0.010306923969019,,
2020-10-09 00:20:00+00:00,,,,-0.0070866789065294755
2020-10-09 11:00:00+00:00,,0.011466074254387948,,
2020-10-09 17:30:00+00:00,,,,0.006653494577374186
2020-10-10 02:05:00+00:00,0.017980000000000107,0.011198085065855512,,
2020-10-10 05:00:00+00:00,,,,0.024335669618190003
2020-10-12 10:40:00+00:00,,-0.014204063563457714,,
2020-10-12 11:35:00+00:00,,,0.05665907053528163,
2020-10-12 15:30:00+00:00,0.017980000000000107,,,
2020-10-12 21:35:00+00:00,,0.01296826106504656,,
2020-10-12 23:05:00+00:00,,,,0.01008709910983363
2020-10-13 13:30:00+00:00,-0.02198,,,
2020-10-16 04:55:00+00:00,,,-0.020788616669045745,
2020-10-19 14:10:00+00:00,0.01891023407696557,,,
2020-10-19 17:45:00+00:00,,,,-0.0013313571228391607
2020-10-19 18:20:00+00:00,,0.012258365140498384,,
2020-10-20 07:40:00+00:00,,,,-0.007299731853626423
2020-10-20 11:25:00+00:00,,,,-0.005493483718594372
2020-10-20 15:30:00+00:00,0.017979999999999885,,,
2020-10-20 19:10:00+00:00,,,,-0.0024118618770954114
2020-10-21 02:55:00+00:00,,0.012683225188188318,,
2020-10-21 04:20:00+00:00,0.017979999999999885,,,
2020-10-21 07:05:00+00:00,,,,0.0099089965037229
2020-10-21 12:45:00+00:00,,0.015371846809880019,,
2020-10-21 21:20:00+00:00,0.012985000000000024,,,
2020-10-21 22:30:00+00:00,,0.022110055574888987,,
2020-10-21 23:05:00+00:00,,-0.01779858016093616,,
2020-10-22 02:25:00+00:00,-0.02198000000000011,,,
2020-10-22 21:00:00+00:00,0.020659697958476553,,,
2020-10-23 00:15:00+00:00,-0.02198,,,
2020-10-25 01:35:00+00:00,0.012985000000000024,,,
2020-10-25 05:40:00+00:00,,-0.01266830787732498,,
2020-10-25 05:45:00+00:00,,,,-0.012170177775152946
2020-10-26 16:30:00+00:00,-0.02198,,,
2020-10-26 17:25:00+00:00,,,-0.00467069491316785,
2020-10-27 15:30:00+00:00,0.031374689666141986,,,
2020-10-27 16:45:00+00:00,,0.016340534228499015,,
2020-10-27 18:20:00+00:00,,-0.014228127097636212,,
2020-10-27 21:45:00+00:00,0.012984999999999802,,,
2020-10-28 07:20:00+00:00,,,,0.023233460508245818
2020-10-28 11:05:00+00:00,,-0.014746764088353848,,
2020-10-28 11:20:00+00:00,-0.02198,,,
2020-10-28 11:50:00+00:00,,,0.025462222726464256,
2020-10-29 20:00:00+00:00,0.021462259792807137,,,
2020-10-30 00:10:00+00:00,,-0.01936931090790972,,
2020-10-30 05:55:00+00:00,-0.02198,,,
2020-10-30 06:35:00+00:00,,,-0.009588062419273125,
2020-10-30 19:20:00+00:00,0.014087636250248448,,,
2020-10-31 06:05:00+00:00,,,,-0.017056147183898474
2020-10-31 10:20:00+00:00,,-0.01934888340643859,,
2020-10-31 13:20:00+00:00,0.017612252788038463,,,
2020-10-31 17:05:00+00:00,,,,0.002277313895508337
2020-11-02 08:35:00+00:00,-0.02198,,,
2020-11-02 09:20:00+00:00,,,0.0043194659015670656,
2020-11-03 17:30:00+00:00,0.014197706345170591,,,
2020-11-04 07:45:00+00:00,,,,-0.011223046633029532
2020-11-04 20:15:00+00:00,,-0.01848044726638176,,
2020-11-04 20:20:00+00:00,0.013702494900246887,,,
2020-11-05 02:40:00+00:00,0.012985000000000024,,,
2020-11-05 17:30:00+00:00,,-0.01931485241114661,,
2020-11-05 17:35:00+00:00,0.04345290560364412,,,
2020-11-06 03:10:00+00:00,0.03493207903704554,,,
2020-11-06 08:55:00+00:00,,,,0.09688551603176254
2020-11-06 09:20:00+00:00,-0.02198,,,
2020-11-06 20:15:00+00:00,-0.02198,-0.023096909663719023,,
2020-11-07 15:15:00+00:00,-0.02198,,,
2020-11-07 15:25:00+00:00,,,0.11998778429579948,
2020-11-08 10:40:00+00:00,0.012984999999999802,,,
2020-11-08 16:15:00+00:00,0.012985000000000024,,,
2020-11-09 11:45:00+00:00,0.012984999999999802,,,
2020-11-09 13:15:00+00:00,-0.02198,,,
2020-11-09 13:50:00+00:00,,,,-0.032627488076077404
2020-11-09 16:15:00+00:00,,,-0.013269262467513143,
2020-11-10 15:25:00+00:00,,-0.02216068171452945,,
2020-11-11 15:00:00+00:00,0.01880372253957896,,,
2020-11-11 22:20:00+00:00,0.012984999999999802,,,
2020-11-12 00:10:00+00:00,,,,-0.015423577317826176
2020-11-12 10:15:00+00:00,,-0.016755836678323255,,
2020-11-12 10:20:00+00:00,0.013848595270942843,,,
2020-11-12 20:50:00+00:00,0.012985000000000024,,,
2020-11-13 04:25:00+00:00,0.015646420204524336,,,
2020-11-13 11:15:00+00:00,,,,0.005288993424253707
2020-11-13 16:05:00+00:00,-0.02198,,,
2020-11-14 08:20:00+00:00,-0.02198,,,
2020-11-14 08:30:00+00:00,,,0.03313250086195274,
2020-11-15 21:05:00+00:00,,,-0.010847637402954247,
2020-11-16 09:25:00+00:00,0.015358883801282808,,,
2020-11-16 15:50:00+00:00,0.012984999999999802,,,
2020-11-16 21:30:00+00:00,0.020337737226277186,,,
2020-11-17 11:30:00+00:00,,0.018073895772554582,,
2020-11-17 20:05:00+00:00,,0.030557765480389687,,
2020-11-17 21:00:00+00:00,0.055904361268360514,,,
2020-11-18 04:15:00+00:00,,0.02394904401339293,,
2020-11-18 05:30:00+00:00,,-0.0192943959491213,,
2020-11-18 05:35:00+00:00,-0.02198,,,0.07335458405896023
2020-11-18 07:55:00+00:00,0.012984999999999802,,,
2020-11-18 14:30:00+00:00,-0.02198000000000011,,,
2020-11-18 19:50:00+00:00,-0.02198000000000011,,,
2020-11-19 08:45:00+00:00,-0.02198,,,
2020-11-19 10:40:00+00:00,,,0.08620016661267171,
2020-11-19 18:10:00+00:00,0.012984999999999802,,,
2020-11-20 08:50:00+00:00,0.012984999999999802,,,
2020-11-21 04:00:00+00:00,,,,0.0022296283932918826
2020-11-22 08:55:00+00:00,-0.02198,,,
2020-11-22 20:50:00+00:00,0.017980000000000107,,,
2020-11-23 00:25:00+00:00,-0.02198,,,
2020-11-23 01:00:00+00:00,,-0.026092485417625766,,
2020-11-24 06:05:00+00:00,-0.02198,,,
2020-11-24 14:05:00+00:00,0.036955341133937614,,,
2020-11-24 20:00:00+00:00,,,,-0.0037641224750970537
2020-11-25 03:55:00+00:00,-0.02197999999999989,,,
2020-11-25 16:00:00+00:00,,,,-0.02233602747086716
2020-11-25 23:15:00+00:00,-0.02197999999999989,,,
2020-11-25 23:25:00+00:00,,,0.007755424487757345,
2020-11-26 00:05:00+00:00,,-0.020719305227847817,,
2020-11-26 02:25:00+00:00,-0.02198,,,
2020-11-26 08:05:00+00:00,-0.02198,,,
2020-11-26 14:00:00+00:00,-0.02198,,,
2020-11-27 02:35:00+00:00,0.017980000000000107,,,
2020-11-27 08:25:00+00:00,-0.02198,,,
2020-11-27 15:40:00+00:00,-0.02198,,,
2020-11-28 00:50:00+00:00,0.017979999999999885,,,
2020-11-28 13:00:00+00:00,,-0.0031990322360639922,,
2020-11-28 20:45:00+00:00,0.03786821655226014,,,
2020-11-29 21:05:00+00:00,,0.030917276093153756,,
2020-11-29 22:45:00+00:00,0.017980000000000107,,,
2020-11-30 04:40:00+00:00,0.017980000000000107,,,
2020-11-30 12:55:00+00:00,,0.0191172592510227,,
2020-11-30 15:30:00+00:00,,,,-0.017531932359762137
2020-11-30 17:30:00+00:00,,0.019959169164029067,,
2020-11-30 18:10:00+00:00,0.040001728048093765,,,
2020-12-01 11:20:00+00:00,,,,-0.025386921966113363
2020-12-01 11:25:00+00:00,-0.02198,,,
2020-12-01 12:20:00+00:00,-0.02198000000000011,,,
2020-12-01 12:25:00+00:00,,-0.031118583366134156,,
2020-12-01 13:35:00+00:00,,,0.09155026118372067,
2020-12-02 00:00:00+00:00,-0.02198000000000011,,,
2020-12-02 13:20:00+00:00,0.017980000000000107,,,
2020-12-02 15:00:00+00:00,-0.02198,,,
2020-12-03 08:15:00+00:00,0.017980000000000107,,,
2020-12-04 10:15:00+00:00,-0.02198,,,
2020-12-04 11:30:00+00:00,,,0.0027429485781784724,
2020-12-04 21:50:00+00:00,-0.02198,,,
2020-12-05 19:10:00+00:00,0.017980000000000107,,,
2020-12-06 13:45:00+00:00,-0.02198,,,
2020-12-07 19:10:00+00:00,,,-0.0003072353562004748,
2020-12-08 09:40:00+00:00,-0.02198,,,
2020-12-08 10:10:00+00:00,,,-0.02038716091375481,
2020-12-08 22:55:00+00:00,-0.02198,,,
2020-12-10 15:10:00+00:00,-0.02198,,,
2020-12-10 15:30:00+00:00,,,-0.01791607222421232,
2020-12-11 01:50:00+00:00,-0.02198000000000011,,-0.02464128367969365,
2020-12-11 02:55:00+00:00,,-0.025277257839638856,,
2020-12-11 10:20:00+00:00,-0.02198000000000011,,,
2020-12-12 04:20:00+00:00,0.020377401457436273,,,
2020-12-12 22:25:00+00:00,0.02211627561894902,,,
2020-12-13 09:20:00+00:00,,0.018837993697036204,,
2020-12-13 11:50:00+00:00,0.022671959756984883,,,
2020-12-13 22:15:00+00:00,-0.02198000000000011,,,
2020-12-14 23:55:00+00:00,,0.00105291852851086,,
2020-12-15 04:50:00+00:00,,,,-0.008061558539132596
2020-12-15 04:55:00+00:00,,-0.01872874539761671,,
2020-12-16 18:15:00+00:00,0.07584138788663752,,,
2020-12-16 18:45:00+00:00,,0.045889200873466596,,
2020-12-17 04:20:00+00:00,,0.022224335365167436,,
2020-12-17 07:10:00+00:00,0.06855548480655904,,,
2020-12-17 08:00:00+00:00,,0.02503147931026528,,
2020-12-17 09:35:00+00:00,,,,0.16494980349573551
2020-12-17 09:40:00+00:00,,-0.030706347925459898,,
2020-12-17 12:10:00+00:00,0.017980000000000107,,,
2020-12-17 18:15:00+00:00,-0.02198,,,
2020-12-17 20:10:00+00:00,-0.02198,,,
2020-12-18 14:30:00+00:00,-0.02198,,,
2020-12-19 00:35:00+00:00,,0.0036478442248164544,,
2020-12-19 20:15:00+00:00,0.04575362736116961,,,
2020-12-20 00:20:00+00:00,-0.02198,,,-0.01211047899095885
2020-12-20 03:15:00+00:00,,-0.03745471498208108,,
2020-12-20 21:10:00+00:00,-0.02198,,,
2020-12-21 09:45:00+00:00,-0.02198,,,
2020-12-21 10:15:00+00:00,,,,-0.0284204349145053
2020-12-21 22:25:00+00:00,0.017980000000000107,,,
2020-12-22 22:50:00+00:00,0.017980000000000107,,,
2020-12-23 07:15:00+00:00,-0.02197999999999989,,,
2020-12-23 11:05:00+00:00,,,,0.0035275783048005493
2020-12-23 21:40:00+00:00,-0.02198,,,
2020-12-23 22:20:00+00:00,,,,-0.04827548558762251
2020-12-25 00:00:00+00:00,0.017980000000000107,,,
2020-12-25 14:10:00+00:00,0.02416109336307426,,,
2020-12-25 14:40:00+00:00,-0.02198,,,
2020-12-26 15:30:00+00:00,,0.03573390529315468,,
2020-12-26 18:45:00+00:00,0.02831609903901855,,,
2020-12-26 20:35:00+00:00,,0.029829674709431986,,
2020-12-27 00:55:00+00:00,0.017980000000000107,,,
2020-12-27 06:00:00+00:00,0.017979999999999885,,,
2020-12-27 06:15:00+00:00,,0.03176950267740164,,
2020-12-27 10:05:00+00:00,0.017979999999999885,,,
2020-12-27 11:35:00+00:00,-0.02198000000000011,,,
2020-12-27 11:40:00+00:00,,-0.04039081926043342,,0.15718638684314978
2020-12-28 13:30:00+00:00,0.017980000000000107,,,
2020-12-28 20:30:00+00:00,-0.02198,,,
2020-12-29 05:10:00+00:00,,,,-0.029775766548710614
2020-12-29 05:20:00+00:00,,,0.12814080415065598,
2020-12-29 23:25:00+00:00,0.017979999999999885,,,
2020-12-30 05:40:00+00:00,0.017980000000000107,,,
2020-12-30 08:25:00+00:00,-0.02198000000000011,,,
2020-12-30 20:35:00+00:00,,0.03381274526899425,,
2020-12-31 01:05:00+00:00,-0.02198,,,
2020-12-31 13:05:00+00:00,-0.02198,,,
2020-12-31 13:10:00+00:00,,,,0.0494112005947156
2021-01-01 01:10:00+00:00,0.017980000000000107,,,
2021-01-01 18:45:00+00:00,,,,-0.008191699836558097
2021-01-02 20:10:00+00:00,0.0687105881189829,,,
2021-01-02 20:20:00+00:00,-0.02198,0.054774924372964495,,
2021-01-02 20:55:00+00:00,,,,0.05668129113967857
2021-01-03 04:55:00+00:00,0.017980000000000107,,,
2021-01-03 07:20:00+00:00,,0.04813124271896818,,
2021-01-03 09:10:00+00:00,0.03076012765522851,,,
2021-01-03 15:30:00+00:00,,-0.053984255093004085,,
2021-01-03 18:35:00+00:00,,,,-0.0037565931828118515
2021-01-03 22:50:00+00:00,-0.023484335990454852,,,
2021-01-03 23:55:00+00:00,-0.02198000000000011,,,
2021-01-04 07:05:00+00:00,-0.02198000000000011,,,
2021-01-04 09:30:00+00:00,,,0.17619499132910876,-0.0703976218930008
2021-01-04 16:15:00+00:00,-0.02198,,,
2021-01-05 03:40:00+00:00,-0.02198,,,
2021-01-05 05:45:00+00:00,,,,-0.03590577167885822
2021-01-05 12:15:00+00:00,0.017980000000000107,,,
2021-01-05 14:10:00+00:00,-0.02198,,,
2021-01-05 16:15:00+00:00,0.017980000000000107,,,
2021-01-05 22:20:00+00:00,,0.07810211438790482,,
2021-01-05 23:15:00+00:00,0.04214415521472392,,,
2021-01-06 09:15:00+00:00,-0.02198,,,
2021-01-06 14:10:00+00:00,-0.02198,,,
2021-01-06 20:00:00+00:00,-0.02197999999999989,,,
2021-01-07 01:15:00+00:00,0.026031749272468874,,,
2021-01-07 05:35:00+00:00,0.017980000000000107,,,
2021-01-07 06:25:00+00:00,-0.02198,,,
2021-01-07 14:00:00+00:00,0.017980000000000107,,,
2021-01-07 17:20:00+00:00,,0.06539721584206415,,
2021-01-07 18:25:00+00:00,0.017980000000000107,,,
2021-01-07 18:45:00+00:00,,,,0.19075667529497697
2021-01-07 23:15:00+00:00,-0.025268301882057642,,,
2021-01-08 01:05:00+00:00,-0.02198000000000011,,,
2021-01-08 09:50:00+00:00,0.017980000000000107,,,
2021-01-08 14:45:00+00:00,0.05099382595712587,,,
2021-01-08 15:10:00+00:00,-0.02198,,,
2021-01-09 01:10:00+00:00,-0.024577437374605604,,,
2021-01-10 11:20:00+00:00,-0.02198,,,-0.016189412319487673
2021-01-10 17:30:00+00:00,,,0.19482128679877864,
2021-01-10 17:35:00+00:00,,-0.07507670661826715,,
2021-01-11 00:45:00+00:00,-0.02198000000000011,,,
2021-01-11 03:35:00+00:00,,,,-0.11066733790818162
2021-01-11 11:45:00+00:00,-0.02198000000000011,,,
2021-01-11 16:10:00+00:00,,,,-0.1448601638075302
2021-01-11 19:05:00+00:00,-0.02198,,,
2021-01-11 20:05:00+00:00,-0.02198000000000011,,,
2021-01-12 01:25:00+00:00,0.10791826071981192,,,
2021-01-12 01:45:00+00:00,-0.02198000000000011,,,
2021-01-12 09:40:00+00:00,0.017980000000000107,,,
2021-01-12 10:10:00+00:00,-0.02198000000000011,,,
2021-01-12 14:25:00+00:00,,,,-0.019614410890816503
2021-01-12 15:00:00+00:00,,,-0.018443534513333137,
2021-01-12 20:20:00+00:00,-0.02198,,,
2021-01-13 04:35:00+00:00,-0.02198000000000011,,,
2021-01-13 06:20:00+00:00,0.017979999999999885,,,
2021-01-13 07:25:00+00:00,0.017979999999999885,,,
2021-01-13 18:30:00+00:00,0.017980000000000107,,,
2021-01-14 01:50:00+00:00,0.05192596470311939,,,
2021-01-14 13:30:00+00:00,0.017979999999999885,,,
2021-01-14 19:20:00+00:00,0.017980000000000107,,,
2021-01-15 02:00:00+00:00,-0.02197999999999989,,,
2021-01-15 03:45:00+00:00,-0.02198,,,
2021-01-15 06:05:00+00:00,,,,0.0629258910685484
2021-01-15 06:25:00+00:00,,,0.07584432217786952,
2021-01-15 12:00:00+00:00,-0.02198000000000011,,,
2021-01-15 15:10:00+00:00,,,,-0.06151623171825815
2021-01-16 02:55:00+00:00,-0.02198,,,
2021-01-16 18:55:00+00:00,-0.02198,,,
2021-01-16 22:05:00+00:00,,,,-0.02821476699233405
2021-01-16 22:30:00+00:00,,,-0.025327513270789526,
2021-01-17 03:40:00+00:00,-0.02197999999999989,,,
2021-01-17 06:20:00+00:00,,-0.0635977188082969,,
2021-01-17 08:05:00+00:00,,,,-0.06077147874105382
2021-01-17 16:30:00+00:00,0.017980000000000107,,,
2021-01-18 03:20:00+00:00,-0.02198000000000011,,,
2021-01-18 12:05:00+00:00,0.017980000000000107,,,
2021-01-18 14:30:00+00:00,-0.02198,,,
2021-01-19 07:50:00+00:00,0.017980000000000107,,,
2021-01-19 18:55:00+00:00,-0.02197999999999989,,,
2021-01-20 09:35:00+00:00,-0.02198,,,
2021-01-20 15:50:00+00:00,-0.02197999999999989,,,
2021-01-21 05:05:00+00:00,-0.02198000000000011,,,
2021-01-21 08:30:00+00:00,-0.02198,,,
2021-01-21 09:20:00+00:00,,,-0.05690370416043655,
2021-01-21 16:50:00+00:00,-0.02198,,,
2021-01-21 22:00:00+00:00,-0.02198,,,
2021-01-22 08:30:00+00:00,0.017980000000000107,,,
2021-01-22 17:30:00+00:00,0.02793535261586988,,,
2021-01-22 18:55:00+00:00,,0.041874363043312934,,
2021-01-22 23:00:00+00:00,0.017979999999999885,,,
2021-01-23 11:15:00+00:00,-0.02198,,,
2021-01-23 12:55:00+00:00,,,-0.0021667227171772163,
2021-01-24 08:55:00+00:00,0.017979999999999885,,,
2021-01-24 14:40:00+00:00,-0.02198,,,
2021-01-24 16:40:00+00:00,,,-0.018352173039928976,
2021-01-25 03:45:00+00:00,,0.02379762185285994,,
2021-01-25 06:25:00+00:00,,,,-0.008877693173368839
2021-01-25 07:40:00+00:00,0.030208179915986344,,,
2021-01-25 13:20:00+00:00,,0.02344204638923597,,
2021-01-25 16:05:00+00:00,,,,0.008821072202480629
2021-01-25 17:05:00+00:00,0.017980000000000107,,,
2021-01-25 20:00:00+00:00,,-0.04094445392031465,,
2021-01-25 21:50:00+00:00,,,0.012508311635046176,
2021-01-26 03:25:00+00:00,-0.02198,,,
2021-01-26 12:50:00+00:00,-0.02198,,,
2021-01-26 14:30:00+00:00,-0.02198,,,
2021-01-26 16:15:00+00:00,-0.02198,,,
2021-01-27 08:55:00+00:00,-0.02198,,,
2021-01-27 09:25:00+00:00,,,-0.037413235705423764,
2021-01-27 17:35:00+00:00,-0.02198,,,
2021-01-27 18:35:00+00:00,-0.02198,,,
2021-01-27 19:00:00+00:00,0.017979999999999885,,,
2021-01-27 20:10:00+00:00,0.017980000000000107,,,
2021-01-27 23:05:00+00:00,-0.031133328041437536,,,
2021-01-28 17:00:00+00:00,,0.03270037679588644,,
2021-01-28 21:00:00+00:00,0.049221304730569626,,,
2021-01-29 03:40:00+00:00,,,,0.01799043251623611
2021-01-29 04:05:00+00:00,0.03196551586990792,,,
2021-01-29 13:30:00+00:00,0.1191467484557307,,,
2021-01-29 14:00:00+00:00,,0.0538968310934258,,
2021-01-29 14:35:00+00:00,,,,0.07378752438252612
2021-01-29 14:55:00+00:00,-0.02198000000000011,,,
2021-01-29 16:50:00+00:00,-0.02198000000000011,,,
2021-01-30 03:10:00+00:00,-0.02198000000000011,,,
2021-01-30 04:00:00+00:00,,,0.06302325992317548,
2021-01-30 21:55:00+00:00,0.017980000000000107,,,
2021-01-31 00:35:00+00:00,-0.02198,,,
2021-01-31 15:10:00+00:00,-0.02198000000000011,,,
2021-01-31 15:50:00+00:00,,,-0.04791518516734472,
2021-02-01 06:20:00+00:00,0.03310291796683518,,,
2021-02-01 09:00:00+00:00,,0.023488424365408322,,
2021-02-01 15:55:00+00:00,-0.02198,,,
2021-02-02 11:25:00+00:00,,,,0.004009539607034984
2021-02-02 13:00:00+00:00,0.021518583022806848,,,
2021-02-02 20:00:00+00:00,,0.02235179379141794,,
2021-02-03 00:00:00+00:00,,,,-0.008710005698737588
2021-02-03 00:15:00+00:00,0.017980000000000107,,,
2021-02-03 07:45:00+00:00,,,,0.0077324671317002824
2021-02-03 19:25:00+00:00,0.025707290801798788,,,
2021-02-04 00:10:00+00:00,,0.02005000805147983,,
2021-02-04 02:25:00+00:00,,,,0.017723106072343064
2021-02-04 03:20:00+00:00,0.017979999999999885,,,
2021-02-04 08:50:00+00:00,,,,-0.013696874338030685
2021-02-04 09:10:00+00:00,-0.02197999999999989,,,
2021-02-04 14:45:00+00:00,-0.02198,,,
2021-02-04 14:50:00+00:00,,-0.03905743027140285,,
2021-02-04 15:50:00+00:00,,,0.0900823487777398,
2021-02-05 12:20:00+00:00,0.017980000000000107,,,
2021-02-06 01:50:00+00:00,,,,-0.005652319491891156
2021-02-06 05:10:00+00:00,,,,-0.016137196959620792
2021-02-06 05:15:00+00:00,0.021980738678875733,,,
2021-02-06 11:00:00+00:00,,0.021867280334309624,,
2021-02-06 15:05:00+00:00,0.027891564681686853,,,
2021-02-06 17:55:00+00:00,,,,0.015182254086943958
2021-02-06 20:15:00+00:00,-0.02198,,,
2021-02-06 23:10:00+00:00,-0.02198000000000011,,,
2021-02-07 00:30:00+00:00,,,0.04316896930103975,
2021-02-07 15:10:00+00:00,,-0.03971731748212015,,
2021-02-07 15:15:00+00:00,-0.02198,,,
2021-02-07 15:35:00+00:00,,,-0.040751319557270405,
2021-02-08 10:30:00+00:00,0.017979999999999885,,,
2021-02-08 12:40:00+00:00,0.017979999999999885,,,
2021-02-08 16:30:00+00:00,,,,0.05158458719178172
2021-02-08 17:00:00+00:00,0.06910033776149715,,,
2021-02-08 17:55:00+00:00,,0.052770985215058186,,
2021-02-08 20:45:00+00:00,0.017980000000000107,,,
2021-02-09 02:05:00+00:00,,,,0.017304110581045196
2021-02-09 03:30:00+00:00,0.045554158976189196,,,
2021-02-09 06:35:00+00:00,,0.03482040174512124,,
2021-02-09 08:30:00+00:00,,,,-0.018783994132871573
2021-02-09 12:45:00+00:00,-0.02198,,,
2021-02-09 19:45:00+00:00,0.017979999999999885,,,
2021-02-09 23:05:00+00:00,-0.02198000000000011,,,
2021-02-10 04:05:00+00:00,-0.02198,,,
2021-02-10 12:30:00+00:00,-0.02198000000000011,,,
2021-02-10 15:35:00+00:00,,,0.14536373720342088,
2021-02-11 00:45:00+00:00,-0.02197999999999989,,,
2021-02-11 17:05:00+00:00,,,,-0.006075855493596349
2021-02-11 17:15:00+00:00,0.05075237566598512,,,
2021-02-11 20:25:00+00:00,,0.028696524623836872,,
2021-02-11 20:45:00+00:00,,,,-0.01782766906117572
2021-02-11 20:50:00+00:00,-0.02198,,,
2021-02-12 02:45:00+00:00,,,,-0.01884377876505794
2021-02-12 03:40:00+00:00,-0.02198000000000011,,,
2021-02-12 14:35:00+00:00,-0.02198,,,
2021-02-13 11:10:00+00:00,-0.02198,,,
2021-02-14 05:25:00+00:00,0.017980000000000107,,,
2021-02-14 08:50:00+00:00,,,,0.006686165188344084
2021-02-14 10:00:00+00:00,0.0222100966025367,,,
2021-02-14 13:45:00+00:00,,,,-0.013963410491334871
2021-02-14 15:25:00+00:00,-0.02198,,,
2021-02-15 02:15:00+00:00,-0.02198,-0.03749643909207223,,
2021-02-15 02:35:00+00:00,,,0.02587976544866044,
2021-02-15 15:50:00+00:00,0.017979999999999885,,,
2021-02-16 00:30:00+00:00,-0.02198,,,
2021-02-16 06:05:00+00:00,,,,-0.016133013386679718
2021-02-16 07:55:00+00:00,0.017980000000000107,,,
2021-02-16 12:30:00+00:00,,0.02185466313484219,,
2021-02-16 12:35:00+00:00,,,,-0.016365340240185766
2021-02-16 16:55:00+00:00,-0.02198,,,
2021-02-17 06:05:00+00:00,0.017980000000000107,,,
2021-02-17 12:00:00+00:00,0.027092710940844755,,,
2021-02-17 13:05:00+00:00,,,,-0.00048365934467220484
2021-02-18 00:00:00+00:00,0.017979999999999885,,,
2021-02-18 02:05:00+00:00,,,,0.003391651974149479
2021-02-18 07:10:00+00:00,,0.005231477488355951,,
2021-02-18 11:35:00+00:00,-0.02198,,,
2021-02-19 13:10:00+00:00,,,,-0.005838402446778579
2021-02-19 15:35:00+00:00,0.012984999999999802,,,
2021-02-19 16:00:00+00:00,,0.016546717541569222,,
2021-02-19 19:20:00+00:00,,,,0.029602779346282304
2021-02-19 21:05:00+00:00,,0.015978686268803166,,
2021-02-19 21:50:00+00:00,0.03086692050433859,,,
2021-02-20 00:15:00+00:00,,,,-0.010346859769758576
2021-02-20 00:45:00+00:00,0.012985000000000024,,,
2021-02-20 03:30:00+00:00,,,,-0.013895996055415694
2021-02-20 09:10:00+00:00,-0.02198000000000011,,,
2021-02-20 12:10:00+00:00,,0.01706631419758109,,
2021-02-20 14:50:00+00:00,,,,0.0014932301696446437
2021-02-20 15:20:00+00:00,-0.02198,,,
2021-02-20 22:30:00+00:00,,-0.03629004057673435,,
2021-02-21 10:15:00+00:00,0.012984999999999802,,,
2021-02-21 12:10:00+00:00,,,,-0.014126051860850475
2021-02-21 18:50:00+00:00,0.012984999999999802,,,
2021-02-21 20:50:00+00:00,,,,-0.0059834511685882275
2021-02-21 22:30:00+00:00,-0.02198,,,
2021-02-22 20:05:00+00:00,0.012984999999999802,,,
2021-02-23 00:05:00+00:00,-0.02198,,,
2021-02-23 03:00:00+00:00,,,-0.0567145819134689,
2021-02-23 04:40:00+00:00,,-0.05659588039348484,,
2021-02-23 14:35:00+00:00,-0.02198000000000011,,,
2021-02-23 17:10:00+00:00,-0.029409370808205382,,,
2021-02-23 18:10:00+00:00,-0.02198000000000011,,,
2021-02-24 00:25:00+00:00,-0.029286107083100865,,,
2021-02-24 06:20:00+00:00,0.041563297999305915,,,
2021-02-24 13:15:00+00:00,-0.02198,,,
2021-02-25 09:05:00+00:00,-0.02198,,,
2021-02-25 14:40:00+00:00,,,,-0.015391396743239971
2021-02-25 17:00:00+00:00,-0.02198,,,
2021-02-25 22:00:00+00:00,,,-0.008049930271851857,
2021-02-26 11:40:00+00:00,-0.02198,,,
2021-02-26 13:55:00+00:00,-0.02198,,,
2021-02-26 15:45:00+00:00,0.012985000000000024,,,
2021-02-26 19:35:00+00:00,-0.02198000000000011,,,
2021-02-27 06:40:00+00:00,0.012984999999999802,,,
2021-02-27 15:30:00+00:00,-0.02198,,,
2021-02-27 23:25:00+00:00,,,-0.043049031213087785,
2021-02-28 13:05:00+00:00,-0.02197999999999989,,,
2021-02-28 20:55:00+00:00,0.012985000000000024,,,
2021-03-01 04:05:00+00:00,0.03320540841614772,,,
2021-03-01 08:20:00+00:00,0.012984999999999802,,,
2021-03-01 11:05:00+00:00,,0.03221563395624294,,
2021-03-01 13:40:00+00:00,0.012985000000000024,,,
2021-03-01 18:15:00+00:00,,,,0.008576117295215901
2021-03-01 20:15:00+00:00,0.012984999999999802,,,
2021-03-02 01:00:00+00:00,,,,-0.008556671633956126
2021-03-02 06:05:00+00:00,-0.02198000000000011,,,
2021-03-03 04:10:00+00:00,0.012984999999999802,,,
2021-03-03 12:40:00+00:00,,0.024305909231302048,,
2021-03-03 13:35:00+00:00,0.044750844291541414,,,
2021-03-03 13:40:00+00:00,,,,0.023188420140782817
2021-03-04 00:05:00+00:00,,-0.045967597257870696,,
2021-03-04 03:15:00+00:00,-0.02198,,,
2021-03-04 04:55:00+00:00,,,0.08585137134408138,
2021-03-04 14:50:00+00:00,-0.02198000000000011,,,
2021-03-04 19:35:00+00:00,,,-0.03796047317799145,
2021-03-05 08:35:00+00:00,-0.02198000000000011,,,
2021-03-05 16:30:00+00:00,-0.02198,,,
2021-03-06 04:15:00+00:00,-0.02198,,,
2021-03-06 13:00:00+00:00,,,-0.0033030980868763438,
2021-03-06 22:30:00+00:00,0.012984999999999802,,,
2021-03-07 05:05:00+00:00,,,,-0.0069712857490877855
2021-03-07 07:55:00+00:00,0.012985000000000024,,,
2021-03-07 12:20:00+00:00,,,,0.008371605401094495
2021-03-07 14:20:00+00:00,,,,-0.014585683236176039
2021-03-07 18:15:00+00:00,,,,-0.012964258163979392
2021-03-08 00:15:00+00:00,0.012985000000000024,,,
2021-03-08 02:25:00+00:00,,,,-0.010572125963048462
2021-03-08 02:45:00+00:00,-0.02198,,,
2021-03-08 07:10:00+00:00,,-0.03597206396785446,,
2021-03-08 08:40:00+00:00,,,0.029171636472758333,
2021-03-08 19:45:00+00:00,0.012984999999999802,,,
2021-03-09 06:35:00+00:00,0.042202243124021654,,,
2021-03-09 07:00:00+00:00,,,,0.03135080175586369
2021-03-09 13:55:00+00:00,,0.01980484732232668,,
2021-03-09 15:50:00+00:00,,,,-0.009724507503751312
2021-03-10 01:40:00+00:00,,,,-0.0010386441981337091
2021-03-10 02:05:00+00:00,-0.02198,,,
2021-03-10 13:20:00+00:00,0.01381443057870646,,,
2021-03-10 18:20:00+00:00,0.0168189517998818,,,
2021-03-10 20:15:00+00:00,,,,0.00594862731844592
2021-03-10 21:05:00+00:00,-0.02198,,,
2021-03-11 08:00:00+00:00,,-0.037347358539985276,,
2021-03-11 18:25:00+00:00,0.012984999999999802,,,
2021-03-11 19:55:00+00:00,,,,-0.014540746946676286
2021-03-12 00:25:00+00:00,,,,-0.012990730661621042
2021-03-12 10:10:00+00:00,-0.02198000000000011,,,
2021-03-12 11:55:00+00:00,,-0.011984107739694716,,
2021-03-12 20:10:00+00:00,-0.02198,,,
2021-03-13 10:10:00+00:00,0.012985000000000024,,,
2021-03-13 15:35:00+00:00,,,,0.024804090401706613
2021-03-13 17:20:00+00:00,0.012984999999999802,,,
2021-03-13 20:10:00+00:00,,0.023235842134768925,,
2021-03-13 21:15:00+00:00,,,,0.0028653096233657305
2021-03-14 11:10:00+00:00,-0.02198,,,
2021-03-15 07:10:00+00:00,,,0.14712349651682666,
2021-03-15 15:35:00+00:00,-0.02198000000000011,,,
2021-03-16 21:15:00+00:00,0.012984999999999802,,,
2021-03-17 03:50:00+00:00,-0.02198,,,
2021-03-18 00:00:00+00:00,,0.024468736581408246,,
2021-03-18 00:35:00+00:00,0.04695907125801546,,,
2021-03-18 03:25:00+00:00,,,,0.023710106752458104
2021-03-18 11:50:00+00:00,-0.02198,,,
2021-03-18 18:05:00+00:00,,,,-0.01029894224963046
2021-03-18 18:25:00+00:00,-0.02198,,,
2021-03-19 09:10:00+00:00,0.012984999999999802,,,
2021-03-22 10:15:00+00:00,0.017979999999999885,,,
2021-03-22 12:35:00+00:00,,,,-0.01960054459699434
2021-03-22 19:30:00+00:00,,,-0.026776913957376025,
2021-03-23 16:25:00+00:00,0.017980000000000107,,,
2021-03-23 21:20:00+00:00,-0.02198000000000011,,,
2021-03-24 01:05:00+00:00,,,-0.02206670774851549,
2021-03-24 13:10:00+00:00,0.01876459381375417,,,
2021-03-24 15:40:00+00:00,,,,0.0044002746180655805
2021-03-24 20:15:00+00:00,,,-0.020087220050132193,
2021-03-24 20:25:00+00:00,,-0.04302925914251765,,
2021-03-25 12:05:00+00:00,-0.02198,,,
2021-03-25 22:15:00+00:00,0.017979999999999885,,,
2021-03-26 09:00:00+00:00,0.017980000000000107,,,
2021-03-26 11:55:00+00:00,,,,-0.010709634500256748
2021-03-26 21:45:00+00:00,0.017979999999999885,,,
2021-03-27 01:50:00+00:00,,,,0.010904268657585536
2021-03-27 20:15:00+00:00,0.01821248196590952,,,
2021-03-28 00:25:00+00:00,,,,-0.0017946852530764668
2021-03-28 14:45:00+00:00,,-0.011271832321051,,
2021-03-28 20:10:00+00:00,,,0.05118331443392399,
2021-03-29 13:50:00+00:00,,0.016749981300429706,,
2021-03-29 14:00:00+00:00,0.017980000000000107,,,
2021-03-29 15:25:00+00:00,,,,0.0037326593528228535
2021-03-30 20:35:00+00:00,,,,-0.004058026688232852
2021-03-31 07:50:00+00:00,-0.02198,,,
2021-03-31 07:55:00+00:00,,,,-0.023449539235697037
2021-03-31 08:00:00+00:00,,-0.018079503117776063,,
2021-04-01 13:05:00+00:00,,-0.009363552319470947,,
2021-04-01 18:15:00+00:00,-0.02198000000000011,,,
2021-04-02 13:25:00+00:00,,,,-0.01671280904350203
2021-04-02 13:35:00+00:00,-0.02198,,,
2021-04-02 21:05:00+00:00,,,0.04961011361522827,
2021-04-03 08:45:00+00:00,,,,-0.014266715192736146
2021-04-03 17:40:00+00:00,,,-0.013027628826092652,
2021-04-05 05:25:00+00:00,,,-0.012039524742601504,
2021-04-06 00:10:00+00:00,0.017980000000000107,,,
2021-04-06 04:00:00+00:00,,,,-0.002449780589219075
2021-04-06 12:20:00+00:00,,-0.002907563797209911,,
2021-04-06 15:20:00+00:00,,,0.0004358342217716249,
2021-04-07 11:40:00+00:00,,,-0.03971186578082109,
2021-04-08 21:10:00+00:00,,,,-0.0028336294886133206
2021-04-09 07:05:00+00:00,,,,-0.011860371124915337
2021-04-09 11:30:00+00:00,0.017980000000000107,,,
2021-04-09 15:25:00+00:00,,,,-0.0078063496919670294
2021-04-10 09:05:00+00:00,,0.020528390526844076,,
2021-04-10 09:20:00+00:00,0.017979999999999885,,,
2021-04-10 12:45:00+00:00,,,,0.018413200877223757
2021-04-10 21:00:00+00:00,,,0.03434333875334339,
2021-04-11 13:30:00+00:00,-0.02198,,,
2021-04-11 23:40:00+00:00,,-0.009633372470083668,,
2021-04-12 09:45:00+00:00,,,,-0.00755486345564671
2021-04-12 09:55:00+00:00,-0.02198,,,
2021-04-13 06:50:00+00:00,,,,-0.015212741520590267
2021-04-13 15:40:00+00:00,,0.013907450619712769,,
2021-04-13 16:00:00+00:00,0.017980000000000107,,,
2021-04-13 18:55:00+00:00,,,,0.017013782781441167
2021-04-14 08:45:00+00:00,-0.02198,,,
2021-04-14 09:20:00+00:00,,,,-0.005642517066556274
2021-04-14 19:40:00+00:00,,,0.02097558226204721,
2021-04-16 01:40:00+00:00,,,,-0.01449567306482058
2021-04-16 04:35:00+00:00,-0.02198,,,
2021-04-16 05:55:00+00:00,,,-0.023464287957269514,
2021-04-17 12:05:00+00:00,,,-0.017859843487064597,
2021-04-17 15:20:00+00:00,-0.02198000000000011,,,
2021-04-18 08:55:00+00:00,-0.02198,,,
2021-04-19 00:55:00+00:00,0.017979999999999885,,,
2021-04-19 05:25:00+00:00,,,,-0.01659240184041144
2021-04-19 06:20:00+00:00,,0.01175604413695197,,
2021-04-19 14:25:00+00:00,-0.02198000000000011,,,
2021-04-19 15:40:00+00:00,,,-0.01627387515331724,
2021-04-20 15:35:00+00:00,-0.02198,,,
2021-04-21 04:15:00+00:00,-0.02198000000000011,,,
2021-04-21 09:45:00+00:00,,-0.006503575583755694,,
2021-04-21 11:25:00+00:00,-0.02198,,,
2021-04-21 20:40:00+00:00,-0.02198000000000011,,,
2021-04-21 23:00:00+00:00,,,-0.053558668569883894,
2021-04-22 11:20:00+00:00,0.017980000000000107,,,
2021-04-22 17:40:00+00:00,-0.02198000000000011,,,
2021-04-23 21:50:00+00:00,0.018408570667438617,,,
2021-04-24 02:10:00+00:00,-0.02198,,,
2021-04-24 10:00:00+00:00,-0.02198,,,
2021-04-25 20:45:00+00:00,-0.02198,,,
2021-04-25 21:10:00+00:00,,,-0.0594354641531889,
2021-04-26 03:35:00+00:00,,0.03891639163431515,,
2021-04-26 05:55:00+00:00,0.04130611074137103,,,
2021-04-26 13:50:00+00:00,0.022860510556439895,,,
2021-04-26 21:00:00+00:00,-0.02198,,,0.031708109826478204
2021-04-27 06:10:00+00:00,0.017980000000000107,,,
2021-04-28 04:50:00+00:00,,,,0.005083598544644019
2021-04-28 06:35:00+00:00,,,0.04246387981734001,
2021-04-28 20:15:00+00:00,,-0.026515830043846722,,
2021-04-28 20:20:00+00:00,,,,-0.024463766892667826
2021-04-29 04:45:00+00:00,-0.02198,,,
2021-04-29 15:15:00+00:00,-0.02198,,,
2021-04-30 08:30:00+00:00,0.017980000000000107,,,
2021-04-30 16:50:00+00:00,,0.018360948159759305,,
2021-04-30 18:00:00+00:00,0.03361983901098897,,,
2021-04-30 23:30:00+00:00,0.017980000000000107,,,
2021-05-01 09:00:00+00:00,,,,0.011934767783590816
2021-05-01 15:25:00+00:00,,-0.025161015470333892,,
2021-05-02 03:35:00+00:00,-0.02198000000000011,,,
2021-05-02 08:30:00+00:00,,,0.034276330275026634,
2021-05-03 05:00:00+00:00,0.017980000000000107,,,
2021-05-03 07:30:00+00:00,,0.013374622589495289,,
2021-05-03 13:45:00+00:00,,,,-0.009001957253214954
2021-05-03 13:50:00+00:00,-0.02198,,,
2021-05-03 21:10:00+00:00,,,-0.018310509503614902,
2021-05-04 14:10:00+00:00,-0.02198,,,
2021-05-04 23:45:00+00:00,-0.02198,,,
2021-05-05 13:35:00+00:00,0.017980000000000107,,,
2021-05-05 14:45:00+00:00,,0.020811947604518766,,
2021-05-05 18:55:00+00:00,0.022426794599770927,,,
2021-05-06 14:10:00+00:00,,-0.0008550132215056072,,
2021-05-06 16:50:00+00:00,,,,-0.026152994303074717
2021-05-06 18:30:00+00:00,-0.02198000000000011,,,
2021-05-06 19:25:00+00:00,,,-0.025907441940921094,
2021-05-07 04:35:00+00:00,-0.02198,,,
2021-05-07 16:40:00+00:00,0.02298831830416259,,,
2021-05-07 22:25:00+00:00,-0.02198,,,
2021-05-07 22:45:00+00:00,,-0.030559749072741282,,
2021-05-08 12:50:00+00:00,0.017980000000000107,,,
2021-05-08 15:50:00+00:00,,,,-0.011788428869109024
2021-05-09 04:15:00+00:00,-0.02198,,,-0.026049244749928202
2021-05-09 12:50:00+00:00,,,-0.017652440054867435,
2021-05-10 04:50:00+00:00,0.022607561467155923,,,
2021-05-10 08:05:00+00:00,-0.02198,,,-0.02228892172555763
2021-05-10 19:35:00+00:00,,,-0.0389790057545959,
2021-05-11 03:00:00+00:00,-0.02198,,,
2021-05-11 20:15:00+00:00,0.017980000000000107,,,
2021-05-11 22:15:00+00:00,,0.007133226251696767,,
2021-05-12 15:10:00+00:00,-0.02198,,,
2021-05-12 16:20:00+00:00,,,-0.04102425841819879,
2021-05-13 09:45:00+00:00,-0.02198000000000011,,,
2021-05-13 16:45:00+00:00,-0.02198,,,
2021-05-13 17:30:00+00:00,,-0.05439374889548654,,
2021-05-14 11:40:00+00:00,0.02394954659966486,,,
2021-05-14 20:25:00+00:00,-0.02198,,,
2021-05-15 06:15:00+00:00,-0.02198,,,
2021-05-15 07:25:00+00:00,,,-0.0505045393675464,
2021-05-15 16:30:00+00:00,-0.02198,,,
2021-05-15 23:20:00+00:00,-0.02198,,,
2021-05-16 10:15:00+00:00,0.02040976534511585,,,
2021-05-16 12:45:00+00:00,-0.02198000000000011,,,
2021-05-17 01:15:00+00:00,-0.024095433046518844,,,
2021-05-17 02:40:00+00:00,,-0.04789898888084865,,
2021-05-17 03:20:00+00:00,-0.02198,,,
2021-05-17 14:35:00+00:00,-0.02198,,,
2021-05-17 16:10:00+00:00,,-0.05541245996841626,,
2021-05-17 22:35:00+00:00,-0.026738922316143388,,,
2021-05-18 12:45:00+00:00,-0.02198,,,
2021-05-18 23:05:00+00:00,-0.02198,,,
2021-05-19 01:00:00+00:00,-0.02198000000000011,,,
2021-05-19 10:15:00+00:00,-0.02198000000000011,,,
2021-05-19 11:20:00+00:00,-0.02197999999999989,,,
2021-05-19 21:15:00+00:00,-0.02198,,,
2021-05-19 23:05:00+00:00,-0.02198000000000011,,,
2021-05-20 08:05:00+00:00,-0.016985000000000028,,,
2021-05-20 11:30:00+00:00,-0.01713353573867471,,,
2021-05-20 12:00:00+00:00,0.012984999999999802,,,
2021-05-20 15:50:00+00:00,-0.016985000000000028,,,
2021-05-20 19:55:00+00:00,0.012984999999999802,,,
2021-05-20 20:45:00+00:00,-0.016985000000000028,,,
2021-05-20 23:30:00+00:00,-0.016985000000000028,,,
2021-05-21 00:55:00+00:00,0.017742693048794944,,,
2021-05-21 02:20:00+00:00,-0.016985000000000028,,,
2021-05-21 10:25:00+00:00,0.012984999999999802,,,
2021-05-21 11:00:00+00:00,-0.016985000000000028,,,
2021-05-21 16:50:00+00:00,-0.016984999999999917,,,
2021-05-21 22:05:00+00:00,-0.016984999999999917,,,
2021-05-21 22:30:00+00:00,0.012984999999999802,,,
2021-05-22 01:20:00+00:00,0.012985000000000024,,,
2021-05-22 02:50:00+00:00,-0.016985000000000028,,,
2021-05-22 08:00:00+00:00,0.012984999999999802,,,
2021-05-22 09:55:00+00:00,0.012985000000000024,,,
2021-05-22 11:35:00+00:00,0.015294864638833783,,,
2021-05-22 13:15:00+00:00,0.012984999999999802,,,
2021-05-22 13:25:00+00:00,,0.03665471801447273,,
2021-05-22 14:00:00+00:00,-0.016985000000000028,,,
2021-05-22 17:30:00+00:00,-0.016985000000000028,,,
2021-05-22 22:15:00+00:00,-0.016985000000000028,,,
2021-05-23 03:10:00+00:00,-0.016984999999999917,,,
2021-05-23 12:35:00+00:00,-0.016985000000000028,,,
2021-05-23 15:00:00+00:00,-0.016985000000000028,,,
2021-05-23 15:40:00+00:00,-0.016984999999999917,,,
2021-05-23 19:00:00+00:00,-0.016985000000000028,,,
2021-05-23 22:40:00+00:00,0.018202562863574023,,,
2021-05-24 00:00:00+00:00,0.012985000000000024,,,
2021-05-24 04:40:00+00:00,-0.016985000000000028,,,
2021-05-24 08:40:00+00:00,0.017446945972173555,,,
2021-05-24 10:30:00+00:00,-0.01698500000000014,,,
2021-05-24 13:20:00+00:00,0.012984999999999802,,,
2021-05-24 19:40:00+00:00,0.012985000000000024,,,
2021-05-24 21:45:00+00:00,-0.027589330665707568,,,
2021-05-25 01:35:00+00:00,-0.016985000000000028,,,
2021-05-25 06:55:00+00:00,0.012985000000000024,,,
2021-05-25 08:15:00+00:00,-0.01698500000000014,,,
2021-05-25 10:30:00+00:00,,,-0.033280182214565746,
2021-05-25 10:35:00+00:00,,,,-0.06500555416722531
2021-05-25 15:00:00+00:00,-0.016985000000000028,,,
2021-05-25 16:35:00+00:00,-0.016984999999999917,,,
2021-05-26 02:10:00+00:00,0.012985000000000024,,,
2021-05-26 06:15:00+00:00,0.012984999999999802,,,
2021-05-26 10:10:00+00:00,-0.016985000000000028,,,
2021-05-26 15:20:00+00:00,,,,-0.042411428225041736
2021-05-26 15:25:00+00:00,,,-0.020225842116938786,
2021-05-27 01:10:00+00:00,-0.01698500000000014,,,
2021-05-27 08:25:00+00:00,0.012984999999999802,,,
2021-05-27 11:15:00+00:00,0.012984999999999802,,,
2021-05-27 12:40:00+00:00,-0.016984999999999917,,,
2021-05-27 21:10:00+00:00,,,-0.037724534470908844,
2021-05-28 14:15:00+00:00,-0.016985000000000028,,,
2021-05-29 01:35:00+00:00,0.014162510101869641,,,
2021-05-29 04:55:00+00:00,-0.016985000000000028,,,
2021-05-29 06:55:00+00:00,-0.016985000000000028,,,
2021-05-29 08:25:00+00:00,-0.016985000000000028,,,
2021-05-30 00:15:00+00:00,-0.01698500000000014,,,
2021-05-30 04:30:00+00:00,0.012985000000000024,,,
2021-05-30 06:35:00+00:00,0.012984999999999802,,,
2021-05-30 07:40:00+00:00,0.012984999999999802,,,
2021-05-30 08:20:00+00:00,-0.016985000000000028,,,
2021-05-31 01:40:00+00:00,,,-0.025634819670936726,
2021-05-31 09:20:00+00:00,0.020372505949008524,,,
2021-05-31 11:30:00+00:00,,0.02377106755451419,,
2021-05-31 12:05:00+00:00,0.012985000000000024,,,
2021-05-31 17:00:00+00:00,-0.016984999999999917,,,
2021-06-01 02:10:00+00:00,-0.016985000000000028,,,
2021-06-01 08:15:00+00:00,,,,-0.009815735045723417
2021-06-01 08:50:00+00:00,,,-0.004706052448755105,
2021-06-01 14:20:00+00:00,-0.016985000000000028,,,
2021-06-02 14:35:00+00:00,0.012984999999999802,,,
2021-06-02 22:40:00+00:00,-0.016985000000000028,,,
2021-06-03 07:05:00+00:00,0.015100460237874813,,,
2021-06-03 10:05:00+00:00,,0.016274274302621627,,
2021-06-03 13:50:00+00:00,,,,0.0024390213474489997
2021-06-04 01:50:00+00:00,,,-0.025986577522848164,
2021-06-05 09:45:00+00:00,-0.016985000000000028,,,
2021-06-06 01:20:00+00:00,0.012985000000000024,,,
2021-06-06 14:05:00+00:00,-0.016985000000000028,,,
2021-06-07 01:45:00+00:00,0.012985000000000024,,,
2021-06-07 05:30:00+00:00,-0.01698500000000014,,,
2021-06-07 14:55:00+00:00,,-0.018951323632915407,,
2021-06-08 18:05:00+00:00,0.012985000000000024,,,
2021-06-08 20:25:00+00:00,0.012984999999999802,0.019392053881368998,,
2021-06-08 21:45:00+00:00,0.012984999999999802,,,
2021-06-09 00:05:00+00:00,-0.016984999999999917,,,
2021-06-09 06:25:00+00:00,,0.019712680706464036,,
2021-06-09 07:20:00+00:00,0.012984999999999802,,,
2021-06-09 11:20:00+00:00,0.012985000000000024,,,
2021-06-09 12:00:00+00:00,,0.02174281769022146,,
2021-06-09 15:00:00+00:00,0.012984999999999802,,,
2021-06-09 15:15:00+00:00,0.012984999999999802,,,
2021-06-09 17:20:00+00:00,0.014932722005351451,,,
2021-06-09 22:45:00+00:00,0.013624422803945269,,,
2021-06-10 00:00:00+00:00,,0.025856869995630305,,
2021-06-10 05:20:00+00:00,-0.01698500000000014,,,
2021-06-10 11:50:00+00:00,-0.01698500000000014,,,
2021-06-10 15:45:00+00:00,,,,0.015188259290848771
2021-06-11 00:00:00+00:00,-0.016985000000000028,,,
2021-06-11 05:15:00+00:00,0.012984999999999802,,,
2021-06-11 17:00:00+00:00,,,0.09231029709598193,
2021-06-13 03:10:00+00:00,-0.016985000000000028,,,
2021-06-13 18:20:00+00:00,0.015220387308293004,,,
2021-06-13 19:45:00+00:00,,0.015676654986224836,,
2021-06-13 22:10:00+00:00,0.018659947643979047,,,
2021-06-13 22:50:00+00:00,,0.01622025316020803,,
2021-06-14 01:45:00+00:00,-0.016985000000000028,,,
2021-06-14 18:50:00+00:00,,,,0.05662192306052605
2021-06-14 19:05:00+00:00,-0.016985000000000028,,,
2021-06-15 02:20:00+00:00,,-0.007983815967563701,,
2021-06-15 18:45:00+00:00,-0.016985000000000028,,,
2021-06-15 19:25:00+00:00,,-0.034421623736902496,,
2021-06-15 19:30:00+00:00,,,,-0.0281932480314101
2021-06-16 11:20:00+00:00,,,0.057270558510975844,
2021-06-19 02:30:00+00:00,-0.016985000000000028,,,
2021-06-19 12:45:00+00:00,-0.016984999999999917,,,
2021-06-20 15:15:00+00:00,0.007989999999999942,,,
2021-06-20 18:55:00+00:00,0.007989999999999942,,,
2021-06-20 19:30:00+00:00,,0.016469879504340756,,
2021-06-21 00:10:00+00:00,,,-0.002804070433927053,
2021-06-21 02:40:00+00:00,-0.016984999999999917,,,
2021-06-21 03:40:00+00:00,,-0.03211805178833127,,
2021-06-21 13:40:00+00:00,0.007989999999999942,,,
2021-06-21 15:35:00+00:00,-0.016985000000000028,,,
2021-06-21 19:30:00+00:00,-0.016985000000000028,,,
2021-06-22 01:35:00+00:00,0.009323286395214847,,,
2021-06-22 03:15:00+00:00,0.007989999999999942,,,
2021-06-22 15:05:00+00:00,0.007990000000000164,,,
2021-06-22 17:35:00+00:00,0.051840757021384354,,,
2021-06-22 18:15:00+00:00,0.007989999999999942,0.03291163640344874,,
2021-06-22 19:05:00+00:00,-0.016984999999999917,,,
2021-06-22 19:20:00+00:00,,,,-0.02531471786495909
2021-06-23 02:45:00+00:00,0.02843891865123216,,,
2021-06-23 02:55:00+00:00,,,,0.012871123564134557
2021-06-23 11:15:00+00:00,,,,-0.013301541171879872
2021-06-23 13:35:00+00:00,-0.01698500000000014,,,-0.007358844978314738
2021-06-24 15:20:00+00:00,0.007989999999999942,,,
2021-06-24 15:45:00+00:00,,,,-0.005872157578925563
2021-06-24 15:50:00+00:00,-0.01698500000000014,,,
2021-06-24 19:00:00+00:00,,,,0.005509855387113349
2021-06-25 00:20:00+00:00,0.007989999999999942,,,
2021-06-25 03:05:00+00:00,,,,-0.009251029556253343
2021-06-25 05:25:00+00:00,-0.016984999999999917,,,
2021-06-25 21:10:00+00:00,-0.016985000000000028,,,
2021-06-26 01:35:00+00:00,-0.016984999999999917,,,
2021-06-26 11:35:00+00:00,0.012005196564291332,,,
2021-06-26 12:25:00+00:00,0.007989999999999942,,,
2021-06-26 12:55:00+00:00,-0.016985000000000028,,,
2021-06-26 16:10:00+00:00,-0.016985000000000028,,,
2021-06-26 20:05:00+00:00,-0.016985000000000028,,,
2021-06-26 23:55:00+00:00,0.007989999999999942,,,
2021-06-27 00:10:00+00:00,,0.023191816783077357,,
2021-06-27 01:15:00+00:00,0.007989999999999942,,,
2021-06-27 02:20:00+00:00,0.007989999999999942,,,
2021-06-27 04:00:00+00:00,0.007990000000000164,,,
2021-06-27 05:40:00+00:00,,,,0.004380762613035882
2021-06-27 07:35:00+00:00,,0.024742969150967076,,
2021-06-27 08:45:00+00:00,,,,-0.008452925282758095
2021-06-27 13:05:00+00:00,,,,-0.01434320502672104
2021-06-27 14:10:00+00:00,-0.016985000000000028,,,
2021-06-28 00:20:00+00:00,0.02214824097043344,,,
2021-06-28 01:20:00+00:00,,,,0.024971957746828144
2021-06-28 01:25:00+00:00,-0.016984999999999917,,,
2021-06-28 04:40:00+00:00,,,0.0006288043347901784,
2021-06-28 07:40:00+00:00,,0.022871649199433408,,
2021-06-28 08:00:00+00:00,,,,-0.004712570125306903
2021-06-28 09:30:00+00:00,-0.016984999999999917,,,
2021-06-29 01:30:00+00:00,-0.016985000000000028,,,
2021-06-29 07:40:00+00:00,,,,-0.009315654730087775
2021-06-29 12:00:00+00:00,,,,-0.003171160849840038
2021-06-29 13:10:00+00:00,0.007989999999999942,,,
2021-06-29 15:40:00+00:00,,,,0.006221341542833603
2021-06-29 17:50:00+00:00,,,,-0.007830623584002216
2021-06-29 22:20:00+00:00,-0.016984999999999917,,,
2021-06-30 23:45:00+00:00,0.007990000000000164,,,
2021-07-02 00:10:00+00:00,0.007989999999999942,,,
2021-07-02 09:15:00+00:00,-0.016984999999999917,,,
2021-07-03 02:45:00+00:00,,,-0.008389229088340722,
2021-07-03 11:15:00+00:00,,,,0.016140253849781683
2021-07-03 12:00:00+00:00,0.007989999999999942,,,
2021-07-03 12:40:00+00:00,,,,-0.008149612513255744
2021-07-03 15:55:00+00:00,,,0.0012333962936608156,
2021-07-03 18:00:00+00:00,,,,-0.004886831063461106
2021-07-03 22:55:00+00:00,,-0.006859595300487187,,
2021-07-04 06:05:00+00:00,,,,0.001249168452227556
2021-07-04 08:25:00+00:00,,,,0.0016111440602804006
2021-07-04 12:45:00+00:00,,,-0.0003244467710276089,
2021-07-04 20:05:00+00:00,,0.0009366739307583583,,
2021-07-04 21:35:00+00:00,0.007989999999999942,,,
2021-07-04 22:15:00+00:00,,,,-0.0018155401057604603
2021-07-06 04:05:00+00:00,0.007989999999999942,,,
2021-07-06 06:45:00+00:00,,,,0.001917673275953602
2021-07-06 07:55:00+00:00,0.007990000000000164,,,
2021-07-06 08:15:00+00:00,,,,-0.007732639867907176
2021-07-06 09:10:00+00:00,,,,-0.005583029675640172
2021-07-06 10:05:00+00:00,,-0.024646612104172738,,
2021-07-07 12:45:00+00:00,,,,-0.008213568762841517
2021-07-09 13:30:00+00:00,0.007989999999999942,,,
2021-07-09 17:05:00+00:00,,,,0.002770474446563309
2021-07-09 18:15:00+00:00,,,-0.0011510408061249366,
2021-07-09 21:35:00+00:00,0.007989999999999942,,,
2021-07-09 22:40:00+00:00,,0.012624958841016332,,
2021-07-09 23:45:00+00:00,,,,0.00430897702108779
2021-07-10 01:00:00+00:00,,,,-0.004771653517752106
2021-07-11 22:15:00+00:00,,,,0.005076008989686853
2021-07-12 04:25:00+00:00,,,,-0.0080134396078535
2021-07-14 13:10:00+00:00,0.007989999999999942,,,
2021-07-14 16:15:00+00:00,,,,-0.008856047028357295
2021-07-14 18:45:00+00:00,,,,-0.003909837054441034
2021-07-15 01:25:00+00:00,,,,-0.007783792214664742
2021-07-16 15:45:00+00:00,0.007989999999999942,,,
2021-07-16 16:10:00+00:00,,,,-0.005586445148190067
2021-07-16 17:30:00+00:00,,,,-0.010777816419230812
2021-07-17 00:15:00+00:00,,-0.024057903938105585,,
2021-07-18 02:35:00+00:00,,,,0.005082390951155036
2021-07-18 07:55:00+00:00,-0.016985000000000028,-0.022529725444894955,,
2021-07-21 06:20:00+00:00,0.008979968672317096,,,
2021-07-21 07:30:00+00:00,,0.011520654629587623,,
2021-07-21 12:55:00+00:00,,,,0.047556295993417264
2021-07-21 14:30:00+00:00,,,,-0.00580968087590239
2021-07-21 14:40:00+00:00,0.007989999999999942,,,
2021-07-21 16:30:00+00:00,,0.012610901130667429,,
2021-07-21 16:55:00+00:00,,,,0.006734357285281822
2021-07-21 17:00:00+00:00,-0.016985000000000028,,,
2021-07-21 18:20:00+00:00,-0.016985000000000028,,,-0.010070548681608282
2021-07-21 18:30:00+00:00,,-0.027163743873712787,,
2021-07-23 02:30:00+00:00,,,,-0.0025831760336709753
2021-07-23 05:40:00+00:00,,,,-0.0055305986027136544
2021-07-24 00:10:00+00:00,,,,0.012873809331100272
2021-07-24 00:40:00+00:00,0.013631683173098263,,,
2021-07-24 01:40:00+00:00,,0.010800164819134928,,
2021-07-24 03:00:00+00:00,,,,-0.0073212348468234545
2021-07-24 05:00:00+00:00,,,,-0.005820878767455517
2021-07-24 06:20:00+00:00,,,,-0.005700660671549729
2021-07-24 06:35:00+00:00,,,,-0.006100315296910908
2021-07-24 07:30:00+00:00,,,,-0.006830403061913293
2021-07-24 08:20:00+00:00,,,0.02679139012976295,
2021-07-24 11:20:00+00:00,,,,-0.005694695245639592
2021-07-24 17:40:00+00:00,,,,0.003017035112195199
2021-07-24 19:30:00+00:00,,,-0.011098336339516846,
2021-07-24 19:45:00+00:00,,-0.01903226448436668,,
2021-07-25 05:25:00+00:00,,,,-0.007668818260869514
2021-07-25 08:20:00+00:00,,,,-0.0014585092974300773
2021-07-25 09:25:00+00:00,,,-0.012530218780137936,
2021-07-25 23:15:00+00:00,,,,-0.006232257758620685
2021-07-26 01:05:00+00:00,,,,0.08751856975367711
2021-07-26 03:05:00+00:00,0.07707010968814987,,,
2021-07-26 04:05:00+00:00,,0.09133920185483824,,
2021-07-26 06:50:00+00:00,-0.016984999999999917,,,
2021-07-26 07:50:00+00:00,,,0.07717002053643474,
2021-07-26 18:35:00+00:00,0.007989999999999942,,,
2021-07-26 19:35:00+00:00,,,,0.002584949030148831
2021-07-26 20:00:00+00:00,-0.01698500000000014,,,
2021-07-27 14:10:00+00:00,-0.01698500000000014,,,
2021-07-27 16:15:00+00:00,,,-0.013558338020247529,
2021-07-27 23:00:00+00:00,,,,0.00031804225324183477
2021-07-28 00:25:00+00:00,,,,-0.011553087817897545
2021-07-28 01:35:00+00:00,0.007989999999999942,,,
2021-07-28 03:00:00+00:00,,,,0.00186933399203415
2021-07-28 03:30:00+00:00,0.007989999999999942,,,
2021-07-28 03:40:00+00:00,,,,-0.01208016052530092
2021-07-28 04:35:00+00:00,-0.016984999999999917,,,
2021-07-28 12:05:00+00:00,,,,0.00040263451733690836
2021-07-28 12:40:00+00:00,-0.016985000000000028,,,
2021-07-28 22:45:00+00:00,-0.016984999999999917,,,
2021-07-30 21:50:00+00:00,,,,0.010919414521317838
2021-07-30 22:50:00+00:00,0.03432507180015176,,,
2021-07-30 23:50:00+00:00,,0.04481243800045842,,
2021-07-31 00:05:00+00:00,,,,0.0011410638511661908
2021-07-31 04:05:00+00:00,,,0.03680737451919014,
2021-07-31 05:25:00+00:00,-0.016985000000000028,,,
2021-07-31 13:00:00+00:00,,-0.012826146395211735,,
2021-08-01 04:20:00+00:00,,,,0.0027231318674256766
2021-08-04 14:05:00+00:00,,,,0.0028924479621199595
2021-08-04 15:05:00+00:00,0.007990000000000164,,,
2021-08-04 15:10:00+00:00,,0.013416683529987594,,
2021-08-04 17:00:00+00:00,,,,-0.00028938231116648616
2021-08-04 19:35:00+00:00,,,,-0.002989938000839576
2021-08-04 20:40:00+00:00,,,,-0.007144192994837262
2021-08-04 22:35:00+00:00,,,,-0.004713559576825732
2021-08-04 23:05:00+00:00,,,0.0163962806079212,
2021-08-05 04:20:00+00:00,,-0.0014391013595246305,,
2021-08-05 16:00:00+00:00,0.007989999999999942,,,
2021-08-05 16:50:00+00:00,0.007990000000000164,,,
2021-08-05 17:15:00+00:00,0.007990000000000164,,,
2021-08-05 19:35:00+00:00,,,,0.020359734132459284
2021-08-05 19:40:00+00:00,0.01158477165432581,,,
2021-08-05 19:55:00+00:00,,0.03992130838629615,,
2021-08-06 00:10:00+00:00,,,0.034680788706037635,
2021-08-06 08:00:00+00:00,-0.016985000000000028,,,
2021-08-06 09:10:00+00:00,,-0.004217497890547817,,
2021-08-06 16:30:00+00:00,,,,0.023079317886154804
2021-08-06 18:00:00+00:00,0.023000653722671016,,,
2021-08-06 18:10:00+00:00,,,,-0.012476442123596887
2021-08-06 19:15:00+00:00,,0.016746072380065202,,
2021-08-06 21:10:00+00:00,,,-0.004001923761205117,
2021-08-07 04:25:00+00:00,,,,0.001977508483077317
2021-08-07 10:25:00+00:00,,,,-0.008124249637757153
2021-08-07 12:40:00+00:00,,,,-6.081806098368059e-05
2021-08-08 00:25:00+00:00,,,,-0.006365757909820191
2021-08-08 01:35:00+00:00,-0.016985000000000028,,,
2021-08-08 06:10:00+00:00,,,,-0.0048555925049132975
2021-08-08 07:00:00+00:00,,,,-0.003757793484838179
2021-08-08 08:55:00+00:00,-0.016985000000000028,,,
2021-08-09 10:20:00+00:00,,,,-0.010116399793701714
2021-08-09 11:50:00+00:00,0.027570269402198644,,,
2021-08-09 12:05:00+00:00,,,,0.005638350473178955
2021-08-09 12:20:00+00:00,,0.016223776865465833,,
2021-08-09 13:50:00+00:00,-0.016985000000000028,,,
2021-08-09 14:30:00+00:00,,,,-0.009438774373594194
2021-08-09 19:50:00+00:00,,,,-0.0055250264802577664
2021-08-09 20:40:00+00:00,,,0.012774798963280931,
2021-08-10 00:10:00+00:00,,,,-0.009650266332613788
2021-08-10 04:00:00+00:00,-0.016984999999999917,,,
2021-08-11 06:40:00+00:00,,,,-0.006754034404343412
2021-08-11 08:10:00+00:00,,,,-0.002994573938333245
2021-08-11 15:00:00+00:00,,,,-0.006041400575697575
2021-08-11 15:55:00+00:00,,,,-0.006618383046265275
2021-08-13 08:35:00+00:00,0.007989999999999942,,,
2021-08-13 09:45:00+00:00,,0.012173605062358428,,
2021-08-13 11:45:00+00:00,,,,-0.003508287658606779
2021-08-13 14:30:00+00:00,,,,-0.004689417606488222
2021-08-13 15:10:00+00:00,,,4.4912482981551705e-06,
2021-08-14 00:35:00+00:00,,,,0.018128113666967538
2021-08-14 09:40:00+00:00,0.007990000000000164,,,
2021-08-14 09:50:00+00:00,,,,-0.004673204821027177
2021-08-14 10:20:00+00:00,,-0.026249158624859326,,
2021-08-16 03:05:00+00:00,,,,0.005924891841708302
2021-08-16 04:00:00+00:00,,,0.010913875078203183,
2021-08-17 14:25:00+00:00,-0.016985000000000028,,,
2021-08-17 16:45:00+00:00,,-0.01988066727582527,,
2021-08-19 16:50:00+00:00,0.008288055332959843,,,
2021-08-19 18:30:00+00:00,,0.023607760931408706,,
2021-08-19 22:40:00+00:00,,,0.024107494135779284,
2021-08-19 23:00:00+00:00,0.007990000000000164,,,
2021-08-20 17:15:00+00:00,0.008959167252051481,,,
2021-08-20 18:35:00+00:00,,,0.012203064758112392,
2021-08-20 21:55:00+00:00,,0.02025551914922974,,
2021-08-21 11:05:00+00:00,,,,0.05446303547727305
2021-08-22 00:00:00+00:00,,,,-0.016408923688205346
2021-08-23 01:50:00+00:00,0.007989999999999942,,,
2021-08-23 03:40:00+00:00,,0.01647167654331816,,
2021-08-23 06:30:00+00:00,,,0.012804633815179711,
2021-08-23 14:30:00+00:00,,-0.013252672299692292,,0.0016559133487934474
2021-08-23 19:00:00+00:00,-0.02198,,,
2021-08-25 22:00:00+00:00,0.007989999999999942,,,
2021-08-26 03:05:00+00:00,,,,-0.0075991756328491755
2021-08-26 03:10:00+00:00,,-0.014239203574655801,,
2021-08-27 20:25:00+00:00,0.007990000000000164,,,
2021-08-28 02:20:00+00:00,,,0.016154373514457143,
2021-08-28 14:40:00+00:00,,,,0.013229055849861338
2021-08-29 02:45:00+00:00,,,,-0.01145314410834608
2021-08-31 09:35:00+00:00,,,-0.008873172943929863,
2021-09-01 19:35:00+00:00,,,-0.010379933058269453,
2021-09-02 00:05:00+00:00,0.007989999999999942,,,
2021-09-02 01:35:00+00:00,,0.01763220912644914,,
2021-09-02 04:25:00+00:00,,,-0.010454815529436057,
2021-09-02 06:50:00+00:00,0.007989999999999942,,,
2021-09-02 07:25:00+00:00,,0.017483896593396997,,
2021-09-02 15:05:00+00:00,,,,0.028898973291313412
2021-09-03 06:55:00+00:00,,,-0.009087854493484815,
2021-09-03 08:55:00+00:00,0.007989999999999942,,,
2021-09-03 10:40:00+00:00,,0.017455901857988954,,
2021-09-03 18:05:00+00:00,,-0.014743675295010639,,
2021-09-03 22:15:00+00:00,,,,-0.01638067683135591
2021-09-03 22:25:00+00:00,-0.02198000000000011,,,
2021-09-06 01:25:00+00:00,0.007989999999999942,,,
2021-09-06 02:50:00+00:00,,,-0.0005844451643729487,
2021-09-06 11:40:00+00:00,,,,0.01992475260187554
2021-09-06 22:00:00+00:00,,0.014351472293200773,,
2021-09-07 04:25:00+00:00,,,-0.0005546850221586075,
2021-09-07 07:10:00+00:00,,-0.010671789449226643,,
2021-09-07 08:15:00+00:00,,,,-0.004450155757829033
2021-09-07 18:35:00+00:00,0.007989999999999942,,,
2021-09-08 08:15:00+00:00,,-0.042928191178530195,,
2021-09-08 12:05:00+00:00,0.007989999999999942,,,
2021-09-09 20:25:00+00:00,-0.02198,,,-0.017230894010438202
2021-09-11 13:35:00+00:00,,,-0.005636314552095345,
2021-09-11 16:35:00+00:00,0.007989999999999942,,,
2021-09-11 20:05:00+00:00,,,,-0.016627897165478966
2021-09-12 20:30:00+00:00,,,,-0.012994342150219107
2021-09-13 01:10:00+00:00,-0.02198000000000011,-0.013048447719483991,,-0.02122948366230648
2021-09-13 14:00:00+00:00,,,,-0.03221049357238792
2021-09-13 14:05:00+00:00,-0.027331544724141232,-0.027331544724141232,,
2021-09-14 07:00:00+00:00,0.007990000000000164,,,
2021-09-15 00:25:00+00:00,0.007989999999999942,,,
2021-09-15 18:05:00+00:00,,,-0.008530611529613097,
2021-09-16 02:30:00+00:00,,,,0.018805543085038456
2021-09-16 10:25:00+00:00,,-0.013150835556283935,,
2021-09-16 10:30:00+00:00,,,,-0.018507795292121654
2021-09-16 14:10:00+00:00,-0.02198,,,
2021-09-18 20:00:00+00:00,,,,-0.004105693860695481
2021-09-18 20:15:00+00:00,,,-0.008059287506729906,
2021-09-19 01:30:00+00:00,-0.02198,,,
2021-09-19 02:55:00+00:00,,-0.008830308309060841,,
2021-09-20 19:15:00+00:00,-0.02198,,,
2021-09-21 08:40:00+00:00,0.007990000000000164,,,
2021-09-21 14:05:00+00:00,-0.02198000000000011,,,
2021-09-22 01:05:00+00:00,0.007990000000000164,,,
2021-09-22 07:40:00+00:00,0.007989999999999942,,,
2021-09-22 16:10:00+00:00,0.007990000000000164,,,
2021-09-22 18:00:00+00:00,0.007990000000000164,,,
2021-09-22 19:05:00+00:00,-0.02198,,,
2021-09-23 17:15:00+00:00,0.007990000000000164,,,
2021-09-24 04:30:00+00:00,,,-0.016934125372327524,
2021-09-24 05:20:00+00:00,,,,0.013183080833548466
2021-09-24 09:05:00+00:00,-0.02198,,,-0.023619157681796343
2021-09-24 14:25:00+00:00,0.007989999999999942,,,
2021-09-24 15:40:00+00:00,-0.02198,,,
2021-09-24 20:30:00+00:00,0.007989999999999942,,,
2021-09-25 08:30:00+00:00,-0.02198,,,
2021-09-26 22:55:00+00:00,,,,0.00041912754832695853
2021-09-26 23:00:00+00:00,-0.02198,,,
2021-09-27 09:35:00+00:00,-0.02198,,,
2021-09-27 10:25:00+00:00,,0.010715822979601164,,
2021-09-27 12:30:00+00:00,,,,-0.015912603643073675
2021-09-29 03:45:00+00:00,0.007989999999999942,,,
2021-09-29 16:35:00+00:00,-0.02198,,,
2021-09-30 04:15:00+00:00,0.03135092895944269,,,
2021-09-30 10:55:00+00:00,,,,0.0008078001972711135
2021-09-30 18:40:00+00:00,,0.019691114009978028,,
2021-10-01 07:20:00+00:00,0.007989999999999942,,,
2021-10-01 10:25:00+00:00,0.007990000000000164,0.016084049381928978,,
2021-10-01 13:30:00+00:00,0.015456231988395075,,,
2021-10-01 16:25:00+00:00,,0.020425128010482574,,
2021-10-02 23:30:00+00:00,,,,0.08221598040262967
2021-10-02 23:50:00+00:00,,,0.118535179731458,
2021-10-03 21:00:00+00:00,,-0.020021003126803993,,-0.0021162689926779166
2021-10-03 21:05:00+00:00,-0.02198,,,
2021-10-05 00:40:00+00:00,0.007989999999999942,,,
2021-10-05 08:40:00+00:00,,0.014306699461688277,,
2021-10-05 09:40:00+00:00,0.007990000000000164,,,
2021-10-05 21:35:00+00:00,0.007990000000000164,,,
2021-10-06 08:20:00+00:00,-0.02198,,,
2021-10-06 08:30:00+00:00,,,,0.027879894976432285
2021-10-06 08:40:00+00:00,,,-0.011995638024610678,
2021-10-06 12:25:00+00:00,,0.016455415274289065,,
2021-10-06 16:15:00+00:00,0.05618991600141987,,,
2021-10-07 09:20:00+00:00,,,,0.038683676635632214
2021-10-07 09:25:00+00:00,,,0.02890706388818365,
2021-10-07 11:00:00+00:00,,-0.015096638925457873,,
2021-10-08 10:30:00+00:00,0.007989999999999942,,,
2021-10-08 12:15:00+00:00,,,,-0.005613273075701697
2021-10-08 14:00:00+00:00,,,-0.02281895828660796,
2021-10-09 20:00:00+00:00,,,,-0.019526634556726763
2021-10-10 09:35:00+00:00,,,,-0.014520504403079282
2021-10-10 20:25:00+00:00,0.007989999999999942,,,
2021-10-10 21:00:00+00:00,-0.02198,,,-0.021796064438138973
2021-10-11 04:15:00+00:00,0.011143297516720052,,,
2021-10-11 13:35:00+00:00,0.007989999999999942,0.013382756805882856,,
2021-10-11 19:45:00+00:00,0.007989999999999942,,,
2021-10-12 03:05:00+00:00,,,,-0.0019229719115503308
2021-10-12 03:15:00+00:00,,,-0.0010138977987572684,
2021-10-13 05:40:00+00:00,-0.02198000000000011,,,
2021-10-13 05:55:00+00:00,,-0.024144463826995533,,
2021-10-13 17:45:00+00:00,0.008125671292547043,,,
2021-10-13 21:20:00+00:00,0.007990000000000164,,,
2021-10-14 01:00:00+00:00,,0.016620451030230576,,
2021-10-14 09:20:00+00:00,-0.02198,,,
2021-10-14 15:00:00+00:00,,,,0.006492919828176902
2021-10-15 01:20:00+00:00,,,-0.004148963267757377,
2021-10-15 05:30:00+00:00,0.015133839272911898,,,
2021-10-15 16:15:00+00:00,,0.017925068243334952,,
2021-10-15 20:15:00+00:00,0.007989999999999942,0.015443482124394281,,
2021-10-15 21:50:00+00:00,-0.02198,,,
2021-10-15 21:55:00+00:00,,-0.02710293645929629,,0.03763986951454967
2021-10-16 13:00:00+00:00,,,0.020222163071520693,
2021-10-18 01:20:00+00:00,0.014441999101410863,,,
2021-10-18 07:55:00+00:00,,,-0.010035552508908863,
2021-10-18 09:50:00+00:00,-0.02198,,,
2021-10-18 09:55:00+00:00,,-0.022791805848254576,,
2021-10-18 10:05:00+00:00,,,,-0.014603518416890005
2021-10-19 03:20:00+00:00,0.012984999999999802,,,
2021-10-19 06:15:00+00:00,,,-0.010383789608814253,
2021-10-19 19:55:00+00:00,0.012985000000000024,,,
2021-10-20 00:40:00+00:00,,,0.0003028757425349582,
2021-10-20 13:40:00+00:00,,0.016909013007118556,,
2021-10-20 19:45:00+00:00,,,-0.011206844153631268,
2021-10-21 01:55:00+00:00,,,,0.0385334570589797
2021-10-21 02:00:00+00:00,-0.02198,-0.024926553201392587,,
2021-10-21 11:00:00+00:00,,,-0.009331344155939503,
2021-10-21 11:30:00+00:00,-0.02198,,,
2021-10-21 14:25:00+00:00,,,,-0.03786094175018462
2021-10-22 14:05:00+00:00,,,,-0.024468909678872164
2021-10-23 10:55:00+00:00,,,,-0.02302087031877187
2021-10-24 08:20:00+00:00,-0.02198,,,
2021-10-24 12:20:00+00:00,,,,-0.027482055279198447
2021-10-24 23:45:00+00:00,,,-0.00924133031513219,
2021-10-25 01:00:00+00:00,0.012984999999999802,,,
2021-10-25 03:00:00+00:00,,0.01267129990780047,,
2021-10-25 06:00:00+00:00,,,-0.0036723523937819413,
2021-10-25 10:40:00+00:00,,,-0.004842963008311663,
2021-10-25 11:20:00+00:00,0.012984999999999802,,,
2021-10-26 14:05:00+00:00,,,,0.008507746575342479
2021-10-28 12:40:00+00:00,0.012984999999999802,,,
2021-10-28 15:55:00+00:00,,,0.005879373671111576,
2021-10-28 18:35:00+00:00,,-0.030189323164261594,,
2021-10-28 18:40:00+00:00,,,,-0.027177971819825508
2021-10-29 01:25:00+00:00,0.012985000000000024,,,
2021-10-29 05:40:00+00:00,-0.02198000000000011,,,
2021-10-29 18:30:00+00:00,,,-0.012209691448988425,
2021-10-30 14:20:00+00:00,-0.02198,,,
2021-10-30 14:40:00+00:00,,,,-0.01818759595576669
2021-10-31 02:50:00+00:00,,,-0.007133069637234257,
2021-10-31 08:45:00+00:00,,,,-0.02746043832856848
2021-11-01 02:00:00+00:00,,,-0.004676714025885098,
2021-11-01 03:55:00+00:00,,,,-0.018937210351916867
2021-11-01 09:40:00+00:00,0.012984999999999802,,,
2021-11-01 11:50:00+00:00,,,-0.005149320521341205,
2021-11-01 17:00:00+00:00,-0.02198,,,
2021-11-01 17:05:00+00:00,,-0.02271655101538017,,
2021-11-01 21:15:00+00:00,,,,-0.02679854140976856
2021-11-02 15:45:00+00:00,0.012984999999999802,,,
2021-11-02 17:35:00+00:00,,,0.0007203713594983174,
2021-11-03 07:50:00+00:00,,-0.003677959522781493,,
2021-11-03 13:45:00+00:00,,,,0.004586035492551099
2021-11-05 15:05:00+00:00,-0.02198,,,
2021-11-05 15:10:00+00:00,,,,-0.021240427769895764
2021-11-06 10:55:00+00:00,,,,-0.019189874030787202
2021-11-08 03:40:00+00:00,0.012985000000000024,,,
2021-11-08 05:15:00+00:00,,0.020150902004447246,,
2021-11-08 10:25:00+00:00,,,0.029765019100865153,
2021-11-09 03:40:00+00:00,0.012984999999999802,,,
2021-11-09 06:15:00+00:00,,,0.0006779506577492267,
2021-11-09 15:10:00+00:00,,,,0.08568894293458351
2021-11-09 16:10:00+00:00,,-0.02033810305782957,,
2021-11-10 18:25:00+00:00,,,-0.0038488627939310405,
2021-11-10 19:35:00+00:00,,-0.022902009620542008,,
2021-11-10 19:50:00+00:00,-0.02198,,,
2021-11-10 20:00:00+00:00,,,,-0.012644572317664582
2021-11-11 07:40:00+00:00,0.012984999999999802,,,
2021-11-12 09:55:00+00:00,,,,-0.027610191251553617
2021-11-12 20:05:00+00:00,0.012984999999999802,,,
2021-11-14 02:45:00+00:00,,,-0.009106660885979778,
2021-11-14 16:45:00+00:00,,,,-0.010843460881754807
2021-11-15 01:15:00+00:00,0.013140128014494934,,,
2021-11-15 06:05:00+00:00,,,-0.0003863613226736673,
2021-11-15 09:10:00+00:00,,0.010078823232713141,,
2021-11-15 14:55:00+00:00,,,,-0.0029479394368676637
2021-11-15 15:05:00+00:00,-0.02198,,,
2021-11-16 18:55:00+00:00,-0.016985000000000028,,,
2021-11-17 03:05:00+00:00,,-0.022309940683976293,,
2021-11-17 14:50:00+00:00,-0.016985000000000028,,,
2021-11-18 15:10:00+00:00,,,,-0.03781816489963985
2021-11-18 22:05:00+00:00,-0.016985000000000028,,,
2021-11-19 14:55:00+00:00,0.012984999999999802,,,
2021-11-20 01:20:00+00:00,0.012985000000000024,,,
2021-11-22 00:00:00+00:00,-0.016985000000000028,,,
2021-11-22 00:05:00+00:00,,-0.020852647617600528,,-0.0010569825871761251
2021-11-22 15:35:00+00:00,-0.016985000000000028,,,
2021-11-22 16:10:00+00:00,,-0.02159257861303554,,
2021-11-22 18:35:00+00:00,,-0.021776042623324887,,
2021-11-23 11:00:00+00:00,,-0.024947759269134395,,
2021-11-24 02:05:00+00:00,-0.016984999999999917,,,
2021-11-24 02:40:00+00:00,,-0.025876063699535656,,
2021-11-25 04:30:00+00:00,,,-0.014464139950224442,
2021-11-25 19:50:00+00:00,,,-0.010418201983146802,
2021-11-26 04:35:00+00:00,-0.016985000000000028,,,
2021-11-26 05:10:00+00:00,,,,-0.003314494840497284
2021-11-26 05:15:00+00:00,,-0.018767949848899623,,
2021-11-29 02:05:00+00:00,0.0388345572907447,,,
2021-11-29 02:10:00+00:00,,0.04548001302418103,,
2021-11-29 08:45:00+00:00,,,0.023586010337534935,
2021-11-29 09:40:00+00:00,-0.016985000000000028,,,
2021-11-29 23:05:00+00:00,,,-0.016325866665394595,
2021-11-30 00:00:00+00:00,-0.016985000000000028,,,
2021-11-30 01:10:00+00:00,,-0.020243662173320187,,
2021-11-30 01:20:00+00:00,,,,0.037239845758574086
2021-11-30 15:45:00+00:00,0.01438295194573569,,,
2021-11-30 15:55:00+00:00,,,,-0.03118801790703707
2021-11-30 16:10:00+00:00,,-0.02075852337068207,,
2021-12-01 18:10:00+00:00,,,-0.014924202001376008,
2021-12-01 19:00:00+00:00,-0.016984999999999917,,,
2021-12-01 19:10:00+00:00,,-0.02260983419528928,,
2021-12-01 20:25:00+00:00,,,,-0.035182721921901194
2021-12-03 15:50:00+00:00,,,,-0.03013222398449067
2021-12-04 00:50:00+00:00,-0.016984999999999917,,,
2021-12-04 11:30:00+00:00,-0.016984999999999917,,,
2021-12-04 19:10:00+00:00,0.012985000000000024,,,
2021-12-04 21:45:00+00:00,-0.016985000000000028,,,
2021-12-05 00:45:00+00:00,,,-0.019594575242034784,
2021-12-05 20:35:00+00:00,,0.019127965195548713,,
2021-12-06 00:15:00+00:00,-0.016985000000000028,,,
2021-12-06 09:35:00+00:00,,,,-0.04984127892151691
2021-12-06 17:30:00+00:00,0.012984999999999802,,,
2021-12-06 21:45:00+00:00,0.012984999999999802,,,
2021-12-07 03:35:00+00:00,0.012984999999999802,,,
2021-12-08 09:55:00+00:00,,,,0.009690181268976916
2021-12-08 10:45:00+00:00,,-0.02999691614176825,,
2021-12-08 22:55:00+00:00,-0.016985000000000028,,,
2021-12-09 07:05:00+00:00,,-0.023862488239956958,,
2021-12-10 01:00:00+00:00,-0.016985000000000028,,,
2021-12-10 14:45:00+00:00,,-0.02480873745940604,,
2021-12-10 14:55:00+00:00,,,,-0.028223855679882837
2021-12-10 15:00:00+00:00,-0.016985000000000028,,,
2021-12-11 07:30:00+00:00,-0.016985000000000028,,,
2021-12-12 04:50:00+00:00,,,-0.01580124162474028,
2021-12-12 10:10:00+00:00,-0.016985000000000028,,,
2021-12-12 14:10:00+00:00,,0.029895587647614574,,
2021-12-12 18:10:00+00:00,0.012985000000000024,,,
2021-12-13 01:10:00+00:00,,,,0.002372096266164858
2021-12-14 00:15:00+00:00,,-0.020570525768467074,,
2021-12-15 08:20:00+00:00,0.012985000000000024,,,
2021-12-15 15:10:00+00:00,,-0.024595525962972098,,-0.019935813760846743
2021-12-16 00:45:00+00:00,0.012984999999999802,,,
2021-12-17 22:05:00+00:00,-0.02198000000000011,,,
2021-12-18 10:45:00+00:00,0.007989999999999942,,,
2021-12-18 19:10:00+00:00,-0.02198,,,
2021-12-19 14:00:00+00:00,0.007989999999999942,,,
2021-12-19 16:30:00+00:00,,-0.010947814151296087,,
2021-12-19 17:25:00+00:00,-0.02198000000000011,,,
2021-12-20 00:25:00+00:00,,,-0.01870922132372288,
2021-12-21 03:30:00+00:00,,0.011051852148523,,
2021-12-21 03:50:00+00:00,0.007989999999999942,,,
2021-12-21 06:50:00+00:00,,0.011381066748122226,,
2021-12-21 07:55:00+00:00,0.01159713147164032,,,
2021-12-22 05:45:00+00:00,,,,-0.012336378228929412
2021-12-23 00:20:00+00:00,,,0.022156829827971958,
2021-12-23 21:05:00+00:00,,0.029621415248321625,,
2021-12-23 21:50:00+00:00,0.019002476189481143,,,
2021-12-23 23:30:00+00:00,,,,0.018788228668104034
2021-12-24 03:50:00+00:00,,,,-0.011669783606085282
2021-12-24 11:30:00+00:00,,,,-0.010063869468970199
2021-12-24 19:55:00+00:00,,,,-0.009953805717445974
2021-12-24 22:45:00+00:00,-0.02198,,,
2021-12-25 17:30:00+00:00,,,0.022593074585957273,
2021-12-27 10:55:00+00:00,,-0.003344120687901686,,
2021-12-27 17:45:00+00:00,,0.007510371443367747,,
2021-12-27 19:30:00+00:00,,,,-0.00969107379750378
2021-12-28 00:10:00+00:00,,,-0.010454054284346648,
2021-12-29 23:20:00+00:00,-0.02198,-0.02460573642108843,,
2021-12-31 17:05:00+00:00,-0.02198,,,
2021-12-31 17:10:00+00:00,,-0.02499652087924409,,
2021-12-31 17:45:00+00:00,,,-0.014249658341138005,
2022-01-01 05:20:00+00:00,0.007989999999999942,,,
2022-01-02 04:50:00+00:00,,-0.023389115901613522,,
2022-01-03 03:50:00+00:00,,,-0.02514656869127907,
2022-01-03 15:50:00+00:00,,-0.01785554500997588,,
2022-01-03 16:05:00+00:00,,,-0.01789919308481147,
2022-01-04 12:45:00+00:00,,-0.0019111020834542414,,
2022-01-04 16:15:00+00:00,,-0.019799249575709443,,
2022-01-04 18:55:00+00:00,,,-0.025443750118516517,
2022-01-05 12:50:00+00:00,,,-0.019745249915874785,
2022-01-06 09:35:00+00:00,,-0.02763697708438162,,
2022-01-07 13:35:00+00:00,-0.02198,,,
2022-01-07 13:40:00+00:00,,-0.031037562558434706,,
2022-01-09 11:05:00+00:00,,-0.002454905943470531,,
2022-01-09 19:25:00+00:00,0.007990000000000164,0.010273125338428502,,
2022-01-10 00:05:00+00:00,-0.02198,-0.022619423664863247,,
2022-01-10 11:45:00+00:00,,,-0.014980592711892449,
2022-01-10 17:30:00+00:00,-0.02198000000000011,,,
2022-01-10 17:40:00+00:00,,-0.03158064546921091,,
2022-01-10 21:00:00+00:00,0.007990000000000164,,,
2022-01-11 02:25:00+00:00,0.007989999999999942,,,
2022-01-12 05:45:00+00:00,,-0.001416854940469281,,
2022-01-12 11:40:00+00:00,0.007989999999999942,,,
2022-01-12 21:20:00+00:00,0.007989999999999942,,,
2022-01-13 01:25:00+00:00,,,,-0.01321710384556396
2022-01-13 02:50:00+00:00,,-0.010285301538526026,,
2022-01-13 15:10:00+00:00,,,,-0.011460889702767818
2022-01-13 17:10:00+00:00,,,0.01984276665534246,
2022-01-14 19:35:00+00:00,0.007989999999999942,0.009689113292377538,,
2022-01-16 18:25:00+00:00,,-0.010526469303447694,,
2022-01-18 03:40:00+00:00,,-0.01140629178326924,,
2022-01-19 03:35:00+00:00,-0.011989999999999945,,,
2022-01-19 03:40:00+00:00,,-0.01264563865808499,,
2022-01-20 21:15:00+00:00,-0.011990000000000056,,,
2022-01-20 21:25:00+00:00,,-0.013328719979952774,,
2022-01-20 21:45:00+00:00,,,-0.03010938366526894,
2022-01-21 17:35:00+00:00,-0.011989999999999945,,,
2022-01-22 03:40:00+00:00,-0.011990000000000056,,,
2022-01-22 14:00:00+00:00,-0.011989999999999945,,,
2022-01-22 14:55:00+00:00,,-0.02969212827697476,,
2022-01-22 22:45:00+00:00,-0.011990000000000056,,,
2022-01-23 10:05:00+00:00,-0.011990000000000056,,,
2022-01-24 00:20:00+00:00,0.011568760132893319,,,
2022-01-24 16:50:00+00:00,-0.01462763944789991,,,
2022-01-24 20:45:00+00:00,,0.029524565712512052,,
2022-01-24 21:50:00+00:00,0.0727373097995041,,,
2022-01-24 22:30:00+00:00,-0.011990000000000056,-0.025140489403935762,,
2022-01-25 14:20:00+00:00,0.007989999999999942,,,
2022-01-25 19:35:00+00:00,-0.011990000000000056,,,
2022-01-26 04:45:00+00:00,0.007989999999999942,,,
2022-01-26 06:30:00+00:00,-0.011990000000000056,,,
2022-01-26 19:15:00+00:00,-0.0264306133941421,,,
2022-01-26 20:40:00+00:00,,,0.020826797354007054,
2022-01-27 14:30:00+00:00,0.007989999999999942,,,
2022-01-28 02:00:00+00:00,-0.011989999999999945,,,
2022-01-28 10:05:00+00:00,,-0.024097235993452926,,
2022-01-28 15:30:00+00:00,-0.011990000000000056,,,
2022-01-28 20:30:00+00:00,0.007990000000000164,,,
2022-01-29 13:30:00+00:00,0.007989999999999942,,,
2022-01-29 16:15:00+00:00,,,-0.014941912836784255,
2022-01-29 20:50:00+00:00,-0.011990000000000056,,,
2022-01-29 22:00:00+00:00,-0.011990000000000056,,,
2022-01-31 16:50:00+00:00,,0.010128131215092262,,
2022-01-31 18:10:00+00:00,0.015574396395513945,,,
2022-01-31 19:15:00+00:00,,0.010313894115125066,,
2022-01-31 20:10:00+00:00,-0.011990000000000056,,,
2022-02-01 09:15:00+00:00,,,,-0.002560641448532297
2022-02-01 17:10:00+00:00,,,,-0.006290812323664685
2022-02-02 05:45:00+00:00,,,0.00024605292565382797,
2022-02-04 02:40:00+00:00,0.007990000000000164,,,
2022-02-04 06:05:00+00:00,,0.010992650520637026,,
2022-02-04 13:30:00+00:00,-0.011989999999999945,-0.014935572263739871,,
2022-02-04 15:40:00+00:00,,,,-0.0019260405998782204
2022-02-04 18:15:00+00:00,,,,0.01013998366992852
2022-02-04 18:20:00+00:00,,0.02392475635829605,,
2022-02-04 18:35:00+00:00,0.04198437088801876,,,
2022-02-04 19:55:00+00:00,0.007989999999999942,,,
2022-02-04 20:20:00+00:00,,,,-0.0030685416608440264
2022-02-05 00:00:00+00:00,,,,0.012556590946811275
2022-02-05 00:50:00+00:00,,,,-0.006264949663932318
2022-02-05 13:20:00+00:00,,-0.00891892227795299,,
2022-02-05 15:15:00+00:00,0.007990000000000164,,,
2022-02-06 14:35:00+00:00,,,,-0.005712547029975812
2022-02-06 23:25:00+00:00,,,,-0.0018768604356923513
2022-02-06 23:55:00+00:00,,,,-0.006442165636709518
2022-02-07 00:10:00+00:00,-0.011990000000000056,-0.013912401941672425,,
2022-02-07 02:55:00+00:00,,,,-0.007081629374299014
2022-02-07 05:30:00+00:00,,,,-0.0003160322257237391
2022-02-07 09:35:00+00:00,-0.011989999999999945,-0.01311305148536146,,
2022-02-07 15:15:00+00:00,,,,0.002121404017547457
2022-02-07 16:40:00+00:00,,,,0.002928445316246364
2022-02-07 17:45:00+00:00,0.007989999999999942,0.00923661960627431,,
2022-02-07 18:25:00+00:00,,,,-2.48998817540258e-05
2022-02-07 18:45:00+00:00,-0.011990000000000056,,,
2022-02-07 18:50:00+00:00,,-0.01327322238040074,,
2022-02-07 20:45:00+00:00,-0.011989999999999945,,,
2022-02-07 20:50:00+00:00,,-0.013638896259168254,,
2022-02-08 06:00:00+00:00,,,,0.0044161868520609104
2022-02-08 06:20:00+00:00,,,,0.0025845924793561625
2022-02-08 08:05:00+00:00,-0.011989999999999945,,,
2022-02-08 08:10:00+00:00,,-0.014420026639830552,,
2022-02-08 10:15:00+00:00,,,0.14767205863139332,
2022-02-09 00:50:00+00:00,0.007989999999999942,,,
2022-02-09 02:10:00+00:00,,-0.01725693355754776,,
2022-02-10 12:20:00+00:00,-0.011989999999999945,,,
2022-02-10 14:10:00+00:00,,,-0.0397977250078313,
2022-02-10 15:50:00+00:00,,,,-0.01145529384094024
2022-02-10 17:45:00+00:00,,,,-0.008643487977776587
2022-02-10 19:05:00+00:00,-0.011989999999999945,,,
2022-02-10 19:50:00+00:00,,-0.018911384099478235,,
2022-02-12 21:20:00+00:00,-0.011990000000000056,,,
2022-02-15 06:35:00+00:00,,0.022215547557154824,,
2022-02-15 08:35:00+00:00,0.017980000000000107,,,
2022-02-16 04:55:00+00:00,,,0.02791791131361987,
2022-02-16 14:50:00+00:00,,-0.02430392364123357,,
2022-02-17 09:15:00+00:00,,-0.022822074088664546,,
2022-02-21 10:35:00+00:00,-0.02198,,,
2022-02-21 10:55:00+00:00,,,-0.024196376513133444,
2022-02-21 11:35:00+00:00,,-0.024696521575435115,,
2022-02-21 18:10:00+00:00,-0.02661742537384404,,,
2022-02-21 18:25:00+00:00,,-0.03439342895853725,,
2022-02-23 08:25:00+00:00,0.017979999999999885,,,
2022-02-23 18:05:00+00:00,-0.02198,,,
2022-02-23 18:20:00+00:00,,,-0.022888046804345974,
2022-02-24 10:20:00+00:00,-0.02198000000000011,,,
2022-02-24 14:30:00+00:00,0.017979999999999885,,,
2022-02-24 18:45:00+00:00,0.017979999999999885,,,
2022-02-25 00:40:00+00:00,,0.05833125350086621,,
2022-02-25 01:05:00+00:00,0.04805904996833532,,,
2022-02-25 09:25:00+00:00,-0.02197999999999989,,,
2022-02-25 18:05:00+00:00,-0.02198000000000011,,,
2022-02-26 05:55:00+00:00,-0.02198,,,
2022-02-26 09:30:00+00:00,,,0.04094115564516132,
2022-02-27 13:45:00+00:00,-0.02198,,,
2022-02-27 19:30:00+00:00,,-0.03367652140741684,,
2022-02-27 19:40:00+00:00,,,-0.032545737763892135,
2022-02-28 14:15:00+00:00,0.017980000000000107,,,
2022-02-28 19:05:00+00:00,,,,0.014435971276697046
2022-02-28 20:20:00+00:00,,0.049742926753131966,,
2022-02-28 21:05:00+00:00,0.056645127471096846,,,
2022-02-28 21:40:00+00:00,,,,-0.0005064728675345798
2022-02-28 22:55:00+00:00,,,,0.02912788452159476
2022-03-01 03:35:00+00:00,0.031174142924351278,,,
2022-03-01 14:30:00+00:00,,,,0.0018429044405758876
2022-03-01 15:00:00+00:00,-0.02198000000000011,,,
2022-03-02 13:50:00+00:00,,,0.09360422857865247,
2022-03-02 14:40:00+00:00,0.017980000000000107,,,
2022-03-02 15:05:00+00:00,,,,-0.016448089487302697
2022-03-02 15:25:00+00:00,-0.02198000000000011,,,
2022-03-03 10:40:00+00:00,,-0.009275406599745906,,
2022-03-06 23:15:00+00:00,-0.02198,,,
2022-03-06 23:25:00+00:00,,-0.029151068132826086,,
2022-03-07 18:35:00+00:00,-0.02198000000000011,,,
2022-03-07 19:05:00+00:00,,,-0.028956547271784205,
2022-03-07 19:30:00+00:00,,-0.02999920807183154,,
2022-03-08 08:30:00+00:00,0.017980000000000107,,,
2022-03-08 16:30:00+00:00,-0.02198,,,
2022-03-09 03:10:00+00:00,,0.033370689116220875,,
2022-03-09 08:35:00+00:00,,0.05258034198241557,,
2022-03-09 09:05:00+00:00,0.06689179160690673,,,
2022-03-10 01:35:00+00:00,-0.02198,,,
2022-03-10 02:00:00+00:00,,,0.03461636997318607,
2022-03-10 04:20:00+00:00,,-0.04148358258253948,,
2022-03-10 13:40:00+00:00,-0.02198000000000011,,,
2022-03-11 12:05:00+00:00,0.017980000000000107,,,
2022-03-11 13:15:00+00:00,-0.02198,,,
2022-03-11 17:10:00+00:00,,,-0.03602125281958368,
2022-03-11 19:05:00+00:00,,-0.04112995186668578,,
2022-03-13 12:25:00+00:00,-0.02197999999999989,,,
2022-03-13 22:45:00+00:00,,-0.021230199571094843,,
2022-03-14 22:45:00+00:00,0.017980000000000107,0.020784228756387968,,
2022-03-15 01:15:00+00:00,-0.02198,,,
2022-03-15 03:40:00+00:00,,-0.029425945599611647,,
2022-03-15 07:30:00+00:00,,,-0.020329529390690215,
2022-03-16 02:05:00+00:00,0.017979999999999885,,,
2022-03-16 03:10:00+00:00,,-0.03812227352138353,,
2022-03-16 03:15:00+00:00,-0.03997035357029455,,,
2022-03-18 00:55:00+00:00,-0.02198,,,
2022-03-18 20:50:00+00:00,,,,0.00042006982173048435
2022-03-19 20:35:00+00:00,0.017980000000000107,,,
2022-03-19 21:55:00+00:00,,,,-0.006235429783283397
2022-03-19 22:25:00+00:00,,,0.006452368952647447,
2022-03-20 08:30:00+00:00,,0.003422317097144134,,
2022-03-22 05:10:00+00:00,,,,0.008945056585158984
2022-03-22 10:30:00+00:00,0.017980000000000107,,,
2022-03-22 14:30:00+00:00,,0.016915610098539924,,
2022-03-23 01:00:00+00:00,-0.02198,,,
2022-03-24 06:30:00+00:00,,,,-0.007326744336837221
2022-03-24 15:35:00+00:00,0.017980000000000107,,,
2022-03-24 17:55:00+00:00,,,,0.0059160162254678905
2022-03-25 02:05:00+00:00,,,,-0.006832394269796427
2022-03-25 08:05:00+00:00,,,-0.0011684267578918606,
2022-03-25 12:40:00+00:00,0.017980000000000107,0.015354048960091182,,
2022-03-25 14:10:00+00:00,,,,0.0070338012179420595
2022-03-25 15:30:00+00:00,,-0.013885546782933855,,
2022-03-25 15:35:00+00:00,,,-0.0067299902225678165,
2022-03-27 12:55:00+00:00,,,-0.009323456151054343,
2022-03-27 20:35:00+00:00,0.017980000000000107,,,
2022-03-27 21:05:00+00:00,,,,0.015352350572445106
2022-03-28 00:45:00+00:00,,,,0.006119705939019449
2022-03-28 04:55:00+00:00,,0.016766063594467084,,
2022-03-28 05:00:00+00:00,0.017980000000000107,,,
2022-03-28 14:15:00+00:00,,,,-0.00567848969616469
2022-03-28 15:50:00+00:00,,,,-0.007883277234117525
2022-03-28 19:50:00+00:00,,,,-0.0028922140957649
2022-04-01 18:35:00+00:00,0.021516687384709243,,,
2022-04-02 00:55:00+00:00,,0.017043945932304405,,
2022-04-02 15:15:00+00:00,,,-0.0005598983232668608,
2022-04-03 22:20:00+00:00,0.017980000000000107,,,
2022-04-03 22:55:00+00:00,,-0.015835036807132608,,
2022-04-03 23:00:00+00:00,-0.02198,,,
2022-04-05 14:10:00+00:00,,-0.01527744023396116,,
2022-04-05 14:15:00+00:00,,,-0.006930606716781362,
2022-04-05 16:00:00+00:00,-0.02198000000000011,,,
2022-04-10 21:50:00+00:00,,-0.011055060263455596,,
2022-04-12 19:55:00+00:00,-0.02198,,,
2022-04-14 09:20:00+00:00,,,0.010142558817653802,
2022-04-14 13:45:00+00:00,,-0.020233775149227085,,
2022-04-14 15:35:00+00:00,-0.02198,,,
2022-04-17 00:05:00+00:00,,,-0.008079685459386976,
2022-04-18 15:25:00+00:00,,,-0.008558800181792225,
2022-04-18 22:50:00+00:00,,0.017186382875461703,,
2022-04-18 23:00:00+00:00,0.017980000000000107,,,
2022-04-19 01:40:00+00:00,,,0.0110703180991234,
2022-04-19 16:50:00+00:00,,,-0.008311554308079283,
2022-04-20 13:45:00+00:00,,,-0.01221933580803547,
2022-04-20 15:00:00+00:00,,,,0.014019550419686722
2022-04-20 18:40:00+00:00,,-0.01995299934545458,,
2022-04-21 13:00:00+00:00,0.0234577549080921,,,
2022-04-21 16:05:00+00:00,,,,-0.00634045913319059
2022-04-21 16:55:00+00:00,-0.02197999999999989,,,
2022-04-21 17:00:00+00:00,,-0.01582770518334975,,
2022-04-25 18:45:00+00:00,0.017980000000000107,0.019717639536572573,,
2022-04-26 14:00:00+00:00,,,,-0.0074088142671716595
2022-04-26 14:40:00+00:00,,-0.021429217810399637,,
2022-04-26 14:50:00+00:00,-0.02197999999999989,,,
2022-04-27 11:25:00+00:00,,,-0.010700572232165806,
2022-04-28 15:05:00+00:00,0.017979999999999885,,,
2022-04-29 02:55:00+00:00,-0.02198,,,
2022-04-29 09:05:00+00:00,,-0.025124386277200372,,
2022-04-29 10:40:00+00:00,,,,-0.023927431117856557
2022-05-01 18:10:00+00:00,,,-0.008377552233794883,
2022-05-01 18:50:00+00:00,,-0.016495232256105608,,
2022-05-02 18:10:00+00:00,,,,-0.017111314435005354
2022-05-03 18:00:00+00:00,,-0.016357287219077477,,
2022-05-03 18:05:00+00:00,-0.02198,,,
2022-05-04 12:40:00+00:00,,,0.011775450416848798,
2022-05-04 16:20:00+00:00,,0.01697519581395679,,
2022-05-04 18:50:00+00:00,0.017979999999999885,,,
2022-05-05 13:55:00+00:00,,-0.017713855579334026,,
2022-05-05 14:00:00+00:00,,,,-0.007922755773243084
2022-05-05 14:05:00+00:00,-0.02198,,,
2022-05-10 07:45:00+00:00,0.020044551684405,,,
2022-05-10 08:00:00+00:00,,,-0.022574314752708657,
2022-05-10 13:30:00+00:00,0.017980000000000107,,,
2022-05-11 06:45:00+00:00,-0.02198000000000011,,,
2022-05-11 12:35:00+00:00,-0.04721957005878141,,,
2022-05-11 13:55:00+00:00,-0.02198,,,
2022-05-11 19:35:00+00:00,-0.02198,,,
2022-05-12 01:20:00+00:00,-0.02198,,,
2022-05-12 02:40:00+00:00,-0.02198,,,
2022-05-12 14:25:00+00:00,0.017980000000000107,,,
2022-05-12 16:25:00+00:00,0.017979999999999885,,,
2022-05-12 17:40:00+00:00,-0.023457264262950694,,,
2022-05-12 18:25:00+00:00,-0.02198,,,
2022-05-13 06:55:00+00:00,,,-0.01072624636355235,
2022-05-13 07:30:00+00:00,0.0430440557797338,,,
2022-05-14 19:40:00+00:00,,,-0.021304969080127578,
2022-05-15 11:45:00+00:00,0.017980000000000107,,,
2022-05-15 20:10:00+00:00,0.017980000000000107,,,
2022-05-16 04:30:00+00:00,-0.02198000000000011,,,
2022-05-16 06:05:00+00:00,,-0.025817094012729247,,
2022-05-16 13:45:00+00:00,-0.02198,,,
2022-05-17 08:40:00+00:00,0.017979999999999885,,,
2022-05-18 03:20:00+00:00,-0.02198,,,
2022-05-19 15:30:00+00:00,,0.016234818329811995,,
2022-05-19 17:25:00+00:00,0.02306544839391589,,,
2022-05-20 01:35:00+00:00,0.017980000000000107,,,
2022-05-20 09:00:00+00:00,,-0.012628986786999974,,
2022-05-22 14:25:00+00:00,,,-0.007168253033852712,
2022-05-22 22:20:00+00:00,,0.011081001918773925,,
2022-05-23 06:40:00+00:00,0.017979999999999885,,,
2022-05-24 23:10:00+00:00,,0.0122592516075124,,
2022-05-25 05:50:00+00:00,,,-0.009698867732004124,
2022-05-25 11:25:00+00:00,-0.02198000000000011,,,
2022-05-27 00:50:00+00:00,-0.02198,,,
2022-05-27 01:00:00+00:00,,-0.02390739365266903,,
2022-05-30 06:05:00+00:00,,0.030849706542384503,,
2022-05-30 06:25:00+00:00,,,,-0.0026034966926409275
2022-05-30 07:05:00+00:00,0.02865289049378572,,,
2022-05-30 11:00:00+00:00,,,0.009821110929590926,
2022-05-30 12:15:00+00:00,,0.007859817049063134,,
2022-05-30 12:20:00+00:00,,,,-0.0065226740996051635
2022-05-30 21:35:00+00:00,,,,0.02036143185665451
2022-05-31 00:25:00+00:00,,0.010824243880541262,,
2022-05-31 13:25:00+00:00,0.017979999999999885,,,
2022-05-31 16:10:00+00:00,,,,-0.012975058622309521
2022-05-31 17:15:00+00:00,,,,-0.009040801252710562
2022-06-01 04:10:00+00:00,,-0.023856461122545358,,
2022-06-03 11:10:00+00:00,-0.02198000000000011,,,
2022-06-05 16:25:00+00:00,,-0.012411121462098773,,
2022-06-06 00:45:00+00:00,,0.005899442540774125,,
2022-06-06 05:55:00+00:00,,0.024475693448374747,,
2022-06-06 06:55:00+00:00,0.019472517348581686,,,
2022-06-06 11:50:00+00:00,,,0.02354308972280017,
2022-06-07 22:50:00+00:00,0.017979999999999885,0.012675862810258787,,
2022-06-08 01:00:00+00:00,,,0.01942186352281383,
2022-06-08 01:05:00+00:00,-0.02198,,,
2022-06-08 03:15:00+00:00,,-0.031925658519447064,,
2022-06-10 00:15:00+00:00,-0.02198,,,
2022-06-12 19:25:00+00:00,-0.022001359712801483,-0.025561199796108602,,
2022-06-13 22:40:00+00:00,-0.02198,,,
2022-06-14 09:35:00+00:00,-0.02551281680874684,,,
2022-06-14 11:15:00+00:00,-0.02198000000000011,,,
2022-06-14 11:45:00+00:00,,-0.05506195560748728,,
2022-06-14 20:20:00+00:00,-0.02198,,,
2022-06-15 03:40:00+00:00,-0.02198,,,
2022-06-15 15:45:00+00:00,0.012985000000000024,,,
2022-06-15 16:55:00+00:00,,-0.04463383208561289,,
2022-06-15 17:40:00+00:00,,,-0.04415247740299966,
2022-06-15 18:50:00+00:00,-0.02198000000000011,,,
2022-06-15 23:35:00+00:00,0.027014019575588133,,,
2022-06-16 04:50:00+00:00,-0.02198,,,
2022-06-16 05:50:00+00:00,,,,-0.02678694175131424
2022-06-16 05:55:00+00:00,,,-0.02252908771279294,
2022-06-16 09:35:00+00:00,,-0.04919522765561313,,
2022-06-17 06:45:00+00:00,0.012985000000000024,,,
2022-06-17 12:40:00+00:00,-0.02198,,,
2022-06-17 13:15:00+00:00,,,-0.029897850276874416,
2022-06-18 16:45:00+00:00,-0.02198,,,
2022-06-19 01:40:00+00:00,,-0.03561911686069763,,
2022-06-19 01:55:00+00:00,-0.02198000000000011,,,
2022-06-19 13:35:00+00:00,0.036730879927406646,,,
2022-06-19 15:30:00+00:00,0.012984999999999802,,,
2022-06-19 19:00:00+00:00,,0.05699278663247909,,
2022-06-19 23:50:00+00:00,0.012984999999999802,,,
2022-06-20 00:45:00+00:00,-0.02198,,,
2022-06-20 01:20:00+00:00,,-0.04259176355542926,,
2022-06-20 01:40:00+00:00,,,,0.008670504966201698
2022-06-20 01:50:00+00:00,,,0.032620847877624426,
2022-06-20 14:45:00+00:00,0.012985000000000024,,,
2022-06-20 17:40:00+00:00,,,-0.012591711669988404,
2022-06-20 17:55:00+00:00,,,,-0.03931831982254075
2022-06-21 01:00:00+00:00,0.012984999999999802,,,
2022-06-21 13:40:00+00:00,0.012984999999999802,,,
2022-06-21 18:35:00+00:00,-0.02198,,,
2022-06-21 19:05:00+00:00,,,-0.0022147918056831806,
2022-06-21 20:10:00+00:00,,,,-0.013946850323326876
2022-06-22 13:55:00+00:00,0.012985000000000024,,,
2022-06-22 15:40:00+00:00,-0.02198,,,
2022-06-23 06:30:00+00:00,0.012984999999999802,,,
2022-06-23 15:30:00+00:00,-0.02198,,,
2022-06-23 15:50:00+00:00,,,-0.021704355840826084,
2022-06-23 23:35:00+00:00,0.01710986620977817,,,
2022-06-24 06:55:00+00:00,,,-0.007483256862964582,
2022-06-24 07:15:00+00:00,,,,-0.005394360589621949
2022-06-24 15:15:00+00:00,-0.02198,,,
2022-06-25 12:20:00+00:00,,,,-0.011583419834619746
2022-06-25 12:40:00+00:00,,,-0.018340959756665387,
2022-06-25 15:50:00+00:00,-0.02198,,,
2022-06-25 20:20:00+00:00,,0.002905091493142553,,
2022-06-26 15:05:00+00:00,,,,-0.015653193995195824
2022-06-26 15:30:00+00:00,,,-0.011261469805835866,
2022-06-27 12:55:00+00:00,,,-0.009314701195536457,
2022-06-28 14:30:00+00:00,-0.02198,,,
2022-06-28 14:55:00+00:00,,,-0.01809236471628828,
2022-07-01 03:55:00+00:00,0.017778231628308605,,,
2022-07-01 04:00:00+00:00,,,,-0.02803998874535707
2022-07-01 04:45:00+00:00,,-0.021958803346536326,,
2022-07-01 05:35:00+00:00,,,-0.05084491583547257,
2022-07-04 01:05:00+00:00,,-0.01695089974049757,,
2022-07-04 02:40:00+00:00,,,-0.00556113012720294,-0.015989856238076472
2022-07-04 15:00:00+00:00,0.012985000000000024,,,
2022-07-04 15:05:00+00:00,,0.021287686802124117,,
2022-07-04 22:50:00+00:00,0.012984999999999802,,,
2022-07-05 05:20:00+00:00,,0.022958522788341318,,
2022-07-05 08:25:00+00:00,,,,0.016801308721925867
2022-07-05 08:35:00+00:00,,,0.02227627995306314,
2022-07-05 08:45:00+00:00,-0.02198,,,
2022-07-05 22:55:00+00:00,0.022025171712019898,,,
2022-07-06 01:40:00+00:00,,,,-0.0288558988057942
2022-07-06 02:10:00+00:00,,,-0.010075914098846117,
2022-07-06 22:05:00+00:00,,0.0235092406466324,,
2022-07-07 06:00:00+00:00,,,-0.01609284755553919,
2022-07-07 18:40:00+00:00,0.012984999999999802,,,
2022-07-07 20:45:00+00:00,,0.030723406572151113,,
2022-07-07 23:00:00+00:00,0.012984999999999802,,,
2022-07-08 01:25:00+00:00,,0.02724338180335728,,
2022-07-08 02:25:00+00:00,-0.02198000000000011,-0.022189652441266805,,
2022-07-08 08:35:00+00:00,-0.02198000000000011,,,0.055107507512291765
2022-07-08 08:55:00+00:00,,,0.029438379697179995,
2022-07-10 02:25:00+00:00,-0.02198,,,
2022-07-13 12:30:00+00:00,-0.02198000000000011,-0.015813964100512945,,-0.027041856943193276
2022-07-13 13:20:00+00:00,,,-0.03879133180904071,
2022-07-13 21:40:00+00:00,0.012984999999999802,,,
2022-07-14 07:15:00+00:00,,,-0.012519342249576293,
2022-07-14 08:40:00+00:00,,,,-0.014827868920666676
2022-07-14 08:50:00+00:00,-0.02198,,,
2022-07-14 17:25:00+00:00,0.017980000000000107,,,
2022-07-15 08:55:00+00:00,0.017980000000000107,,,
2022-07-15 16:15:00+00:00,,,0.016346029916625815,
2022-07-17 10:20:00+00:00,,,-0.0020455696523976608,
2022-07-17 17:55:00+00:00,-0.02198000000000011,-0.025095484269227697,,
2022-07-18 05:35:00+00:00,0.017979999999999885,,,
2022-07-18 08:00:00+00:00,0.0223321608253082,,,
2022-07-18 10:40:00+00:00,,0.040236189474968764,,
2022-07-18 17:50:00+00:00,,,0.01066081978249267,
2022-07-18 17:55:00+00:00,-0.02198,,,0.004377817439494169
2022-07-19 04:00:00+00:00,,,,-0.04543003197616735
2022-07-19 04:05:00+00:00,,-0.03201275390762859,,
2022-07-19 14:50:00+00:00,0.017980000000000107,,,
2022-07-19 17:10:00+00:00,0.019699135249520605,,,
2022-07-19 20:00:00+00:00,,0.03341784732427433,,
2022-07-19 21:55:00+00:00,0.017980000000000107,,,
2022-07-20 01:05:00+00:00,,,0.008685616274389574,
2022-07-20 20:15:00+00:00,,,,0.0015345477125248141
2022-07-21 02:30:00+00:00,-0.02198000000000011,,,
2022-07-22 10:35:00+00:00,0.017980000000000107,,,
2022-07-22 15:45:00+00:00,,,-0.016709816233427155,
2022-07-22 19:30:00+00:00,,,,-0.028940078748453835
2022-07-25 01:05:00+00:00,,,,-0.027782120419855283
2022-07-25 02:20:00+00:00,,-0.026333417801893466,,
2022-07-25 22:25:00+00:00,-0.02198,,,
2022-07-27 18:35:00+00:00,0.017980000000000107,,,
2022-07-27 22:30:00+00:00,0.017980000000000107,,,
2022-07-27 23:40:00+00:00,,0.03700513287361695,,
2022-07-28 07:30:00+00:00,-0.02198,,,
2022-07-28 12:30:00+00:00,,-0.02768721835196042,,0.059694418985101194
2022-07-28 14:05:00+00:00,,,0.05281940159049836,
2022-07-28 20:35:00+00:00,0.017980000000000107,,,
2022-07-29 06:35:00+00:00,,0.025940336632059857,,
2022-07-29 11:30:00+00:00,,,0.001630900799184598,
2022-07-29 13:05:00+00:00,,,,-0.003720050144134013
2022-07-29 16:10:00+00:00,-0.02198000000000011,,,
2022-07-30 19:50:00+00:00,,,-0.01688326612655111,
2022-07-30 19:55:00+00:00,,-0.02923804639998262,,
2022-07-30 20:05:00+00:00,-0.02198,,,
2022-07-30 22:00:00+00:00,,,,-0.022465782645936683
2022-08-03 00:20:00+00:00,-0.02198,,,
2022-08-03 00:25:00+00:00,,-0.028061836100481963,,
2022-08-03 20:35:00+00:00,,,-0.006540217032068529,
2022-08-03 23:00:00+00:00,,-0.025755392504203667,,-0.027054486220920437
2022-08-04 16:45:00+00:00,-0.02198,,,
2022-08-05 11:40:00+00:00,,0.017180381241188813,,
2022-08-05 12:55:00+00:00,,,-0.006024645881544055,
2022-08-05 18:55:00+00:00,,,,-0.019488738338639955
2022-08-07 14:10:00+00:00,,-0.007446168420645716,,
2022-08-08 06:10:00+00:00,0.017980000000000107,,,
2022-08-08 12:40:00+00:00,,0.03021230080167836,,
2022-08-08 16:40:00+00:00,,,0.011450287784559476,
2022-08-08 21:15:00+00:00,,-0.015489246075571672,,
2022-08-08 22:40:00+00:00,,,,0.01844539364318054
2022-08-10 14:45:00+00:00,0.017979999999999885,,,
2022-08-10 18:45:00+00:00,,,,0.006029338002166096
2022-08-10 21:25:00+00:00,,0.017682575575149517,,
2022-08-11 07:30:00+00:00,,0.0191299632729649,,
2022-08-11 12:30:00+00:00,0.017979999999999885,,,
2022-08-11 15:20:00+00:00,,,0.021065966693233795,
2022-08-11 18:20:00+00:00,,,,-0.0048108038387150165
2022-08-13 08:50:00+00:00,,,0.00033229030475090404,
2022-08-14 08:55:00+00:00,,,-0.011266220766696255,
2022-08-14 12:50:00+00:00,,,,-0.007104382324707337
2022-08-15 05:45:00+00:00,,,0.00048179730754216443,
2022-08-15 06:25:00+00:00,,,,-0.006974884713766283
2022-08-15 06:35:00+00:00,,-0.019438582947727823,,
2022-08-17 07:35:00+00:00,,,-0.020782492162025656,
2022-08-17 07:40:00+00:00,,-0.023274512743926112,,-0.00994460620700477
2022-08-18 23:20:00+00:00,,,,-0.016351109934747976
2022-08-20 20:50:00+00:00,,,,-0.02348907284759294
2022-08-21 22:05:00+00:00,,,,-0.004064514052561474
2022-08-23 02:15:00+00:00,,,-0.007657047800997185,
2022-08-23 05:30:00+00:00,,,,-0.021901636218931597
2022-08-23 12:40:00+00:00,,,-0.005880891128781984,
2022-08-24 23:30:00+00:00,,,,-0.003707477346809429
2022-08-25 09:55:00+00:00,,0.006277769622007989,,
2022-08-26 05:10:00+00:00,,,,-0.015956761061160063
2022-08-26 14:00:00+00:00,,-0.02121104459754941,,
2022-08-26 14:55:00+00:00,-0.02198000000000011,,,-0.021434467482007613
2022-08-28 23:25:00+00:00,,,,-0.017801588422250547
2022-08-29 14:05:00+00:00,,0.014439360140400481,,
2022-08-29 18:15:00+00:00,,,-0.005659777411937794,
2022-08-30 04:30:00+00:00,,0.014785691169040716,,
2022-08-30 08:50:00+00:00,,,-0.003257323549035296,
2022-08-30 14:05:00+00:00,,-0.01980218331464345,,0.0074643082908874
2022-08-31 06:10:00+00:00,,0.019990174247894288,,
2022-08-31 06:30:00+00:00,,,0.0017923210651100696,
2022-08-31 15:05:00+00:00,,,,-0.021085923071924362
2022-09-02 17:20:00+00:00,,,,-0.011956782517381748
2022-09-03 21:00:00+00:00,,-0.018069350064285894,,
2022-09-05 05:20:00+00:00,,,,-0.009309635515690085
2022-09-05 18:30:00+00:00,,-0.014754118613463985,,
2022-09-06 01:55:00+00:00,,,-0.011655198953551493,
2022-09-06 02:00:00+00:00,,-0.015250876113454659,,-0.01060500033189904
2022-09-08 07:20:00+00:00,,,,0.009740603364610356
2022-09-09 03:30:00+00:00,0.017980000000000107,0.02140737973270901,,
2022-09-09 05:05:00+00:00,0.02562910052589662,,,
2022-09-09 08:15:00+00:00,,0.040641135295026,,
2022-09-09 10:45:00+00:00,,0.021812502011079093,,
2022-09-09 18:10:00+00:00,,,0.059388935311452506,
2022-09-10 07:45:00+00:00,,,-0.011726176366748331,
2022-09-10 12:20:00+00:00,,,,0.09241663537750644
2022-09-10 20:50:00+00:00,,,-0.01228219653933571,
2022-09-10 21:45:00+00:00,,0.022842184286565148,,
2022-09-11 06:30:00+00:00,,,,-0.009314275953195561
2022-09-12 02:10:00+00:00,-0.02198,,,
2022-09-12 03:30:00+00:00,,-0.024598263340709248,,
2022-09-12 10:10:00+00:00,,,-0.009195896803979475,
2022-09-13 12:35:00+00:00,,,-0.03472226970820247,
2022-09-17 19:10:00+00:00,,,-0.009437938334365459,
2022-09-18 10:00:00+00:00,,,,-0.007689406336775395
2022-09-18 14:45:00+00:00,,-0.02069868934252561,,
2022-09-19 17:30:00+00:00,,,0.014108827452891326,
2022-09-19 20:00:00+00:00,0.017980000000000107,0.026199171493108908,,
2022-09-20 00:35:00+00:00,,,-0.002322734316590025,
2022-09-20 12:25:00+00:00,,,,-0.03161142974530173
2022-09-20 13:15:00+00:00,,-0.03224788873266449,,
2022-09-21 15:05:00+00:00,,,-0.002953763184075364,
2022-09-21 18:05:00+00:00,-0.049166107054038344,-0.029435452772056503,,-0.022135874628868013
2022-09-21 19:30:00+00:00,-0.02198,,,
2022-09-22 11:30:00+00:00,,,-0.008511450266191156,
2022-09-23 08:45:00+00:00,-0.02198,,,
2022-09-23 11:50:00+00:00,,,,-0.026214642815908795
2022-09-24 00:45:00+00:00,,,-0.012438587491314101,
2022-09-25 22:00:00+00:00,,-0.030171223141327697,,
2022-09-26 11:15:00+00:00,,,-0.008246068858296485,
2022-09-26 11:30:00+00:00,,-0.02064988292754888,,
2022-09-26 11:40:00+00:00,,,,-0.02150972229124315
2022-09-27 03:10:00+00:00,0.017979999999999885,,,
2022-09-27 05:20:00+00:00,,0.019448794120416002,,
2022-09-27 08:50:00+00:00,,,0.02494859275736605,
2022-09-27 16:10:00+00:00,-0.02198,-0.026106335717103968,,0.021107615986447614
2022-09-28 14:35:00+00:00,0.017980000000000107,,,
2022-09-28 21:25:00+00:00,,0.029092827479267225,,
2022-09-29 13:40:00+00:00,,,,-0.030864867375324567
2022-09-30 00:30:00+00:00,0.017980000000000107,,,
2022-09-30 16:15:00+00:00,,,-0.019468918441062355,
2022-09-30 19:55:00+00:00,,,,-0.01049670575428352
2022-09-30 20:00:00+00:00,-0.02198,-0.032442504626374435,,
2022-10-04 06:35:00+00:00,,0.013394279275452003,,
2022-10-04 11:35:00+00:00,,,0.0027175114863098315,
2022-10-04 14:00:00+00:00,,0.015054043181422783,,
2022-10-05 08:20:00+00:00,,-0.02139396190855325,,
2022-10-05 11:40:00+00:00,,,,0.031928182149289164
2022-10-06 14:05:00+00:00,,,,-0.022525791136627005
2022-10-06 22:00:00+00:00,,-0.021893980046401307,,
2022-10-10 08:10:00+00:00,,,,-0.0159838375777005
2022-10-10 16:20:00+00:00,,-0.013274943223824387,,
2022-10-13 16:40:00+00:00,0.017979999999999885,,,
2022-10-13 17:40:00+00:00,,0.029104827601785344,,
2022-10-13 18:55:00+00:00,,0.014112719689136188,,
2022-10-13 23:40:00+00:00,,,-0.006844759071687467,
2022-10-14 03:35:00+00:00,,0.01853851002104001,,
2022-10-14 07:10:00+00:00,,,-0.007320032757513029,
2022-10-14 14:10:00+00:00,-0.02198,,,
2022-10-14 14:15:00+00:00,,,,0.01617564147279249
2022-10-15 23:00:00+00:00,,,,-0.014262937665596276
2022-10-16 21:50:00+00:00,,-0.008193071619420622,,-0.0014032335342757385
2022-10-17 12:40:00+00:00,,0.005570929818798698,,
2022-10-18 12:50:00+00:00,,0.00018948486392567077,,
2022-10-18 15:10:00+00:00,,,,0.004291369507863907
2022-10-19 12:30:00+00:00,,-0.012714669301061576,,
2022-10-20 00:45:00+00:00,,,,-0.017635706451990973
2022-10-20 17:05:00+00:00,,-0.011724289248076558,,
2022-10-20 20:30:00+00:00,,,,-0.01224723342723133
2022-10-21 12:10:00+00:00,,,,-0.01492944813974506
2022-10-22 14:20:00+00:00,,0.004108768328169532,,
2022-10-23 12:25:00+00:00,,,,0.0019640411995585083
2022-10-23 19:55:00+00:00,,0.009582571144010288,,
2022-10-24 00:45:00+00:00,,,-3.7785420527680635e-05,
2022-10-24 01:10:00+00:00,,-0.007689367657496726,,
2022-10-24 04:10:00+00:00,,,,0.0021476187020823545
2022-10-25 10:00:00+00:00,,-0.010347532032787488,,
2022-10-25 19:10:00+00:00,,0.037659830043660136,,
2022-10-25 20:00:00+00:00,,-0.014551502568209584,,
2022-10-25 20:20:00+00:00,,,0.009943731379980392,
2022-10-26 08:35:00+00:00,0.017980000000000107,,,
2022-10-26 13:30:00+00:00,,-0.01757352883664698,,
2022-10-27 09:40:00+00:00,,-0.018597598905420232,,
2022-10-27 20:15:00+00:00,,,,0.051996681869436845
2022-10-27 20:20:00+00:00,-0.02198,,,
2022-10-29 03:15:00+00:00,,0.012424954271384347,,
2022-10-30 08:25:00+00:00,,-0.005875469551894441,,
2022-10-30 13:55:00+00:00,,,,0.015494452646320989
2022-10-31 13:55:00+00:00,,-0.011764312401699617,,-0.015095021651419627
2022-11-01 14:10:00+00:00,,,,-0.008131130781394269
2022-11-02 18:50:00+00:00,,-0.010628837528813273,,
2022-11-02 19:25:00+00:00,,,,-0.011540861083266352
2022-11-03 06:30:00+00:00,,,-0.0024072682369810083,
2022-11-03 11:40:00+00:00,,-0.013187508284369764,,
2022-11-04 06:05:00+00:00,,0.009387870197377524,,
2022-11-04 10:15:00+00:00,,,-0.0016897097802317518,
2022-11-04 13:15:00+00:00,,0.009736759454923805,,
2022-11-04 15:30:00+00:00,,0.010608548522257122,,
2022-11-04 16:00:00+00:00,-0.02198,-0.01592628687580111,,
2022-11-04 16:05:00+00:00,,,-0.02426029998557766,
2022-11-05 00:40:00+00:00,,0.011357524812491526,,
2022-11-06 01:05:00+00:00,,-0.006971153285407317,,
2022-11-06 22:10:00+00:00,,,,0.042191983852593484
2022-11-07 21:35:00+00:00,,-0.010850683847951181,,
2022-11-07 22:25:00+00:00,,,,-0.017658709694740704
2022-11-08 03:50:00+00:00,,,,-0.022055476674285757
2022-11-08 14:35:00+00:00,,-0.016857599664687473,,
2022-11-08 17:10:00+00:00,0.018058078222056073,,,
2022-11-08 17:50:00+00:00,,-0.022899937563717332,,-0.02051375812291345
2022-11-08 21:40:00+00:00,0.017980000000000107,,,
2022-11-09 00:55:00+00:00,-0.02198000000000011,,,
2022-11-09 09:50:00+00:00,,-0.03697754880043058,,
2022-11-09 10:10:00+00:00,,,,-0.06124348966709858
2022-11-09 12:55:00+00:00,-0.02198,,,
2022-11-09 20:40:00+00:00,-0.02198,,,
2022-11-10 03:05:00+00:00,0.017979999999999885,,,
2022-11-10 10:35:00+00:00,-0.02198,,,
2022-11-10 13:30:00+00:00,0.017979999999999885,0.049357848004963456,,
2022-11-10 15:00:00+00:00,0.017980000000000107,,,
2022-11-10 15:30:00+00:00,-0.02198000000000011,,,
2022-11-10 17:35:00+00:00,-0.02198,,,
2022-11-10 22:10:00+00:00,-0.02198,,,
2022-11-11 20:35:00+00:00,-0.02198,,,
2022-11-14 08:55:00+00:00,0.0217144645180416,,,
2022-11-14 13:10:00+00:00,,0.01913989413052075,,
2022-11-14 13:50:00+00:00,-0.02198000000000011,,,
2022-11-14 19:05:00+00:00,,,,-0.02568587880549178
2022-11-15 13:30:00+00:00,0.017979999999999885,,,
2022-11-15 19:05:00+00:00,,,-0.015215846052608728,
2022-11-18 07:45:00+00:00,,,-0.011551553037587148,
2022-11-23 02:15:00+00:00,0.017980000000000107,,,
2022-11-23 02:25:00+00:00,,0.014837172485583805,,
2022-11-23 14:10:00+00:00,,,0.016505886687544935,
2022-11-23 14:25:00+00:00,,,,0.0005568667761812751
2022-11-24 08:25:00+00:00,,,,-0.010065273913220096
2022-11-28 01:30:00+00:00,-0.02198,,,
2022-11-29 14:25:00+00:00,,,-0.004640883964464382,
2022-11-30 00:40:00+00:00,,0.007780970330101056,,
2022-11-30 06:05:00+00:00,,,,0.01635052219340216
2022-11-30 18:10:00+00:00,,,-0.008713672283979679,
2022-11-30 19:10:00+00:00,,0.009927470939538718,,
2022-11-30 22:55:00+00:00,0.017979999999999885,,,
2022-12-01 05:45:00+00:00,,,,-0.007703273794121501
2022-12-01 13:45:00+00:00,,,,-0.01535095880352888
2022-12-01 20:50:00+00:00,,-0.01497165080536711,,
2022-12-05 00:35:00+00:00,,0.0036293379632159617,,
2022-12-05 04:55:00+00:00,,0.004379189330029565,,
2022-12-05 12:05:00+00:00,,,,0.000994239414892295
2022-12-05 14:25:00+00:00,,-0.011205357129542737,,
2022-12-08 23:30:00+00:00,,0.006425925817459266,,
2022-12-09 09:05:00+00:00,,,,0.001484184246874909
2022-12-09 13:30:00+00:00,,,,-0.011014644393969597
2022-12-09 14:20:00+00:00,,,0.007535558164367018,
2022-12-11 20:15:00+00:00,,,,-0.007641021254013891
2022-12-13 09:55:00+00:00,,0.0034327434128496037,,
2022-12-13 15:30:00+00:00,,0.017212089635995742,,
2022-12-13 22:30:00+00:00,,,,0.024734536356330716
2022-12-14 13:20:00+00:00,,0.00582819552871694,,
2022-12-14 18:10:00+00:00,0.012985000000000024,,,
2022-12-14 19:00:00+00:00,,-0.017648505512796953,,-0.011045644608026706
2022-12-14 20:30:00+00:00,,,0.031489420413002955,
2022-12-19 03:00:00+00:00,,,,-0.010894466202074238
2022-12-20 07:00:00+00:00,,0.007085821293957961,,
2022-12-21 00:50:00+00:00,,,,-0.0043403467651357275
2022-12-23 13:30:00+00:00,,0.005071203454575235,,
2022-12-23 20:25:00+00:00,,,,-0.007357738042313322
2022-12-26 08:15:00+00:00,,,,-0.004394796287655933
2022-12-26 15:50:00+00:00,,-0.00700614945516731,,
2022-12-27 00:45:00+00:00,,-0.007442102365613379,,
2022-12-27 06:10:00+00:00,,,,-0.005355568724739079
2022-12-31 01:55:00+00:00,,,,-0.007920468092510236
2023-01-02 01:40:00+00:00,,,-0.004637257828807528,
2023-01-02 14:35:00+00:00,,,,0.00011620702395598315
2023-01-02 21:55:00+00:00,,0.0020923104062542386,,
2023-01-02 23:00:00+00:00,,,,-0.007077708140448613
2023-01-04 12:35:00+00:00,,,,-0.0008409684529212536
2023-01-04 14:25:00+00:00,,,-0.0031628489142118132,
2023-01-04 17:30:00+00:00,,0.0032116721417916327,,
2023-01-04 22:30:00+00:00,,,,-0.007504151799804459
2023-01-06 20:40:00+00:00,,0.004279185298527111,,
2023-01-07 02:45:00+00:00,,,,0.001954855791924448
2023-01-07 10:30:00+00:00,,,-0.0056497491671785305,
2023-01-09 05:00:00+00:00,,0.008964318850428699,,
2023-01-09 15:45:00+00:00,,0.002074519051886492,,
2023-01-09 20:55:00+00:00,,,0.0020145210233528665,
2023-01-09 23:05:00+00:00,,,,0.006933817723897784
2023-01-10 22:25:00+00:00,,,,-0.0005888087023517841
2023-01-11 01:25:00+00:00,,,,-0.0046583372621819
2023-01-11 15:45:00+00:00,,,-0.003388281646958924,
2023-01-11 16:25:00+00:00,,-0.00617453236319887,,
2023-01-11 23:25:00+00:00,,0.004093647494509467,,
2023-01-12 04:35:00+00:00,,0.00975879484974529,,
2023-01-12 05:25:00+00:00,,,,0.03566575540992001
2023-01-12 12:30:00+00:00,0.012984999999999802,,,
2023-01-12 21:10:00+00:00,,,,0.02171602608282619
2023-01-13 14:55:00+00:00,0.012984999999999802,,,
2023-01-13 15:00:00+00:00,,,,-0.008770458732307751
2023-01-13 15:10:00+00:00,,0.01517986428728757,,
2023-01-13 16:15:00+00:00,,,,-0.005359930592372164
2023-01-13 21:35:00+00:00,0.012984999999999802,,,
2023-01-13 23:20:00+00:00,,,,0.01964522491502474
2023-01-14 04:40:00+00:00,0.06036276926195239,,,
2023-01-14 05:10:00+00:00,,,,0.03767922535295809
2023-01-14 05:15:00+00:00,,0.04788605967545578,,
2023-01-15 09:10:00+00:00,,,0.17157666084868084,
2023-01-16 01:10:00+00:00,0.012984999999999802,,,
2023-01-16 01:20:00+00:00,,,,-0.012353942390116779
2023-01-16 03:05:00+00:00,,,,-0.013068736988991692
2023-01-16 08:05:00+00:00,-0.02198000000000011,,,
2023-01-16 08:30:00+00:00,,,-0.01834216201883332,
2023-01-16 20:35:00+00:00,,,,-0.01099630256400519
2023-01-17 01:10:00+00:00,-0.02198000000000011,,,
2023-01-17 02:20:00+00:00,,,-0.016938132242109938,
2023-01-17 14:25:00+00:00,,,,-0.008585214549157838
2023-01-18 14:25:00+00:00,,,,-0.01005442526149003
2023-01-20 06:45:00+00:00,,,-0.010518271135817603,
2023-01-21 00:10:00+00:00,,,,0.03470234957332052
2023-01-21 00:40:00+00:00,0.04354186265286941,,,
2023-01-21 01:40:00+00:00,,0.05527908924710534,,
2023-01-21 09:40:00+00:00,0.012985000000000024,,,
2023-01-21 10:25:00+00:00,,,,0.009070618718794332
2023-01-21 10:30:00+00:00,,-0.020494279140721217,,
2023-01-21 18:10:00+00:00,,,,-0.011992442884397714
2023-01-22 02:45:00+00:00,,,0.06463402246788941,
2023-01-22 20:05:00+00:00,-0.02198000000000011,,,
2023-01-25 21:35:00+00:00,,0.010142245691071583,,
2023-01-25 22:10:00+00:00,,,,-0.002002003988858969
2023-01-25 22:55:00+00:00,,-0.01910596491551142,,
2023-01-26 10:45:00+00:00,,,-0.014977833032653654,
2023-01-27 20:00:00+00:00,0.012984999999999802,,,
2023-01-29 20:00:00+00:00,,,,-0.0061867268217293825
2023-01-30 09:05:00+00:00,,,0.00026679218798908444,
2023-02-02 00:40:00+00:00,0.012984999999999802,,,
2023-02-02 01:30:00+00:00,,0.019250319199121124,,
2023-02-02 02:05:00+00:00,,,,-0.002851008924435572
2023-02-02 06:25:00+00:00,-0.02198,,,
2023-02-02 21:55:00+00:00,,,-0.0006627203504746548,
2023-02-06 22:05:00+00:00,,-0.013083627544723586,,
2023-02-08 15:15:00+00:00,,-0.01661450732231118,,
2023-02-12 10:10:00+00:00,,,,-0.004355899978109368
2023-02-12 17:50:00+00:00,,,,-0.003372821275544169
2023-02-12 22:10:00+00:00,,,-0.009667891367959092,
2023-02-13 09:15:00+00:00,,,-0.011136581995864092,
2023-02-14 15:40:00+00:00,,-0.020940667505591093,,-0.01368181301267235
2023-02-15 12:00:00+00:00,,0.018046681284891397,,
2023-02-15 12:10:00+00:00,0.012984999999999802,,,
2023-02-15 14:20:00+00:00,,,,0.009546347737544592
2023-02-15 18:45:00+00:00,0.012985000000000024,,,
2023-02-15 19:10:00+00:00,,0.017255926227004004,,
2023-02-16 00:55:00+00:00,,,,0.06868167702878236
2023-02-16 01:35:00+00:00,0.059142491856424506,0.059142491856424506,,
2023-02-16 15:50:00+00:00,0.012984999999999802,,,
2023-02-16 16:10:00+00:00,-0.021993854108883437,,,-0.010454100348059936
2023-02-16 20:25:00+00:00,-0.02198,,,
2023-02-17 22:35:00+00:00,0.012984999999999802,,,
2023-02-19 16:35:00+00:00,,,,-0.010952802857079225
2023-02-20 00:55:00+00:00,,,0.10898116668424507,
2023-02-20 01:10:00+00:00,,-0.03821277083248209,,
2023-02-20 09:45:00+00:00,0.012985000000000024,,,
2023-02-20 14:20:00+00:00,,0.01837525758972447,,
2023-02-21 15:15:00+00:00,-0.02198000000000011,,,
2023-02-21 16:20:00+00:00,,,-0.00831700541253444,
2023-02-23 11:25:00+00:00,-0.02198000000000011,,,
2023-02-23 11:35:00+00:00,,-0.027010051450827688,-0.018119950876906654,
2023-02-26 19:10:00+00:00,,,,-0.003902774328818248
2023-02-26 22:20:00+00:00,,,,-0.005862894482784653
2023-02-27 15:40:00+00:00,,,,-0.00445699394141863
2023-02-27 16:10:00+00:00,-0.02198000000000011,-0.01687487661086795,,
2023-02-28 21:15:00+00:00,,,-0.005808253325828239,
2023-03-01 09:10:00+00:00,,,,-0.007133510522373543
2023-03-02 13:10:00+00:00,-0.02198000000000011,,,
2023-03-02 14:10:00+00:00,,-0.023302876927183913,,
2023-03-02 14:15:00+00:00,,,-0.009024877905482453,
2023-03-03 01:30:00+00:00,,,-0.028462403631827504,
2023-03-05 02:35:00+00:00,,-0.017203452105177375,,
2023-03-07 14:50:00+00:00,,,-0.012400750823707174,
2023-03-11 01:10:00+00:00,0.012984999999999802,,,
2023-03-11 07:20:00+00:00,,,-0.023182725782360025,
2023-03-11 07:35:00+00:00,-0.02197999999999989,,,
2023-03-12 19:30:00+00:00,,-0.01749447009494065,,
2023-03-12 22:05:00+00:00,0.014077117605489242,,,
2023-03-12 23:45:00+00:00,,0.04047750552104534,,
2023-03-13 02:25:00+00:00,0.04625533950763128,,,
2023-03-13 06:05:00+00:00,0.007989999999999942,,,
2023-03-13 09:55:00+00:00,,,0.07782908095570384,
2023-03-13 14:05:00+00:00,,0.031043470783183702,,
2023-03-13 15:50:00+00:00,,,,0.04237085605540347
2023-03-13 19:05:00+00:00,0.07683891995156067,,,
2023-03-13 19:25:00+00:00,,0.04530469984005614,,
2023-03-14 05:20:00+00:00,,,,-0.013718705333268577
2023-03-14 05:25:00+00:00,-0.02198,,,
2023-03-14 12:30:00+00:00,0.007989999999999942,,,
2023-03-14 13:20:00+00:00,,,,0.021414973230937884
2023-03-14 16:45:00+00:00,0.02578111059647048,,,
2023-03-14 18:50:00+00:00,,-0.03202934756815756,,
2023-03-14 19:25:00+00:00,,,0.05306997412980308,
2023-03-15 11:20:00+00:00,-0.02198,,,
2023-03-17 01:25:00+00:00,0.007990000000000164,,,
2023-03-17 05:30:00+00:00,0.012113425374629117,,,
2023-03-17 10:00:00+00:00,0.007989999999999942,,,
2023-03-17 10:35:00+00:00,0.007989999999999942,,,
2023-03-17 10:45:00+00:00,,0.03560498529374079,,
2023-03-17 12:25:00+00:00,,,,0.004520723198651266
2023-03-17 21:35:00+00:00,0.007990000000000164,,,
2023-03-17 21:50:00+00:00,,,,-0.011492953235105796
2023-03-17 23:30:00+00:00,0.007989999999999942,,,
2023-03-17 23:45:00+00:00,,,,-0.01603493950025059
2023-03-18 16:30:00+00:00,-0.02198,-0.024290980168597542,,
2023-03-18 16:40:00+00:00,,,0.0900567469867779,
2023-03-19 16:30:00+00:00,0.007990000000000164,,,
2023-03-19 20:20:00+00:00,,,,0.0066960521379941795
2023-03-19 21:05:00+00:00,0.007989999999999942,,,
2023-03-20 01:40:00+00:00,,,0.00676174781254657,
2023-03-20 02:05:00+00:00,,-0.021763210036450986,,
2023-03-20 09:25:00+00:00,,,,-0.011749254605211479
2023-03-20 11:05:00+00:00,0.007989999999999942,,,
2023-03-20 15:55:00+00:00,,-0.021171204413473088,,
2023-03-20 16:15:00+00:00,,,-0.024434356123196443,
2023-03-21 16:35:00+00:00,0.007989999999999942,,,
2023-03-22 15:50:00+00:00,,,,-0.009434523875914924
2023-03-22 18:35:00+00:00,-0.02198,,,
2023-03-22 19:20:00+00:00,,,-0.030732539238821466,
2023-03-23 05:30:00+00:00,0.007989999999999942,,,
2023-03-23 13:25:00+00:00,,,-0.0144140683672358,
2023-03-24 09:10:00+00:00,,,-0.02061302335775217,
2023-03-24 17:20:00+00:00,-0.02198,,,
2023-03-27 06:10:00+00:00,,,-0.007084635244748894,
2023-03-29 10:30:00+00:00,0.012215355777145165,,,
2023-03-30 02:25:00+00:00,,0.02482783263859889,,
2023-03-30 03:05:00+00:00,-0.02198,,,
2023-03-30 03:10:00+00:00,,,,-0.01334285821356962
2023-03-30 14:40:00+00:00,,,0.03637937654084267,
2023-04-01 02:00:00+00:00,0.007989999999999942,,,
2023-04-01 07:35:00+00:00,,,-0.003956937994027743,
2023-04-02 15:10:00+00:00,,-0.01770917645232606,,
2023-04-03 17:00:00+00:00,,-0.010638515414991279,-0.017736674201886182,
2023-04-03 20:10:00+00:00,-0.02198,,,
2023-04-04 16:10:00+00:00,,,-0.009680236052849178,
2023-04-05 14:15:00+00:00,,,-0.018424101820423866,
2023-04-07 06:35:00+00:00,,,-0.008069097708378159,
2023-04-08 12:35:00+00:00,,,-0.0047741886776864195,
2023-04-09 06:50:00+00:00,,,-0.006336996626889468,
2023-04-10 16:05:00+00:00,,,,-0.007089576657823615
2023-04-10 21:30:00+00:00,0.007990000000000164,,,
2023-04-10 21:55:00+00:00,,0.021433110494370577,,
2023-04-11 02:05:00+00:00,0.012467075144999118,,,
2023-04-11 03:00:00+00:00,,,,0.04658236214846245
2023-04-11 03:05:00+00:00,,0.011769679371924191,,
2023-04-11 19:15:00+00:00,,0.013905822326702566,,
2023-04-11 19:40:00+00:00,,,,-0.008620896279913581
2023-04-12 02:15:00+00:00,,,0.028583583792346268,
2023-04-12 15:10:00+00:00,-0.02198000000000011,,,
2023-04-13 15:10:00+00:00,,,,-0.00954694883402496
2023-04-14 02:45:00+00:00,,,,-0.001491005354163799
2023-04-14 07:55:00+00:00,,,,-0.007345118168419429
2023-04-14 15:25:00+00:00,,-0.02152793086638649,,
2023-04-16 12:20:00+00:00,,-0.009854477876106271,,
2023-04-17 00:25:00+00:00,,-0.012170266395077789,,
2023-04-18 11:15:00+00:00,,0.010499062815112703,,
2023-04-18 18:05:00+00:00,,,-0.01094196517072421,
2023-04-19 08:05:00+00:00,-0.02198,,,
2023-04-19 08:10:00+00:00,,-0.01848023242460295,,
2023-04-23 00:55:00+00:00,,,-0.0101208968576878,
2023-04-24 01:30:00+00:00,,,,-0.00800184612488386
2023-04-24 08:00:00+00:00,,-0.011119227370773754,,
2023-04-24 16:55:00+00:00,,-0.021085104718252534,,
2023-04-25 22:30:00+00:00,0.009042490135560133,,,
2023-04-26 01:15:00+00:00,,0.016256795429503423,,
2023-04-26 06:10:00+00:00,0.007989999999999942,,,
2023-04-26 08:25:00+00:00,,0.013629698493651254,,
2023-04-26 14:20:00+00:00,,,,0.053430136563230146
2023-04-26 16:20:00+00:00,0.024699960031119073,,,
2023-04-26 17:25:00+00:00,,0.03435700254706431,,
2023-04-26 19:25:00+00:00,,,0.040425396658611,
2023-04-27 01:25:00+00:00,0.007989999999999942,,,
2023-04-27 04:55:00+00:00,0.007989999999999942,,,
2023-04-28 03:25:00+00:00,,,-0.020336930283109234,
2023-04-28 13:40:00+00:00,-0.02198,,,
2023-04-28 15:10:00+00:00,,-0.007040444156709902,,
2023-04-30 15:45:00+00:00,,,,0.005675960603736208
2023-04-30 19:15:00+00:00,-0.02198,-0.013226358398795712,,
2023-05-03 21:20:00+00:00,0.007989999999999942,,,
2023-05-03 22:45:00+00:00,,0.01988178275827268,,
2023-05-04 12:15:00+00:00,,,,0.005960974148109921
2023-05-04 13:30:00+00:00,,,-0.005335419410142372,
2023-05-05 03:50:00+00:00,,,,-0.00982942426084532
2023-05-05 07:40:00+00:00,,,-0.01365673998929473,
2023-05-05 13:30:00+00:00,,-0.005407780499142367,,
2023-05-05 16:00:00+00:00,0.007990000000000164,,,
2023-05-06 00:35:00+00:00,0.007989999999999942,,,
2023-05-06 01:20:00+00:00,,,,-0.0019275162389912337
2023-05-06 13:35:00+00:00,,-0.02415617502709544,,
2023-05-10 13:15:00+00:00,,,,-0.0036443339681275777
2023-05-11 14:00:00+00:00,,-0.025996150567486276,,
2023-05-13 14:55:00+00:00,,-0.002467815298507481,,
2023-05-13 18:45:00+00:00,0.007989999999999942,,,
2023-05-14 16:55:00+00:00,,,,-0.0047219589422108355
2023-05-15 06:15:00+00:00,,0.007225580849329338,,
2023-05-15 11:45:00+00:00,,,,0.0027910193163540598
2023-05-15 16:45:00+00:00,,,,-0.008564223761422407
2023-05-15 17:05:00+00:00,,0.006023831897731258,,
2023-05-15 17:45:00+00:00,,,,-0.007797537108148456
2023-05-17 21:50:00+00:00,,0.009024933705437999,,
2023-05-18 01:40:00+00:00,,,0.006727051123947447,
2023-05-18 05:45:00+00:00,,,,-0.008179269988498827
2023-05-18 17:35:00+00:00,-0.02198,,,
2023-05-19 15:25:00+00:00,,0.003885500147860599,,
2023-05-21 04:55:00+00:00,,,,-0.0042810226300408205
2023-05-21 10:45:00+00:00,,-0.013690691330995097,,
2023-05-22 13:30:00+00:00,,0.004048584173668601,,
2023-05-23 06:35:00+00:00,,,,0.0013176048597045575
2023-05-23 06:50:00+00:00,,,-0.0034947435887585643,
2023-05-23 08:55:00+00:00,,0.005247601408398195,,
2023-05-24 03:30:00+00:00,-0.02198000000000011,,,
2023-05-25 13:50:00+00:00,,,-0.008205048733599618,
2023-05-25 19:10:00+00:00,,0.007053285874224935,,
2023-05-26 14:50:00+00:00,,,,0.0027158448267392554
2023-05-27 07:55:00+00:00,,-0.004241838452199276,,
2023-05-28 04:45:00+00:00,,0.005223272143229041,,
2023-05-28 05:25:00+00:00,,,,0.005796854604456447
2023-05-28 11:25:00+00:00,,,,-0.005844994965635619
2023-05-28 17:40:00+00:00,,0.004194156701852858,,
2023-05-28 18:30:00+00:00,,,,0.0057888368957721426
2023-05-29 00:45:00+00:00,,,,0.015581771848335091
2023-05-29 02:05:00+00:00,,0.025360932493477817,,
2023-05-29 02:45:00+00:00,,,-0.000592576923076904,
2023-05-31 04:45:00+00:00,-0.02198,,,
2023-06-02 22:05:00+00:00,,0.004474095074570306,,
2023-06-03 17:20:00+00:00,,,,-0.005772600286521823
2023-06-04 12:05:00+00:00,,,-0.0010286220875991292,
2023-06-04 22:15:00+00:00,,0.003644442463268449,,
2023-06-04 22:25:00+00:00,,,,-0.004008776468097719
2023-06-04 23:25:00+00:00,,-0.00984677598217143,,
2023-06-06 12:10:00+00:00,,-0.021148932419468802,,
2023-06-06 21:20:00+00:00,0.030871309671535174,,,
2023-06-06 21:30:00+00:00,,0.029982219070135097,,
2023-06-06 23:25:00+00:00,0.007989999999999942,,,
2023-06-07 01:25:00+00:00,,,0.019397319941465874,
2023-06-07 02:00:00+00:00,,,,-0.008095355741609689
2023-06-10 18:20:00+00:00,-0.02198000000000011,-0.012572401374351339,,
2023-06-11 00:40:00+00:00,,,,-0.0013189311539916204
2023-06-11 22:40:00+00:00,,,,-0.002105030597371993
2023-06-13 12:55:00+00:00,,,,-0.0012747355495191792
2023-06-14 05:35:00+00:00,,,,-0.007165273997519761
2023-06-14 18:05:00+00:00,,,,-0.00927116550173257
2023-06-15 21:15:00+00:00,0.012984999999999802,,,
2023-06-16 00:15:00+00:00,,,0.0028338024943574958,
2023-06-16 03:25:00+00:00,,,,0.015007754175394572
2023-06-16 12:25:00+00:00,,0.003354630588378038,,
2023-06-16 17:05:00+00:00,0.012984999999999802,,,
2023-06-16 21:10:00+00:00,,0.012144129213407462,,
2023-06-16 21:45:00+00:00,,,0.000848027401993745,
2023-06-17 01:05:00+00:00,,,,0.024334739195955413
2023-06-17 05:40:00+00:00,0.012984999999999802,0.008578459658849624,,
2023-06-17 10:10:00+00:00,,,,0.0005484855735948813
2023-06-17 12:00:00+00:00,,-0.012969821661205083,,
2023-06-18 11:15:00+00:00,,,,-0.006348298126639285
2023-06-18 20:20:00+00:00,,,,-0.008822549562652937
2023-06-19 16:30:00+00:00,,,,-0.006481399735917992
2023-06-19 18:55:00+00:00,,-0.010853712681292649,,
2023-06-20 00:55:00+00:00,,0.005968124445562717,,
2023-06-20 01:10:00+00:00,0.012984999999999802,,,
2023-06-20 05:30:00+00:00,,,,0.010467630542907447
2023-06-20 05:55:00+00:00,,-0.010332290382615517,,
2023-06-20 17:45:00+00:00,0.012985000000000024,,,
2023-06-20 21:40:00+00:00,0.012985000000000024,,,
2023-06-20 21:50:00+00:00,,0.033863299389750745,,
2023-06-21 01:00:00+00:00,,0.009742999576158207,,
2023-06-21 08:40:00+00:00,,,0.055980507709251226,
2023-06-21 10:30:00+00:00,0.012984999999999802,0.010536755264162201,,
2023-06-21 17:10:00+00:00,0.027678408350086725,,,
2023-06-21 19:05:00+00:00,,0.017938824865795677,,
2023-06-21 19:25:00+00:00,,,0.005141480886346805,
2023-06-21 21:00:00+00:00,,,,0.1011903443194262
2023-06-22 12:35:00+00:00,,-0.005271301566950548,,
2023-06-22 14:40:00+00:00,-0.02198000000000011,,,
2023-06-23 16:25:00+00:00,0.024711331131578085,,,
2023-06-23 18:50:00+00:00,,,-0.0016853085381629551,
2023-06-23 21:30:00+00:00,,,,0.01985294997423681
2023-06-24 08:45:00+00:00,,-0.006452817995353133,,
2023-06-24 15:30:00+00:00,,,,-0.01336765562108777
2023-06-25 06:15:00+00:00,,,-0.007255911912432134,
2023-06-25 09:20:00+00:00,,-0.01384118014063962,,-0.004841179037809673
2023-06-26 01:10:00+00:00,-0.02198,,,
2023-06-26 07:35:00+00:00,,-0.010747101594569708,,
2023-06-26 09:25:00+00:00,,,-0.010020080251632368,
2023-06-26 10:05:00+00:00,,,,-0.015546050555278357
2023-06-26 14:40:00+00:00,,-0.011228290933182894,,
2023-06-26 16:45:00+00:00,,,,-0.017893287000349867
2023-06-27 14:05:00+00:00,0.012985000000000024,,,
2023-06-27 20:25:00+00:00,,,,0.001495130239218323
2023-06-28 02:50:00+00:00,-0.02198,-0.01151427832629115,,
2023-06-29 14:05:00+00:00,,,-0.005700230257766892,
2023-06-29 20:20:00+00:00,,-0.01202803574907818,,0.0038499701706762313
2023-06-30 04:35:00+00:00,0.012984999999999802,,,
2023-06-30 05:55:00+00:00,,,-0.006352060347754485,
2023-06-30 10:25:00+00:00,,,,0.0018487712228465458
2023-06-30 13:35:00+00:00,-0.02198,-0.011701999528680118,,
2023-07-01 11:15:00+00:00,,-0.00265441112858833,,
2023-07-01 22:35:00+00:00,,,,-0.0010573769403786626
2023-07-02 15:20:00+00:00,,,,-0.007874380055684749
2023-07-02 22:25:00+00:00,,0.004332994308355209,,
2023-07-02 22:40:00+00:00,,,,-0.007112434607651874
2023-07-02 22:45:00+00:00,,-0.00824225892764252,,
2023-07-03 12:05:00+00:00,,,,-0.008662931781024508
2023-07-03 15:00:00+00:00,0.012984999999999802,,,
2023-07-03 19:05:00+00:00,,0.006360117681735611,,
2023-07-03 21:25:00+00:00,,-0.009639159688759391,,
2023-07-04 00:55:00+00:00,,,,0.007660932102974138
2023-07-05 10:55:00+00:00,-0.02198,,,
2023-07-06 01:20:00+00:00,,-0.008884434705645927,,
2023-07-06 11:45:00+00:00,,0.008647862213076785,,
2023-07-06 11:50:00+00:00,,,,0.006646579912162887
2023-07-06 11:55:00+00:00,,,0.004706963281341459,
2023-07-06 12:30:00+00:00,-0.02198,,,
2023-07-07 00:00:00+00:00,-0.02198,,,
2023-07-08 01:05:00+00:00,,,,-0.00335100186148396
2023-07-08 19:15:00+00:00,,,,-0.006424615189585592
2023-07-09 02:45:00+00:00,,,-0.005792840260871124,
2023-07-09 05:25:00+00:00,,,,-0.0037391197758041006
2023-07-10 20:40:00+00:00,,,,0.010469737664023482
2023-07-10 21:55:00+00:00,,,-0.000414570871817288,
2023-07-11 06:50:00+00:00,,0.0034555735853560865,,
2023-07-12 08:45:00+00:00,,-0.003964843349719138,,
2023-07-13 12:35:00+00:00,,,-0.005653881243909642,
2023-07-13 15:25:00+00:00,,0.005271296346462728,,
2023-07-13 16:00:00+00:00,,,,-0.007247848749401875
2023-07-13 18:05:00+00:00,0.012984999999999802,,,
2023-07-13 18:30:00+00:00,,,,-0.0015521708581737181
2023-07-13 19:25:00+00:00,0.012985000000000024,,,
2023-07-13 20:30:00+00:00,,,,-0.002047683200359751
2023-07-13 21:05:00+00:00,-0.02198,,,
2023-07-13 21:10:00+00:00,,,-0.02060239746913839,
2023-07-13 21:15:00+00:00,,0.005744081282320179,,
2023-07-16 16:25:00+00:00,,,-0.003968508180297703,
2023-07-17 17:15:00+00:00,,-0.010202982262919158,,
2023-07-18 11:55:00+00:00,,-0.01432837709979784,,
2023-07-18 16:45:00+00:00,-0.02198,,,
2023-07-19 06:25:00+00:00,,,-0.000715014729991359,
2023-07-20 12:30:00+00:00,,,,-0.00024271147181242902
2023-07-20 14:35:00+00:00,,-0.013951831430299766,,
2023-07-23 07:25:00+00:00,,,-0.00433302553379078,
2023-07-23 17:15:00+00:00,,0.002583795490483709,,
2023-07-23 19:20:00+00:00,,,,0.002196160895757693
2023-07-23 20:00:00+00:00,,,-0.006527043070633898,
2023-07-24 01:35:00+00:00,,-0.009175265090544227,,
2023-07-26 18:15:00+00:00,,,,-0.00574264158292781
2023-07-26 19:05:00+00:00,,,,-0.005952259021860806
2023-07-26 21:25:00+00:00,,,,-0.0009319052250367221
2023-07-26 23:45:00+00:00,,-0.011546204444031094,,
2023-07-28 16:10:00+00:00,,,-0.0062781816917106825,
2023-07-29 07:55:00+00:00,,-0.006774773700670478,,
2023-07-30 19:50:00+00:00,,-0.007005672374932881,,
2023-07-30 20:00:00+00:00,-0.02198,,,
2023-07-31 00:50:00+00:00,,,,-0.0030058025000904154
2023-07-31 04:00:00+00:00,,0.0025710200665869376,,
2023-08-01 23:05:00+00:00,,0.004458233064944306,,
2023-08-02 00:45:00+00:00,0.014245017848120378,,,
2023-08-02 01:55:00+00:00,,,,0.008801335283431966
2023-08-02 03:30:00+00:00,,,0.016550846305078304,
2023-08-02 03:35:00+00:00,,0.005327273886305051,,
2023-08-05 18:15:00+00:00,,-0.004337924644842506,,
2023-08-06 21:35:00+00:00,,,,-0.002105360994674399
2023-08-06 21:50:00+00:00,,-0.006634303834222477,,
2023-08-07 05:25:00+00:00,,,,-0.0040932769454842255
2023-08-07 06:35:00+00:00,,-0.0065062940182243345,,
2023-08-07 21:50:00+00:00,,,,-0.003840093700883007
2023-08-07 23:40:00+00:00,,0.002582135085995585,,
2023-08-08 07:25:00+00:00,,,,-0.004458530471534661
2023-08-08 13:00:00+00:00,0.012985000000000024,,,
2023-08-08 13:05:00+00:00,,,,0.006043591580726204
2023-08-08 17:45:00+00:00,,0.005043647482760205,,
2023-08-08 18:45:00+00:00,,,,0.002851657137236341
2023-08-08 19:40:00+00:00,0.009814792661382521,,,
2023-08-08 21:15:00+00:00,,0.00549286432335605,,
2023-08-08 21:20:00+00:00,0.007990000000000164,,,
2023-08-08 21:25:00+00:00,,,,-0.0001460814691204293
2023-08-09 16:45:00+00:00,-0.02198,,,
2023-08-13 19:45:00+00:00,,-0.00011925509361843112,,
2023-08-13 20:05:00+00:00,,-0.0030865134934511262,,
2023-08-13 21:40:00+00:00,,,-0.004885818355575111,
2023-08-14 04:45:00+00:00,,0.0008759717461666039,,
2023-08-14 08:55:00+00:00,,,,-0.0038688880857634667
2023-08-14 12:20:00+00:00,,-0.0038408553326825245,,
2023-08-14 15:00:00+00:00,,,,-0.001811398099943684
2023-08-14 16:45:00+00:00,,0.004454779792087082,,
2023-08-14 17:05:00+00:00,,,,-0.0010482324976206492
2023-08-14 17:15:00+00:00,,-0.004451877477604227,,
2023-08-16 16:10:00+00:00,-0.02198,,,
2023-08-16 20:25:00+00:00,,-0.0053260402088763925,,
2023-08-17 00:35:00+00:00,-0.02198,,,
2023-08-17 15:35:00+00:00,-0.02198,,,
2023-08-17 21:40:00+00:00,-0.02198,,,
2023-08-18 04:25:00+00:00,-0.02198,,,
2023-08-18 14:50:00+00:00,-0.02198000000000011,-0.026048342799089075,,
2023-08-20 21:35:00+00:00,,,,-0.007157748833426458
2023-08-21 21:30:00+00:00,,0.005053872032982021,,
2023-08-22 17:40:00+00:00,-0.02198,,,
2023-08-23 06:45:00+00:00,,0.007089727297188375,,
2023-08-23 16:15:00+00:00,,0.007690252504601203,,
2023-08-23 19:25:00+00:00,0.017679176865931234,,,
2023-08-23 19:40:00+00:00,0.007989999999999942,0.007726623569002555,,
2023-08-23 20:00:00+00:00,,,,0.010850808099716502
2023-08-23 21:55:00+00:00,,,-0.013930665083860094,
2023-08-24 14:30:00+00:00,-0.02198,,,
2023-08-27 15:55:00+00:00,,,,-0.004137287617844487
2023-08-28 12:35:00+00:00,,,,-0.004765799655605307
2023-08-28 14:35:00+00:00,,0.0019070698417829046,,
2023-08-28 19:25:00+00:00,,,-0.010936907827784337,
2023-08-29 03:20:00+00:00,,-0.005245642126118444,,
2023-08-29 14:50:00+00:00,,,,0.040245379845120555
2023-08-29 16:45:00+00:00,,0.06354539577114116,,
2023-08-29 17:50:00+00:00,,,,0.002389848518822957
2023-08-29 19:25:00+00:00,0.06444730545370403,,,
2023-08-29 20:50:00+00:00,,-0.010628861990589433,0.0034414174407106923,
2023-08-30 13:35:00+00:00,-0.02198,,,
2023-08-31 11:40:00+00:00,0.007989999999999942,,,
2023-08-31 15:40:00+00:00,-0.02198,,,
2023-09-01 17:25:00+00:00,-0.02198000000000011,,,
2023-09-02 20:40:00+00:00,,-0.0014232298160696821,,
2023-09-03 12:35:00+00:00,0.007989999999999942,,,
2023-09-03 21:20:00+00:00,,,,-0.0059505723420335555
2023-09-04 03:30:00+00:00,,-0.005263329119523208,,
2023-09-06 17:05:00+00:00,-0.02198,,,
2023-09-06 18:10:00+00:00,,,,-0.00653431535837945
2023-09-06 18:25:00+00:00,,-0.010098235498839925,,
2023-09-07 21:00:00+00:00,,0.0052931443241148735,,
2023-09-07 21:10:00+00:00,,,,0.002558470750843256
2023-09-07 21:25:00+00:00,,,,-0.006847905293243417
2023-09-07 23:30:00+00:00,,-0.006912697166106874,,
2023-09-08 01:05:00+00:00,,,,-0.007644698190560684
2023-09-08 10:15:00+00:00,,,-0.004813984196467724,
2023-09-10 13:25:00+00:00,,,-0.00743819748219543,
2023-09-10 20:35:00+00:00,,-0.004578508313379581,,
2023-09-10 22:30:00+00:00,,0.0024832873859745863,,
2023-09-10 22:50:00+00:00,,,,-0.005382040686241485
2023-09-11 07:10:00+00:00,,-0.005170845565093063,,
2023-09-11 12:00:00+00:00,,,-0.012475904992853448,
2023-09-12 07:45:00+00:00,,0.007946062016056743,,
2023-09-12 10:20:00+00:00,0.012984999999999802,,,
2023-09-12 10:35:00+00:00,,-0.009482352666481009,,-0.0009492368422558961
2023-09-12 14:25:00+00:00,,,,-0.009573626897316556
2023-09-12 16:30:00+00:00,,0.010605471885602125,,
2023-09-12 16:45:00+00:00,,,,-0.009937541092501223
2023-09-12 23:50:00+00:00,,,-0.00011907336332150908,
2023-09-14 12:25:00+00:00,,,,-0.008253144486638053
2023-09-14 21:45:00+00:00,,,,-0.003836155241660477
2023-09-15 12:40:00+00:00,,,0.008990001181748086,
2023-09-15 23:15:00+00:00,,,,-0.0075643330713470736
2023-09-16 04:25:00+00:00,,-0.0074697575551884166,,
2023-09-16 06:50:00+00:00,,,-0.0015235558209316657,
2023-09-18 02:35:00+00:00,,,,-0.005279407529199531
2023-09-18 04:40:00+00:00,,-0.005146306214521168,,
2023-09-18 13:15:00+00:00,,0.01470128271266935,,
2023-09-18 13:40:00+00:00,,,,0.016590258547698244
2023-09-18 13:50:00+00:00,,-0.006040623808236112,,
2023-09-18 17:20:00+00:00,-0.011990000000000056,,,
2023-09-18 18:25:00+00:00,,,0.005067356452521432,
2023-09-19 09:45:00+00:00,,,,-0.007343026189949309
2023-09-19 10:25:00+00:00,-0.011990000000000056,,,
2023-09-19 13:55:00+00:00,,-0.0075384384672720905,,
2023-09-19 15:45:00+00:00,,,,-0.008628850544433075
2023-09-19 16:50:00+00:00,,-0.008648345576918737,,-0.008950309337351858
2023-09-21 00:55:00+00:00,,-0.008874403335473846,,
2023-09-21 09:35:00+00:00,,,-0.0026312834995230183,
2023-09-24 18:15:00+00:00,,,,-0.001296015838486042
2023-09-24 18:20:00+00:00,,-0.004094978600082899,,
2023-09-24 23:55:00+00:00,,,-0.018314391793460616,
2023-09-25 17:20:00+00:00,,-0.005859481950573953,,
2023-09-27 12:40:00+00:00,,,,0.008000124536719833
2023-09-27 13:30:00+00:00,,0.010067237417346941,,
2023-09-27 14:15:00+00:00,-0.011990000000000056,,,
2023-09-27 15:55:00+00:00,,,-0.00154566054294214,
2023-09-28 01:00:00+00:00,,-0.006409854616026833,,
2023-09-28 16:50:00+00:00,,0.010354591383513911,,
2023-09-28 16:55:00+00:00,,,,0.006129070666215153
2023-09-28 18:45:00+00:00,,-0.007383269110584734,,
2023-09-29 14:05:00+00:00,-0.011989999999999945,,,
2023-10-01 10:40:00+00:00,,,,-0.0016084739156113637
2023-10-01 22:35:00+00:00,,,,0.02077454729344197
2023-10-02 03:40:00+00:00,,0.00855770493804564,,
2023-10-02 05:40:00+00:00,,,,-0.004806009611628803
2023-10-02 07:30:00+00:00,0.012985000000000024,,,
2023-10-02 09:15:00+00:00,,,,0.0002006891860286686
2023-10-02 14:05:00+00:00,,,,-0.00790192659098432
2023-10-02 15:45:00+00:00,,-0.00907534903854812,,
2023-10-02 22:10:00+00:00,,,0.03684797063562639,
2023-10-05 02:25:00+00:00,,,,-0.007789748104553351
2023-10-05 15:00:00+00:00,,-0.00780979495333356,,-0.0016180116300968939
2023-10-05 17:05:00+00:00,,,-0.0037226357483112205,
2023-10-06 17:35:00+00:00,,0.009695075647227602,,
2023-10-06 23:00:00+00:00,,,,-0.007936435958220578
2023-10-10 01:05:00+00:00,,-0.006957562126160388,,
2023-10-10 13:10:00+00:00,,,-0.009878654450373614,
2023-10-11 02:30:00+00:00,-0.02198000000000011,,,
2023-10-11 15:55:00+00:00,,,-0.017612862304419163,
2023-10-13 22:50:00+00:00,,-0.006264003787905481,,
2023-10-15 21:10:00+00:00,,-0.004922251033943614,,
2023-10-15 22:45:00+00:00,,-0.004784749191224069,,
2023-10-15 22:50:00+00:00,,,,-0.004321172990493727
2023-10-16 05:15:00+00:00,0.017980000000000107,0.0026375744672750834,,
2023-10-16 09:05:00+00:00,,,,0.0005249867528240859
2023-10-16 13:05:00+00:00,,0.006109615178556016,,
2023-10-16 13:25:00+00:00,0.017980000000000107,,,
2023-10-16 13:40:00+00:00,,,,0.028308825419492978
2023-10-16 13:45:00+00:00,,-0.03915170608918417,,
2023-10-16 13:50:00+00:00,-0.05196817104907403,,,
2023-10-18 04:55:00+00:00,0.017980000000000107,,,
2023-10-18 14:30:00+00:00,-0.02198000000000011,,,
2023-10-19 15:20:00+00:00,,-0.008185534970982511,,
2023-10-19 16:35:00+00:00,,-0.00819908795262414,,
2023-10-20 04:50:00+00:00,,0.008651664130817638,,
2023-10-20 05:30:00+00:00,,-0.008623115262786807,,
2023-10-20 07:45:00+00:00,0.017980000000000107,,,
2023-10-20 10:30:00+00:00,,0.009323022343632692,,
2023-10-20 12:20:00+00:00,,,,0.027128519022512343
2023-10-21 18:00:00+00:00,0.017979999999999885,,,
2023-10-23 03:15:00+00:00,,,,-0.005685037855560737
2023-10-23 03:45:00+00:00,,0.006614451753121253,,
2023-10-23 05:45:00+00:00,0.017979999999999885,,,
2023-10-23 06:10:00+00:00,,0.007510803811127564,,
2023-10-23 07:50:00+00:00,,,,-0.001144784108434438
2023-10-23 17:05:00+00:00,,0.009516736801221004,,
2023-10-23 17:25:00+00:00,,-0.009275117848367875,,
2023-10-23 18:45:00+00:00,,,,-0.007578497578361598
2023-10-23 21:05:00+00:00,0.02106005547648082,,,
2023-10-23 22:25:00+00:00,0.017980000000000107,0.011597385617150291,,
2023-10-23 22:55:00+00:00,,,,0.055441844147465336
2023-10-24 00:45:00+00:00,0.04044679843518417,0.04044679843518417,,
2023-10-24 02:55:00+00:00,,0.026593876783199688,,
2023-10-24 04:00:00+00:00,,,,-0.027255567386835877
2023-10-24 04:15:00+00:00,0.017979999999999885,,,
2023-10-24 05:55:00+00:00,,-0.019273487343312357,,
2023-10-24 15:30:00+00:00,-0.02198000000000011,,,
2023-10-25 14:30:00+00:00,0.017979999999999885,,,
2023-10-26 11:45:00+00:00,-0.02198000000000011,,0.26480909821488385,
2023-10-27 17:55:00+00:00,,,-0.019640228710226193,
2023-10-28 11:20:00+00:00,0.017980000000000107,,,
2023-10-28 12:15:00+00:00,,,,-0.008921592148975921
2023-10-29 17:05:00+00:00,,,,-0.006479396392044645
2023-10-29 19:25:00+00:00,,-0.006365850984681232,,
2023-10-29 20:40:00+00:00,,,,-0.004277802698030575
2023-10-30 13:05:00+00:00,,,,-0.010396751598886422
2023-10-30 16:40:00+00:00,,-0.006728573135506566,,
2023-10-31 05:20:00+00:00,,,0.006913288536437134,
2023-10-31 13:35:00+00:00,,-0.0076719124491825275,,
2023-11-01 13:35:00+00:00,,-0.007730049667158623,,-0.014162915616235394
2023-11-01 22:40:00+00:00,0.017979999999999885,,,
2023-11-01 23:05:00+00:00,,0.008380981684273703,,
2023-11-02 03:30:00+00:00,,-0.009696684575574599,,
2023-11-02 04:05:00+00:00,,,,0.0024842882917284204
2023-11-02 13:40:00+00:00,-0.02197999999999989,,,
2023-11-02 15:20:00+00:00,,,0.00936261227541646,
2023-11-03 10:15:00+00:00,-0.02198,,,
2023-11-05 00:10:00+00:00,,-0.00757563416201823,,
2023-11-05 00:15:00+00:00,,,,-0.0041391850741471226
2023-11-05 03:55:00+00:00,0.017980000000000107,,,
2023-11-05 06:25:00+00:00,,,,-0.006842784056022677
2023-11-05 18:15:00+00:00,,-0.006826636998403912,,
2023-11-06 00:15:00+00:00,,,,-0.013316208505475213
2023-11-06 05:15:00+00:00,,-0.007764071163985253,,
2023-11-06 11:10:00+00:00,,-0.007836325103393826,,
2023-11-08 15:20:00+00:00,-0.02198000000000011,,,
2023-11-08 21:00:00+00:00,,0.015166112632722495,,
2023-11-09 02:20:00+00:00,,0.014860638146408922,,
2023-11-09 04:25:00+00:00,0.019267990775168276,,,
2023-11-09 10:20:00+00:00,,0.01695070131790377,,
2023-11-09 15:55:00+00:00,,,,0.030775550199959145
2023-11-09 16:10:00+00:00,,-0.023096449924622342,,
2023-11-09 16:35:00+00:00,-0.02198000000000011,,,
2023-11-09 20:35:00+00:00,,,0.026015808899629622,
2023-11-10 13:05:00+00:00,0.019402592065177027,,,
2023-11-11 22:40:00+00:00,,,0.0031467654469605755,
2023-11-13 05:25:00+00:00,,,-0.008773531130145451,
2023-11-13 14:45:00+00:00,-0.02198,,,
2023-11-14 11:45:00+00:00,,,-0.01249354520186241,
2023-11-14 15:30:00+00:00,-0.02197999999999989,,,
2023-11-15 15:45:00+00:00,0.017979999999999885,,,
2023-11-15 18:10:00+00:00,,0.019374222943767894,,
2023-11-15 22:40:00+00:00,0.017979999999999885,,,
2023-11-15 23:55:00+00:00,,0.02160771848745746,,
2023-11-16 01:50:00+00:00,,,,-0.015034206630904934
2023-11-16 13:45:00+00:00,,,0.02574092886419077,
2023-11-17 16:40:00+00:00,,,-0.01763888463633545,
2023-11-17 17:00:00+00:00,0.017979999999999885,,,
2023-11-19 14:20:00+00:00,,,-0.002400807026797347,
2023-11-19 23:00:00+00:00,0.017980000000000107,,,
2023-11-20 00:40:00+00:00,,0.008605454626007703,,
2023-11-20 14:10:00+00:00,,-0.014043628215865467,,
2023-11-21 12:05:00+00:00,,,0.01480441513339481,
2023-11-21 14:30:00+00:00,,-0.019438521970350675,,
2023-11-21 14:45:00+00:00,-0.02198,,,
2023-11-21 22:55:00+00:00,-0.02198000000000011,,,
2023-11-22 21:10:00+00:00,0.017979999999999885,,,
2023-11-23 15:30:00+00:00,-0.02198,,,
2023-11-23 15:50:00+00:00,,,0.008017453708240918,
2023-11-24 15:25:00+00:00,,0.02048914817190739,,
2023-11-24 16:50:00+00:00,,,,-0.004652332478578769
2023-11-24 16:55:00+00:00,,-0.02084462327037384,,
2023-11-25 12:20:00+00:00,,,0.007984065743183999,
2023-11-26 12:15:00+00:00,,,-0.005472214992967017,
2023-11-26 16:40:00+00:00,-0.02197999999999989,,,
2023-11-27 02:45:00+00:00,,-0.01135292326904569,,
2023-11-27 03:45:00+00:00,,,-0.013734464795565393,
2023-11-27 13:15:00+00:00,-0.02198,,,
2023-11-29 08:45:00+00:00,,0.013557896869737185,,
2023-11-29 10:25:00+00:00,,,,-0.009074322142081148
2023-11-29 16:30:00+00:00,,,0.009775247361915707,
2023-11-30 09:40:00+00:00,,,-0.01081449499706999,
2023-12-01 09:15:00+00:00,0.017980000000000107,,,
2023-12-01 12:40:00+00:00,,,,-0.0030448217733143323
2023-12-01 16:25:00+00:00,,0.012577643188089072,,
2023-12-01 23:30:00+00:00,,,,-0.006222561187208875
2023-12-02 21:10:00+00:00,0.01982473087315162,,,
2023-12-03 02:25:00+00:00,,,,0.008554220784701583
2023-12-03 17:45:00+00:00,,,,-0.00843313041339333
2023-12-03 22:20:00+00:00,,0.0121364439565681,,
2023-12-04 01:15:00+00:00,0.017979999999999885,,,
2023-12-04 07:10:00+00:00,0.01838524608321057,,,
2023-12-04 08:10:00+00:00,,0.0309534915286378,,
2023-12-04 11:10:00+00:00,,,,0.04140486241236041
2023-12-04 15:30:00+00:00,-0.02198,,,
2023-12-04 22:10:00+00:00,,0.01631719211037086,,
2023-12-04 22:45:00+00:00,,,,-0.009035690721084344
2023-12-05 07:20:00+00:00,,-0.02311877897606951,,
2023-12-05 16:40:00+00:00,0.017980000000000107,,,
2023-12-05 19:30:00+00:00,0.026896817948076635,,,
2023-12-05 22:05:00+00:00,,0.025289931604429716,,
2023-12-06 02:35:00+00:00,,,,0.02510171827908536
2023-12-08 21:25:00+00:00,,0.015104029142462005,,
2023-12-08 21:50:00+00:00,0.021778344654735493,,,
2023-12-09 08:40:00+00:00,,-0.019165207652597993,,0.0038516989460022355
2023-12-09 08:45:00+00:00,,,-0.0014040559728367707,
2023-12-09 23:30:00+00:00,-0.02198,,,
2023-12-11 01:05:00+00:00,,,,-0.012957057096812497
2023-12-11 02:00:00+00:00,-0.02198000000000011,,,
2023-12-11 17:50:00+00:00,-0.02198,,,
2023-12-12 00:20:00+00:00,0.017979999999999885,,,
2023-12-12 16:10:00+00:00,,,,-0.021244725299421785
2023-12-12 17:30:00+00:00,-0.02198000000000011,,,
2023-12-13 16:05:00+00:00,0.017980000000000107,,,
2023-12-13 19:35:00+00:00,,0.027222044955329316,,
2023-12-13 21:50:00+00:00,0.017980000000000107,,,
2023-12-14 13:25:00+00:00,-0.02198,,,
2023-12-14 13:30:00+00:00,,-0.028045405647793897,,0.02301876696534544
2023-12-14 14:25:00+00:00,,,0.013216272076372215,
2023-12-15 15:30:00+00:00,-0.02198000000000011,,,
2023-12-17 01:50:00+00:00,,,,-0.011549100388596467
2023-12-17 23:35:00+00:00,,,,-0.0214824265362058
2023-12-18 00:10:00+00:00,-0.02198,,,
2023-12-18 20:40:00+00:00,0.017979999999999885,,,
2023-12-18 22:10:00+00:00,0.017980000000000107,,,
2023-12-19 10:45:00+00:00,,0.01848485854027193,,
2023-12-19 14:15:00+00:00,,,0.0020477728980512477,
2023-12-19 14:55:00+00:00,,,,0.019008417813178857
2023-12-19 18:00:00+00:00,-0.02198,,,
2023-12-20 06:20:00+00:00,0.017980000000000107,,,
2023-12-20 15:00:00+00:00,0.018558493805618692,,,
2023-12-20 22:10:00+00:00,,,-0.011916722570222582,
2023-12-22 07:55:00+00:00,,,,0.01942374121039414
2023-12-23 02:05:00+00:00,,-0.00591890551946761,,
2023-12-23 04:10:00+00:00,,,,-0.017076761825579156
2023-12-24 05:50:00+00:00,,,,-0.008233893320713892
2023-12-24 22:10:00+00:00,-0.02198,,,
2023-12-26 05:35:00+00:00,,,,-0.019744093605140844
2023-12-26 09:45:00+00:00,-0.02198,,,
2023-12-26 17:35:00+00:00,-0.02198,,,
2023-12-27 10:25:00+00:00,0.017980000000000107,,,
2023-12-28 06:00:00+00:00,,,-0.0014449743043659646,
2023-12-28 07:15:00+00:00,,,,0.0058123370898250926
2023-12-28 16:00:00+00:00,,-0.02044861077922533,,
2023-12-29 01:00:00+00:00,-0.02198,,,
2023-12-29 15:55:00+00:00,,,,-0.017270821110468404
2023-12-29 22:20:00+00:00,-0.02198000000000011,,,
2023-12-31 02:50:00+00:00,,,-0.012729790842283761,
2023-12-31 23:25:00+00:00,,,,-0.00813315053717023
2024-01-01 15:40:00+00:00,0.017979999999999885,,,
2024-01-02 01:15:00+00:00,0.0405354864480163,,,
2024-01-02 05:05:00+00:00,,0.038446968732706255,,
2024-01-02 16:20:00+00:00,,,0.040177656501159564,
2024-01-02 21:10:00+00:00,,,,0.04249262420472677
2024-01-03 11:25:00+00:00,,,,-0.023004868768135123
2024-01-03 11:50:00+00:00,-0.02198,,,
2024-01-04 14:45:00+00:00,0.017979999999999885,,,
2024-01-04 20:35:00+00:00,0.017979999999999885,,,
2024-01-05 01:45:00+00:00,-0.02198,,,
2024-01-05 02:10:00+00:00,,,-0.012627461743293433,
2024-01-07 05:35:00+00:00,,,,-0.006649015508834455
2024-01-07 15:45:00+00:00,,,,-0.008894521177883696
2024-01-07 15:55:00+00:00,,,-0.01042223398652209,
2024-01-08 12:00:00+00:00,0.012985000000000024,,,
2024-01-08 17:55:00+00:00,0.012985000000000024,,,
2024-01-08 18:00:00+00:00,,0.01415203860443448,,
2024-01-08 21:05:00+00:00,0.01463572718451256,,,
2024-01-08 22:05:00+00:00,,0.018417878387022357,,
2024-01-09 00:35:00+00:00,,,,0.04314315576991823
2024-01-09 01:35:00+00:00,,,0.03266503706833479,
2024-01-09 12:55:00+00:00,-0.016984999999999917,,,
2024-01-09 21:20:00+00:00,-0.031027643550718298,,,-0.017918354314237606
2024-01-10 20:10:00+00:00,-0.016984999999999917,,,
2024-01-10 23:40:00+00:00,-0.019011446459227477,,,
2024-01-11 02:20:00+00:00,,,,-0.0039041925598936045
2024-01-11 06:05:00+00:00,-0.016985000000000028,,,
2024-01-11 15:10:00+00:00,0.012984999999999802,,,
2024-01-11 15:40:00+00:00,-0.016984999999999917,-0.04232622645044182,,-0.018772006651402884
2024-01-11 16:10:00+00:00,,,-0.01590663769532119,
2024-01-12 00:30:00+00:00,-0.016984999999999917,,,
2024-01-15 21:30:00+00:00,,,,-0.006958822013821031
2024-01-15 22:00:00+00:00,,,-0.016655932828935183,
2024-01-15 22:05:00+00:00,-0.016985000000000028,,,
2024-01-16 16:00:00+00:00,,0.015873260061936456,,
2024-01-17 00:15:00+00:00,,,,-0.009134953040787819
2024-01-17 12:35:00+00:00,-0.016985000000000028,,,
2024-01-18 10:40:00+00:00,,,,-0.009069885967951108
2024-01-19 23:35:00+00:00,,,,-0.0010627513129326527
2024-01-20 00:50:00+00:00,,,-0.01034002820594293,
2024-01-20 23:50:00+00:00,,,,-0.0068256725344963964
2024-01-21 15:35:00+00:00,,,,-0.007594609403009156
2024-01-21 19:40:00+00:00,,-0.004272611393334902,,
2024-01-22 03:10:00+00:00,-0.016985000000000028,,,
2024-01-23 19:10:00+00:00,-0.016985000000000028,,,
2024-01-24 03:05:00+00:00,,,,-0.014331220578420956
2024-01-24 03:45:00+00:00,,,-0.00789921346126421,
2024-01-24 10:45:00+00:00,0.012984999999999802,,,
2024-01-24 12:55:00+00:00,,,,-0.008481054278205447
2024-01-25 12:30:00+00:00,,,,-0.012013999699580613
2024-01-26 01:00:00+00:00,,-0.009715662358735333,,
2024-01-26 09:55:00+00:00,,,,-0.008417363175812764
2024-01-26 14:55:00+00:00,0.012985000000000024,,,
2024-01-26 15:05:00+00:00,,0.01629654502632416,,
2024-01-26 23:55:00+00:00,,,,0.03375138679552636
2024-01-27 00:05:00+00:00,,,0.022260826882632312,
2024-01-28 00:45:00+00:00,,,,-0.004457348085771473
2024-01-28 00:50:00+00:00,,,-0.0044157973121217164,
2024-01-28 04:40:00+00:00,0.012985000000000024,,,
2024-01-28 04:55:00+00:00,,0.014970494097673148,,
2024-01-28 07:45:00+00:00,,,,0.0032423559750485165
2024-01-28 11:55:00+00:00,,,-0.0024976368017193273,
2024-01-28 18:15:00+00:00,,-0.01705632100069121,,
2024-01-29 06:00:00+00:00,,,-0.009532187667787517,
2024-01-29 14:30:00+00:00,,-0.014673371100154542,,
2024-01-30 02:35:00+00:00,0.012984999999999802,0.012974432846651451,,
2024-01-30 05:00:00+00:00,,,,0.019564617447769717
2024-01-30 06:10:00+00:00,,,0.004042266778908843,
2024-01-30 12:30:00+00:00,,,,-0.011951179329993011
2024-01-31 20:05:00+00:00,-0.016985000000000028,,,
2024-01-31 20:10:00+00:00,,,-0.01561844851288896,
2024-01-31 20:50:00+00:00,,-0.019727804468060217,,
2024-02-02 03:15:00+00:00,,,,-0.007242051254091164
2024-02-02 03:30:00+00:00,,,0.004808796226581036,
2024-02-02 17:55:00+00:00,,,,-0.01422099656742859
2024-02-03 17:20:00+00:00,,0.002342660816929021,,
2024-02-05 10:00:00+00:00,,0.0068110340273166425,,
2024-02-05 15:05:00+00:00,,,-0.0037756648824205374,
2024-02-05 15:20:00+00:00,,,,-0.00975884602917343
2024-02-05 15:45:00+00:00,,-0.013692599921074189,,
2024-02-07 17:20:00+00:00,,0.009478325817677158,,
2024-02-08 01:20:00+00:00,,0.02427334427789729,,
2024-02-08 07:00:00+00:00,,,0.0031596890914813436,
2024-02-08 14:00:00+00:00,0.017980000000000107,,,
2024-02-09 02:15:00+00:00,,0.010771498753357367,,
2024-02-09 11:00:00+00:00,,0.01233187555113835,,
2024-02-09 11:50:00+00:00,0.017980000000000107,,,
2024-02-09 15:15:00+00:00,,,0.017349199256934122,
2024-02-09 17:25:00+00:00,,0.0132001411984779,,
2024-02-09 22:40:00+00:00,,-0.02418880676544699,,
2024-02-11 01:30:00+00:00,,,-0.0025085936545432563,
2024-02-11 03:35:00+00:00,0.017980000000000107,,,
2024-02-11 08:55:00+00:00,,,-0.005655759602375632,
2024-02-12 10:00:00+00:00,,,,0.10222639382749099
2024-02-12 12:00:00+00:00,,-0.0055528350973842455,,
2024-02-12 19:05:00+00:00,0.017980000000000107,,,
2024-02-12 20:00:00+00:00,,0.01807451720991904,,
2024-02-13 03:00:00+00:00,,,0.021534379592274222,
2024-02-13 14:10:00+00:00,,,,0.00928941878739753
2024-02-13 14:20:00+00:00,-0.016984999999999917,-0.022253463811358065,,
2024-02-14 08:55:00+00:00,0.017980000000000107,0.01725285964434886,,
2024-02-14 13:35:00+00:00,0.017980000000000107,,,
2024-02-14 14:30:00+00:00,,0.01789803023090064,,
2024-02-14 18:30:00+00:00,,,0.007766926503624649,
2024-02-15 22:00:00+00:00,,,,0.009204159541353008
2024-02-16 14:55:00+00:00,,-0.011979350115760012,,
2024-02-18 22:10:00+00:00,,0.011702604508770476,,
2024-02-20 00:45:00+00:00,,,,-0.014069527586206942
2024-02-20 13:30:00+00:00,,0.010327422399017072,,
2024-02-20 14:10:00+00:00,-0.016985000000000028,,,
2024-02-20 15:15:00+00:00,,-0.01841695107150121,,
2024-02-20 15:20:00+00:00,,,,-0.018336714135506416
2024-02-21 09:25:00+00:00,-0.016985000000000028,,,
2024-02-21 09:55:00+00:00,,-0.02255538340743124,,
2024-02-22 13:45:00+00:00,,,,-0.019112635732684624
2024-02-23 14:20:00+00:00,,-0.016295389060656862,,
2024-02-25 00:30:00+00:00,,,-0.003350499321843947,
2024-02-26 07:55:00+00:00,,,,6.7245103634761e-05
2024-02-26 20:15:00+00:00,0.04332453874248787,,,
2024-02-27 00:20:00+00:00,,0.05650314832966297,,
2024-02-27 01:50:00+00:00,0.017980000000000107,,,
2024-02-27 02:05:00+00:00,0.017980000000000107,,,
2024-02-27 09:30:00+00:00,,0.013392199770728697,,
2024-02-27 16:10:00+00:00,,,0.08243478311108388,
2024-02-28 07:35:00+00:00,0.017980000000000107,,,
2024-02-28 07:50:00+00:00,,0.017537992077168774,,
2024-02-28 13:05:00+00:00,0.017980000000000107,0.02176758256727407,,
2024-02-28 17:40:00+00:00,,0.022679713394597067,,
2024-02-28 17:45:00+00:00,0.017980000000000107,,,
2024-02-28 18:20:00+00:00,,,,0.151349800058183
2024-02-28 18:25:00+00:00,,,0.03225102043917727,
2024-02-28 23:15:00+00:00,0.017979999999999885,,,
2024-02-29 00:50:00+00:00,-0.01929354066770883,,,
2024-02-29 04:50:00+00:00,0.017980000000000107,,,
2024-02-29 06:05:00+00:00,,0.028095314031052032,,
2024-02-29 10:20:00+00:00,,,-0.02001536545086169,
2024-02-29 16:40:00+00:00,-0.016985000000000028,,,
2024-02-29 17:40:00+00:00,,-0.04239122494418057,,
2024-03-02 14:00:00+00:00,-0.016985000000000028,,,
2024-03-03 08:10:00+00:00,,,,-0.023662118494723883
2024-03-03 11:25:00+00:00,,-0.018356122516278717,,
2024-03-04 00:25:00+00:00,,0.013418633724666229,,
2024-03-04 00:50:00+00:00,-0.02915122067793774,-0.02293060223362331,,0.000614746696001589
2024-03-04 05:40:00+00:00,,,-0.011597848992815907,
2024-03-04 14:35:00+00:00,0.017979999999999885,,,
2024-03-04 14:55:00+00:00,,0.019512791127725748,,
2024-03-04 20:35:00+00:00,0.017980000000000107,,,
2024-03-04 23:00:00+00:00,,0.02142118116418268,,
2024-03-05 05:00:00+00:00,-0.016985000000000028,-0.03488325180633545,,
2024-03-05 08:10:00+00:00,,,,0.010511298834031901
2024-03-05 15:30:00+00:00,,,,-0.02888974968523339
2024-03-05 16:05:00+00:00,,-0.04242966012491334,,
2024-03-06 02:55:00+00:00,-0.02198000000000011,,,
2024-03-06 10:15:00+00:00,0.017980000000000107,,,
2024-03-06 12:45:00+00:00,-0.02198,,,
2024-03-06 13:45:00+00:00,,,-0.007887280606815206,
2024-03-07 00:25:00+00:00,-0.02198000000000011,,,
2024-03-07 22:25:00+00:00,,0.01414337743530858,,
2024-03-08 14:45:00+00:00,0.017979999999999885,,,
2024-03-08 15:35:00+00:00,-0.02198,-0.030036647230811786,,0.002168139999681795
2024-03-08 16:30:00+00:00,,,-0.03068497826488925,
2024-03-10 11:35:00+00:00,,0.0035713986552057264,,
2024-03-10 14:15:00+00:00,,,-0.006087222449349561,
2024-03-11 00:50:00+00:00,-0.02198000000000011,,,
2024-03-11 12:15:00+00:00,0.024657092249056323,0.024657092249056323,,
2024-03-11 21:10:00+00:00,,,0.010023810773635677,
2024-03-12 03:30:00+00:00,,,,0.019857154697952017
2024-03-12 15:00:00+00:00,,,,-0.021472986161952923
2024-03-13 06:35:00+00:00,0.017979999999999885,,,
2024-03-13 13:25:00+00:00,,,-0.005309304531206593,
2024-03-13 13:35:00+00:00,,,,-0.010442126798845597
2024-03-13 13:55:00+00:00,-0.02198,,,
2024-03-14 04:50:00+00:00,,,,-0.013706905332828923
2024-03-14 11:15:00+00:00,,,,-0.015401979397389964
2024-03-15 02:35:00+00:00,-0.02198000000000011,,,
2024-03-15 02:45:00+00:00,,-0.03206832847663865,,
2024-03-15 18:50:00+00:00,0.017979999999999885,,,
2024-03-15 19:50:00+00:00,-0.02197999999999989,,,
2024-03-16 10:20:00+00:00,-0.02198,,,
2024-03-17 06:55:00+00:00,-0.02198,,,
2024-03-17 22:35:00+00:00,0.017980000000000107,,,
2024-03-18 00:35:00+00:00,,,-0.012095332589742158,
2024-03-18 08:25:00+00:00,-0.02198,,,
2024-03-19 02:40:00+00:00,,-0.016773840787585703,,
2024-03-19 22:15:00+00:00,-0.02198,,,
2024-03-19 22:35:00+00:00,,-0.04187712010976541,,
2024-03-20 17:15:00+00:00,0.017980000000000107,,,
2024-03-21 01:25:00+00:00,0.037355537269034844,,,
2024-03-21 04:05:00+00:00,,,-0.003124905476369122,
2024-03-21 15:10:00+00:00,,,,-0.03046421275561162
2024-03-22 11:00:00+00:00,,-0.03533017452011944,,
2024-03-22 21:30:00+00:00,-0.02198000000000011,,,
2024-03-23 14:30:00+00:00,0.017980000000000107,,,
2024-03-23 23:05:00+00:00,-0.02198,,,
2024-03-24 21:55:00+00:00,0.017980000000000107,,,
2024-03-25 08:50:00+00:00,,,-0.011955226514468675,
2024-03-25 14:00:00+00:00,0.017979999999999885,0.019030880735557032,,
2024-03-25 19:25:00+00:00,,0.027168162843707933,,
2024-03-25 20:05:00+00:00,0.03382166346013671,,,
2024-03-26 00:00:00+00:00,,,0.00810841283607977,
2024-03-26 08:00:00+00:00,,,,0.06475104045162094
2024-03-26 14:30:00+00:00,-0.02198,,,
2024-03-27 10:20:00+00:00,,-0.013991723727980632,,
2024-03-27 13:45:00+00:00,-0.02198000000000011,-0.02873050670163646,,-0.01880052268751875
2024-03-28 17:30:00+00:00,,,0.0018867179734756157,
2024-03-29 15:40:00+00:00,-0.02198,,,
2024-04-01 03:25:00+00:00,,,,-0.0030592146976194945
2024-04-02 02:30:00+00:00,-0.02198000000000011,-0.019898457874837572,,
2024-04-04 19:00:00+00:00,-0.011990000000000056,,,
2024-04-05 12:30:00+00:00,,-0.02716084956084852,,
2024-04-06 22:50:00+00:00,0.017979999999999885,,,
2024-04-07 16:40:00+00:00,,0.024184774740027892,,
2024-04-07 18:40:00+00:00,,,,0.0009533200549955989
2024-04-07 18:45:00+00:00,,,-0.004224292974018828,
2024-04-08 12:10:00+00:00,0.017980000000000107,,,
2024-04-08 13:05:00+00:00,,0.02303213672148474,,
2024-04-08 17:30:00+00:00,,,,0.011607347448435723
2024-04-08 17:35:00+00:00,,,0.003957510144808385,
2024-04-10 18:15:00+00:00,-0.011990000000000056,,,
2024-04-11 07:20:00+00:00,,0.025000008256812922,,
2024-04-11 11:05:00+00:00,,,-0.010805429999827032,
2024-04-11 11:55:00+00:00,,,,-0.018050227646423944
2024-04-13 07:15:00+00:00,-0.011990000000000056,,,
2024-04-14 00:25:00+00:00,-0.011990000000000056,,,
2024-04-14 17:15:00+00:00,-0.011990000000000056,,,
2024-04-14 21:20:00+00:00,-0.011989999999999945,,,
2024-04-15 09:20:00+00:00,0.017979999999999885,,,
2024-04-16 13:40:00+00:00,-0.011990000000000056,,,
2024-04-17 07:05:00+00:00,-0.011990000000000056,,,
2024-04-17 14:05:00+00:00,,-0.038935478565656045,,
2024-04-17 19:05:00+00:00,-0.011990000000000056,,,
2024-04-18 12:25:00+00:00,-0.011990000000000056,,,
2024-04-18 17:50:00+00:00,-0.011990000000000056,,,
2024-04-18 18:20:00+00:00,,,-0.006825042497347167,
2024-04-19 01:35:00+00:00,,-0.038152120059873895,,
2024-04-19 06:40:00+00:00,0.017980000000000107,,,
2024-04-19 11:35:00+00:00,0.017980000000000107,,,
2024-04-19 23:05:00+00:00,,,,-0.024733442905542025
2024-04-21 09:20:00+00:00,,,-0.010365500665154292,
2024-04-21 16:05:00+00:00,-0.011990000000000056,,,
2024-04-21 16:10:00+00:00,,,,-0.01813584166565052
2024-04-21 18:50:00+00:00,,0.015967341267022483,,
2024-04-23 04:55:00+00:00,,,,0.0024955151450836155
2024-04-24 14:40:00+00:00,,-0.02255804842399234,,
2024-04-26 00:30:00+00:00,-0.011989999999999945,,,
2024-04-27 00:40:00+00:00,,-0.024061101977472688,,
2024-04-30 02:05:00+00:00,,,,-0.020310597342655834
2024-04-30 05:05:00+00:00,,,-0.012424692112799174,
2024-04-30 08:10:00+00:00,,-0.020034310143247858,,
2024-05-01 13:30:00+00:00,-0.011989999999999945,,,
2024-05-01 19:30:00+00:00,-0.011990000000000056,-0.03605243380302525,,
2024-05-02 13:10:00+00:00,-0.011990000000000056,,,
2024-05-03 14:55:00+00:00,0.017979999999999885,,,
2024-05-03 21:25:00+00:00,-0.011989999999999945,,,
2024-05-03 23:30:00+00:00,,0.03240576843272325,,
2024-05-06 03:10:00+00:00,,,,-0.014418467809781732
2024-05-06 10:30:00+00:00,,-0.013935733654293236,,
2024-05-06 10:35:00+00:00,,,,-0.003765791595088386
2024-05-06 11:10:00+00:00,,,-0.019358378837875945,
2024-05-09 22:45:00+00:00,,0.014344596035881452,,
2024-05-10 14:00:00+00:00,,,,-0.006548906433177737
2024-05-10 14:15:00+00:00,,,-0.011930084652891138,
2024-05-12 17:00:00+00:00,,-0.010585470651352735,,-0.006785055347907187
2024-05-13 01:40:00+00:00,,-0.009694620893787143,,
2024-05-13 10:55:00+00:00,,0.012614656915212796,,
2024-05-14 02:05:00+00:00,,,-0.0057089661455972385,
2024-05-14 06:05:00+00:00,,,,0.005669702695063394
2024-05-14 06:15:00+00:00,-0.02198000000000011,,,
2024-05-15 12:30:00+00:00,,0.013887685137763173,,
2024-05-15 15:20:00+00:00,0.017980000000000107,,,
2024-05-15 16:05:00+00:00,,0.016187198857839702,,
2024-05-15 22:25:00+00:00,,0.01707223690199422,,
2024-05-16 13:10:00+00:00,,,,0.034845548688293704
2024-05-16 14:55:00+00:00,,,0.04771685936813985,
2024-05-17 18:00:00+00:00,,-0.015454985616885186,,
2024-05-17 18:05:00+00:00,,,,-0.008982528105901277
2024-05-18 06:35:00+00:00,,,-0.00904991925830112,
2024-05-19 11:00:00+00:00,,,,-0.007853885754543377
2024-05-20 06:55:00+00:00,,-0.010705560294399175,,
2024-05-20 19:05:00+00:00,,0.010233400630846656,,
2024-05-20 21:50:00+00:00,,0.011449634646200968,,
2024-05-20 23:20:00+00:00,,0.013444530909632713,,
2024-05-20 23:25:00+00:00,0.017980000000000107,,,
2024-05-21 14:15:00+00:00,,,0.02986678389467401,
2024-05-21 14:25:00+00:00,,,,0.039905274843011096
2024-05-21 15:50:00+00:00,-0.02197999999999989,-0.01488911684610561,,
2024-05-24 06:55:00+00:00,-0.02198000000000011,,,
2024-05-25 16:45:00+00:00,,,-0.001716327510170701,
2024-05-26 05:00:00+00:00,,0.0065302801490627616,,
2024-05-27 05:00:00+00:00,,-0.008763160383412405,,
2024-05-27 18:05:00+00:00,,0.01364747491685292,,
2024-05-27 19:45:00+00:00,,,,-0.00024885784484585116
2024-05-27 23:25:00+00:00,,,-0.00879775926766213,
2024-05-28 13:35:00+00:00,,-0.01356599196032493,,
2024-05-29 15:15:00+00:00,,-0.015267570561260935,,
2024-05-30 19:45:00+00:00,,-0.013876448683049158,,-0.009033638128941535
2024-05-30 21:10:00+00:00,,,-0.015009966243902162,
2024-05-31 13:55:00+00:00,,-0.013292686173985047,,
2024-06-02 07:50:00+00:00,,-0.0034203018351390835,,
2024-06-02 18:00:00+00:00,,,,-0.009503520266311294
2024-06-02 18:25:00+00:00,,-0.010302871511473466,,
2024-06-03 08:15:00+00:00,,0.006330781869038349,,
2024-06-03 13:30:00+00:00,,0.00747445593864815,,
2024-06-04 17:30:00+00:00,,,,0.0008215553152743915
2024-06-04 19:00:00+00:00,,,,-0.007019114957855677
2024-06-05 00:35:00+00:00,,0.0124879872467909,,
2024-06-05 02:00:00+00:00,,,,-0.00417553560419659
2024-06-05 08:05:00+00:00,,,,-0.004828390249401737
2024-06-05 14:10:00+00:00,,,0.003962832115375292,
2024-06-05 16:45:00+00:00,,,,-0.0032536408271132133
2024-06-07 12:20:00+00:00,,,,-0.0027290112406841427
2024-06-07 12:35:00+00:00,,,,-0.01635042010875365
2024-06-07 15:50:00+00:00,,,-0.01027267965482137,
2024-06-10 00:40:00+00:00,,,-0.005653214137932849,
2024-06-10 06:45:00+00:00,,-0.007015658328365815,,
2024-06-10 19:05:00+00:00,,-0.0066424223804372184,,
2024-06-10 20:15:00+00:00,,,-0.009802373222375427,
2024-06-12 12:30:00+00:00,,0.012795884165485605,,
2024-06-12 19:35:00+00:00,,-0.01572728014487068,,
2024-06-12 19:45:00+00:00,-0.02198,,,
2024-06-12 19:55:00+00:00,,,-0.010591773873517285,
2024-06-16 12:10:00+00:00,,-0.0011907692048499507,,
2024-06-16 21:50:00+00:00,,,-0.005615286277073861,
2024-06-18 00:45:00+00:00,,-0.010834460043650074,,
2024-06-18 00:55:00+00:00,,,-0.024054932320419664,
2024-06-20 14:05:00+00:00,,,-0.00994657254341269,
2024-06-25 09:50:00+00:00,,0.01588984104554436,,
2024-06-26 05:25:00+00:00,,,0.0025211273182705884,
2024-06-28 05:40:00+00:00,,,-0.006217794520328446,
2024-06-28 14:35:00+00:00,,-0.013735019030042483,,
2024-07-01 02:10:00+00:00,,,,-0.0011111366162004366
2024-07-01 03:30:00+00:00,,0.02598766224109217,,
2024-07-01 08:40:00+00:00,,-0.010472708482645587,,
2024-07-01 10:05:00+00:00,,,0.020026977747368724,
2024-07-01 18:25:00+00:00,,,,-0.0073985179130282575
2024-07-01 22:20:00+00:00,,-0.011388331688050757,,
2024-07-01 22:30:00+00:00,,,-0.014046600041760393,
2024-07-04 01:55:00+00:00,,,-0.02578036553296359,
2024-07-04 23:30:00+00:00,,,,-0.019579577791184022
2024-07-04 23:40:00+00:00,,-0.016823797190246292,,
2024-07-04 23:55:00+00:00,,,-0.01889331909251235,
2024-07-05 15:00:00+00:00,0.012984999999999802,,,
2024-07-06 15:30:00+00:00,0.012984999999999802,,,
2024-07-06 16:20:00+00:00,,0.028045131398841905,,
2024-07-07 04:50:00+00:00,,,,0.02823570771582662
2024-07-07 07:35:00+00:00,,,0.026686526835369095,
2024-07-07 13:20:00+00:00,,,-0.016016314346235294,
2024-07-07 21:30:00+00:00,,,-0.01911112557870609,
2024-07-08 13:15:00+00:00,,0.027023328747479924,,
2024-07-08 14:25:00+00:00,-0.02198,,,-0.01931881469899832
2024-07-10 12:30:00+00:00,-0.02198,-0.021520721407123355,,0.013618798472337046
2024-07-10 13:50:00+00:00,,,0.027893074215679325,
2024-07-11 03:15:00+00:00,,,,-0.012524073944846226
2024-07-11 14:15:00+00:00,,,,-0.0060064923011586835
2024-07-12 01:25:00+00:00,,,-0.023704670091845292,
2024-07-12 20:15:00+00:00,,,,-0.0021912533217164354
2024-07-13 22:25:00+00:00,,,,-0.0007623120013767748
2024-07-13 22:50:00+00:00,,0.017824443494717013,,
2024-07-14 14:30:00+00:00,,,,0.0065721786006462946
2024-07-14 21:20:00+00:00,,0.013476251141640194,,
2024-07-15 02:25:00+00:00,,0.012660427028411636,,
2024-07-15 15:00:00+00:00,,0.014954504096494459,,
2024-07-15 22:40:00+00:00,,0.01616754690676525,,
2024-07-16 05:35:00+00:00,,,,0.056360092964726105
2024-07-16 05:50:00+00:00,,-0.016745525321213428,,
2024-07-16 07:00:00+00:00,,,0.0941362788636273,
2024-07-16 19:55:00+00:00,,0.018696836954092078,,
2024-07-17 08:20:00+00:00,,,,-0.004396359341362732
2024-07-17 16:10:00+00:00,,-0.01817851291112793,,
2024-07-17 16:40:00+00:00,,,0.0050453403306864875,
2024-07-18 14:50:00+00:00,,,-0.013838975338820392,
2024-07-19 07:35:00+00:00,,,,-0.007996867589183498
2024-07-19 08:05:00+00:00,,-0.015040102342094186,,
2024-07-19 17:20:00+00:00,0.012984999999999802,,,
2024-07-19 21:00:00+00:00,,0.029911016020816472,,
2024-07-21 06:15:00+00:00,,-0.013744909120505189,,0.033819386020963016
2024-07-21 17:50:00+00:00,,,,-0.011337342916382664
2024-07-22 06:35:00+00:00,,-0.013004172180263063,,-0.00806901389571224
2024-07-22 14:50:00+00:00,,,0.041152769177744464,
2024-07-23 01:25:00+00:00,,,,-0.012831648607264823
2024-07-23 04:35:00+00:00,,-0.013832833377181442,,
2024-07-23 05:05:00+00:00,,,-0.00968241466231412,
2024-07-23 17:05:00+00:00,,,-0.022051233316808805,
2024-07-24 16:05:00+00:00,,,,-0.003130445915115576
2024-07-24 21:45:00+00:00,,,-0.012525841225065615,
2024-07-25 21:45:00+00:00,,0.015885933220801896,,
2024-07-26 09:20:00+00:00,,0.016326457218398538,,
2024-07-26 14:30:00+00:00,,,,0.0376509575193722
2024-07-27 15:35:00+00:00,,,,0.007567965562150558
2024-07-27 19:00:00+00:00,,-0.013704011497951751,,
2024-07-27 20:40:00+00:00,,,0.0301582636700648,
2024-07-28 00:05:00+00:00,-0.02198000000000011,,,
2024-07-28 05:05:00+00:00,,-0.01807167944155008,,
2024-07-29 13:45:00+00:00,,,,0.012647563552302232
2024-07-29 14:55:00+00:00,,-0.01790282136121346,-0.010800564258635847,
2024-07-30 14:35:00+00:00,,,-0.014884638276204565,
2024-07-31 04:55:00+00:00,,,-0.013812349330357132,
2024-07-31 14:25:00+00:00,,,,-0.007807481801099914
2024-07-31 19:50:00+00:00,,,-0.015028976054216825,
2024-08-01 14:25:00+00:00,,,,-0.012534881675314913
2024-08-01 15:10:00+00:00,,,-0.01581447582142681,
2024-08-02 02:20:00+00:00,,,,-0.013333081516328282
2024-08-02 13:30:00+00:00,,0.016247851744376485,,
2024-08-03 15:30:00+00:00,,,,-0.009950399856451297
2024-08-04 14:45:00+00:00,,,-0.022999756802528082,
2024-08-04 21:25:00+00:00,-0.016985000000000028,,,
2024-08-05 00:05:00+00:00,,-0.016646577863429823,,
2024-08-05 09:45:00+00:00,-0.016985000000000028,,,
2024-08-05 12:30:00+00:00,,-0.03242594928124298,,
2024-08-05 14:00:00+00:00,0.012985000000000024,,,
2024-08-05 16:05:00+00:00,0.015942745144555515,,,
2024-08-05 17:05:00+00:00,-0.016985000000000028,,,
2024-08-06 00:15:00+00:00,0.012984999999999802,,,
2024-08-06 08:35:00+00:00,-0.016985000000000028,,,
2024-08-07 00:15:00+00:00,-0.016985000000000028,,,
2024-08-07 08:50:00+00:00,,0.0628691598395903,,
2024-08-07 14:15:00+00:00,,,,0.030580669988422127
2024-08-07 14:25:00+00:00,-0.016985000000000028,,,
2024-08-07 18:30:00+00:00,,,0.002609500909692919,
2024-08-08 12:30:00+00:00,0.012984999999999802,,,
2024-08-08 13:45:00+00:00,,,,-0.005848508326328106
2024-08-08 16:35:00+00:00,,0.036032230017713385,,
2024-08-08 21:40:00+00:00,0.012984999999999802,,,
2024-08-09 10:20:00+00:00,-0.016985000000000028,,,0.03194296008302233
2024-08-10 17:00:00+00:00,,0.017626569968826944,,
2024-08-11 11:00:00+00:00,,,,-0.005184042628047392
2024-08-11 19:30:00+00:00,,,0.03831099330491439,
2024-08-12 13:45:00+00:00,-0.016985000000000028,-0.014360059779400691,,-0.012141658963937263
2024-08-12 18:35:00+00:00,-0.016985000000000028,,,
2024-08-12 18:50:00+00:00,,-0.01628011707664212,,
2024-08-13 10:20:00+00:00,,,,-0.02829362828314108
2024-08-14 11:40:00+00:00,0.012985000000000024,,,
2024-08-14 13:10:00+00:00,,,,0.017729535585363054
2024-08-14 14:00:00+00:00,,-0.020087168603487027,,
2024-08-14 14:15:00+00:00,,,-0.007727002277012285,
2024-08-15 18:00:00+00:00,,-0.01621375677269843,,-0.009626296332735818
2024-08-15 18:35:00+00:00,,,-0.028158139941412474,
2024-08-16 12:30:00+00:00,,,,-0.01372686316962135
2024-08-16 15:35:00+00:00,,,,-0.019260954669265806
2024-08-17 21:30:00+00:00,,,,0.001753464697648699
2024-08-18 02:55:00+00:00,0.012984999999999802,,,
2024-08-18 03:25:00+00:00,,,,-0.004342124859185059
2024-08-18 17:20:00+00:00,,,,-0.01308645000314701
2024-08-18 18:10:00+00:00,,0.0009066873556362598,,
2024-08-18 23:35:00+00:00,,,0.011066134460922639,
2024-08-19 13:50:00+00:00,,,,-0.012905832335785794
2024-08-20 00:25:00+00:00,,0.014665543167803108,,
2024-08-20 05:15:00+00:00,0.012985000000000024,,,
2024-08-20 13:35:00+00:00,,,,0.020999965877231297
2024-08-20 14:40:00+00:00,,-0.013043581089931533,,
2024-08-20 15:15:00+00:00,,,-0.008681877320942055,
2024-08-21 09:15:00+00:00,,,,-0.010567901814033775
2024-08-22 02:45:00+00:00,,,,0.006219712762956187
2024-08-22 02:50:00+00:00,-0.016984999999999917,-0.014848358240897142,,
2024-08-22 13:30:00+00:00,,,,-0.012747546681552424
2024-08-23 11:40:00+00:00,,,,-0.005986607319995341
2024-08-23 14:45:00+00:00,-0.016985000000000028,-0.01368402361355947,,-0.004325625032113423
2024-08-23 21:15:00+00:00,0.012985000000000024,,,
2024-08-23 23:00:00+00:00,,0.02707785360414139,,
2024-08-24 21:35:00+00:00,,,,0.02171253064024703
2024-08-25 23:40:00+00:00,,-0.009003568359447267,,-0.004940939447822923
2024-08-26 22:50:00+00:00,,,0.05281518733362067,
2024-08-28 14:45:00+00:00,-0.016985000000000028,-0.01730943246745109,,
2024-08-29 18:10:00+00:00,,,,0.002234043261523766
2024-08-30 13:50:00+00:00,,,,-0.013490548985757078
2024-08-30 15:20:00+00:00,,,-0.02292311424103577,
2024-09-01 02:25:00+00:00,-0.016985000000000028,,,
2024-09-01 02:30:00+00:00,,,-0.019768843206279252,
2024-09-01 05:20:00+00:00,,-0.015112863683799604,,
2024-09-01 22:20:00+00:00,,-0.014702151071255942,,
2024-09-01 23:45:00+00:00,,,-0.023413471668122132,
2024-09-03 02:00:00+00:00,,0.01697006146076041,,
2024-09-03 05:05:00+00:00,,,,-0.003707176795298639
2024-09-03 14:35:00+00:00,,,-0.011031574432382452,
2024-09-04 16:00:00+00:00,0.007989999999999942,,,
2024-09-05 03:05:00+00:00,,,,-0.017682376931521304
2024-09-05 05:20:00+00:00,,,-0.00880105283145205,
2024-09-05 12:20:00+00:00,,-0.024483212884401362,,
2024-09-06 14:05:00+00:00,,-0.02439738522116941,,
2024-09-06 15:10:00+00:00,,,-0.039690530843477956,
2024-09-07 21:15:00+00:00,,,,-0.016496228211760444
2024-09-07 23:10:00+00:00,,,-0.013796740935809293,
2024-09-08 16:10:00+00:00,,,-0.014703278542387399,
2024-09-08 23:00:00+00:00,,,,-0.009383208026939038
2024-09-09 01:00:00+00:00,,0.013425243105062767,,
2024-09-09 14:35:00+00:00,,,,-0.011547293858481744
2024-09-09 16:30:00+00:00,,0.01597826488986298,,
2024-09-09 21:10:00+00:00,0.007989999999999942,,,
2024-09-09 22:10:00+00:00,,0.01971929613565626,,
2024-09-09 23:05:00+00:00,,,,0.018239359783580822
2024-09-11 01:35:00+00:00,,-0.022148809789110824,,
2024-09-11 05:05:00+00:00,,,0.02128810520023916,
2024-09-11 16:55:00+00:00,0.007989999999999942,,,
2024-09-12 13:50:00+00:00,,,,-0.014678033064236762
2024-09-12 15:00:00+00:00,,,,-0.018371646153846122
2024-09-13 15:30:00+00:00,,0.024087172556720438,,
2024-09-13 21:10:00+00:00,0.007989999999999942,,,
2024-09-14 10:45:00+00:00,,,,0.02315764848249713
2024-09-15 17:10:00+00:00,,,,-0.01005248880019205
2024-09-15 22:35:00+00:00,,,0.028163581973241314,
2024-09-16 02:10:00+00:00,,-0.019864551927695984,,
2024-09-16 13:30:00+00:00,,-0.01379342754739954,,
2024-09-17 15:25:00+00:00,0.0117135183527306,,,
2024-09-17 19:15:00+00:00,,0.030089335110049076,,
2024-09-17 19:25:00+00:00,,,,0.020172998699353517
2024-09-18 19:35:00+00:00,,,,-0.01572228010244714
2024-09-18 20:00:00+00:00,,-0.021467500011172924,,
2024-09-19 14:30:00+00:00,,0.024225908992648426,,
2024-09-19 22:20:00+00:00,,,,0.018653101253459203
2024-09-20 13:10:00+00:00,,,,-0.014631560984006753
2024-09-22 02:10:00+00:00,,,,-0.007553173707901428
2024-09-22 02:40:00+00:00,,-0.011021862917642622,,
2024-09-22 10:40:00+00:00,,,0.06958905902881862,
2024-09-22 22:00:00+00:00,,-0.01085913546471573,,
2024-09-23 00:10:00+00:00,,-0.012016204715578294,,-0.011386077347028012
2024-09-23 00:15:00+00:00,-0.016985000000000028,,,
2024-09-23 04:25:00+00:00,,,,-0.0044420864755375655
2024-09-23 13:10:00+00:00,,-0.01293669008213405,,
2024-09-24 14:05:00+00:00,,,,-0.012283661346580654
2024-09-25 06:20:00+00:00,,,,-0.001266643338372564
2024-09-25 18:10:00+00:00,,,-0.0028864796485198463,
2024-09-26 01:20:00+00:00,,-0.018308308258598638,,
2024-09-26 15:00:00+00:00,,,,0.003372731188165057
2024-09-26 15:20:00+00:00,,0.0162185255153946,,
2024-09-26 19:55:00+00:00,,,,-0.009874744034818583
2024-09-27 18:30:00+00:00,,,,-0.0067180234079851076
2024-09-29 03:40:00+00:00,,0.004422822828057615,,
2024-09-29 22:20:00+00:00,,,,-0.008324910650664985
2024-09-30 01:45:00+00:00,,,0.02060707787060645,
2024-10-01 13:35:00+00:00,,-0.01482274703415254,,
2024-10-02 19:25:00+00:00,,-0.020220121484838982,,
2024-10-02 19:50:00+00:00,,,-0.03176785083106792,
2024-10-04 14:30:00+00:00,,,,-0.009436401628943769
2024-10-05 02:55:00+00:00,,,,-0.008032688574642455
2024-10-06 21:50:00+00:00,,,,-0.002610146096052146
2024-10-07 06:55:00+00:00,,0.020673041369766665,,
2024-10-07 09:30:00+00:00,,,,-0.0033990828597955103
2024-10-07 18:15:00+00:00,,-0.013206101535575776,,
2024-10-07 18:50:00+00:00,,,,-0.022116750226700344
2024-10-09 18:35:00+00:00,,,-0.0011748014411007146,
2024-10-10 17:10:00+00:00,,,-0.022073993063981612,
2024-10-11 12:30:00+00:00,,0.016992962150882862,,
2024-10-11 20:15:00+00:00,,0.017953672979232893,,
2024-10-11 22:40:00+00:00,,,,0.01378992077597374
2024-10-13 01:20:00+00:00,,,,-0.011030515770627636
2024-10-13 15:15:00+00:00,,,0.02546131839012422,
2024-10-14 07:50:00+00:00,0.007989999999999942,,,
2024-10-14 08:40:00+00:00,,0.020409919109288133,,
2024-10-14 14:20:00+00:00,,0.013082417475708041,,
2024-10-15 03:40:00+00:00,,,,0.031441812884888565
2024-10-15 13:45:00+00:00,0.007989999999999942,,,
2024-10-15 14:35:00+00:00,-0.016985000000000028,,,
2024-10-15 14:40:00+00:00,,,,-0.015773801694479284
2024-10-15 15:05:00+00:00,,-0.015002938599486204,,
2024-10-15 16:40:00+00:00,0.007989999999999942,,,
2024-10-17 04:55:00+00:00,,,,-0.014529643732041353
2024-10-18 04:45:00+00:00,,0.009992938996636447,,
2024-10-19 11:25:00+00:00,,,,0.0019102681067717509
2024-10-20 13:00:00+00:00,,,,-0.005145615450964369
2024-10-21 03:50:00+00:00,,-0.0007335138957389464,,
2024-10-21 07:50:00+00:00,,,,-0.0017379643843780102
2024-10-21 13:30:00+00:00,,,0.08033656016887503,
2024-10-22 00:25:00+00:00,,-0.013987355610754149,,
2024-10-22 13:50:00+00:00,,-0.015358681786858952,,
2024-10-23 09:10:00+00:00,,,-0.018991554906957364,
2024-10-24 08:55:00+00:00,,,,-0.009970429469687958
2024-10-24 13:20:00+00:00,,0.01624602384903273,,
2024-10-25 04:25:00+00:00,,,,-0.000837588587680238
2024-10-25 17:55:00+00:00,,-0.01592175764810122,,
2024-10-28 12:10:00+00:00,,0.023418616453733332,,
2024-10-28 15:30:00+00:00,,-0.010479941302620865,,
2024-10-29 04:05:00+00:00,,0.015515114489492499,,
2024-10-29 15:40:00+00:00,,0.01467870364896684,,
2024-10-29 15:45:00+00:00,0.007989999999999942,,,
2024-10-29 20:25:00+00:00,,,,0.06354699851172474
2024-11-01 15:45:00+00:00,,,,-0.023306225452109364
2024-11-01 15:50:00+00:00,,-0.0243030472313136,,
2024-11-01 19:15:00+00:00,,,-0.03024340764581457,
2024-11-04 16:50:00+00:00,,,-0.022260952256261013,
2024-11-04 17:00:00+00:00,,-0.017197953134850508,,
2024-11-05 19:55:00+00:00,,-0.022332104943358022,,
2024-11-06 02:15:00+00:00,0.007989999999999942,,,
2024-11-06 03:35:00+00:00,0.014697450004624635,,,
2024-11-06 04:30:00+00:00,0.007989999999999942,,,
2024-11-06 07:30:00+00:00,,0.03699560079583031,,
2024-11-06 08:05:00+00:00,,,,0.050458891599307165
2024-11-09 08:05:00+00:00,,0.006725491486484048,,
2024-11-09 17:00:00+00:00,,,0.10475275212208057,
2024-11-10 09:55:00+00:00,,0.015243410453299244,,
2024-11-10 11:10:00+00:00,0.007989999999999942,,,
2024-11-10 20:40:00+00:00,,,,0.04576017294983448
2024-11-10 23:40:00+00:00,-0.016984999999999917,,,
2024-11-11 15:10:00+00:00,,0.018188051429731455,,
2024-11-11 16:00:00+00:00,0.007989999999999942,,,
2024-11-11 18:40:00+00:00,0.007989999999999942,,,
2024-11-11 20:10:00+00:00,0.007990000000000164,,,
2024-11-11 22:35:00+00:00,,0.031872175566592276,,
2024-11-12 00:10:00+00:00,-0.01698500000000014,,,
2024-11-12 02:30:00+00:00,-0.01698500000000014,,,
2024-11-12 07:10:00+00:00,,0.027074285450678692,,
2024-11-12 10:45:00+00:00,,,,0.05943627196181933
2024-11-12 13:00:00+00:00,-0.01698500000000014,,,
2024-11-12 13:45:00+00:00,,,0.113415695877644,
2024-11-12 19:30:00+00:00,0.007989999999999942,,,
2024-11-13 14:30:00+00:00,0.007989999999999942,,,
2024-11-13 14:50:00+00:00,0.007989999999999942,,,
2024-11-13 15:45:00+00:00,0.007989999999999942,,,
2024-11-13 18:50:00+00:00,,0.04667486742225213,,
2024-11-13 19:10:00+00:00,-0.016985000000000028,,,
2024-11-13 21:00:00+00:00,,-0.04682023370304522,,
2024-11-13 21:05:00+00:00,,,,-0.022163125870511613
2024-11-14 15:50:00+00:00,,,-0.012080841714226409,
2024-11-17 02:05:00+00:00,,,0.0033064014194685853,
2024-11-17 22:00:00+00:00,,,,-0.020062471063064913
2024-11-18 08:35:00+00:00,,0.007427170198895938,,
2024-11-18 11:40:00+00:00,,-0.020950920566299325,,
2024-11-18 11:50:00+00:00,,,,-0.017371865589470348
2024-11-18 13:20:00+00:00,,,-0.01729818516394499,
2024-11-18 16:45:00+00:00,-0.016985000000000028,,,
2024-11-18 19:15:00+00:00,,,,-0.02898472512584549
2024-11-18 23:25:00+00:00,-0.016985000000000028,,,
2024-11-21 04:00:00+00:00,,0.02534721847025523,,
2024-11-21 11:00:00+00:00,0.007989999999999942,,,
2024-11-21 15:40:00+00:00,,,,0.030604565699865027
2024-11-21 19:15:00+00:00,,0.023329566111895517,,
2024-11-22 14:55:00+00:00,,,0.05443453384616159,
2024-11-24 08:35:00+00:00,,-0.00611031485687108,,
2024-11-24 12:35:00+00:00,,,,-0.021160789727493357
2024-11-25 14:40:00+00:00,,,-0.010720983622706015,
2024-11-25 14:45:00+00:00,,,,-0.021414131495594457
2024-11-25 14:50:00+00:00,,-0.016999908820389376,,
2024-11-26 20:05:00+00:00,,-0.030969589499362904,,
2024-11-30 01:50:00+00:00,,,,0.0171132006930792
2024-11-30 02:05:00+00:00,,,0.025286724823294415,
2024-11-30 04:45:00+00:00,,0.0031823683440384,,
2024-12-02 03:55:00+00:00,,,,-0.00865924421290365
2024-12-02 04:20:00+00:00,,,-0.011593815265789953,
2024-12-02 17:30:00+00:00,,-0.01747248824414671,,
2024-12-02 17:55:00+00:00,-0.02198,,-0.02516028134433912,
2024-12-04 16:25:00+00:00,,,-0.017050496167064,-0.016560420852706814
2024-12-05 00:10:00+00:00,0.0245729968134325,,,
2024-12-05 02:40:00+00:00,,0.01502770378502416,,
2024-12-05 06:45:00+00:00,0.019958110151233388,,,
2024-12-05 14:40:00+00:00,,0.01800738928048551,,
2024-12-05 16:35:00+00:00,-0.02198,,,
2024-12-05 16:40:00+00:00,,,,0.03505710791211181
2024-12-05 20:05:00+00:00,,,0.014495047307603315,
2024-12-06 16:30:00+00:00,0.012985000000000024,,,
2024-12-08 09:00:00+00:00,,,-0.019803586251050498,
2024-12-08 23:45:00+00:00,0.012985000000000024,,,
2024-12-09 00:40:00+00:00,,,,-0.01423339436803539
2024-12-09 03:15:00+00:00,,,-0.011264110298575547,
2024-12-09 03:45:00+00:00,-0.02198,,,
2024-12-09 15:45:00+00:00,-0.02198000000000011,,,
2024-12-10 03:25:00+00:00,-0.02198000000000011,,,
2024-12-10 16:10:00+00:00,-0.02198,,,
2024-12-10 16:30:00+00:00,,-0.030212093116464334,,
2024-12-11 08:10:00+00:00,0.012984999999999802,,,
2024-12-11 19:00:00+00:00,0.017585728532483857,,,
2024-12-12 16:40:00+00:00,0.012985000000000024,,,
2024-12-12 19:25:00+00:00,-0.02198000000000011,,,
2024-12-12 19:30:00+00:00,,,,0.012951758818774195
2024-12-12 20:05:00+00:00,,,0.013258482763874424,
2024-12-15 11:55:00+00:00,0.012984999999999802,,,
2024-12-15 23:20:00+00:00,0.012985000000000024,,,
2024-12-16 02:25:00+00:00,,,,0.025713619127445853
2024-12-16 12:45:00+00:00,,-0.01799974453200448,,
2024-12-16 19:05:00+00:00,0.014803491704909577,,,
2024-12-17 14:55:00+00:00,0.012984999999999802,,,
2024-12-17 15:25:00+00:00,,,,-0.014526216767194677
2024-12-17 23:10:00+00:00,,,0.04357388375425275,
2024-12-18 03:40:00+00:00,,-0.021512526998948567,,
2024-12-18 20:00:00+00:00,-0.02198,,,
2024-12-19 14:30:00+00:00,0.012984999999999802,,,
2024-12-20 02:00:00+00:00,-0.02198,,,
2024-12-20 08:40:00+00:00,-0.02198,,,
2024-12-20 18:35:00+00:00,0.013760896212957618,,,
2024-12-21 06:40:00+00:00,0.012984999999999802,,,
2024-12-21 13:25:00+00:00,-0.02198,,,
2024-12-22 04:50:00+00:00,,,-0.024665616130009282,
2024-12-22 05:00:00+00:00,,,,-0.02432806644467167
2024-12-22 07:10:00+00:00,,-0.009923249239943033,,
2024-12-22 15:00:00+00:00,-0.02198,,,
2024-12-23 14:40:00+00:00,-0.02198,,,
2024-12-24 19:30:00+00:00,0.03447905370653137,,,
2024-12-25 10:20:00+00:00,,0.01966393095945196,,
2024-12-26 08:05:00+00:00,-0.02198,,0.011052963024196671,0.011052963024196671
2024-12-27 15:20:00+00:00,,,,-0.02766407822776573
2024-12-27 15:30:00+00:00,-0.02198000000000011,,,
2024-12-29 14:40:00+00:00,,,-0.013430638555522512,
2024-12-30 21:40:00+00:00,,-0.019157980927966056,,
2024-12-30 21:50:00+00:00,-0.02198000000000011,,,
2024-12-30 22:15:00+00:00,,,-0.02133801051563644,
2024-12-31 17:40:00+00:00,,,,-0.023095448008244812
2025-01-01 09:30:00+00:00,,,-0.014959486815547152,
2025-01-02 08:10:00+00:00,,0.018275659327406935,,
2025-01-03 07:35:00+00:00,,,-0.0018537970486811606,
2025-01-04 09:50:00+00:00,,,-0.012931457660237289,
2025-01-05 07:10:00+00:00,,0.008333417493203932,,
2025-01-05 08:35:00+00:00,,,-0.008592079394398322,
2025-01-05 14:20:00+00:00,,,,0.007690186438026103
2025-01-06 06:55:00+00:00,,0.008254278421443884,,
2025-01-06 20:00:00+00:00,,0.013130774113834232,,
2025-01-07 11:10:00+00:00,,,0.013561596090177375,
2025-01-07 11:45:00+00:00,,,,0.01599351068239563
2025-01-07 15:00:00+00:00,-0.02198,,,
2025-01-09 13:35:00+00:00,,-0.026868048240906606,,
2025-01-09 19:45:00+00:00,-0.02198,,,
2025-01-11 04:35:00+00:00,-0.02198,,,
2025-01-12 08:55:00+00:00,,,-0.006248259917486565,
2025-01-12 22:00:00+00:00,,,-0.008490312173251024,
2025-01-12 22:20:00+00:00,,,,-0.021553769355268315
2025-01-13 01:50:00+00:00,,,,-0.01921147224270059
2025-01-13 08:15:00+00:00,,-0.021621851708074624,,
2025-01-13 20:45:00+00:00,0.012984999999999802,,,
2025-01-14 01:10:00+00:00,0.012985000000000024,,,
2025-01-14 01:45:00+00:00,,0.02558775110712297,,
2025-01-15 13:30:00+00:00,0.012984999999999802,,,
2025-01-15 19:55:00+00:00,,0.024826179844830598,,
2025-01-15 20:15:00+00:00,0.012984999999999802,,,
2025-01-16 09:10:00+00:00,,,0.043450431983473425,
2025-01-16 14:45:00+00:00,,,,0.019850811808597824
2025-01-17 10:30:00+00:00,,0.020972688219832225,,
2025-01-18 03:45:00+00:00,,,,0.01900503271964671
2025-01-18 04:15:00+00:00,,,0.014571357207745272,
2025-01-18 04:20:00+00:00,-0.02198,,,
2025-01-19 19:55:00+00:00,,0.019954851756243563,,
2025-01-19 21:55:00+00:00,,,,-0.0245303661016949
2025-01-20 06:35:00+00:00,0.012985000000000024,,,
2025-01-20 08:50:00+00:00,0.030417665425668483,,,
2025-01-20 11:50:00+00:00,,0.05309782302816135,,
2025-01-20 16:15:00+00:00,,,,-0.03464761359745894
2025-01-20 16:25:00+00:00,,,-0.03737926138012104,
2025-01-21 00:55:00+00:00,-0.02198,,,
2025-01-21 12:15:00+00:00,0.012985000000000024,,,
2025-01-21 18:30:00+00:00,0.012984999999999802,,,
2025-01-22 08:10:00+00:00,,,0.00304369447497721,
2025-01-23 16:35:00+00:00,0.016166079418949098,,,
2025-01-24 18:25:00+00:00,,0.026115309176436785,,
2025-01-26 23:10:00+00:00,,,,-0.03425481639043304
2025-01-27 14:55:00+00:00,0.013297298202498808,,,
2025-01-28 00:05:00+00:00,0.012984999999999802,,,
2025-01-28 03:45:00+00:00,,0.01781963458669189,,
2025-01-30 14:45:00+00:00,0.012985000000000024,,,
2025-01-30 14:50:00+00:00,,0.021301201531851444,,
2025-01-31 03:30:00+00:00,,,-0.0039813765106114785,
2025-02-03 17:10:00+00:00,0.016434577030485675,,,
2025-02-03 20:45:00+00:00,,0.055476848492155506,,
2025-02-03 22:05:00+00:00,0.012984999999999802,,,
2025-02-04 08:55:00+00:00,,,-0.00884863104753042,
2025-02-04 21:25:00+00:00,,-0.040071509327266885,,
2025-02-06 17:05:00+00:00,,,-0.02037859514450191,
2025-02-07 15:20:00+00:00,-0.02198,,,
2025-02-07 20:05:00+00:00,,-0.025744851409958414,,
2025-02-07 20:55:00+00:00,,,-0.03231857354783574,
2025-02-09 13:55:00+00:00,,,-0.01705091706587014,
2025-02-11 05:55:00+00:00,,0.013255902783120277,,
2025-02-11 14:05:00+00:00,,,-0.01151445613262947,
2025-02-13 07:30:00+00:00,,,-0.02163261699446306,
2025-02-13 16:55:00+00:00,-0.02197999999999989,,,
2025-02-14 21:10:00+00:00,,,,-0.01971474527732442
2025-02-15 06:40:00+00:00,,0.007118946704752327,,
2025-02-16 09:05:00+00:00,,,-0.014697160116350472,
2025-02-18 08:45:00+00:00,,-0.013492661022046937,,
2025-02-18 16:35:00+00:00,,-0.015230769784182252,,
2025-02-20 01:00:00+00:00,,0.014963483186206883,,
2025-02-21 09:30:00+00:00,,,,-0.006978101241082779
2025-02-21 15:20:00+00:00,,,,-0.007984056883302393
2025-02-21 17:50:00+00:00,,-0.018298780170073803,,
2025-02-21 18:45:00+00:00,,,0.00417760713192572,
2025-02-24 03:25:00+00:00,,-0.010657709295365914,,
2025-02-24 14:40:00+00:00,,-0.011444968007682799,,
2025-02-25 14:45:00+00:00,-0.02198000000000011,,,
2025-02-26 13:55:00+00:00,-0.02198,,,
2025-02-26 14:20:00+00:00,,-0.03391688344852217,,
2025-02-27 06:25:00+00:00,0.012985000000000024,,,
2025-02-28 13:10:00+00:00,0.012985000000000024,,,
2025-02-28 16:10:00+00:00,0.016052601676034062,,,
2025-02-28 18:35:00+00:00,0.012985000000000024,,,
2025-03-02 14:15:00+00:00,,,,-0.016964407320642527
2025-03-02 14:55:00+00:00,,,0.0005828447305880058,
2025-03-02 18:40:00+00:00,0.05899604395996105,,,
2025-03-02 20:55:00+00:00,0.012985000000000024,,,
2025-03-02 21:40:00+00:00,,0.06234798710258582,,
2025-03-03 06:40:00+00:00,,,,0.06323435675155831
2025-03-03 06:55:00+00:00,,,0.03640924164880177,
2025-03-03 14:50:00+00:00,,-0.03659171823319218,,
2025-03-03 14:55:00+00:00,,,-0.029375456597489857,
2025-03-04 20:55:00+00:00,0.03383135171597629,,,
2025-03-05 10:30:00+00:00,,0.04364736982947259,,
2025-03-05 14:55:00+00:00,-0.016985000000000028,,,
2025-03-06 01:45:00+00:00,0.012984999999999802,,,
2025-03-06 09:30:00+00:00,,,0.0738951478827079,
2025-03-06 12:35:00+00:00,-0.016984999999999917,,,-0.007516756666213653
2025-03-07 00:35:00+00:00,,-0.049408951553785996,,
2025-03-07 00:40:00+00:00,,,-0.05303095287678161,
2025-03-07 09:30:00+00:00,0.012985000000000024,,,
2025-03-07 15:15:00+00:00,-0.016985000000000028,,,
2025-03-07 16:40:00+00:00,,,-0.017992527188140595,
2025-03-07 19:45:00+00:00,-0.016984999999999917,,,
2025-03-09 09:10:00+00:00,,,-0.00974639955137746,
2025-03-09 12:05:00+00:00,,-0.04461144133643702,,
2025-03-10 09:15:00+00:00,0.012985000000000024,,,
2025-03-10 14:15:00+00:00,,-0.026477592197805322,-0.03065745778430906,
2025-03-11 00:15:00+00:00,-0.01698500000000014,,,
2025-03-11 07:20:00+00:00,0.012985000000000024,,,
2025-03-11 14:45:00+00:00,,,-0.0011632128972295375,
2025-03-11 18:20:00+00:00,0.012985000000000024,,,
2025-03-11 18:50:00+00:00,,0.03857787211637964,,
2025-03-12 04:00:00+00:00,-0.016985000000000028,,,
2025-03-12 04:20:00+00:00,,,-0.007837151429220146,
2025-03-12 13:55:00+00:00,-0.016985000000000028,,,
2025-03-12 14:35:00+00:00,,,,-0.026425294040971825
2025-03-12 14:50:00+00:00,,,-0.014466976890303407,
2025-03-13 00:20:00+00:00,0.012984999999999802,,,
2025-03-13 06:15:00+00:00,,,-0.0014391190166278545,
2025-03-14 07:10:00+00:00,,-0.017457135875735497,,
2025-03-14 20:20:00+00:00,-0.016985000000000028,,,
2025-03-15 06:00:00+00:00,,,,-0.003398318685049029
2025-03-15 07:25:00+00:00,,,0.031162296989882154,
2025-03-16 01:40:00+00:00,,,-0.005188383029313126,
2025-03-16 09:55:00+00:00,,,-0.0077370722052115815,
2025-03-16 19:10:00+00:00,-0.016985000000000028,,,-0.023500177780961584
2025-03-16 22:05:00+00:00,,-0.025898904759083297,,
2025-03-16 22:20:00+00:00,,,-0.027325199273837475,
2025-03-18 01:25:00+00:00,,,-0.002898463483419267,
2025-03-18 13:35:00+00:00,,-0.020368597468281346,,
2025-03-19 15:00:00+00:00,,0.017984485048467835,,
2025-03-20 00:00:00+00:00,,0.021886731783439917,,
2025-03-20 04:45:00+00:00,,-0.023286346616606668,,0.006177922693776372
2025-03-20 10:35:00+00:00,,,0.034166316517082684,
2025-03-20 16:10:00+00:00,,,-0.018130250829099026,
2025-03-21 07:25:00+00:00,,,-0.009831709933835198,
2025-03-22 13:40:00+00:00,,,-0.005236621884245896,
2025-03-22 21:10:00+00:00,,,-0.005055981546752242,
2025-03-24 05:25:00+00:00,,0.01969362344972958,,
2025-03-24 14:00:00+00:00,,0.008941464433789292,,
2025-03-24 22:50:00+00:00,,,0.03615894796212027,
2025-03-24 23:20:00+00:00,,-0.014469417444168742,,
2025-03-25 01:25:00+00:00,,,,0.027333133353161232
2025-03-25 23:15:00+00:00,,,-0.001239866005411927,
2025-03-26 13:30:00+00:00,,,-0.00512363960938389,
2025-03-26 19:05:00+00:00,,-0.019267079898264594,,
2025-03-27 11:40:00+00:00,,,-0.004178863664815458,
2025-03-28 03:30:00+00:00,,,-0.007584983799031275,
2025-03-28 06:50:00+00:00,,-0.018963688796151068,,
2025-03-29 06:20:00+00:00,,,-0.008950239062784138,
2025-03-31 13:45:00+00:00,,-0.01436223870669806,,
2025-04-01 08:20:00+00:00,,0.014729391204510334,,
2025-04-01 14:05:00+00:00,,-0.016730287392013432,,
2025-04-01 14:15:00+00:00,,,,0.0016912397196746642
2025-04-01 15:10:00+00:00,0.012984999999999802,,,
2025-04-02 05:20:00+00:00,,,0.008303505432531333,
2025-04-02 15:05:00+00:00,0.012985000000000024,,,
2025-04-02 19:55:00+00:00,,0.017838430336976074,,
2025-04-02 20:15:00+00:00,0.012985000000000024,,,
2025-04-02 21:20:00+00:00,,,,-0.0009696442615398926
2025-04-02 22:20:00+00:00,,,-0.021786389028689013,
2025-04-04 10:20:00+00:00,-0.02198,,,
2025-04-04 10:30:00+00:00,,,,0.004450358596664872
2025-04-04 10:45:00+00:00,,-0.023255786757618413,,
2025-04-04 11:40:00+00:00,,,-0.014323915408354204,
2025-04-05 13:20:00+00:00,,,,-0.008559766691599746
2025-04-05 13:45:00+00:00,,-0.026179125521192614,,
2025-04-05 15:40:00+00:00,-0.02198,,,
2025-04-06 08:15:00+00:00,,,-0.009915304929785207,
2025-04-06 08:25:00+00:00,,,,-0.004423792253869463
2025-04-07 13:40:00+00:00,,-0.02293893881721687,,
2025-04-07 13:50:00+00:00,0.012984999999999802,,,
2025-04-07 22:10:00+00:00,0.012985000000000024,,,
2025-04-08 01:55:00+00:00,,0.02771215684575501,,
2025-04-08 08:20:00+00:00,-0.02198,,,
2025-04-08 15:15:00+00:00,,,,0.015714920159998202
2025-04-08 15:55:00+00:00,,,-0.02302630966428687,
2025-04-09 21:35:00+00:00,,0.06597181874545033,,
2025-04-09 22:55:00+00:00,0.0723010141610414,,,
2025-04-10 15:15:00+00:00,,,,0.04238203537911889
2025-04-10 15:45:00+00:00,,,0.016108125562931175,
2025-04-11 09:25:00+00:00,0.012985000000000024,,,
2025-04-11 17:35:00+00:00,0.012985000000000024,,,
2025-04-12 14:30:00+00:00,0.012984999999999802,,,
2025-04-13 01:30:00+00:00,,0.023303829498666717,,
2025-04-13 06:00:00+00:00,,,0.0465314327465427,
2025-04-13 12:30:00+00:00,,,,0.05177965526321526
2025-04-13 13:55:00+00:00,-0.02198,,,
2025-04-13 19:35:00+00:00,,-0.015436790922597865,,
2025-04-15 17:25:00+00:00,,,,-0.0015637091158036132
2025-04-15 18:05:00+00:00,,,-0.014093571131378768,
2025-04-15 23:05:00+00:00,,-0.017634939669508576,,
2025-04-15 23:40:00+00:00,-0.02198,,,
2025-04-16 17:45:00+00:00,,-0.0159139982393236,,
2025-04-18 22:05:00+00:00,,-0.0018684863368019222,,
2025-04-19 16:50:00+00:00,,,,0.007234839734704401
2025-04-20 07:10:00+00:00,,,,-0.00823618027150208
2025-04-20 07:25:00+00:00,,,-0.0028939199141996275,
2025-04-20 10:30:00+00:00,,-0.010123810836065728,,
2025-04-21 00:05:00+00:00,,0.005888991962896162,,
2025-04-21 04:35:00+00:00,,0.009089396551904105,,
2025-04-21 11:25:00+00:00,,,,0.023315118144187963
2025-04-21 14:20:00+00:00,0.012984999999999802,,,
2025-04-21 14:25:00+00:00,,0.009945914902043551,,
2025-04-21 16:45:00+00:00,,-0.012763452737512115,,
2025-04-22 13:30:00+00:00,,0.013964746159255137,,
2025-04-22 17:55:00+00:00,,0.015112864468160847,,
2025-04-22 18:55:00+00:00,0.012985000000000024,,,
2025-04-22 21:45:00+00:00,,0.016151655774268026,,
2025-04-23 15:20:00+00:00,,,,0.05015940972027777
2025-04-24 04:10:00+00:00,,,,-0.01797854047674441
2025-04-24 04:15:00+00:00,,,0.0875476886617792,
2025-04-24 08:30:00+00:00,,-0.019383330261338427,,
2025-04-25 12:10:00+00:00,0.012985000000000024,,,
2025-04-26 09:45:00+00:00,,,0.005625860363653201,
2025-04-26 11:40:00+00:00,,-0.01512018839294016,,
2025-04-26 11:45:00+00:00,,,,0.012734451597367968
2025-04-27 05:30:00+00:00,,,,-0.0077288235723126375
2025-04-27 23:10:00+00:00,,,,-0.007857963181662098
2025-04-28 00:15:00+00:00,,,-0.01634629864828574,
2025-04-28 10:35:00+00:00,,0.008739030128126046,,
2025-04-28 13:35:00+00:00,,-0.011146355168995314,,
2025-04-28 15:50:00+00:00,,,-0.00957298607379986,-0.006155756493860021
2025-05-02 13:00:00+00:00,,-0.004076578860167102,,
2025-05-02 22:45:00+00:00,,,0.016066414291495024,
2025-05-03 01:15:00+00:00,,,,0.011367638277154812
2025-05-06 08:25:00+00:00,,,,-0.01255734452279944
2025-05-06 11:30:00+00:00,,,-0.01163147360581096,
2025-05-07 03:15:00+00:00,,,,0.009278327807856979
2025-05-07 10:50:00+00:00,,0.007490136961414207,,
2025-05-08 01:00:00+00:00,0.012984999999999802,,,
2025-05-08 15:20:00+00:00,,0.008621933033860163,,
2025-05-08 20:55:00+00:00,,0.009101754130897755,,
2025-05-08 21:15:00+00:00,0.012984999999999802,,,
2025-05-09 09:25:00+00:00,,,,0.04617482145704921
2025-05-09 19:10:00+00:00,,-0.0062729131406839,,
2025-05-11 02:50:00+00:00,,,,-0.007800125983422501
2025-05-11 21:10:00+00:00,,-0.010734066609413784,,
2025-05-12 07:00:00+00:00,0.012984999999999802,,,
2025-05-12 08:10:00+00:00,,,,-0.009675738383019383
2025-05-12 15:40:00+00:00,,,0.07787227266762509,
2025-05-14 03:40:00+00:00,,,-0.0005167093118305655,
2025-05-14 08:55:00+00:00,,,,-0.009345976563576053
2025-05-17 01:10:00+00:00,,,,-0.011070846877684448
2025-05-17 01:20:00+00:00,,,-0.010247791239547777,
2025-05-18 14:45:00+00:00,0.012984999999999802,,,
2025-05-18 18:00:00+00:00,,,,0.008998311835044293
2025-05-18 19:55:00+00:00,,-0.013828866864959988,,
2025-05-19 00:40:00+00:00,,,,-0.007022943070761456
2025-05-19 03:10:00+00:00,-0.02198,-0.015938276021977726,,
2025-05-19 04:00:00+00:00,,,-0.0024459504321038272,
2025-05-20 00:15:00+00:00,0.012985000000000024,0.00910866062571225,,
2025-05-20 08:30:00+00:00,,,0.0014790180846466772,
2025-05-20 12:20:00+00:00,,,,-0.01726860879312253
2025-05-21 10:00:00+00:00,,,-0.002059165123130202,
2025-05-21 14:50:00+00:00,,0.011163687577471437,,
2025-05-21 17:25:00+00:00,,,,0.003922914603589289
2025-05-21 17:30:00+00:00,-0.02198,-0.023440029591379585,,
2025-05-21 23:25:00+00:00,0.012985000000000024,,,
2025-05-22 03:45:00+00:00,,0.01347924317240179,,
2025-05-23 01:45:00+00:00,,-0.00671674957890811,,
2025-05-23 06:20:00+00:00,,,0.012324561497666142,
2025-05-23 11:45:00+00:00,,,,-0.0019435827901830294
2025-05-24 23:10:00+00:00,,,-0.01608072358770607,
2025-05-26 07:05:00+00:00,,0.007179503231214079,,
2025-05-27 01:10:00+00:00,,,,-0.002027030786967421
2025-05-27 02:05:00+00:00,,,-0.0041183734564052,
2025-05-27 14:30:00+00:00,,,,-0.015309000222502145
2025-05-27 22:00:00+00:00,,,-0.008294476442107235,
2025-05-30 07:35:00+00:00,,,,-0.011504106348297127
2025-05-30 16:35:00+00:00,,,,-0.01832063703634057
2025-06-01 01:40:00+00:00,,,,0.0011322581679438226
2025-06-01 02:25:00+00:00,,,-0.0024170305335163844,
2025-06-01 09:55:00+00:00,,,,-0.008865308924726034
2025-06-02 03:50:00+00:00,,,0.0006707563805903316,
2025-06-02 10:20:00+00:00,,,,-0.0004123364549108999
2025-06-02 11:40:00+00:00,,-0.012665731871391972,,
2025-06-03 08:45:00+00:00,,,-0.007835663237625856,
2025-06-04 12:50:00+00:00,,,-0.015322761965813503,
2025-06-04 13:00:00+00:00,,-0.00871967078743452,,
2025-06-04 13:55:00+00:00,,,,-0.0006694732071327314
2025-06-05 06:45:00+00:00,,,,-0.008356107805869928
2025-06-05 13:50:00+00:00,,-0.012033155507208293,,
2025-06-05 14:10:00+00:00,,,,-0.007721855157089008
2025-06-05 16:55:00+00:00,,,-0.020504868923874597,
2025-06-06 13:40:00+00:00,,0.011855057867651508,,
2025-06-08 09:10:00+00:00,,,,0.03144207581213099
2025-06-08 09:50:00+00:00,,,0.021702681459709883,
2025-06-08 22:40:00+00:00,,,,-0.0016469299479310306
2025-06-08 23:45:00+00:00,,,-0.003891631221321523,
2025-06-09 14:50:00+00:00,,0.014118222285603776,,
2025-06-09 19:25:00+00:00,,0.006548604540978387,,
2025-06-10 01:05:00+00:00,,0.008760447449015274,,
2025-06-10 14:45:00+00:00,,,,0.02528694760337813
2025-06-11 18:00:00+00:00,,-0.014739689213523977,,
2025-06-11 18:05:00+00:00,,,,-0.006099522357192466
2025-06-11 19:05:00+00:00,,,0.016672936556838325,
2025-06-12 20:40:00+00:00,,,,-0.011474678258617033
2025-06-12 20:55:00+00:00,,,-0.02475170904441737,
2025-06-14 07:15:00+00:00,,,-0.010264156854369433,0.0002491372128377023
2025-06-15 06:35:00+00:00,,,,-0.0002495037148694257
2025-06-15 09:20:00+00:00,,,-0.007083021013707724,
2025-06-15 20:40:00+00:00,,,,-0.006585256084162938
2025-06-16 07:15:00+00:00,,0.006357718614063312,,
2025-06-16 14:40:00+00:00,,0.006614895423966205,,
2025-06-16 22:05:00+00:00,,0.007690550159784149,,
2025-06-16 23:45:00+00:00,,,,0.013352721784988475
2025-06-17 00:10:00+00:00,,,0.0005728139189411507,
2025-06-18 10:05:00+00:00,,,,-0.004457486414506273
2025-06-18 10:50:00+00:00,,,-0.011940261743566771,
2025-06-19 14:55:00+00:00,,,,-0.010292780836738125
2025-06-20 14:45:00+00:00,,-0.014123065907026056,,-4.239207857836824e-05
2025-06-20 15:20:00+00:00,,,-0.013444498109858705,
2025-06-21 17:35:00+00:00,,,,-0.004434097437801765
2025-06-21 19:05:00+00:00,,,-0.014154041418339869,
2025-06-22 13:30:00+00:00,,,,-0.021850208905544455
2025-06-23 13:55:00+00:00,0.017979999999999885,,,
2025-06-23 16:25:00+00:00,,,,0.005397434550301172
2025-06-23 18:15:00+00:00,,0.016440290034757776,,
2025-06-23 22:10:00+00:00,0.017980000000000107,,,
2025-06-24 16:55:00+00:00,,0.019153996242557758,,
2025-06-25 13:45:00+00:00,0.017979999999999885,,,
2025-06-26 11:45:00+00:00,,,0.06086058321423504,
2025-06-26 13:55:00+00:00,,,,0.037373819202649816
2025-06-27 08:20:00+00:00,,,,-0.009328517312698903
2025-06-28 13:25:00+00:00,,,,-0.0011389803557081413
2025-06-29 16:25:00+00:00,,,,-0.0005283060183077781
2025-06-29 16:45:00+00:00,,-0.008722752097407138,,
2025-06-30 06:40:00+00:00,,,,-0.0008173922248088106
2025-06-30 08:55:00+00:00,,-0.007083213552937173,,
2025-06-30 14:05:00+00:00,,,,-0.006878820397160035
2025-07-01 09:35:00+00:00,,,,-0.010424031400875222
2025-07-01 15:10:00+00:00,,,,-0.012071760455165448
2025-07-02 10:50:00+00:00,,0.00872588618497061,,
2025-07-02 16:05:00+00:00,,0.00791655431159799,,
2025-07-03 12:45:00+00:00,,,,0.026110324783788386
2025-07-04 04:45:00+00:00,,,,-0.013062046272679706
2025-07-04 06:40:00+00:00,,-0.007327205933705505,,
2025-07-04 13:45:00+00:00,,,,-0.0096639789390488
2025-07-04 14:20:00+00:00,,,0.004019609397642121,
2025-07-06 09:45:00+00:00,,,,-0.0017819512796626302
2025-07-06 21:30:00+00:00,,0.004206033985520774,,
2025-07-07 12:05:00+00:00,,,,0.0020352894343895755
2025-07-07 12:10:00+00:00,,-0.007921296507013786,,
2025-07-07 17:15:00+00:00,,,-0.007954744409889414,
2025-07-08 02:10:00+00:00,,,,-0.008617712152179657
2025-07-08 16:05:00+00:00,,,,-0.0009844164206892492
2025-07-09 04:25:00+00:00,,,,-0.009009211205619039
2025-07-09 14:35:00+00:00,,,,-0.003693905558230015
2025-07-10 01:50:00+00:00,,0.006839171920489218,,
2025-07-10 13:40:00+00:00,,,,0.007667996680359668
2025-07-10 17:05:00+00:00,0.012984999999999802,,,
2025-07-10 21:15:00+00:00,0.012985000000000024,,,
2025-07-11 00:20:00+00:00,,0.02323808667338234,,
2025-07-11 05:25:00+00:00,,0.0144404858066145,,
2025-07-11 05:35:00+00:00,0.012985000000000024,,,
2025-07-11 16:05:00+00:00,,,,0.04786165283516963
2025-07-12 15:25:00+00:00,,,,-0.00813463106427359
2025-07-12 20:05:00+00:00,,-0.00437958683458517,,
2025-07-14 08:45:00+00:00,,0.026439774309299446,,
2025-07-14 14:25:00+00:00,,-0.013705657721592268,,
2025-07-14 15:10:00+00:00,,,,0.022982279989093968
2025-07-14 15:45:00+00:00,-0.02198,,,
2025-07-15 02:50:00+00:00,,,0.08831238158816435,
2025-07-17 01:45:00+00:00,,,,0.002550675641779021
2025-07-18 08:30:00+00:00,,,,0.0006057424969256875
2025-07-18 14:20:00+00:00,,-0.01599691752034682,,-0.01239478245390846
2025-07-18 15:30:00+00:00,,,-0.006354446067208808,
2025-07-19 14:35:00+00:00,,,,-0.002828526280230226
2025-07-20 22:05:00+00:00,,,,-0.006034128255071436
2025-07-20 23:15:00+00:00,,,-0.01188474980048504,
2025-07-21 11:55:00+00:00,,,,0.0006725736932264859
2025-07-21 17:45:00+00:00,,-0.011024895269563295,,
2025-07-21 19:30:00+00:00,,,-0.013437946726823635,
2025-07-22 01:15:00+00:00,,,,-0.020671338648316273
2025-07-22 14:00:00+00:00,,,,0.0013388606736535191
2025-07-22 18:55:00+00:00,,0.010664171134588951,,
2025-07-23 03:45:00+00:00,,,,-0.007657113750082711
2025-07-23 10:10:00+00:00,,-0.016265575333978544,,
2025-07-23 13:50:00+00:00,,,,-0.01233959303450316
2025-07-24 04:40:00+00:00,,,,-0.006648922053808404
2025-07-24 07:05:00+00:00,,,-0.010166039622535261,
2025-07-25 01:15:00+00:00,,,,-0.01112242470430902
2025-07-25 01:35:00+00:00,,,-0.012617760731209349,
2025-07-27 11:15:00+00:00,,0.0066840746365139925,,
2025-07-28 10:40:00+00:00,,,,0.020744479758864953
2025-07-28 13:25:00+00:00,,-0.009227742163583241,,
2025-07-31 07:15:00+00:00,,0.0065186878396814585,,
2025-07-31 19:10:00+00:00,,,-0.009020237170174639,
2025-08-05 03:50:00+00:00,,,-0.0005661654060872268,
2025-08-07 04:45:00+00:00,,,-0.008060682957521492,
2025-08-07 13:25:00+00:00,,0.00624228626203327,,
2025-08-07 19:45:00+00:00,,0.005882884117034415,,
2025-08-08 00:15:00+00:00,,,,-0.003718536504517922
2025-08-08 01:00:00+00:00,,,,-0.007393297476463112
2025-08-08 16:30:00+00:00,,,-0.004153460808650089,
2025-08-09 11:10:00+00:00,,,,-0.0044456106487804625
2025-08-09 19:05:00+00:00,,,-0.011819553989490417,
2025-08-10 05:15:00+00:00,,,,-0.0001894729668464601
2025-08-10 12:15:00+00:00,,0.003772229912833547,,
2025-08-10 17:25:00+00:00,,,,-0.004356936208148143
2025-08-11 07:10:00+00:00,,0.01721922537144649,,
2025-08-11 07:55:00+00:00,,,,0.018027217999732947
2025-08-11 13:00:00+00:00,-0.016984999999999917,,,
2025-08-11 13:20:00+00:00,,,0.010698950490859893,
2025-08-13 13:50:00+00:00,,0.007034369254492745,,
2025-08-13 15:20:00+00:00,,-0.01460169131279998,,
2025-08-14 00:25:00+00:00,,0.007946344305623132,,
2025-08-14 04:10:00+00:00,,,,0.005089640166194176
2025-08-14 05:40:00+00:00,,-0.015603706683381957,,
2025-08-14 07:35:00+00:00,,,0.006544869910607876,
2025-08-17 19:30:00+00:00,,,-0.006568087364266839,
2025-08-19 03:30:00+00:00,,-0.010862825524240671,,
2025-08-22 18:15:00+00:00,0.017164843750000047,,,
2025-08-22 19:10:00+00:00,,0.011711014843750034,,
2025-08-23 11:30:00+00:00,,,-0.012217402288918655,
2025-08-28 08:45:00+00:00,0.009951692909446308,,,
2025-08-29 07:05:00+00:00,-0.016985000000000028,,,
2025-08-29 13:55:00+00:00,-0.016985000000000028,,,
2025-08-31 03:45:00+00:00,0.007989999999999942,,,
2025-08-31 12:05:00+00:00,,,-0.009935068267548086,
2025-09-01 00:00:00+00:00,,,-0.010833950267415515,
2025-09-01 00:25:00+00:00,-0.016985000000000028,,,
2025-09-01 13:00:00+00:00,0.007989999999999942,,,
2025-09-01 13:25:00+00:00,,0.0044437805070929315,,
2025-09-01 21:50:00+00:00,,,-0.01997514373095821,
2025-09-02 06:20:00+00:00,,0.006487600878249733,,
2025-09-02 07:00:00+00:00,0.01015131719153195,,,
2025-09-02 12:55:00+00:00,,,-0.01677352246274999,
2025-09-03 14:40:00+00:00,0.007989999999999942,0.008245255424653486,,
2025-09-04 05:00:00+00:00,-0.016985000000000028,,-0.007075564653433619,
2025-09-05 09:15:00+00:00,,,,-0.0039035569215947197
2025-09-05 10:55:00+00:00,0.010090697880624333,,,
2025-09-05 12:40:00+00:00,,,,-0.004981555146505667
2025-09-05 13:35:00+00:00,,,,-0.007615664013372436
2025-09-05 14:15:00+00:00,-0.016985000000000028,,,
2025-09-05 15:10:00+00:00,,,-0.009588109517152166,
2025-09-08 13:05:00+00:00,0.007989999999999942,,,
2025-09-08 14:30:00+00:00,,0.0031076491852564114,,
2025-09-09 01:30:00+00:00,,,-0.0004011508093525462,
2025-09-09 14:35:00+00:00,,-0.012789006005341053,,
2025-09-09 15:20:00+00:00,,,-0.012951049336642817,
2025-09-09 15:35:00+00:00,-0.016985000000000028,,,
2025-09-10 12:30:00+00:00,0.007989999999999942,,,
2025-09-10 12:45:00+00:00,,,,-0.005646999532609942
2025-09-10 16:15:00+00:00,,,,-0.0006963814648125455
2025-09-11 09:10:00+00:00,,,,-0.005563491309525159
2025-09-11 11:35:00+00:00,,-0.004273585410962566,,
2025-09-11 12:10:00+00:00,0.007989999999999942,,,
2025-09-11 12:35:00+00:00,,,,-0.008087145732142198
2025-09-11 14:15:00+00:00,,,,-0.0053554425957302865
2025-09-12 01:25:00+00:00,,,,0.006974649103462127
2025-09-12 18:05:00+00:00,0.008698349281157203,,,
2025-09-12 20:20:00+00:00,,,,-0.004039787187223864
2025-09-12 22:35:00+00:00,,-0.0039025144779264442,,
2025-09-13 17:00:00+00:00,,,0.024612172276726296,
2025-09-15 06:30:00+00:00,,,,-0.004514133059387193
2025-09-15 08:45:00+00:00,,-0.009731399450087053,,
2025-09-15 09:10:00+00:00,,,-0.013679449699054103,
2025-09-16 17:40:00+00:00,,,,-0.005480725022556254
2025-09-17 03:25:00+00:00,,,,-0.0045024853975477175
2025-09-17 05:55:00+00:00,0.007989999999999942,,,
2025-09-17 08:30:00+00:00,,,,-0.004432896781260687
2025-09-17 14:25:00+00:00,,,-0.0030518496955017627,
2025-09-17 14:30:00+00:00,-0.016985000000000028,,,
2025-09-17 16:40:00+00:00,,-0.009939793234390204,,
2025-09-18 03:10:00+00:00,0.007989999999999942,,,
2025-09-18 04:35:00+00:00,,,,-0.0024415741788084144
2025-09-18 19:35:00+00:00,,,,-0.007060680850295764
2025-09-19 10:20:00+00:00,,,-0.011952120043540293,
2025-09-19 15:00:00+00:00,-0.016985000000000028,,,
2025-09-21 02:00:00+00:00,,,-0.007131715820941298,
2025-09-24 04:10:00+00:00,-0.016984999999999917,,,
2025-09-25 03:55:00+00:00,,,-0.007949250990309076,
2025-09-25 12:30:00+00:00,-0.016985000000000028,,,
2025-09-28 20:20:00+00:00,,0.0019370116799390935,,
2025-09-29 02:10:00+00:00,,0.007215843533362243,,
2025-09-29 13:40:00+00:00,0.012985000000000024,,,
2025-09-29 17:45:00+00:00,,0.0034601130150144765,,
2025-09-30 04:25:00+00:00,,,,-0.000354546798905786
2025-09-30 05:05:00+00:00,,,0.033293410248937505,
2025-10-01 08:25:00+00:00,0.012985000000000024,,,
2025-10-01 08:30:00+00:00,,0.004714856877100493,,
2025-10-01 14:00:00+00:00,,0.005286032492897164,,
2025-10-01 14:15:00+00:00,0.012985000000000024,,,
2025-10-01 17:10:00+00:00,,,,0.018052684329508795
2025-10-02 00:45:00+00:00,,,,-3.0765127217557975e-05
2025-10-02 12:40:00+00:00,0.012985000000000024,,,
2025-10-02 14:45:00+00:00,,,,-0.006530685580833584
2025-10-02 16:00:00+00:00,,0.005445641919178401,,
2025-10-02 17:25:00+00:00,,,,-0.005579381707889852
2025-10-02 21:55:00+00:00,,,,-0.003884351585294432
2025-10-03 05:50:00+00:00,,,0.047972223553766735,
2025-10-03 12:25:00+00:00,,-0.0037210873927236987,,
2025-10-03 15:30:00+00:00,0.012984999999999802,,,
2025-10-03 17:00:00+00:00,,,,0.008649101452416375
2025-10-04 01:45:00+00:00,,,-0.00505669811163334,
2025-10-04 09:20:00+00:00,,0.0007441722198013867,,
2025-10-04 11:20:00+00:00,,,-0.007983104800832419,
2025-10-05 02:30:00+00:00,0.012984999999999802,,,
2025-10-05 02:45:00+00:00,,,,-0.005690771729358279
2025-10-05 07:35:00+00:00,,,,-0.007209930151310884
2025-10-05 16:50:00+00:00,,-0.01644465922754046,,
2025-10-06 18:55:00+00:00,0.012984999999999802,,,
2025-10-06 20:20:00+00:00,,,,-0.006638372360086464
2025-10-07 15:05:00+00:00,-0.02198,,,
2025-10-09 01:10:00+00:00,,,-0.012219810663927522,
2025-10-09 14:20:00+00:00,,-0.01801951456034223,,
2025-10-09 14:40:00+00:00,,,-0.012267844356322222,
2025-10-09 16:50:00+00:00,-0.02198000000000011,,,
2025-10-10 15:30:00+00:00,-0.02198,,,
2025-10-11 18:45:00+00:00,,0.0007902195102480469,,
2025-10-11 20:55:00+00:00,-0.02198,,,
2025-10-12 15:05:00+00:00,0.012984999999999802,,,
2025-10-12 21:10:00+00:00,0.012985000000000024,,,
2025-10-14 04:45:00+00:00,-0.02198,,,
2025-10-14 21:55:00+00:00,0.012984999999999802,,,
2025-10-15 10:50:00+00:00,,-0.006315870783975774,,
2025-10-15 13:45:00+00:00,-0.02198,,,
2025-10-17 07:05:00+00:00,-0.02198000000000011,,,
2025-10-19 09:45:00+00:00,0.012984999999999802,,,
2025-10-20 00:25:00+00:00,,-0.015837233129522454,,
2025-10-20 03:50:00+00:00,0.012984999999999802,,,
2025-10-20 08:30:00+00:00,,0.006807479322792576,,
2025-10-20 17:40:00+00:00,,,-0.00960299169425094,
2025-10-21 04:10:00+00:00,-0.02198,,,
2025-10-21 17:20:00+00:00,,,,-0.018075875596360702
2025-10-21 18:15:00+00:00,,0.01341536619189454,,
2025-10-21 19:55:00+00:00,0.028031762716953512,,,
2025-10-21 20:35:00+00:00,,,-0.01768468209590579,
2025-10-23 06:15:00+00:00,0.012984999999999802,,,
2025-10-23 21:40:00+00:00,,,-0.00882927261557298,
2025-10-24 07:05:00+00:00,0.012984999999999802,,,
2025-10-26 22:00:00+00:00,,0.006469663605558118,,
2025-10-27 06:45:00+00:00,0.007989999999999942,0.00781658168615218,,
2025-10-27 13:35:00+00:00,,,,0.005345500579613027
2025-10-28 14:45:00+00:00,,,,-0.013804200756914797
2025-10-28 19:15:00+00:00,,-0.017403414485383628,,
2025-10-28 20:00:00+00:00,-0.02198,,-0.013993592014772904,
2025-10-30 04:20:00+00:00,-0.02198,,,
2025-10-30 12:20:00+00:00,-0.02198,,,
2025-10-31 00:50:00+00:00,0.007989999999999942,,,
2025-10-31 09:15:00+00:00,0.007989999999999942,,,
2025-11-01 00:20:00+00:00,,,,-0.011466330845883888
2025-11-01 15:30:00+00:00,,0.004787926804937559,,
2025-11-02 16:00:00+00:00,,,,-0.0070067778520662705
2025-11-02 16:20:00+00:00,,,0.0013721046225299016,
2025-11-04 05:40:00+00:00,-0.02198,,,
2025-11-05 01:25:00+00:00,-0.02198,,,
2025-11-05 14:40:00+00:00,0.007989999999999942,,,
2025-11-05 16:55:00+00:00,0.007990000000000164,,,
2025-11-05 19:15:00+00:00,,0.023095725426852898,,
2025-11-06 12:40:00+00:00,,,,-0.014028639650961905
2025-11-06 15:40:00+00:00,-0.02198,,,
2025-11-06 15:50:00+00:00,,,-0.017058260528143077,
2025-11-07 11:10:00+00:00,-0.02198000000000011,,,
2025-11-07 20:25:00+00:00,0.018619035636507686,,,
2025-11-08 06:00:00+00:00,,,,-0.005017973809161469
2025-11-08 14:15:00+00:00,-0.02198,,,
2025-11-08 14:20:00+00:00,,,-0.012607259126593107,
2025-11-09 08:00:00+00:00,,-0.005840183005353161,,
2025-11-09 16:45:00+00:00,0.007989999999999942,,,
2025-11-10 00:20:00+00:00,,0.013927284323929978,,
2025-11-10 01:55:00+00:00,0.008143611130100536,,,
2025-11-10 14:50:00+00:00,,,,0.02409758682606733
2025-11-11 01:15:00+00:00,0.007989999999999942,,,
2025-11-11 05:15:00+00:00,-0.02198000000000011,,,
2025-11-11 06:05:00+00:00,,,,-0.0163209225248947
2025-11-11 12:45:00+00:00,,-0.018863878824232905,,
2025-11-11 13:20:00+00:00,,,0.014243759350194951,
2025-11-12 15:15:00+00:00,,,,-0.018023578468953083
2025-11-12 15:40:00+00:00,-0.02198,,,
2025-11-12 15:45:00+00:00,,,-0.014938881486792455,
2025-11-13 14:35:00+00:00,,-0.022659789200416114,,
2025-11-13 16:05:00+00:00,,,-0.024482372650795226,
2025-11-13 16:10:00+00:00,-0.02198,,,
2025-11-14 04:30:00+00:00,-0.02198,,,
2025-11-14 20:40:00+00:00,-0.02198,,,
2025-11-15 06:10:00+00:00,0.007989999999999942,,,
2025-11-16 13:40:00+00:00,,,,-0.01503118764624145
2025-11-16 16:00:00+00:00,,,-0.02215333966980304,
2025-11-17 07:35:00+00:00,0.007989999999999942,,,
2025-11-17 13:40:00+00:00,-0.02198,,,
2025-11-17 16:05:00+00:00,,,,-0.028589494260451875
2025-11-17 17:40:00+00:00,,-0.024800790188944655,,
2025-11-18 14:30:00+00:00,0.007990000000000164,,,
2025-11-18 17:35:00+00:00,0.008243132475114212,,,
2025-11-19 04:30:00+00:00,-0.02198000000000011,,,
2025-11-19 04:50:00+00:00,,,-0.0161691643658326,
2025-11-19 15:50:00+00:00,-0.02198,,,
2025-11-20 03:20:00+00:00,0.021871391435050347,,,
2025-11-20 14:00:00+00:00,,,,-0.017850370104187885
2025-11-20 15:20:00+00:00,,,-0.014712493621252931,
2025-11-20 16:10:00+00:00,,-0.031527312326940726,,
2025-11-21 02:50:00+00:00,-0.02198,,,
2025-11-21 14:30:00+00:00,0.007989999999999942,,,
2025-11-21 15:40:00+00:00,-0.023633560056944836,,,
2025-11-23 01:55:00+00:00,0.008061406258272896,,,
2025-11-23 04:45:00+00:00,0.007990000000000164,,,
2025-11-23 05:25:00+00:00,,0.008741705327136362,,
2025-11-23 21:40:00+00:00,0.007989999999999942,,,
2025-11-24 00:15:00+00:00,-0.02198,,,
2025-11-24 00:20:00+00:00,,,,0.00692173731331458
2025-11-24 09:20:00+00:00,-0.02198,,,
2025-11-24 10:00:00+00:00,,,0.002841618049444161,
2025-11-24 19:50:00+00:00,0.01191766668951666,,,
2025-11-25 07:50:00+00:00,,,,-0.008151251393231473
2025-11-25 09:00:00+00:00,,,-0.012532803779798152,
2025-11-26 22:30:00+00:00,0.01685886558946592,0.01685886558946592,,
2025-11-28 16:30:00+00:00,,,,0.016673790027570412
2025-11-28 17:45:00+00:00,,,0.01108971861925001,
2025-11-30 23:20:00+00:00,,,-0.007924126710457724,
2025-12-02 01:05:00+00:00,0.012984999999999802,,,
2025-12-02 13:55:00+00:00,,0.017028798934855427,,
2025-12-02 20:05:00+00:00,0.03500552826754766,0.030132271470950656,,
2025-12-03 04:25:00+00:00,0.012985000000000024,,,
2025-12-04 17:45:00+00:00,,,0.03341703512028271,
2025-12-04 19:15:00+00:00,-0.02198,,,-0.006283989669128798
2025-12-04 20:05:00+00:00,,-0.01755725019265353,,
2025-12-07 21:55:00+00:00,,,,-0.006073657729265491
2025-12-07 22:05:00+00:00,-0.02198,-0.01812509429208553,,
2025-12-07 22:30:00+00:00,,,-0.017152386485175808,
2025-12-08 15:15:00+00:00,,,,-0.018905587415446568
2025-12-08 15:30:00+00:00,,,-0.02000042332266705,
2025-12-09 05:15:00+00:00,,-0.020712889540882462,,
2025-12-09 20:35:00+00:00,0.015749292961314776,,,
2025-12-09 21:55:00+00:00,,,,-0.007643362398126019
2025-12-10 20:10:00+00:00,,0.0162646246078193,,
2025-12-10 20:50:00+00:00,-0.02198,,,
2025-12-10 21:05:00+00:00,,-0.0256284308631185,,
2025-12-11 00:30:00+00:00,,,-0.013269395709526677,
2025-12-12 15:35:00+00:00,,,-0.025891773388546535,
2025-12-12 15:55:00+00:00,-0.02198000000000011,,,
2025-12-12 16:00:00+00:00,,-0.0264088083022207,,
2025-12-15 14:50:00+00:00,,-0.014297588932586258,,
2025-12-17 15:55:00+00:00,-0.02198,,,-0.020321045698545648
2025-12-17 16:10:00+00:00,,-0.02736517949547046,,
2025-12-17 16:35:00+00:00,,,-0.03700135226247825,
2025-12-18 17:05:00+00:00,-0.02198,-0.02862511347427732,,
2025-12-18 17:25:00+00:00,,,-0.03758070536418001,
2025-12-19 15:10:00+00:00,0.012985000000000024,,,
2025-12-20 21:40:00+00:00,,0.0011625633225340604,,
2025-12-21 14:00:00+00:00,,,-0.00497081526673171,
2025-12-22 02:00:00+00:00,,-0.012920531088966625,,
2025-12-22 02:15:00+00:00,,,,-0.016498002626508468
2025-12-22 19:00:00+00:00,,-0.016119375653657952,,
2025-12-22 19:05:00+00:00,,,,-0.014889179139152664
2025-12-22 19:40:00+00:00,,,-0.013547893881549644,
2025-12-25 20:25:00+00:00,,,,-0.006076008163514501
2025-12-25 22:45:00+00:00,,,-0.009833295476397774,
2025-12-26 07:45:00+00:00,,,,-0.0016774600793204586
2025-12-26 07:55:00+00:00,,-0.010043748700172106,,
2025-12-26 14:55:00+00:00,-0.016984999999999917,,-0.01886244186046515,
2025-12-28 05:35:00+00:00,,,-0.0021811842214676247,
2025-12-29 01:15:00+00:00,,-0.005443248954102531,,
2025-12-29 06:15:00+00:00,,0.018009662058023457,,
2025-12-29 07:05:00+00:00,,-0.0070326937201898865,,
2025-12-29 08:50:00+00:00,,,,0.01361087359351143
2025-12-29 09:40:00+00:00,,,0.001983909831734021,
2025-12-29 09:45:00+00:00,-0.016985000000000028,,,
2025-12-30 20:50:00+00:00,,,-0.00045898517770426306,
2025-12-31 15:10:00+00:00,,,-0.008930570933316173,
2026-01-02 14:10:00+00:00,,-0.007607893945449584,,-0.0017882504960999857
2026-01-02 14:30:00+00:00,,,0.00803369944483956,
2026-01-02 15:20:00+00:00,,,,-0.013265132237447852
2026-01-02 16:40:00+00:00,,-0.009362464951689686,,
2026-01-02 18:45:00+00:00,,-0.009570716501789645,,
2026-01-03 03:25:00+00:00,,,,-0.0012368958643348416
2026-01-03 05:55:00+00:00,,,-0.008741461484988,
2026-01-04 12:35:00+00:00,,,,0.00043997968925579833
2026-01-04 12:55:00+00:00,,,0.007226076814792037,
2026-01-04 17:40:00+00:00,,-0.001794953588069359,,
2026-01-05 04:15:00+00:00,,0.0038856624808025764,,
2026-01-05 04:30:00+00:00,,,,0.004099369564706912
2026-01-05 18:55:00+00:00,,0.005230885888087622,,
2026-01-05 20:25:00+00:00,0.012985000000000024,,,
2026-01-06 00:25:00+00:00,,,,0.0011528568205305678
2026-01-06 00:35:00+00:00,,,0.017252048044489543,
2026-01-06 16:30:00+00:00,,,-0.01380784632380172,
2026-01-07 01:15:00+00:00,,-0.011703529101087184,,
2026-01-09 08:05:00+00:00,,,-0.008265853943357326,
2026-01-09 08:35:00+00:00,,-0.011879624688050705,,
2026-01-09 18:30:00+00:00,,,,-0.015346466368999723
2026-01-11 19:55:00+00:00,,,-0.002438838016828093,
2026-01-12 00:35:00+00:00,,-0.006076301252605165,,
2026-01-12 01:35:00+00:00,,-0.0068008366682961174,,
2026-01-12 05:05:00+00:00,,0.00516972325164855,,
2026-01-12 07:35:00+00:00,,-0.007258827960184289,,
2026-01-12 07:40:00+00:00,,,,0.0015136880219843718
2026-01-12 08:00:00+00:00,,,-0.005782905642536695,
2026-01-12 08:35:00+00:00,-0.016985000000000028,,,
2026-01-12 17:30:00+00:00,,-0.008681084478694201,,
2026-01-12 21:50:00+00:00,,-0.009539074576132123,,
2026-01-12 22:00:00+00:00,,,-0.008646050798674643,
2026-01-13 14:00:00+00:00,,,,-0.008376102452911538
2026-01-13 20:20:00+00:00,,0.007467819056654834,,
2026-01-13 22:10:00+00:00,0.012984999999999802,,,
2026-01-14 04:40:00+00:00,,,,0.02639193178058119
2026-01-14 06:15:00+00:00,,,0.028158567531633594,
2026-01-14 06:35:00+00:00,,-0.012551760894214392,,
2026-01-14 15:10:00+00:00,0.012985000000000024,,,
2026-01-15 00:35:00+00:00,,,0.005253166604998194,-0.001854405091204936
2026-01-15 03:25:00+00:00,,-0.012474750788121991,,
2026-01-15 15:00:00+00:00,,,-0.01328317703403259,
2026-01-15 19:30:00+00:00,-0.016985000000000028,,,
2026-01-17 22:25:00+00:00,,,-0.0056840634574135684,
2026-01-18 23:35:00+00:00,,,-0.011655169207883898,
2026-01-21 08:45:00+00:00,,,-0.012707505189722745,
2026-01-21 17:00:00+00:00,,,-0.03232049981614804,
2026-01-22 14:00:00+00:00,,,-0.009525025581395341,
2026-01-22 14:25:00+00:00,,-0.01081275626560041,,
2026-01-22 15:20:00+00:00,-0.016985000000000028,,,
2026-01-23 19:15:00+00:00,,-0.012971929231868184,,
2026-01-23 19:30:00+00:00,-0.016984999999999917,,,-0.0105755521636548
2026-01-23 20:55:00+00:00,,,-0.012308125408013182,
2026-01-26 08:20:00+00:00,,0.004782300052832422,,
2026-01-28 03:15:00+00:00,,,,-0.0016968445697511658
2026-01-28 13:10:00+00:00,,0.008198426531226044,,
2026-01-28 14:35:00+00:00,,,,0.0013909829468699009
2026-01-28 18:45:00+00:00,,,,-0.012406143114443102
2026-01-29 02:45:00+00:00,-0.016985000000000028,,,
2026-01-31 08:15:00+00:00,-0.016985000000000028,,,
2026-02-01 14:30:00+00:00,-0.016984999999999917,,,
2026-02-02 14:35:00+00:00,0.017979999999999885,,,
2026-02-03 02:55:00+00:00,-0.016985000000000028,,,
2026-02-04 14:55:00+00:00,-0.016984999999999917,,,
2026-02-06 02:25:00+00:00,-0.016985000000000028,,,
2026-02-06 03:50:00+00:00,-0.016985000000000028,,,
2026-02-06 05:50:00+00:00,,0.03180861067403451,,
2026-02-06 09:35:00+00:00,0.017980000000000107,,,
2026-02-06 21:05:00+00:00,0.056296498582071974,,,
2026-02-07 00:00:00+00:00,-0.016985000000000028,,,
2026-02-07 00:10:00+00:00,,,0.005530172401401856,
2026-02-07 07:15:00+00:00,,-0.048871439413436635,,
2026-02-07 12:50:00+00:00,-0.016985000000000028,,,
2026-02-08 11:15:00+00:00,0.017979999999999885,,,
2026-02-08 23:05:00+00:00,0.017979999999999885,,,
2026-02-08 23:20:00+00:00,,,,-0.012811011808519956
2026-02-10 03:25:00+00:00,-0.016984999999999917,,,
2026-02-10 06:40:00+00:00,,-0.023674485917407617,,
2026-02-11 14:35:00+00:00,-0.016984999999999917,,,
2026-02-12 14:50:00+00:00,,,-0.009982212799550139,
2026-02-12 16:10:00+00:00,-0.01698500000000014,,,
2026-02-13 20:15:00+00:00,,,,0.0029887411706102096
2026-02-14 08:05:00+00:00,0.017980000000000107,,,
2026-02-14 08:55:00+00:00,,0.01105027223688837,,
2026-02-14 12:45:00+00:00,,,,0.004046353126970548
2026-02-14 13:05:00+00:00,,,-0.004298346668306197,
2026-02-14 13:15:00+00:00,-0.016985000000000028,,,
2026-02-15 08:30:00+00:00,,,,-0.0052649354189526765
2026-02-21 16:15:00+00:00,,,,-0.002771294345634834
2026-02-25 05:35:00+00:00,-0.011989999999999945,,,
2026-02-25 14:35:00+00:00,,,,-0.003703181087902574
2026-02-25 15:30:00+00:00,,0.019514722973683618,,
2026-02-25 19:10:00+00:00,,,,0.028769000213934026
2026-02-25 19:30:00+00:00,,0.023676904623036954,,
2026-02-25 21:45:00+00:00,,,,-0.006717204744787986
2026-02-25 22:30:00+00:00,,,0.040487741895056883,
2026-03-01 02:00:00+00:00,,0.018016768839135056,,
2026-03-01 04:10:00+00:00,-0.011989999999999945,,,
2026-03-02 16:15:00+00:00,0.03772170495835514,,,
2026-03-02 17:35:00+00:00,,,,0.01218169120164836
2026-03-02 19:15:00+00:00,,,0.002679123742603151,
2026-03-03 09:25:00+00:00,,-0.026019184039379195,,
2026-03-04 07:45:00+00:00,0.017980000000000107,,,
2026-03-04 11:05:00+00:00,,,,0.014145400118120044
2026-03-04 11:40:00+00:00,,0.031340964716638275,,
2026-03-04 12:15:00+00:00,,,0.01473313689856548,
2026-03-04 14:30:00+00:00,0.017980000000000107,,,
2026-03-04 14:35:00+00:00,,,,-0.002120281703777649
2026-03-04 16:20:00+00:00,-0.011989999999999945,,,
2026-03-04 18:10:00+00:00,,,,0.003791905533590212
2026-03-04 20:05:00+00:00,,,,-0.007175287641692396
2026-03-05 16:05:00+00:00,,-0.026755759922051814,,
2026-03-08 11:20:00+00:00,,,-0.008708770602579463,
2026-03-09 07:15:00+00:00,-0.011989999999999945,-0.019143700027896227,,
2026-03-09 10:00:00+00:00,,,,-0.006666756498139859
2026-03-09 15:35:00+00:00,,,,0.003061369950372539
2026-03-09 19:40:00+00:00,,,,-0.010534789960867208
2026-03-10 03:40:00+00:00,-0.011989999999999945,,,0.005612097195891286
2026-03-10 08:05:00+00:00,,0.016986562787343118,,
2026-03-10 10:15:00+00:00,,,,0.0015964647963611078
2026-03-10 17:25:00+00:00,,,,-0.004821374652263177
2026-03-10 17:35:00+00:00,-0.011990000000000056,,,
2026-03-11 13:50:00+00:00,-0.011990000000000056,,,
2026-03-13 00:45:00+00:00,,,,-0.0020304014216941946
2026-03-13 02:55:00+00:00,,,-0.013459149217303179,
2026-03-13 08:55:00+00:00,,,,-0.00601814390897526
2026-03-13 13:15:00+00:00,,0.01551027318743814,,
2026-03-13 14:40:00+00:00,,,,0.01288246820490957
2026-03-13 15:00:00+00:00,,,-0.004660064343611214,
2026-03-15 01:25:00+00:00,,,-0.0059221004339862215,
2026-03-15 18:10:00+00:00,,,,-0.004733025893627452
2026-03-15 22:05:00+00:00,,,,-0.0027014357170314085
2026-03-15 23:20:00+00:00,,,,0.0018241826244229653
2026-03-16 01:15:00+00:00,,,-0.01056149030651754,
2026-03-16 03:30:00+00:00,,0.007725669468490182,,
2026-03-16 03:45:00+00:00,,,,0.003936931843010694
2026-03-16 05:30:00+00:00,,,,-0.00950932043475361
2026-03-16 08:30:00+00:00,-0.011990000000000056,,,
2026-03-16 13:50:00+00:00,,,,-0.008870131435929296
2026-03-16 21:35:00+00:00,,0.009866508737793822,,
2026-03-16 23:00:00+00:00,,,,-0.00312926526171331
2026-03-17 00:25:00+00:00,,,,-0.0019432726792105726
2026-03-17 02:05:00+00:00,,,,-0.004844323300297049
2026-03-21 02:35:00+00:00,,0.0007846282740706645,,
2026-03-23 11:15:00+00:00,,,,-0.007531029786997712
2026-03-23 12:05:00+00:00,-0.02018237732253314,,,
2026-03-23 15:20:00+00:00,,,,-0.007617598928021052
2026-03-24 12:10:00+00:00,,,-0.00031326131483022657,
2026-03-24 14:50:00+00:00,,-0.02495813135086944,,
2026-03-25 11:45:00+00:00,,,,-0.004130988280927506
2026-03-28 23:15:00+00:00,,,-0.009270016669781223,-0.010061878267338509
2026-03-30 14:45:00+00:00,,,,-0.005057684381748917
2026-03-30 17:05:00+00:00,,,-0.007825396142762231,
2026-03-31 01:30:00+00:00,,0.01604726356988828,,
2026-03-31 07:20:00+00:00,,,,-0.019461476439671
2026-03-31 08:35:00+00:00,,,-0.014401162859963179,
2026-03-31 08:40:00+00:00,-0.02198000000000011,,,
2026-03-31 09:15:00+00:00,,-0.023377770543934973,,
2026-04-01 13:45:00+00:00,,,,-0.006948154088877168
2026-04-01 13:55:00+00:00,,,-0.012611545173618843,
2026-04-04 17:25:00+00:00,,-0.0011530224551203894,,
2026-04-05 01:10:00+00:00,,,-0.004813677892301138,
2026-04-05 01:30:00+00:00,,,,-0.0036325097672371687
2026-04-05 22:40:00+00:00,,0.006342862126721416,,
2026-04-06 03:10:00+00:00,,0.013172789251810979,,
2026-04-06 09:15:00+00:00,0.012984999999999802,,,
2026-04-06 22:30:00+00:00,,,0.013249431728620698,
2026-04-06 22:50:00+00:00,,-0.01514205280580505,,
2026-04-06 22:55:00+00:00,,,,0.01240902909188657
2026-04-07 22:30:00+00:00,0.012984999999999802,,,
2026-04-08 00:35:00+00:00,0.012985000000000024,,,
2026-04-08 02:05:00+00:00,,0.028122983013011416,,
2026-04-08 13:45:00+00:00,,,,0.023450838258423312
2026-04-08 15:00:00+00:00,,,0.011300408624147273,
2026-04-10 04:25:00+00:00,,,-0.008556592025100729,
2026-04-10 07:55:00+00:00,,,,-0.012568594688543433
2026-04-10 20:30:00+00:00,0.012984999999999802,,,
2026-04-11 05:05:00+00:00,,,-0.005772400339036143,
2026-04-11 23:10:00+00:00,,,,-0.005694216392139406
2026-04-12 00:15:00+00:00,,,-0.009238372543607598,
2026-04-13 19:30:00+00:00,,0.014206670961699919,,
2026-04-13 23:50:00+00:00,,0.016842781661895234,,
2026-04-14 14:25:00+00:00,0.012985000000000024,,,
2026-04-14 15:10:00+00:00,,,,0.04093604105865434
2026-04-14 17:30:00+00:00,-0.02197999999999989,,,
2026-04-14 18:45:00+00:00,,,0.030585093688239473,
2026-04-16 13:55:00+00:00,,,,-0.022156236940325424
2026-04-17 10:30:00+00:00,,,,-0.006266296170547414
2026-04-17 16:20:00+00:00,0.012984999999999802,,,
2026-04-17 16:55:00+00:00,,0.018433250407419832,,
2026-04-18 04:45:00+00:00,,,0.014430022532683218,
2026-04-18 08:45:00+00:00,,,,-0.002749413000913692
2026-04-18 10:05:00+00:00,,-0.0223812146629081,,
2026-04-19 17:10:00+00:00,,,-0.014325270953638447,
2026-04-21 03:00:00+00:00,,,-0.010951152086542737,
2026-04-21 12:45:00+00:00,,,,-0.0023416222524051955
2026-04-21 13:40:00+00:00,,,-0.010986033391351069,
2026-04-21 17:15:00+00:00,,-0.01840255512600575,,
2026-04-22 12:10:00+00:00,,0.016692679472562588,,
2026-04-22 23:30:00+00:00,,,0.01391121341872914,
2026-04-23 00:10:00+00:00,,,,0.012664080956173995
2026-04-26 12:45:00+00:00,,,,-0.0031693556900753705
2026-04-26 21:45:00+00:00,,,,-0.005913137877340047
2026-04-27 05:10:00+00:00,,-0.012547935802062482,,
2026-04-27 05:15:00+00:00,,,,-0.005609257095250952
2026-04-28 02:35:00+00:00,,,-0.008254135613678604,
2026-04-29 12:10:00+00:00,,,,-0.0012957147941844438
2026-04-29 12:25:00+00:00,,,-0.004341738653916405,
2026-04-29 15:10:00+00:00,,-0.01472312978100232,,
2026-05-01 04:25:00+00:00,,,,-0.0017551364356989119
2026-05-01 20:20:00+00:00,,,3.83728927719762e-05,
2026-05-01 20:50:00+00:00,,,,0.003313598513755567
2026-05-03 01:00:00+00:00,,,,-0.004090048210060426
2026-05-03 14:00:00+00:00,,-0.003415284301084398,,
2026-05-03 21:40:00+00:00,,,,-0.007000769877190005
2026-05-03 23:20:00+00:00,,,,-0.009225408787429057
2026-05-04 06:25:00+00:00,,,-0.007061698704849406,
2026-05-04 10:00:00+00:00,,,,-0.004248417981597252
2026-05-04 10:05:00+00:00,-0.02197999999999989,-0.012385508435477477,,
2026-05-05 13:05:00+00:00,0.012984999999999802,,,
2026-05-05 13:20:00+00:00,,0.01336132079603325,,
2026-05-05 16:45:00+00:00,,,-0.008268199184877312,
2026-05-05 22:35:00+00:00,,,,0.001676437903820549
2026-05-06 13:20:00+00:00,,,-0.010909381547822616,
2026-05-06 13:35:00+00:00,,,,-0.0016723619448399951
2026-05-09 23:20:00+00:00,,,-0.004005231732159165,
2026-05-10 01:00:00+00:00,,,,-0.000778047968931439
2026-05-10 20:30:00+00:00,,,-0.005996230506960298,-0.0030624983224625257
2026-05-10 20:40:00+00:00,,-0.009282867113088011,,
2026-05-11 00:55:00+00:00,,-0.012735000088776705,,
2026-05-11 01:00:00+00:00,,,-0.013261421480582514,
2026-05-11 02:20:00+00:00,,,,-0.006946799038036744
2026-05-11 03:10:00+00:00,-0.02198,-0.012870969932843423,,
2026-05-12 01:35:00+00:00,,-0.01519739280472776,,
2026-05-13 10:50:00+00:00,,,,-0.007968950197420499
2026-05-14 19:00:00+00:00,,0.010416391764656696,,
2026-05-14 20:40:00+00:00,,,0.0005148716405789511,
2026-05-15 02:30:00+00:00,,,,0.006985315949292303
2026-05-15 13:35:00+00:00,-0.02198,,,
2026-05-17 13:20:00+00:00,,,-0.004973834383806386,
2026-05-17 14:05:00+00:00,,,,-0.005276186152837425
2026-05-20 13:35:00+00:00,,,,-0.004369029740782127
2026-05-21 06:45:00+00:00,,,,-0.004539362289453508
2026-05-21 10:00:00+00:00,,,,-0.009088285915435312
2026-05-22 14:05:00+00:00,,-0.014313080415912949,,
2026-05-23 22:35:00+00:00,,,,0.002292771537832916
2026-05-24 05:25:00+00:00,,,0.015087244630071606,
2026-05-24 13:25:00+00:00,,,,-0.007618931605014367
2026-05-25 20:40:00+00:00,,,,-0.0018123590970217096
2026-05-26 15:20:00+00:00,,,,-0.011000362230862426
2026-05-26 18:00:00+00:00,,,-0.019318859306417746,
2026-05-27 13:25:00+00:00,,,,-0.012746616740017314
2026-05-27 13:40:00+00:00,,,-0.015609397439074302,
2026-05-29 13:05:00+00:00,,,,-0.00795872301393108
2026-05-29 13:25:00+00:00,,,-0.008217483859686792,
2026-05-29 23:20:00+00:00,,,,-0.010350399781604902
2026-05-30 10:50:00+00:00,,-0.010635184412437715,,
2026-05-31 10:20:00+00:00,,,,-0.002418914596802102
2026-05-31 16:50:00+00:00,,,-0.010052753381113555,
2026-06-01 01:50:00+00:00,,,,-0.010665994798304879
2026-06-01 06:40:00+00:00,,,-0.011612898172161046,
2026-06-03 16:20:00+00:00,-0.02198,-0.024966614248643437,,
2026-06-03 16:25:00+00:00,,,-0.02534309634201881,
2026-06-04 09:15:00+00:00,-0.02198,,,
2026-06-04 23:30:00+00:00,,-0.012752653560290539,,
2026-06-05 02:20:00+00:00,-0.02198,,,
2026-06-05 03:15:00+00:00,,,-0.024219622026247944,
2026-06-06 04:10:00+00:00,-0.02198,,,
2026-06-06 04:45:00+00:00,,,-0.03489484425540168,
2026-06-06 16:20:00+00:00,,-0.021142825051210012,,
2026-06-07 07:50:00+00:00,0.012984999999999802,,,
2026-06-07 19:15:00+00:00,,,,0.005719808064210241
2026-06-08 17:00:00+00:00,,0.0027338147006328306,,
2026-06-09 00:25:00+00:00,,,,-0.00172280077036302
2026-06-09 00:55:00+00:00,,,0.022775530159235835,
2026-06-09 13:20:00+00:00,-0.02198,,,
2026-06-09 14:10:00+00:00,,,-0.02038778792015017,
2026-06-10 09:20:00+00:00,-0.02198,,,
2026-06-10 21:50:00+00:00,,-0.024490528180403426,,
2026-06-10 21:55:00+00:00,-0.02198,,,
2026-06-12 06:30:00+00:00,,,,0.01378458302055674
2026-06-13 02:45:00+00:00,,,,-0.006304443572843654
2026-06-14 06:35:00+00:00,,,,0.004494149252724622
2026-06-14 14:45:00+00:00,,,0.02657516531131998,
2026-06-15 01:20:00+00:00,,0.009526156379500827,,
2026-06-15 11:15:00+00:00,0.012985000000000024,,,
2026-06-15 22:25:00+00:00,,,,0.020382069894110844
2026-06-16 02:25:00+00:00,,-0.015718236361482618,,
2026-06-16 03:10:00+00:00,,,0.013865533237454875,
2026-06-16 14:15:00+00:00,,-0.01815801746216361,,-0.013324467856575484
2026-06-16 14:45:00+00:00,,,-0.013664283480048334,
2026-06-17 08:40:00+00:00,,,-0.018560240122494576,
2026-06-17 18:05:00+00:00,-0.02198,-0.017825419524609032,,-0.019621092707965304
2026-06-17 20:25:00+00:00,,,-0.019027518781306374,
2026-06-18 15:35:00+00:00,,,-0.021380472973297482,
2026-06-20 14:05:00+00:00,,,,0.000522789472631624
2026-06-21 08:20:00+00:00,,,,0.0008294367186780782
2026-06-21 23:45:00+00:00,,,0.007327407708492828,
2026-06-22 12:45:00+00:00,,0.005755866816481214,,
2026-06-22 18:55:00+00:00,,,,-0.0022335451964258235
2026-06-22 21:35:00+00:00,-0.02198,-0.0164461966726277,,
2026-06-22 23:05:00+00:00,,,-0.007496161222142805,
2026-06-23 18:40:00+00:00,-0.011989999999999945,,,
2026-06-24 13:10:00+00:00,,,,-0.019062789899387034
2026-06-25 05:50:00+00:00,0.012984999999999802,,,
2026-06-25 13:45:00+00:00,,-0.02365515100936233,,
2026-06-25 13:55:00+00:00,,,-0.05095015993402119,
2026-06-25 15:10:00+00:00,-0.011989999999999945,,,
2026-06-25 16:35:00+00:00,-0.011990000000000056,,,
2026-06-26 01:05:00+00:00,-0.011989999999999945,,,
2026-06-26 06:35:00+00:00,0.012984999999999802,,,
2026-06-26 09:50:00+00:00,-0.011989999999999945,,,
2026-06-26 13:15:00+00:00,,-0.03436747218696978,,
2026-06-26 14:40:00+00:00,-0.011990000000000056,,,
2026-06-26 18:25:00+00:00,-0.011990000000000056,,,
2026-06-28 06:15:00+00:00,,,-0.01506517472331581,
2026-06-28 16:45:00+00:00,,,,-0.01832875890067498
2026-06-29 00:30:00+00:00,-0.011989999999999945,,,
2026-06-29 05:05:00+00:00,-0.011990000000000056,,,
2026-06-29 13:40:00+00:00,-0.011990000000000056,,,-0.018882895680081613
2026-06-30 00:30:00+00:00,-0.011990000000000056,,,
2026-06-30 04:55:00+00:00,,,-0.01834596088687812,
2026-06-30 12:20:00+00:00,,-0.0200122244686608,,
2026-06-30 14:55:00+00:00,-0.011990000000000056,,,
2026-07-01 14:45:00+00:00,0.012984999999999802,,,
2026-07-01 22:20:00+00:00,0.012984999999999802,0.019373172564914665,,
2026-07-02 00:40:00+00:00,,,,0.00028179711185027934
2026-07-02 06:00:00+00:00,-0.011989999999999945,,,
2026-07-02 13:40:00+00:00,0.012984999999999802,,,
2026-07-03 00:35:00+00:00,-0.011990000000000056,,,
2026-07-03 20:35:00+00:00,,0.020870687532059895,,
2026-07-05 09:40:00+00:00,,,,0.01745400240166206
2026-07-06 03:30:00+00:00,,,,-0.004591036875520982
2026-07-06 07:00:00+00:00,-0.011989999999999945,,,
2026-07-06 10:00:00+00:00,,,0.048349537974867074,
2026-07-06 11:55:00+00:00,,-0.013837500837182048,,
2026-07-06 16:55:00+00:00,0.024455476804123633,,,
2026-07-07 01:35:00+00:00,-0.011989999999999945,,,
2026-07-07 03:25:00+00:00,,,,-0.013602041099032292
2026-07-07 13:20:00+00:00,-0.011990000000000056,,,
2026-07-08 01:35:00+00:00,-0.011990000000000056,,,
2026-07-08 02:35:00+00:00,,,-0.01857495647112084,
2026-07-08 06:20:00+00:00,,-0.02099955832834488,,
2026-07-10 08:15:00+00:00,0.012984999999999802,0.018586047659099325,,
2026-07-12 00:30:00+00:00,,,0.012826548578297015,
2026-07-12 06:25:00+00:00,,,,0.00990094884173609
2026-07-13 00:40:00+00:00,,,,-0.012372077696219397
2026-07-14 15:25:00+00:00,0.012985000000000024,,,
2026-07-14 17:50:00+00:00,,0.013899776561866917,,
2026-07-16 00:35:00+00:00,,,,0.022559814056068106
2026-07-16 07:40:00+00:00,-0.011990000000000056,,,
2026-07-16 08:10:00+00:00,,,0.007248193786060675,
2026-07-17 18:45:00+00:00,0.012984999999999802,,,
2026-07-20 00:10:00+00:00,,0.013940239477122196,,
2026-07-20 00:50:00+00:00,,-0.01038967233459731,,
2026-07-20 05:10:00+00:00,,,,-0.0008913524555693719
2026-07-20 06:30:00+00:00,,,-0.000502435977514093,
2026-07-20 13:50:00+00:00,-0.011990000000000056,,,
2026-07-20 18:10:00+00:00,,0.01142900082061038,,
2026-07-21 06:35:00+00:00,0.012984999999999802,,,
2026-07-21 13:55:00+00:00,,0.013768104601441067,,
2026-07-22 06:05:00+00:00,,,,0.010670297219655511
2026-07-22 07:35:00+00:00,,,0.0017345950951808131,
2026-07-24 10:50:00+00:00,,,,-0.014609028453992479
2026-07-27 00:55:00+00:00,,,,0.01050627293840023
2026-07-27 06:05:00+00:00,,0.004615155124169545,,
2026-07-27 08:00:00+00:00,,-0.008257325219356959,,
2026-07-27 08:15:00+00:00,,,,-0.008259083670141942
2026-07-27 15:05:00+00:00,,,0.0018912664564141313,
2026-07-29 16:40:00+00:00,,,,-0.006167684312232469
2026-07-29 16:50:00+00:00,,,-0.01433166374057615,
2026-07-31 02:15:00+00:00,,,,-0.006550252972536197
2026-07-31 03:25:00+00:00,,,-0.005385602203618056,
2026-08-02 11:50:00+00:00,,,,-0.0029973566500079984
2026-08-02 13:35:00+00:00,,,-0.008074519768528576,
2026-08-03 00:30:00+00:00,,,,-0.008134690249935628
2026-08-03 03:05:00+00:00,,,-0.006759307985044982,
2026-08-03 03:45:00+00:00,,-0.011021036503789827,,
2026-08-04 04:45:00+00:00,,0.009656740868076108,,
2026-08-04 10:15:00+00:00,,,,-0.0070276886172211395
2026-08-05 15:05:00+00:00,0.007989999999999942,,,
2026-08-06 13:05:00+00:00,,,0.007331847625904553,-0.001140271938348536
2026-08-07 17:15:00+00:00,,,,-0.006897798149166134
2026-08-07 17:30:00+00:00,,-0.011687571139311848,,
2026-08-09 00:45:00+00:00,,,-0.000736453007264215,
2026-08-09 22:30:00+00:00,,,,-0.0018792091045006787
2026-08-09 23:30:00+00:00,,-0.006999795590963642,,
2026-08-10 00:40:00+00:00,,,-0.007051231850214723,
2026-08-12 13:30:00+00:00,,,,-0.00934375418998834
2026-08-12 15:00:00+00:00,,,-0.01501827710280379,
2026-08-16 17:30:00+00:00,,,,-0.0023028189528313536
2026-08-16 20:40:00+00:00,,-0.0059757831651174875,,
2026-08-16 21:55:00+00:00,,,-0.007682413385619591,
2026-08-17 09:35:00+00:00,,,,-0.0030007384808625748
2026-08-17 14:50:00+00:00,,0.004274598276165831,,
2026-08-17 20:25:00+00:00,,0.005935270095333678,,
2026-08-18 02:45:00+00:00,,,,0.003501442269918442
2026-08-19 00:50:00+00:00,,,,-0.003301119998525337
2026-08-19 01:40:00+00:00,,-0.011199931297759869,,
2026-08-19 03:50:00+00:00,,,0.01167478749186035,
2026-08-19 15:30:00+00:00,,,,0.04764918125615902
2026-08-19 17:25:00+00:00,0.01977549324498251,,,
2026-08-19 20:30:00+00:00,,0.04872241724600257,,
2026-08-20 08:05:00+00:00,0.007989999999999942,,,
2026-08-20 10:10:00+00:00,0.007989999999999942,,,
2026-08-20 20:35:00+00:00,,0.02154240209892233,,
2026-08-21 05:15:00+00:00,0.007990000000000164,,,
2026-08-21 09:05:00+00:00,,,,0.11052032003781775
2026-08-21 09:20:00+00:00,0.007989999999999942,,,
2026-08-21 10:10:00+00:00,,0.027143801652455224,,
2026-08-21 11:30:00+00:00,-0.016985000000000028,,,
2026-08-22 05:10:00+00:00,-0.016985000000000028,,,
2026-08-24 13:45:00+00:00,-0.011990000000000056,-0.012922038881245435,,
2026-08-24 15:55:00+00:00,-0.011990000000000056,,,
2026-08-24 16:40:00+00:00,,0.013959191302650442,,
2026-08-24 16:50:00+00:00,-0.011989999999999945,,,
2026-08-25 07:45:00+00:00,-0.011989999999999945,-0.016245157615593087,,
2026-08-25 09:45:00+00:00,,,0.005420946417621586,
2026-08-25 09:50:00+00:00,,,,0.013820408560476949
2026-08-27 10:25:00+00:00,-0.011989999999999945,-0.013834414543525964,,
2026-08-27 13:45:00+00:00,,,,-0.015090014656450546
2026-08-28 02:30:00+00:00,,,,-0.010201944906086502
2026-08-28 03:30:00+00:00,,,2.9492777248174562e-05,
2026-08-30 20:40:00+00:00,,-0.009394469369971237,,-0.0076490928833315985
2026-08-30 21:55:00+00:00,,,-0.005758724903707213,
2026-08-31 12:25:00+00:00,,-0.010338984428266973,,
2026-08-31 23:00:00+00:00,,-0.011516215404356545,,
2026-09-03 18:30:00+00:00,0.017784796286030913,,,
2026-09-03 19:50:00+00:00,,0.02425685030739766,,
2026-09-04 02:20:00+00:00,,-0.013915595118775492,,
2026-09-04 02:25:00+00:00,,,0.020715927079202112,
2026-09-04 02:45:00+00:00,,,,0.026622637909297753
2026-09-07 00:15:00+00:00,,-0.006824378423155197,,
2026-09-07 03:10:00+00:00,,,,-0.0073043382621715836
2026-09-09 09:55:00+00:00,,-0.009584500280736319,,
2026-09-09 15:00:00+00:00,,,,-0.013603660828436004
2026-09-09 15:20:00+00:00,,,-0.01588050714220335,
2026-09-11 15:50:00+00:00,,,,-0.013798737708655473
2026-09-11 15:55:00+00:00,-0.015358335987862404,-0.015358335987862404,,
2026-09-13 22:15:00+00:00,,-0.007470723839101301,,
2026-09-14 09:50:00+00:00,,0.003403803232587377,,
2026-09-14 13:05:00+00:00,,,,-0.002241059778114618
2026-09-14 18:50:00+00:00,,0.005628553740617992,,
2026-09-14 22:25:00+00:00,,-0.010551988688789926,,
2026-09-14 23:05:00+00:00,,,,-0.001468442701216155
2026-09-18 09:00:00+00:00,,0.008669500714283629,,
2026-09-18 18:50:00+00:00,,0.01993006535931241,,
2026-09-18 19:10:00+00:00,0.012985000000000024,,,
2026-09-19 20:30:00+00:00,,,0.04857554149589194,
2026-09-20 02:30:00+00:00,,,,0.04677545992329746
2026-09-20 21:00:00+00:00,,-0.009436966561758742,,
2026-09-21 01:50:00+00:00,,,,-0.01417507415936392
2026-09-21 12:50:00+00:00,0.01900564641583702,,,
2026-09-21 19:30:00+00:00,0.007989999999999942,,,
2026-09-22 00:55:00+00:00,,-0.016778556824464164,,
2026-09-23 11:25:00+00:00,,,,-0.015223167419729289
2026-09-24 14:50:00+00:00,,-0.016310668971650788,,
2026-09-25 13:50:00+00:00,,,,-0.015244086789996003
2026-09-27 22:35:00+00:00,,,,-0.002805415820281709
2026-09-28 14:50:00+00:00,,-0.011565493628443169,,
2026-09-29 01:15:00+00:00,,-0.014199611318648886,,
2026-09-29 15:20:00+00:00,,,-0.01205917291619274,
2026-09-29 15:25:00+00:00,,,,-0.018443228147304924
2026-09-30 13:40:00+00:00,,,,-0.009116246455347254
2026-09-30 14:20:00+00:00,,-0.015476865303242882,,
2026-09-30 14:30:00+00:00,-0.016985000000000028,,,
2026-09-30 20:00:00+00:00,,,-0.0252586471330436,
