exit_time,accurate,vol_adjusted,trend_reversal,donchian_breakout
2018-07-03 10:30:00+00:00,,,,-0.0015454495547777558
2018-07-03 19:00:00+00:00,-0.011989999999999945,,,
2018-07-04 13:00:00+00:00,,0.025613487190572215,,
2018-07-05 00:00:00+00:00,,,,-0.02342952160999201
2018-07-05 11:00:00+00:00,0.007989999999999942,,,
2018-07-07 13:00:00+00:00,-0.011990000000000056,,,
2018-07-08 23:00:00+00:00,,,,-0.006520403478307957
2018-07-08 23:30:00+00:00,-0.014485140974780486,,,
2018-07-10 01:00:00+00:00,,,-0.015169837119556884,
2018-07-13 19:00:00+00:00,-0.011990000000000056,,,
2018-07-15 15:00:00+00:00,0.007989999999999942,,,
2018-07-16 09:00:00+00:00,0.007989999999999942,,,
2018-07-16 22:00:00+00:00,,0.019930817369191,,
2018-07-17 11:30:00+00:00,0.03047935456465134,,,
2018-07-18 06:00:00+00:00,,0.03749311501432362,,
2018-07-18 18:30:00+00:00,0.10295081219712299,,,
2018-07-18 20:00:00+00:00,,,,0.14646829081930002
2018-07-20 00:00:00+00:00,-0.011989999999999945,,,
2018-07-20 06:30:00+00:00,-0.011990000000000056,,,
2018-07-20 17:00:00+00:00,,,,-0.026768626212436475
2018-07-21 01:30:00+00:00,,,0.1393099824455064,
2018-07-22 14:30:00+00:00,0.007990000000000164,,,
2018-07-22 21:00:00+00:00,-0.011990000000000056,,,
2018-07-24 02:30:00+00:00,0.01757919100236771,,,
2018-07-24 05:00:00+00:00,,0.01736437814459446,,
2018-07-24 17:30:00+00:00,,0.024122492687719266,,
2018-07-25 09:00:00+00:00,,,,0.06408270377721581
2018-07-25 10:30:00+00:00,0.03567966038340353,,,
2018-07-26 20:30:00+00:00,-0.011990000000000056,,,
2018-07-26 22:30:00+00:00,,,0.07155887396822158,
2018-07-28 15:30:00+00:00,-0.021404211117621808,,,
2018-07-30 11:00:00+00:00,,,-0.012283620273258355,
2018-08-04 12:30:00+00:00,-0.031970000000000054,,,
2018-08-06 13:30:00+00:00,-0.03196999999999994,,,
2018-08-07 20:00:00+00:00,-0.031970000000000054,,,
2018-08-07 22:00:00+00:00,,,-0.053609156254387114,
2018-08-10 20:30:00+00:00,-0.031970000000000054,,,
2018-08-12 00:00:00+00:00,-0.03196999999999994,,,
2018-08-12 19:30:00+00:00,0.017980000000000107,,,
2018-08-13 15:00:00+00:00,,,,-0.030914513529512244
2018-08-13 15:30:00+00:00,-0.031970000000000054,,,
2018-08-13 19:30:00+00:00,,,-0.03510980999737634,
2018-08-15 16:00:00+00:00,,0.0298645980484884,,
2018-08-15 20:00:00+00:00,,,,-0.035219792925435534
2018-08-16 07:00:00+00:00,0.017980000000000107,,,
2018-08-16 20:30:00+00:00,-0.03196999999999994,,,
2018-08-17 10:00:00+00:00,0.017980000000000107,,,
2018-08-18 13:00:00+00:00,,,,-0.032814751814248755
2018-08-18 16:30:00+00:00,,,0.0005891495601173524,
2018-08-20 22:00:00+00:00,-0.03196999999999994,,,
2018-08-20 23:30:00+00:00,,,-0.03512213862481839,
2018-08-22 15:30:00+00:00,,,,0.005018829930941493
2018-08-22 20:00:00+00:00,,-0.06267080666813574,,
2018-08-22 21:00:00+00:00,,,-0.07220436187399026,
2018-08-22 22:00:00+00:00,-0.031970000000000054,,,
2018-08-25 07:30:00+00:00,0.020010856051792203,,,
2018-08-27 03:00:00+00:00,,-0.00586319790888723,,
2018-08-27 23:30:00+00:00,0.017980000000000107,,,
2018-08-28 12:30:00+00:00,,0.018366594458261165,,
2018-08-29 07:00:00+00:00,0.01864454791045933,,,
2018-08-29 15:00:00+00:00,,,,0.02656271267412058
2018-08-30 10:30:00+00:00,,,0.047934141869547586,
2018-08-30 11:30:00+00:00,-0.03196999999999994,,,
2018-09-01 15:00:00+00:00,,0.021520921893415368,,
2018-09-02 00:30:00+00:00,,,,0.0018329056145056644
2018-09-02 01:30:00+00:00,,,-0.009713632216375667,
2018-09-02 13:30:00+00:00,,,,-0.011938444337209031
2018-09-04 21:00:00+00:00,,,-0.0028169612524631127,
2018-09-05 09:30:00+00:00,,-0.02013549749346122,,-0.004633798144550116
2018-09-05 10:30:00+00:00,-0.03196999999999994,,,
2018-09-08 17:30:00+00:00,-0.031970000000000054,,,
2018-09-09 22:30:00+00:00,,,-0.02797492773177046,
2018-09-13 20:00:00+00:00,,,,-0.0008937828579993479
2018-09-13 20:30:00+00:00,,,-0.005511583884099225,
2018-09-13 21:30:00+00:00,0.0403217843690844,,,
2018-09-14 08:30:00+00:00,,,,-0.013867238008195337
2018-09-17 15:00:00+00:00,-0.031970000000000054,,,
2018-09-19 19:00:00+00:00,0.02797000000000005,,,
2018-09-21 21:00:00+00:00,0.033111699566682695,,,
2018-09-22 04:00:00+00:00,,,0.0031022683371046966,
2018-09-22 08:00:00+00:00,,,,0.024652654867991064
2018-09-25 00:00:00+00:00,-0.03196999999999994,,,
2018-09-26 20:30:00+00:00,,,-0.008897994553107247,
2018-09-28 09:00:00+00:00,,,,0.0030054319652663697
2018-09-28 09:30:00+00:00,0.02797000000000005,,-0.018945432520235617,
2018-09-29 01:00:00+00:00,,-0.02126264293416369,,
2018-10-05 22:00:00+00:00,0.007989999999999942,,,
2018-10-06 02:00:00+00:00,,,,-0.013474415005654938
2018-10-08 11:00:00+00:00,,0.004397229380092904,,
2018-10-09 08:00:00+00:00,,-0.009086256921878033,,-0.010739951160259609
2018-10-10 05:30:00+00:00,,,-0.017564000000000024,
2018-10-15 07:00:00+00:00,,,,0.07210811675372142
2018-10-15 08:00:00+00:00,,0.022248311355573813,,
2018-10-15 10:30:00+00:00,0.05059033762243148,,,
2018-10-15 19:30:00+00:00,-0.031970000000000054,,,
2018-10-17 16:00:00+00:00,,-0.040004591008182544,,
2018-10-18 17:30:00+00:00,-0.031970000000000054,,,
2018-10-18 19:00:00+00:00,,,-0.04037434501471959,
2018-11-02 09:30:00+00:00,,,,-0.005822006546640224
2018-11-03 11:00:00+00:00,,,-0.01320227060262602,
2018-11-04 20:30:00+00:00,,,,-0.0009656161187011625
2018-11-06 20:30:00+00:00,,-0.0015376213030532382,,
2018-11-07 14:00:00+00:00,,,,0.00201815997140975
2018-11-08 16:00:00+00:00,,-0.016183285811429804,,
2018-11-08 17:30:00+00:00,,,-0.004342755254562514,
2018-11-14 09:30:00+00:00,,,,-0.011676137494635364
2018-11-14 10:00:00+00:00,,-0.012221812685677791,,
2018-11-15 23:30:00+00:00,0.007989999999999942,,,
2018-11-20 17:00:00+00:00,-0.031970000000000054,,,
2018-11-21 06:00:00+00:00,-0.031970000000000054,,,
2018-11-21 10:00:00+00:00,0.01243994518111502,,,
2018-11-22 01:30:00+00:00,0.007989999999999942,,,
2018-11-24 00:30:00+00:00,0.007989999999999942,,,
2018-11-25 13:30:00+00:00,0.007989999999999942,,,
2018-11-25 23:00:00+00:00,0.024349025048558293,,,
2018-11-26 08:30:00+00:00,-0.031970000000000054,,,
2018-11-26 15:30:00+00:00,,-0.08331859498094007,,
2018-11-26 19:00:00+00:00,0.0173576304216696,,,
2018-11-27 00:30:00+00:00,0.007989999999999942,,,
2018-11-27 08:30:00+00:00,-0.03196999999999994,,,
2018-11-28 00:00:00+00:00,0.007989999999999942,,,
2018-11-28 12:30:00+00:00,0.007989999999999942,,,
2018-11-28 15:00:00+00:00,0.014336759699827395,,,
2018-11-28 20:00:00+00:00,0.007989999999999942,,,
2018-11-29 01:30:00+00:00,,,,-0.022500834043185147
2018-11-29 11:30:00+00:00,0.016751352221507032,,,
2018-11-30 00:00:00+00:00,-0.011989999999999945,,,
2018-12-01 12:30:00+00:00,0.011819862218999111,,,
2018-12-01 17:30:00+00:00,-0.011989999999999945,,,
2018-12-02 03:00:00+00:00,-0.011989999999999945,,,
2018-12-03 02:30:00+00:00,,,-0.05707561130742056,
2018-12-04 14:00:00+00:00,0.007989999999999942,,,
2018-12-06 10:00:00+00:00,-0.011990000000000056,,,
2018-12-07 06:30:00+00:00,-0.011990000000000056,,,
2018-12-07 21:30:00+00:00,-0.030699535681491308,,,
2018-12-08 01:30:00+00:00,-0.015491640627239622,,,
2018-12-08 17:00:00+00:00,-0.011990000000000056,,,
2018-12-08 23:30:00+00:00,-0.01677557861271184,,,
2018-12-09 01:30:00+00:00,0.007989999999999942,,,
2018-12-09 15:30:00+00:00,0.007989999999999942,,,
2018-12-09 21:30:00+00:00,-0.011990000000000056,,,
2018-12-10 16:30:00+00:00,,,-0.03406508237922368,
2018-12-17 15:00:00+00:00,0.011636189452045809,,,
2018-12-17 21:00:00+00:00,-0.011989999999999945,,,
2018-12-17 21:30:00+00:00,,,,0.04928918983410502
2018-12-18 15:30:00+00:00,-0.011989999999999945,,,
2018-12-18 23:00:00+00:00,,0.0491854975777537,,
2018-12-19 01:30:00+00:00,0.008165176586811596,,,
2018-12-19 13:00:00+00:00,0.007989999999999942,,,
2018-12-19 14:00:00+00:00,,,,0.05567018040964977
2018-12-20 09:00:00+00:00,,0.07225421152907141,,
2018-12-20 10:30:00+00:00,0.015703546543131663,,,
2018-12-20 11:30:00+00:00,-0.011990000000000056,,,
2018-12-20 17:30:00+00:00,-0.014689697810925328,,,
2018-12-20 20:00:00+00:00,,,,0.011136760177883787
2018-12-21 01:00:00+00:00,0.007989999999999942,,,
2018-12-21 02:30:00+00:00,,,,-0.03804663435323685
2018-12-21 23:30:00+00:00,,,0.11743740358545263,
2018-12-22 11:00:00+00:00,-0.011990000000000056,,,
2018-12-23 01:30:00+00:00,0.007990000000000164,,,
2018-12-24 03:00:00+00:00,0.03241805027362954,,,
2018-12-24 15:30:00+00:00,-0.011990000000000056,,,-0.02694878219868202
2018-12-25 01:30:00+00:00,,,-0.0381578593125701,
2018-12-26 02:30:00+00:00,-0.011989999999999945,,,
2018-12-27 19:00:00+00:00,,-0.1053906177402606,,
2018-12-28 18:30:00+00:00,0.007989999999999942,,,
2018-12-29 10:00:00+00:00,,,,-0.022621086654954548
2018-12-30 12:00:00+00:00,-0.011989999999999945,,,
2018-12-30 12:30:00+00:00,,,,-0.03533507965056526
2019-01-02 06:30:00+00:00,-0.011989999999999945,,,
2019-01-03 16:00:00+00:00,,,,-0.013628947645138556
2019-01-03 18:30:00+00:00,,,-0.013062717181658301,
2019-01-06 17:00:00+00:00,,0.02825945418747766,,
2019-01-07 09:00:00+00:00,-0.011989999999999945,,,
2019-01-07 09:30:00+00:00,,,,0.021353469195653396
2019-01-08 16:00:00+00:00,,,,-0.019056515145207786
2019-01-10 06:30:00+00:00,,-0.04778938252855536,,
2019-01-10 07:00:00+00:00,,,-0.054671586466165434,
2019-01-14 21:00:00+00:00,-0.011989999999999945,,,
2019-01-15 09:30:00+00:00,,,,-0.023306036625996063
2019-01-15 23:00:00+00:00,,,-0.023791600883245945,
2019-01-19 18:00:00+00:00,-0.011990000000000056,,,
2019-01-20 11:00:00+00:00,,,,-0.0012406696963626063
2019-01-20 11:30:00+00:00,,-0.026673262038955925,,
2019-01-20 13:00:00+00:00,,,-0.05059872882043859,
2019-01-23 21:00:00+00:00,,,-0.01728348734297147,
2019-01-26 15:00:00+00:00,,,,-0.0128719126676764
2019-01-27 00:30:00+00:00,,,-0.017069692503684397,
2019-02-01 01:30:00+00:00,,-0.02001701019078206,,
2019-02-08 17:30:00+00:00,,,,0.02909976746823939
2019-02-08 19:30:00+00:00,-0.011990000000000056,,,
2019-02-09 13:00:00+00:00,,0.05327647135247493,,
2019-02-10 09:30:00+00:00,,,0.0504067374378292,
2019-02-17 10:00:00+00:00,,0.009690775757342562,,
2019-02-17 10:30:00+00:00,,,,-0.013792921036270056
2019-02-18 01:30:00+00:00,,,,-0.005682690514606459
2019-02-18 15:00:00+00:00,,,,0.0019789699400065697
2019-02-18 16:00:00+00:00,0.017980000000000107,,,
2019-02-18 17:00:00+00:00,,,,0.0013067436175906444
2019-02-19 01:00:00+00:00,,,,-0.006837245916567092
2019-02-19 13:30:00+00:00,,0.05916145418326679,,
2019-02-19 21:30:00+00:00,,,,-0.015601963861552548
2019-02-21 08:30:00+00:00,,,,-0.015337951983805165
2019-02-21 10:00:00+00:00,,,0.06022075126320736,
2019-02-23 17:30:00+00:00,,0.028294901210029977,,
2019-02-24 03:00:00+00:00,0.017979999999999885,,,
2019-02-24 09:30:00+00:00,,,,0.02580578048478821
2019-02-24 14:30:00+00:00,,-0.069810021978022,-0.06964171791727936,
2019-03-04 04:00:00+00:00,-0.02198,,,
2019-03-06 02:00:00+00:00,,,0.02058541563961458,
2019-03-06 10:30:00+00:00,,0.012323130139356264,,
2019-03-06 13:00:00+00:00,,,,-0.013133863407788215
2019-03-07 06:30:00+00:00,,,-0.010041137440758297,
2019-03-08 22:00:00+00:00,,,,-0.010734064480626748
2019-03-09 15:00:00+00:00,0.02797000000000005,,,
2019-03-09 17:00:00+00:00,,,,-0.007932495596806532
2019-03-09 18:00:00+00:00,,,-0.009852384054426122,
2019-03-11 05:00:00+00:00,,,-0.007928873835732486,
2019-03-15 23:00:00+00:00,,,-0.003009322617680832,
2019-03-16 05:30:00+00:00,,,,0.0058498600446130755
2019-03-16 12:30:00+00:00,,-0.014148675021966706,,
2019-03-16 13:30:00+00:00,,,0.005399159090909045,
2019-03-18 06:00:00+00:00,,,-0.01585390818009691,
2019-03-21 05:30:00+00:00,,,-0.004091499418446443,
2019-03-21 13:00:00+00:00,,,,-0.010492346195369762
2019-03-21 14:30:00+00:00,-0.02198,,,
2019-03-25 18:30:00+00:00,-0.02198,,,
2019-03-28 03:30:00+00:00,,,0.006867138181407828,
2019-03-29 05:30:00+00:00,,,-0.00760148189115184,
2019-03-29 09:00:00+00:00,,0.01144389395788914,,
2019-03-29 10:30:00+00:00,0.02797000000000005,,,
2019-03-29 12:00:00+00:00,,,,0.0055550091367779775
2019-03-29 21:00:00+00:00,,,-0.0027528406588567256,
2019-03-30 04:00:00+00:00,,,-0.010963512218263638,
2019-04-01 11:00:00+00:00,,,-0.0053148811823802156,
2019-04-02 07:30:00+00:00,0.03010732974966257,,,
2019-04-02 14:00:00+00:00,-0.011989999999999945,,,
2019-04-02 17:00:00+00:00,,0.048030752170021174,,
2019-04-03 02:00:00+00:00,0.017979999999999885,,,
2019-04-03 04:30:00+00:00,,-0.03957325613801643,,
2019-04-03 11:00:00+00:00,,,0.1731992603054533,
2019-04-03 16:00:00+00:00,0.017979999999999885,,,
2019-04-03 20:00:00+00:00,0.017980000000000107,,,
2019-04-03 22:00:00+00:00,-0.020445096309197885,,,
2019-04-03 22:30:00+00:00,,-0.042039715110126274,,0.012149759874224841
2019-04-03 23:30:00+00:00,,,-0.038653230090062385,
2019-04-04 03:00:00+00:00,-0.011989999999999945,,,
2019-04-04 22:30:00+00:00,-0.011989999999999945,,,
2019-04-05 15:30:00+00:00,,,-0.014127710588835551,
2019-04-06 20:30:00+00:00,-0.011989999999999945,,,
2019-04-06 21:30:00+00:00,,,-0.025989577902106098,
2019-04-08 07:30:00+00:00,,,-0.014277978187919427,
2019-04-10 20:30:00+00:00,-0.011989999999999945,,,
2019-04-10 23:00:00+00:00,,,0.010128823905174222,
2019-04-11 03:30:00+00:00,,,,-0.009546435621923699
2019-04-13 08:30:00+00:00,,,-0.010847442913385796,
2019-04-15 10:30:00+00:00,,,0.00620914799725103,
2019-04-15 17:30:00+00:00,,,,-0.016681845588831568
2019-04-17 09:00:00+00:00,,,-0.00043403274965747585,
2019-04-18 10:30:00+00:00,,,-0.005857341335259392,
2019-04-18 19:30:00+00:00,0.017979999999999885,,,
2019-04-19 00:30:00+00:00,,,-0.008898738031919762,
2019-04-19 05:00:00+00:00,,0.0013031014874991254,,
2019-04-20 11:30:00+00:00,,,-0.004473528268344462,
2019-04-21 12:30:00+00:00,,,,-0.0008831296389929522
2019-04-23 03:30:00+00:00,,0.01266267869543114,,
2019-04-23 06:00:00+00:00,-0.011989999999999945,,,
2019-04-23 07:00:00+00:00,,0.014629396989565002,,
2019-04-23 22:30:00+00:00,,,0.03707333441842331,
2019-04-24 07:30:00+00:00,,-0.0187150626556295,,0.005950858990062979
2019-04-25 22:00:00+00:00,,,-0.01747957045047155,
2019-04-26 04:30:00+00:00,-0.011990000000000056,,,
2019-04-28 00:00:00+00:00,,,-0.009747421811177714,
2019-05-02 08:00:00+00:00,0.017980000000000107,0.015917003549419384,,
2019-05-04 04:30:00+00:00,,0.060419116988184696,,
2019-05-04 09:00:00+00:00,0.07061485448083737,,,
2019-05-04 13:30:00+00:00,-0.02198,,,0.05981870261367406
2019-05-04 14:00:00+00:00,,,0.050933162607249116,
2019-05-05 08:00:00+00:00,-0.02198000000000011,,,
2019-05-06 00:30:00+00:00,-0.02198,,,
2019-05-08 00:00:00+00:00,,,,-0.01951457060634687
2019-05-08 00:30:00+00:00,,,-0.024913051270155195,
2019-05-08 06:00:00+00:00,0.017979999999999885,,,
2019-05-09 21:30:00+00:00,,0.031276184344274593,,
2019-05-10 21:30:00+00:00,,0.02853529511844588,,
2019-05-11 09:00:00+00:00,,0.03332772871842549,,
2019-05-12 05:00:00+00:00,,0.06417302631968869,,
2019-05-12 15:00:00+00:00,,-0.0687537775618089,,0.1353986878502711
2019-05-12 15:30:00+00:00,0.1428139997928728,,,
2019-05-12 16:00:00+00:00,,,0.1217383146255655,
2019-05-12 22:30:00+00:00,-0.02198,,,
2019-05-14 18:30:00+00:00,0.07681831867652744,,,
2019-05-14 21:00:00+00:00,,,0.0328742657308847,
2019-05-15 01:30:00+00:00,0.023952884449802037,,,
2019-05-15 17:30:00+00:00,0.017979999999999885,,,
2019-05-15 21:00:00+00:00,-0.02198,,,
2019-05-16 08:00:00+00:00,,,-0.028640242525763804,
2019-05-16 10:00:00+00:00,-0.03322640471942018,,,
2019-05-17 02:30:00+00:00,,,,0.02186370487252609
2019-05-17 03:00:00+00:00,,-0.0896840162458653,,
2019-05-18 09:00:00+00:00,-0.02198000000000011,,,
2019-05-19 01:00:00+00:00,0.017979999999999885,,,
2019-05-20 05:00:00+00:00,0.058445078118782856,,,
2019-05-20 08:00:00+00:00,-0.02198000000000011,,,
2019-05-20 08:30:00+00:00,,,-0.0027130620985010845,
2019-05-20 12:30:00+00:00,,,,-0.04610776477320333
2019-05-21 11:30:00+00:00,-0.02198,,,
2019-05-21 21:00:00+00:00,0.017980000000000107,,,
2019-05-22 11:00:00+00:00,-0.02198,,,
2019-05-23 16:00:00+00:00,,-0.021252360101385648,,
2019-05-25 05:30:00+00:00,,,-0.013601512961943563,
2019-05-25 09:30:00+00:00,0.017980000000000107,,,
2019-05-26 11:30:00+00:00,-0.02198,,,-0.026475100862764944
2019-05-26 19:30:00+00:00,,0.03910953182059629,,
2019-05-28 00:30:00+00:00,0.07129409350219063,,,
2019-05-28 13:30:00+00:00,-0.02198,,,0.044874063361561856
2019-05-28 14:30:00+00:00,,,0.02077265465016831,
2019-05-29 04:30:00+00:00,-0.02198,,,
2019-05-30 15:30:00+00:00,0.017979999999999885,,,
2019-05-30 16:30:00+00:00,-0.031970000000000165,,,
2019-05-30 17:00:00+00:00,,,,-0.04021235446195792
2019-06-02 07:30:00+00:00,0.017979999999999885,,,
2019-06-02 19:30:00+00:00,,,-0.019340232898739318,
2019-06-03 07:00:00+00:00,-0.031970000000000165,,,
2019-06-06 18:00:00+00:00,-0.03196999999999994,,,
2019-06-08 04:00:00+00:00,,,-0.0053734343275606555,
2019-06-09 14:00:00+00:00,-0.031970000000000054,,,
2019-06-09 16:00:00+00:00,,-0.054748554029000585,,
2019-06-11 16:00:00+00:00,-0.031970000000000054,,,
2019-06-13 15:30:00+00:00,0.021408597579273714,,,
2019-06-14 03:00:00+00:00,,,-0.011110014929931022,
2019-06-14 21:00:00+00:00,,0.044809199795913024,,
2019-06-16 01:00:00+00:00,,0.03246288276820186,,
2019-06-16 19:00:00+00:00,,,0.07597369572865653,
2019-06-16 19:30:00+00:00,,,,0.09422788765770185
2019-06-17 05:30:00+00:00,0.11978845426770701,,,
2019-06-17 12:00:00+00:00,,0.03554644331715506,,
2019-06-17 14:30:00+00:00,0.017980000000000107,,,
2019-06-17 15:30:00+00:00,-0.031970000000000054,,,
2019-06-18 15:30:00+00:00,-0.03196999999999994,,,
2019-06-19 12:30:00+00:00,,,,-0.028585059939512658
2019-06-20 10:00:00+00:00,,,-0.012974767249630204,
2019-06-21 20:30:00+00:00,,0.03762025059226115,,
2019-06-22 01:00:00+00:00,,0.033060991907608805,,
2019-06-22 14:30:00+00:00,,,,0.09087910399910681
2019-06-22 19:30:00+00:00,,,0.1180251560937089,
2019-06-23 00:00:00+00:00,,0.05219729055244171,,
2019-06-23 02:30:00+00:00,0.18271810991685244,,,
2019-06-24 01:00:00+00:00,,,-0.038899297714091285,
2019-06-24 22:00:00+00:00,0.017980000000000107,,,
2019-06-26 20:30:00+00:00,,,,0.114697189642466
2019-06-26 21:00:00+00:00,,0.09502317526314052,,
2019-06-26 22:30:00+00:00,,,0.1126900189009079,
2019-06-27 05:30:00+00:00,0.16710090279728118,,,
2019-06-27 06:30:00+00:00,-0.037324966421260375,,,
2019-06-29 00:00:00+00:00,0.035342219063545066,,,
2019-06-29 02:00:00+00:00,-0.04073043719309355,,,
2019-06-30 07:30:00+00:00,-0.031970000000000054,,,
2019-06-30 23:30:00+00:00,,,,-0.11582186727929489
2019-07-03 12:30:00+00:00,0.06614435900015003,,,
2019-07-03 18:00:00+00:00,-0.03196999999999994,,,
2019-07-03 18:30:00+00:00,,,-0.02574785725924733,
2019-07-03 22:00:00+00:00,0.02797000000000005,,,
2019-07-04 10:30:00+00:00,,,-0.029738495955510702,
2019-07-04 23:00:00+00:00,-0.031970000000000054,,,
2019-07-05 07:00:00+00:00,,,,0.009770025083497558
2019-07-05 20:30:00+00:00,-0.031970000000000054,,,
2019-07-06 22:00:00+00:00,-0.031970000000000054,,,
2019-07-08 09:00:00+00:00,0.02797000000000005,,,
2019-07-09 08:00:00+00:00,0.05252156789197304,,,
2019-07-09 10:30:00+00:00,-0.03623790202546051,,,
2019-07-09 11:00:00+00:00,,,0.02849390819959452,
2019-07-10 12:30:00+00:00,0.03239725202705612,,,
2019-07-10 15:00:00+00:00,,,-0.03768849510333472,0.06825380621843102
2019-07-11 20:00:00+00:00,-0.03196999999999994,,,
2019-07-13 10:00:00+00:00,-0.03196999999999994,,,
2019-07-13 20:30:00+00:00,,,,-0.07690051840756351
2019-07-15 06:30:00+00:00,,-0.11836588450779606,,
2019-07-16 03:00:00+00:00,0.052458786743923014,,,
2019-07-16 07:30:00+00:00,-0.03196999999999994,,,
2019-07-16 16:00:00+00:00,,,,-0.07739084795163276
2019-07-17 21:00:00+00:00,0.02797000000000005,,,
2019-07-18 12:00:00+00:00,-0.031970000000000054,,,
2019-07-19 04:00:00+00:00,0.02797000000000005,,,
2019-07-20 17:00:00+00:00,0.02797000000000005,,,
2019-07-21 03:00:00+00:00,-0.03196999999999994,,-0.025263012080398828,
2019-07-22 14:30:00+00:00,-0.03196999999999994,,,0.037871644562818885
2019-07-24 16:30:00+00:00,-0.031970000000000054,,,
2019-07-26 00:00:00+00:00,-0.031970000000000054,,,
2019-07-27 10:00:00+00:00,,,,-0.030646305051728384
2019-07-27 10:30:00+00:00,-0.053055246957837365,,,
2019-07-28 22:00:00+00:00,-0.031970000000000054,,,
2019-08-01 06:00:00+00:00,,,0.0036495670283898107,
2019-08-01 14:30:00+00:00,0.0456866983736377,,,
2019-08-01 19:00:00+00:00,,0.031233284030943054,,
2019-08-02 19:30:00+00:00,,,0.017846763803710974,
2019-08-02 20:30:00+00:00,0.04075809364665628,,,
2019-08-03 02:00:00+00:00,,0.03383270866500343,,
2019-08-04 03:00:00+00:00,0.030769472108411744,,,
2019-08-04 04:00:00+00:00,,,-0.006782049502531695,
2019-08-05 01:00:00+00:00,,0.037690731806983235,,
2019-08-06 02:30:00+00:00,,,0.014707542266439999,
2019-08-06 06:30:00+00:00,,0.04318829305098415,,
2019-08-06 12:00:00+00:00,0.08468585379989602,,,
2019-08-06 12:30:00+00:00,,,-0.04487973331676032,0.13545640310757112
2019-08-10 11:30:00+00:00,-0.03201743386889866,,,
2019-08-13 14:00:00+00:00,-0.031970000000000054,,,
2019-08-16 05:00:00+00:00,-0.031970000000000054,,,
2019-08-16 22:30:00+00:00,0.02797000000000005,,,
2019-08-17 17:00:00+00:00,-0.031970000000000054,,,
2019-08-20 09:00:00+00:00,,,-0.001149587385187112,
2019-08-20 09:30:00+00:00,0.02797000000000005,,,
2019-08-21 03:30:00+00:00,-0.031970000000000054,,,
2019-08-21 04:00:00+00:00,,-0.049570544507410275,,
2019-08-24 05:00:00+00:00,,,-0.008251180430655092,
2019-08-26 00:00:00+00:00,0.02797000000000005,,,
2019-08-27 02:30:00+00:00,-0.031970000000000054,,,
2019-08-28 18:00:00+00:00,-0.03196999999999994,,,
2019-09-03 18:30:00+00:00,,0.0795079558629106,,
2019-09-04 13:00:00+00:00,0.10120872747955323,,,
2019-09-04 14:30:00+00:00,,,0.06826323182414651,
2019-09-05 02:30:00+00:00,,,-0.013207418615864608,
2019-09-05 19:30:00+00:00,0.02797000000000005,,,
2019-09-06 17:30:00+00:00,,,,0.006806920930080063
2019-09-06 18:00:00+00:00,,,-0.028534430603819327,
2019-09-06 20:00:00+00:00,-0.031970000000000054,-0.04507536480309593,,
2019-09-09 07:00:00+00:00,-0.03196999999999994,,,
2019-09-10 19:30:00+00:00,-0.031970000000000054,,,
2019-09-13 08:30:00+00:00,,,-0.010140878258383612,
2019-09-19 03:00:00+00:00,-0.03196999999999994,,,
2019-09-21 12:30:00+00:00,-0.031970000000000165,,,
2019-09-23 14:00:00+00:00,-0.031970000000000054,,,
2019-09-26 13:30:00+00:00,-0.031970000000000054,,,
2019-09-28 22:30:00+00:00,0.02797000000000005,,,
2019-09-29 12:30:00+00:00,-0.031970000000000054,,,
2019-10-02 00:00:00+00:00,0.02797000000000005,,,
2019-10-02 03:30:00+00:00,,,-0.006468331166793684,
2019-10-03 10:00:00+00:00,,,,-0.012932037984297762
2019-10-03 14:00:00+00:00,-0.031970000000000054,,,
2019-10-04 05:00:00+00:00,,-0.05161075415761651,,
2019-10-06 06:30:00+00:00,-0.031970000000000054,,,
2019-10-08 20:30:00+00:00,,,-0.001835823384982116,
2019-10-09 10:00:00+00:00,0.02796999999999983,,,
2019-10-09 15:00:00+00:00,,0.043414096446163564,,
2019-10-10 13:00:00+00:00,,,-0.015750745689338652,
2019-10-10 15:30:00+00:00,0.03472747576506352,,,
2019-10-11 05:30:00+00:00,-0.03397541525489001,,,0.019986976678468826
2019-10-11 23:30:00+00:00,,-0.042434609316038374,,
2019-10-13 22:00:00+00:00,,,-0.02011788652725388,
2019-10-15 19:00:00+00:00,-0.031970000000000054,,,
2019-10-21 19:00:00+00:00,,,0.012695392068569289,
2019-10-22 12:00:00+00:00,0.02797000000000005,,,
2019-10-22 20:00:00+00:00,,,,0.0006135906022119997
2019-10-23 03:30:00+00:00,-0.031970000000000054,-0.03194171055335471,,
2019-10-26 09:00:00+00:00,,,,0.11218078119507968
2019-10-26 16:00:00+00:00,,0.18883252506411763,,
2019-10-27 23:00:00+00:00,0.016030866616267403,,,
2019-10-28 03:30:00+00:00,0.012290555538646775,,,
2019-10-29 19:30:00+00:00,-0.03196999999999994,,,
2019-11-04 20:00:00+00:00,0.007990000000000164,,,
2019-11-05 07:00:00+00:00,,,-0.005244192450265861,-0.01788456199821542
2019-11-07 10:00:00+00:00,-0.031970000000000054,,,
2019-11-11 06:30:00+00:00,-0.031970000000000054,,,
2019-11-23 09:00:00+00:00,-0.031970000000000054,,,
2019-11-24 14:30:00+00:00,-0.031970000000000054,,,
2019-11-28 05:00:00+00:00,0.026928659037692038,,,
2019-11-28 22:30:00+00:00,,,,0.0026773836968101428
2019-11-28 23:30:00+00:00,,,-0.020377547657525086,
2019-11-29 12:00:00+00:00,0.007989999999999942,,,
2019-11-29 15:30:00+00:00,,0.08048501089084681,,
2019-11-29 21:30:00+00:00,0.011525221113370954,,,
2019-11-30 10:00:00+00:00,0.007990000000000164,,,-0.00024016017569483683
2019-11-30 13:00:00+00:00,,,-0.010447998544348969,
2019-12-04 14:00:00+00:00,,,,0.0005611993115153258
2019-12-04 21:00:00+00:00,-0.05383388179336546,,,
2019-12-05 19:30:00+00:00,0.007989999999999942,,,
2019-12-07 19:00:00+00:00,,,-0.01134732823922635,
2019-12-09 15:00:00+00:00,0.007989999999999942,,,
2019-12-09 15:30:00+00:00,,,,-0.01814343891165182
2019-12-14 08:30:00+00:00,,,,-0.01160402253687276
2019-12-19 01:00:00+00:00,,,,0.002618493398754529
2019-12-19 08:00:00+00:00,0.03233717783965684,,,
2019-12-20 01:30:00+00:00,,,-0.005050019862520516,
2019-12-23 06:00:00+00:00,,,,0.03479055420861599
2019-12-23 07:00:00+00:00,0.019898966996961365,,,
2019-12-23 15:30:00+00:00,0.007989999999999942,,,
2019-12-23 17:00:00+00:00,,,,-0.01655722415433214
2019-12-23 20:00:00+00:00,,,0.012240813218485025,
2019-12-27 11:30:00+00:00,-0.031970000000000054,,,
2019-12-29 20:30:00+00:00,,,,-0.00415507778781965
2019-12-30 00:00:00+00:00,,-0.0216601299278103,,
2019-12-30 01:00:00+00:00,,,-0.008960740011148327,
2019-12-30 16:00:00+00:00,-0.031970000000000054,,,
2020-01-03 18:00:00+00:00,0.018094445369060352,,,
2020-01-04 14:00:00+00:00,,,-0.0070001307819945735,
2020-01-04 18:30:00+00:00,,,,-0.008142424866274256
2020-01-05 01:00:00+00:00,0.007990000000000164,0.022400287685923947,,
2020-01-05 21:30:00+00:00,,,,-0.005816497702537782
2020-01-05 22:00:00+00:00,,,-0.01223972584337285,
2020-01-06 02:00:00+00:00,0.007989999999999942,,,
2020-01-06 22:00:00+00:00,0.007989999999999942,,,
2020-01-07 04:30:00+00:00,,,,0.04303813315940119
2020-01-07 12:00:00+00:00,0.021645453272445714,,,
2020-01-07 18:00:00+00:00,,0.01855068762246681,,
2020-01-07 21:30:00+00:00,,,,-0.004850095145572886
2020-01-07 23:30:00+00:00,0.007989999999999942,,,
2020-01-08 09:00:00+00:00,0.018373864462209122,,,
2020-01-08 13:30:00+00:00,0.007989999999999942,,,
2020-01-08 14:00:00+00:00,,,,0.0009551854552816152
2020-01-08 19:00:00+00:00,,,0.06707467293255531,
2020-01-08 20:00:00+00:00,,-0.050699748130432876,,
2020-01-11 03:30:00+00:00,0.022055182267676887,,,
2020-01-11 11:00:00+00:00,,,-0.024627180038540586,
2020-01-11 17:00:00+00:00,0.007989999999999942,,,
2020-01-11 23:00:00+00:00,,,,-0.02762502252364296
2020-01-14 13:30:00+00:00,,0.01587089479828996,,
2020-01-14 14:00:00+00:00,0.03651641654605009,,,
2020-01-14 16:00:00+00:00,,,,0.030514896227259003
2020-01-14 17:00:00+00:00,0.007990000000000164,,,
2020-01-14 18:30:00+00:00,,,,-0.01869957364047048
2020-01-15 00:00:00+00:00,,0.01939598372175877,,
2020-01-15 02:30:00+00:00,0.007990000000000164,,,
2020-01-15 04:00:00+00:00,,,,-0.026657769047261803
2020-01-15 22:30:00+00:00,0.007989999999999942,,,
2020-01-16 01:00:00+00:00,,,,-0.031019177161661804
2020-01-16 02:30:00+00:00,,,0.030178634180066943,
2020-01-17 12:00:00+00:00,,,,-0.01593573156051442
2020-01-17 15:00:00+00:00,,,-0.022782970820505954,
2020-01-17 19:00:00+00:00,0.007989999999999942,,,
2020-01-19 11:00:00+00:00,-0.031970000000000054,,,-0.0057851091646411446
2020-01-19 11:30:00+00:00,,,-0.058707670404412826,
2020-01-23 09:00:00+00:00,-0.031970000000000054,,,
2020-01-27 00:00:00+00:00,0.007990000000000164,,,
2020-01-27 09:30:00+00:00,,,0.005677659894605114,
2020-01-27 13:30:00+00:00,0.007989999999999942,,,
2020-01-28 07:00:00+00:00,0.012816599902526926,,,
2020-01-28 08:30:00+00:00,,,0.01885425302999444,
2020-01-28 11:30:00+00:00,,0.015936624045322922,,
2020-01-30 16:00:00+00:00,0.007989999999999942,,,
2020-01-31 02:30:00+00:00,,,-0.014877674873266411,
2020-01-31 05:00:00+00:00,-0.02198,,,
2020-01-31 13:00:00+00:00,,,,0.08001547859401348
2020-02-03 11:00:00+00:00,,,,-0.02138124688796994
2020-02-05 23:00:00+00:00,,0.016584764415839226,,
2020-02-06 00:30:00+00:00,0.017991416972454655,,,
2020-02-06 03:00:00+00:00,,,0.01388469497444067,
2020-02-06 12:30:00+00:00,,0.01447312525556943,,
2020-02-08 21:30:00+00:00,0.007989999999999942,,,
2020-02-09 16:30:00+00:00,,,0.0013957012372844968,
2020-02-09 23:00:00+00:00,0.007989999999999942,,,
2020-02-10 00:00:00+00:00,,0.01016298136434668,,
2020-02-10 05:30:00+00:00,,,,0.02919512571001137
2020-02-12 04:00:00+00:00,0.025149814743272714,,,
2020-02-12 15:30:00+00:00,,,0.004173726201588623,
2020-02-13 08:00:00+00:00,,,,-0.005750087755738931
2020-02-13 13:30:00+00:00,,0.02446823410797161,,
2020-02-15 12:00:00+00:00,,,,-0.028550628081542517
2020-02-15 15:30:00+00:00,-0.02198,,,
2020-02-18 15:00:00+00:00,0.007989999999999942,,,
2020-02-19 05:00:00+00:00,0.010890109526852765,,,
2020-02-19 08:00:00+00:00,,,0.005194045153977811,
2020-02-19 17:30:00+00:00,0.007990000000000164,,,
2020-02-19 21:30:00+00:00,,-0.043357657693732454,,-0.020857074561373645
2020-02-23 03:30:00+00:00,0.007989999999999942,,,
2020-02-23 16:30:00+00:00,,,-0.006380977101580476,
2020-02-24 00:30:00+00:00,0.007989999999999942,,,
2020-02-24 02:30:00+00:00,,-0.026936592047921537,,-0.004435439491841664
2020-02-27 22:00:00+00:00,-0.02198,,,
2020-02-29 11:00:00+00:00,-0.02197999999999989,,,
2020-02-29 23:30:00+00:00,,-0.025861691724673452,,
2020-03-02 15:30:00+00:00,0.009736267304773616,,,
2020-03-03 00:00:00+00:00,0.007990000000000164,,,
2020-03-03 02:00:00+00:00,,,0.013156373430738277,
2020-03-03 16:30:00+00:00,,,,-0.01698509564526751
2020-03-05 09:00:00+00:00,,0.01502722285707736,,
2020-03-05 15:00:00+00:00,0.009583865011485448,,,
2020-03-05 23:30:00+00:00,,,0.019068604622330954,
2020-03-07 10:30:00+00:00,,0.0010585853869127249,,
2020-03-07 16:30:00+00:00,0.007989999999999942,,,
2020-03-07 17:00:00+00:00,,,,-0.001854455621747797
2020-03-10 10:30:00+00:00,0.007989999999999942,,,
2020-03-10 15:30:00+00:00,-0.02198000000000011,,,
2020-03-10 16:00:00+00:00,,,-0.04034557699141561,
2020-03-11 10:00:00+00:00,-0.02198000000000011,,,
2020-03-13 13:30:00+00:00,,0.18958771846228206,,
2020-03-13 15:30:00+00:00,-0.03411174956151464,,,
2020-03-13 18:30:00+00:00,-0.030162910214702632,,,
2020-03-13 22:30:00+00:00,0.007990000000000164,,,
2020-03-14 00:30:00+00:00,-0.02198000000000011,,,
2020-03-14 08:30:00+00:00,-0.043577952875135884,,,
2020-03-15 14:30:00+00:00,-0.026663082370929403,,,
2020-03-15 17:00:00+00:00,0.007989999999999942,,,
2020-03-15 18:00:00+00:00,-0.02198,,,
2020-03-15 20:00:00+00:00,-0.02198000000000011,,,
2020-03-15 22:30:00+00:00,-0.0223849033776935,-0.0889711876888698,,
2020-03-16 20:30:00+00:00,-0.04378762560752636,,,
2020-03-17 13:00:00+00:00,,,-0.022411039655003795,
2020-03-17 13:30:00+00:00,0.0576198939969903,,,
2020-03-17 20:30:00+00:00,0.007989999999999942,,,
2020-03-17 21:00:00+00:00,,0.10834779512560888,,
2020-03-18 00:00:00+00:00,-0.023530442053461775,,,
2020-03-18 05:30:00+00:00,-0.02197999999999989,,,
2020-03-19 02:00:00+00:00,0.00807210669845082,,,
2020-03-19 07:00:00+00:00,0.008937531034171498,,,
2020-03-19 19:30:00+00:00,,0.07598365662488504,,
2020-03-20 04:30:00+00:00,0.11397658584826709,,,
2020-03-20 16:30:00+00:00,,,0.14303827531416502,
2020-03-20 18:30:00+00:00,-0.04491518372054715,-0.05164210450619433,,
2020-03-20 20:00:00+00:00,,,,0.09988418515429753
2020-03-21 09:30:00+00:00,-0.02770446196796794,,,
2020-03-22 00:00:00+00:00,-0.023828669222560328,,,
2020-03-22 03:30:00+00:00,0.007989999999999942,,,
2020-03-22 08:30:00+00:00,-0.02198,,,
2020-03-22 10:30:00+00:00,-0.02198,,,
2020-03-24 00:00:00+00:00,,0.060138729784396716,,
2020-03-24 05:00:00+00:00,0.029778745334136048,,,
2020-03-24 12:30:00+00:00,0.013089467318876835,,,
2020-03-24 15:00:00+00:00,-0.02198000000000011,,,
2020-03-24 15:30:00+00:00,,,0.0424849358615953,
2020-03-24 19:30:00+00:00,0.007989999999999942,,,
2020-03-24 22:30:00+00:00,0.007989999999999942,,,
2020-03-25 11:00:00+00:00,-0.029583106327277897,,,
2020-03-26 13:30:00+00:00,-0.02198,,,
2020-03-27 05:30:00+00:00,,,-0.009374729627738554,
2020-03-29 08:00:00+00:00,-0.02198,,,
2020-03-30 09:30:00+00:00,0.04097877116726134,,,
2020-03-30 15:30:00+00:00,,0.03651616744880437,,
2020-03-30 23:30:00+00:00,-0.02198,-0.020423068802088884,,
2020-03-31 04:30:00+00:00,,,0.033090914647484926,
2020-04-02 03:00:00+00:00,0.04016246755398467,,,
2020-04-02 07:00:00+00:00,,0.028643519094398107,,
2020-04-02 18:30:00+00:00,,,,0.023499036017565755
2020-04-02 19:00:00+00:00,-0.02198000000000011,-0.019099914663078255,,
2020-04-02 20:30:00+00:00,,,0.02282501426214112,
2020-04-03 14:00:00+00:00,-0.02198,,-0.017135383433132922,
2020-04-04 11:30:00+00:00,-0.02198,,,
2020-04-06 17:00:00+00:00,,0.023653903360012496,,
2020-04-06 17:30:00+00:00,0.02797000000000005,,,
2020-04-07 05:30:00+00:00,,,0.04662106179060288,
2020-04-07 14:30:00+00:00,,,-0.01742488104430362,
2020-04-07 20:00:00+00:00,-0.02198,-0.016923027545365232,,
2020-04-08 10:30:00+00:00,,-0.019404171039695606,,
2020-04-08 13:30:00+00:00,-0.02198000000000011,,,
2020-04-09 12:00:00+00:00,,,,0.00917770740355639
2020-04-11 16:30:00+00:00,-0.02198,,,
2020-04-12 20:00:00+00:00,,0.018965413138786857,,
2020-04-12 23:30:00+00:00,,,0.0069502904745453176,
2020-04-13 00:00:00+00:00,-0.02198000000000011,,,
2020-04-14 08:00:00+00:00,,,-0.015506543716657384,
2020-04-14 16:30:00+00:00,0.02797000000000005,,,
2020-04-14 20:30:00+00:00,,,-0.01054578652291882,
2020-04-16 22:00:00+00:00,0.02797000000000005,0.02832401982878774,,
2020-04-17 04:30:00+00:00,,,-0.001333555703802558,
2020-04-17 13:30:00+00:00,-0.02198,,,
2020-04-19 05:30:00+00:00,,-0.014980628226600401,-0.0023773681763588073,
2020-04-19 13:30:00+00:00,-0.02198000000000011,,,
2020-04-20 10:30:00+00:00,,,,0.008547814007805465
2020-04-23 06:30:00+00:00,,,0.014673553468995015,
2020-04-23 13:30:00+00:00,,0.020032499655777025,,
2020-04-23 14:00:00+00:00,0.02797000000000005,,,
2020-04-23 18:30:00+00:00,,0.03768826698407035,,
2020-04-26 15:00:00+00:00,,-0.011145663208275813,,
2020-04-26 15:30:00+00:00,,,-0.01900486972191795,
2020-04-26 22:00:00+00:00,,-0.010934486389662768,,
2020-04-27 01:00:00+00:00,,-0.011306789826425634,,
2020-04-27 06:00:00+00:00,,-0.011394982111335716,,
2020-04-29 15:30:00+00:00,0.044758803855246665,,,
2020-04-29 21:30:00+00:00,0.053209970569234155,0.1228047665021037,,
2020-04-30 07:30:00+00:00,0.02797000000000005,,,
2020-04-30 09:00:00+00:00,,-0.020401674388015767,,
2020-04-30 09:30:00+00:00,,,,0.14069747000664923
2020-04-30 10:00:00+00:00,,,0.09905724419300155,
2020-04-30 16:00:00+00:00,-0.02198,,,
2020-04-30 23:00:00+00:00,-0.02198000000000011,,,
2020-05-01 14:00:00+00:00,-0.02198,,,
2020-05-03 06:00:00+00:00,-0.02198,-0.016855047461695638,,
2020-05-05 05:00:00+00:00,0.02797000000000005,,,
2020-05-05 10:00:00+00:00,-0.02197999999999989,,,
2020-05-06 23:30:00+00:00,,-0.01614279062346391,,
2020-05-07 00:00:00+00:00,-0.02198,,-0.010542498259645705,
2020-05-07 21:00:00+00:00,0.02796999999999983,0.02782798100032169,,
2020-05-08 05:00:00+00:00,-0.02198,,,
2020-05-08 07:00:00+00:00,,,0.025956226315789532,
2020-05-09 11:00:00+00:00,,,,0.043733979352766905
2020-05-10 14:30:00+00:00,-0.02198,,,
2020-05-11 09:30:00+00:00,-0.02198,,,
2020-05-11 16:30:00+00:00,-0.02198,,,
2020-05-12 21:30:00+00:00,-0.02198,,,
2020-05-13 21:00:00+00:00,0.02797000000000005,,,
2020-05-14 11:00:00+00:00,,0.028075584498772344,,
2020-05-14 12:00:00+00:00,0.03209739404291656,-0.018968093097233796,,
2020-05-14 21:00:00+00:00,,,0.061146897519887666,
2020-05-15 02:30:00+00:00,,,,0.016119999283471742
2020-05-15 15:00:00+00:00,-0.02198000000000011,,,
2020-05-17 22:00:00+00:00,,-0.018514471495470586,,
2020-05-17 22:30:00+00:00,,,-0.019170830221773683,
2020-05-18 08:30:00+00:00,-0.02198,,,-0.04303696321249806
2020-05-19 12:00:00+00:00,,-0.020075053914028196,,
2020-05-19 12:30:00+00:00,-0.02198,,,
2020-05-22 03:30:00+00:00,,-0.019732178338932926,,
2020-05-22 04:30:00+00:00,-0.02198000000000011,,,
2020-05-26 15:30:00+00:00,-0.02198,,,
2020-05-27 22:30:00+00:00,,,-0.0058261512077448785,
2020-05-28 12:00:00+00:00,0.017979999999999885,,,
2020-05-29 08:30:00+00:00,,,0.0024498791847040735,
2020-05-30 22:30:00+00:00,0.017980000000000107,0.055728603719540803,,
2020-05-31 04:00:00+00:00,-0.02198,,,
2020-05-31 23:00:00+00:00,,,,0.02294952188668309
2020-06-02 14:30:00+00:00,,,,0.026655220067471008
2020-06-02 15:00:00+00:00,-0.02198000000000011,-0.05644076082922711,-0.051993775131456754,
2020-06-04 13:00:00+00:00,0.017980000000000107,,,
2020-06-05 08:00:00+00:00,-0.02198,,,
2020-06-05 23:30:00+00:00,-0.02198,,,
2020-06-10 18:30:00+00:00,0.017980000000000107,,,
2020-06-11 06:30:00+00:00,,,-0.0066258215195231784,
2020-06-11 12:30:00+00:00,,,,-0.010516107218188298
2020-06-15 01:30:00+00:00,-0.02198,,,
2020-06-16 15:00:00+00:00,,,-5.73818013471783e-06,
2020-06-17 19:30:00+00:00,,,,-0.02060416642625995
2020-06-17 20:00:00+00:00,-0.02197999999999989,,,
2020-06-26 14:00:00+00:00,,-0.027723115991699965,,
2020-06-30 21:00:00+00:00,,-0.005173055620002365,,
2020-07-02 00:00:00+00:00,,,-0.007703499192245555,
2020-07-02 15:00:00+00:00,,,,-0.014100853801332525
2020-07-06 18:30:00+00:00,,0.010029778036086512,,
2020-07-07 04:00:00+00:00,,,-0.003013491642145927,
2020-07-09 04:00:00+00:00,,0.0020399391476826345,,
2020-07-09 14:30:00+00:00,,,,0.007580208778521058
2020-07-21 22:30:00+00:00,,0.005870219097668716,,
2020-07-22 02:00:00+00:00,,,0.0031798331776755617,
2020-07-22 07:30:00+00:00,,,,0.0049022857666725095
2020-07-22 22:30:00+00:00,0.02797000000000005,,,
2020-07-24 07:00:00+00:00,,-0.015846750034039903,,
2020-07-26 12:30:00+00:00,,,,0.01380478360967663
2020-07-26 20:00:00+00:00,,0.014578029768314016,,
2020-07-26 20:30:00+00:00,,,-0.014964818107938704,
2020-07-27 16:30:00+00:00,,0.022422412652104207,,
2020-07-28 06:00:00+00:00,,,0.06356366034240679,
2020-07-28 10:00:00+00:00,,,,0.04493237477298595
2020-07-28 14:00:00+00:00,,0.036731229040873004,,
2020-07-28 17:30:00+00:00,0.11622681696108184,,,
2020-07-31 20:00:00+00:00,0.02797000000000005,,,
2020-08-01 08:30:00+00:00,,0.025675352889040326,,
2020-08-01 15:00:00+00:00,,,-0.011146763780859326,
2020-08-02 04:30:00+00:00,,-0.030954668629682436,,0.011153456348976354
2020-08-02 05:00:00+00:00,,,-0.07102780009266696,
2020-08-02 11:00:00+00:00,-0.031970000000000054,,,
2020-08-03 22:00:00+00:00,,,-0.02296047441203719,
2020-08-06 03:30:00+00:00,,,0.01927205366695839,
2020-08-06 13:00:00+00:00,0.04630162328400789,,,
2020-08-07 14:00:00+00:00,-0.031970000000000054,,,0.0010055849125134575
2020-08-09 10:00:00+00:00,,0.005328716195180716,,
2020-08-10 10:00:00+00:00,,,,-0.02181439152354514
2020-08-10 10:30:00+00:00,,-0.037023845529839505,-0.03817693954971746,
2020-08-11 16:00:00+00:00,-0.03196999999999994,,,
2020-08-13 09:00:00+00:00,,-0.028856376372167092,,
2020-08-14 07:30:00+00:00,,,-0.0041477348606241415,
2020-08-15 00:00:00+00:00,0.02797000000000005,,,
2020-08-15 00:30:00+00:00,,0.025009440677317585,,
2020-08-18 05:00:00+00:00,,,0.0032730141348238373,
2020-08-18 13:30:00+00:00,,,,0.015845056059152318
2020-08-18 14:30:00+00:00,,-0.025391541592961087,,
2020-08-19 04:00:00+00:00,-0.031970000000000054,,,
2020-08-25 06:00:00+00:00,,-0.015517336519356828,,
2020-08-25 07:00:00+00:00,,,,-0.021801120072874824
2020-08-25 07:30:00+00:00,,,-0.018838307744020844,
2020-08-25 17:00:00+00:00,-0.031970000000000054,,,
2020-08-27 17:30:00+00:00,-0.031970000000000054,,,
2020-09-01 00:00:00+00:00,,,,-0.006910668146910881
2020-09-01 05:30:00+00:00,0.02797000000000005,,,
2020-09-02 07:30:00+00:00,,,,-0.008976170666505467
2020-09-02 08:00:00+00:00,,-0.019396616188262827,,
2020-09-02 11:00:00+00:00,-0.03196999999999994,,0.002104541550633776,
2020-09-05 11:30:00+00:00,-0.031970000000000054,,,
2020-09-05 18:30:00+00:00,-0.031970000000000165,,,
2020-09-07 12:00:00+00:00,-0.031970000000000054,,,
2020-09-08 09:30:00+00:00,-0.031970000000000054,,,
2020-09-10 20:00:00+00:00,0.02797000000000005,,,
2020-09-13 11:30:00+00:00,,-0.018520573798818107,,-0.010757568231700154
2020-09-13 16:30:00+00:00,,,-0.011963625696685298,
2020-09-15 10:30:00+00:00,,0.021165557270731883,,
2020-09-15 16:30:00+00:00,0.03832973444804377,,,
2020-09-19 11:30:00+00:00,0.02797000000000005,,,
2020-09-20 03:00:00+00:00,,,,0.02883965840401137
2020-09-20 12:30:00+00:00,,,0.02121102768918104,
2020-09-20 13:00:00+00:00,-0.031970000000000054,,,
2020-09-23 20:30:00+00:00,-0.031970000000000054,,,
2020-09-24 15:30:00+00:00,0.017980000000000107,,,
2020-09-26 05:30:00+00:00,,0.02205683769193212,,
2020-09-26 06:00:00+00:00,0.017980000000000107,,,
2020-09-27 13:00:00+00:00,,,0.0041380780487896285,
2020-09-28 23:00:00+00:00,,-0.014593868783760566,,0.009783714964918033
2020-09-29 03:00:00+00:00,,,-0.021779765599997836,
2020-10-01 16:30:00+00:00,-0.031970000000000054,,,
2020-10-01 17:30:00+00:00,,,-0.035443024810168366,
2020-10-05 06:00:00+00:00,,-0.009606277455812995,,
2020-10-06 18:30:00+00:00,,,,-0.007012122401034437
2020-10-06 20:00:00+00:00,,,-0.009639161873721491,
2020-10-08 19:00:00+00:00,0.02297021977120539,,,
2020-10-10 02:00:00+00:00,0.017979999999999885,0.023640549043564496,,
2020-10-11 21:00:00+00:00,,,,0.038333782883251954
2020-10-12 21:00:00+00:00,0.017980000000000107,,,
2020-10-13 00:30:00+00:00,,-0.017098435158096836,,
2020-10-13 03:00:00+00:00,,,,-0.008359738324734245
2020-10-13 18:30:00+00:00,,,0.043801468428511514,
2020-10-14 15:30:00+00:00,-0.031970000000000054,,,
2020-10-16 07:30:00+00:00,,,-0.016260055193726086,
2020-10-19 13:00:00+00:00,0.017979999999999885,,,
2020-10-20 11:00:00+00:00,0.017979999999999885,0.01587183442997353,,
2020-10-21 07:30:00+00:00,0.025812139785852617,,,
2020-10-25 07:00:00+00:00,,,-0.009986218425642401,
2020-10-28 02:00:00+00:00,,0.02126933127280095,,
2020-10-28 10:00:00+00:00,,,0.014645508745790403,
2020-10-28 11:00:00+00:00,,-0.023132354415699385,,
2020-10-28 11:30:00+00:00,0.030555546067799533,,,
2020-10-28 12:00:00+00:00,,,,-0.0064570052176539106
2020-10-30 05:30:00+00:00,,,-0.01699148638262915,
2020-10-31 01:00:00+00:00,0.02797000000000005,,,
2020-11-02 08:30:00+00:00,,,,-0.010236776740548237
2020-11-02 12:30:00+00:00,-0.031970000000000054,,,
2020-11-04 02:30:00+00:00,,-0.025591532846329867,,
2020-11-04 15:00:00+00:00,0.02797000000000005,,,
2020-11-06 04:00:00+00:00,,0.0424354470802919,,
2020-11-06 16:00:00+00:00,,,0.07293207340263597,
2020-11-06 20:00:00+00:00,,-0.03297535927631434,,
2020-11-06 23:00:00+00:00,0.12011805098832151,,,
2020-11-07 16:00:00+00:00,,,,0.08628534505163987
2020-11-07 18:30:00+00:00,-0.03196999999999994,,,
2020-11-09 08:00:00+00:00,,,-0.00526764663929824,
2020-11-09 15:00:00+00:00,,,,-0.05340246987381558
2020-11-09 16:00:00+00:00,-0.03196999999999994,,,
2020-11-12 00:00:00+00:00,,-0.022442231339840357,,
2020-11-12 01:30:00+00:00,,,-0.0009709398021381377,
2020-11-12 18:00:00+00:00,0.03283914047621206,,,
2020-11-13 11:30:00+00:00,,,-0.015828942463674056,
2020-11-14 09:30:00+00:00,,,,-0.0033348957542355118
2020-11-16 22:00:00+00:00,,0.02602582848824686,,
2020-11-17 14:30:00+00:00,,0.02369695355051049,,
2020-11-18 01:00:00+00:00,,0.02719855065213661,,
2020-11-18 05:30:00+00:00,,0.030747262579690515,,0.07035331586932969
2020-11-18 15:00:00+00:00,,,0.08722242865150887,
2020-11-18 18:00:00+00:00,0.11547735757121425,,,
2020-11-21 12:00:00+00:00,,,,-0.005525718642271693
2020-11-22 10:30:00+00:00,-0.03196999999999994,,,
2020-11-24 11:30:00+00:00,0.03642988491749377,,,
2020-11-25 03:30:00+00:00,,,,-0.010052339431020019
2020-11-25 16:30:00+00:00,,,,-0.02986825340223087
2020-11-25 23:00:00+00:00,-0.031970000000000165,,,
2020-11-26 03:00:00+00:00,-0.031970000000000165,-0.05669326509134265,-0.02153608138111751,
2020-11-26 07:30:00+00:00,-0.031970000000000165,,,
2020-11-26 14:00:00+00:00,-0.03196999999999994,,,
2020-11-26 17:00:00+00:00,-0.031970000000000054,,,
2020-11-27 00:30:00+00:00,0.02797000000000005,,,
2020-11-27 08:00:00+00:00,-0.03196999999999994,,,
2020-11-28 18:30:00+00:00,0.050807089090417534,,,
2020-11-29 21:00:00+00:00,0.02797000000000005,,,
2020-11-30 15:30:00+00:00,,,,-0.014232636510203234
2020-11-30 17:00:00+00:00,0.04812302836873239,,,
2020-12-01 04:00:00+00:00,,0.07077757932408368,,
2020-12-01 12:00:00+00:00,-0.031970000000000054,,,-0.03564575983648555
2020-12-01 13:00:00+00:00,,-0.0647829489026931,,
2020-12-03 10:30:00+00:00,0.02797000000000005,,,
2020-12-04 11:30:00+00:00,-0.031970000000000054,,,
2020-12-04 22:30:00+00:00,,,0.05833065759468159,
2020-12-08 11:00:00+00:00,,,-0.02973946114866699,
2020-12-08 22:30:00+00:00,-0.031970000000000054,,,
2020-12-09 08:30:00+00:00,-0.03196999999999994,,,
2020-12-12 18:00:00+00:00,0.02797000000000005,,,
2020-12-13 10:00:00+00:00,0.028307604917827467,,,
2020-12-15 01:30:00+00:00,,0.05283153298431653,,
2020-12-16 13:00:00+00:00,0.02797000000000005,,,
2020-12-16 17:30:00+00:00,0.03791730629643175,,,
2020-12-17 01:00:00+00:00,0.02797000000000005,,,
2020-12-17 09:30:00+00:00,,,,0.17174205940256804
2020-12-17 10:30:00+00:00,0.03479316770186336,,,
2020-12-17 19:00:00+00:00,0.02797000000000005,,,
2020-12-17 22:00:00+00:00,,0.11918660981208973,,
2020-12-19 18:30:00+00:00,0.036912604008532135,,,
2020-12-20 00:00:00+00:00,-0.03196999999999994,,,-0.021154468892059852
2020-12-21 09:30:00+00:00,-0.02198,,,
2020-12-23 11:30:00+00:00,-0.02198,,,
2020-12-23 15:30:00+00:00,-0.02198,,,
2020-12-24 03:30:00+00:00,,,-0.03754793567518244,
2020-12-26 12:00:00+00:00,0.052460228249834095,,,
2020-12-27 11:30:00+00:00,,,,0.10039446766923343
2020-12-27 21:00:00+00:00,0.05128977111576938,,,
2020-12-28 08:00:00+00:00,-0.02198,,,
2020-12-29 04:00:00+00:00,-0.02198,,,
2020-12-30 00:00:00+00:00,,0.046715128205296885,,
2020-12-31 07:00:00+00:00,0.038125804885486,,,
2020-12-31 13:30:00+00:00,-0.03022454600692759,,,
2021-01-01 01:00:00+00:00,0.02797000000000005,,,
2021-01-01 18:30:00+00:00,-0.02198,,,
2021-01-02 20:30:00+00:00,,,,0.096754416492703
2021-01-03 14:00:00+00:00,,0.051230365034204306,,
2021-01-03 17:00:00+00:00,0.09751675836656393,,,
2021-01-04 00:30:00+00:00,-0.028910123046306357,,,
2021-01-04 07:00:00+00:00,-0.02197999999999989,,,-0.04307426199680531
2021-01-04 10:30:00+00:00,,,0.21751049651990062,
2021-01-05 16:00:00+00:00,0.02797000000000005,,,
2021-01-07 12:00:00+00:00,,0.0780925500534766,,
2021-01-08 03:00:00+00:00,0.14198474607251055,,,
2021-01-08 06:00:00+00:00,-0.02197999999999989,,,
2021-01-08 21:00:00+00:00,0.02797000000000005,,,
2021-01-09 06:30:00+00:00,-0.03866371426843318,,,
2021-01-09 14:00:00+00:00,0.02797000000000005,,,
2021-01-10 11:00:00+00:00,-0.02198,,,
2021-01-10 17:00:00+00:00,,,,0.10273643482963446
2021-01-10 18:00:00+00:00,,,0.15363321660164853,
2021-01-12 10:00:00+00:00,-0.02197999999999989,,,
2021-01-12 12:30:00+00:00,-0.02198,,,
2021-01-12 14:00:00+00:00,-0.051274127066092134,,,
2021-01-12 22:30:00+00:00,-0.02198000000000011,,,
2021-01-13 18:30:00+00:00,0.02797000000000005,,,
2021-01-15 06:00:00+00:00,0.05389575629679455,,,
2021-01-15 15:30:00+00:00,,,,-0.051202254269772096
2021-01-15 16:30:00+00:00,,,-0.03659172701370972,
2021-01-16 19:30:00+00:00,-0.03275787847678768,,,
2021-01-16 22:00:00+00:00,-0.02198000000000011,,,
2021-01-19 07:30:00+00:00,0.02797000000000005,,,
2021-01-21 08:30:00+00:00,-0.03196999999999994,,,
2021-01-23 02:30:00+00:00,0.02517036622720581,,,
2021-01-23 05:30:00+00:00,0.017979999999999885,,,
2021-01-23 09:30:00+00:00,-0.031970000000000054,,,
2021-01-24 19:30:00+00:00,-0.031970000000000054,,,
2021-01-25 20:00:00+00:00,0.023650031081974943,,,
2021-01-25 22:00:00+00:00,,-0.07322708909674147,,
2021-01-26 04:00:00+00:00,,,-0.05991395215599282,
2021-01-26 12:30:00+00:00,-0.031970000000000054,,,
2021-01-26 22:30:00+00:00,0.017979999999999885,,,
2021-01-27 04:00:00+00:00,-0.031970000000000054,,,
2021-01-27 09:00:00+00:00,-0.031970000000000054,,,-0.060331191106442694
2021-01-27 22:30:00+00:00,-0.03196999999999994,,,
2021-01-28 10:30:00+00:00,0.017980000000000107,,,
2021-01-29 07:00:00+00:00,0.029516272158814694,,,
2021-01-29 09:00:00+00:00,,0.12586345098842888,,
2021-01-29 21:00:00+00:00,-0.047467006798401656,,,
2021-01-31 02:00:00+00:00,,,,0.06282685243451058
2021-01-31 10:00:00+00:00,-0.031970000000000054,,,
2021-01-31 17:30:00+00:00,,,0.007139678657240411,
2021-02-02 06:30:00+00:00,0.017980000000000107,,,
2021-02-03 09:30:00+00:00,0.042027354708454645,,,
2021-02-03 13:00:00+00:00,0.017980000000000107,,,
2021-02-04 09:30:00+00:00,0.017980000000000107,,,
2021-02-04 15:00:00+00:00,-0.03196999999999994,,,
2021-02-06 22:00:00+00:00,0.06215744236350318,,,
2021-02-06 23:30:00+00:00,-0.031970000000000054,,,
2021-02-07 16:30:00+00:00,,,0.0687258342733541,
2021-02-09 11:30:00+00:00,0.202934542190792,,,
2021-02-09 13:30:00+00:00,,0.23067297342430626,,
2021-02-10 12:30:00+00:00,-0.03196999999999994,,,
2021-02-11 09:30:00+00:00,0.017980000000000107,,,
2021-02-12 01:30:00+00:00,0.05424029306621514,,,
2021-02-12 04:00:00+00:00,-0.031970000000000054,,,
2021-02-14 18:00:00+00:00,0.027546989868393323,,,
2021-02-15 05:30:00+00:00,,,0.05596154559197797,
2021-02-16 07:30:00+00:00,0.017980000000000107,,,
2021-02-17 23:00:00+00:00,,0.09208028773720334,,
2021-02-18 07:30:00+00:00,0.043656901554562255,,,
2021-02-20 08:00:00+00:00,0.06050235626495093,,,
2021-02-20 15:00:00+00:00,0.017980000000000107,,,
2021-02-21 22:30:00+00:00,0.017979999999999885,,,
2021-02-22 09:30:00+00:00,,,,-0.051709452588720284
2021-02-23 04:30:00+00:00,-0.031970000000000054,,,
2021-02-24 01:00:00+00:00,0.017980000000000107,,,
2021-02-25 00:00:00+00:00,0.017980000000000107,,,
2021-02-25 17:30:00+00:00,-0.03196999999999994,,,
2021-02-26 00:30:00+00:00,,,,-0.10609740595642392
2021-02-26 22:00:00+00:00,-0.031970000000000054,,,
2021-02-27 22:30:00+00:00,-0.03196999999999994,,,
2021-03-02 03:30:00+00:00,0.0582831149042502,,,
2021-03-02 14:00:00+00:00,0.017979999999999885,,,
2021-03-03 20:30:00+00:00,0.033261813290244024,,,
2021-03-04 03:30:00+00:00,-0.03196999999999994,,,
2021-03-04 09:00:00+00:00,,,,0.048959924225715934
2021-03-04 18:00:00+00:00,-0.031970000000000054,,,
2021-03-04 19:30:00+00:00,,,0.014325383531256453,
2021-03-06 04:00:00+00:00,0.027945275396874525,,,
2021-03-07 20:30:00+00:00,0.026361186932787106,,,
2021-03-08 08:00:00+00:00,-0.03196999999999994,,,
2021-03-09 01:30:00+00:00,,0.10451116045891928,,
2021-03-09 16:00:00+00:00,0.059260969544655984,,,
2021-03-10 12:00:00+00:00,0.017979999999999885,,,
2021-03-11 08:00:00+00:00,-0.031970000000000054,,,
2021-03-11 18:30:00+00:00,,0.07098994135616166,,
2021-03-12 16:00:00+00:00,0.017980000000000107,,,
2021-03-14 08:00:00+00:00,0.048631277930135,,,
2021-03-15 06:30:00+00:00,-0.031970000000000054,,,
2021-03-15 07:00:00+00:00,,,,0.1856852632779662
2021-03-15 09:00:00+00:00,,,0.16393475431263438,
2021-03-15 09:30:00+00:00,,-0.07650350639159442,,
2021-03-16 00:00:00+00:00,-0.03196999999999994,,,
2021-03-17 18:00:00+00:00,0.017980000000000107,,,
2021-03-18 09:30:00+00:00,0.027798475061734607,,,
2021-03-18 19:30:00+00:00,-0.03196999999999994,,,
2021-03-22 10:00:00+00:00,0.017980000000000107,,,
2021-03-22 16:30:00+00:00,-0.03196999999999994,,,
2021-03-22 20:00:00+00:00,,,,-0.03784231628696266
2021-03-24 20:00:00+00:00,,,-0.03379846285770083,-0.02938620006079684
2021-03-24 20:30:00+00:00,-0.031970000000000054,,,
2021-03-25 12:00:00+00:00,-0.031970000000000054,,,
2021-03-26 20:00:00+00:00,0.034743568297685545,,,
2021-03-27 15:00:00+00:00,0.017980000000000107,,,
2021-03-28 21:30:00+00:00,,,0.006063295427892967,
2021-03-29 21:00:00+00:00,0.02907518146399557,,,
2021-03-31 06:00:00+00:00,0.017979999999999885,,,
2021-03-31 07:30:00+00:00,,,,0.09189740539718017
2021-03-31 08:00:00+00:00,-0.03196999999999994,,,
2021-03-31 11:30:00+00:00,,,0.012085776230106982,
2021-04-02 02:30:00+00:00,,0.08484670202927136,,
2021-04-02 20:30:00+00:00,,,-0.011093876275698578,
2021-04-03 17:00:00+00:00,,,,-0.017207650346246273
2021-04-03 22:00:00+00:00,-0.03196999999999994,,,
2021-04-06 03:00:00+00:00,0.017980000000000107,,,
2021-04-06 14:00:00+00:00,,,,-0.007458238781213211
2021-04-06 14:30:00+00:00,,,-0.02433616401219918,
2021-04-07 10:30:00+00:00,,-0.03702468721968277,,
2021-04-07 11:30:00+00:00,,,,-0.04223028255454486
2021-04-09 02:30:00+00:00,0.017980000000000107,,,
2021-04-10 16:30:00+00:00,0.035135070346608455,,,
2021-04-10 20:30:00+00:00,,,,0.03779762047046353
2021-04-13 08:00:00+00:00,,0.0435861208645798,,
2021-04-13 22:00:00+00:00,0.04939046964205662,,,
2021-04-14 18:00:00+00:00,,,,0.02209793192953402
2021-04-14 19:30:00+00:00,,,0.06515650987934096,
2021-04-16 06:00:00+00:00,-0.031970000000000054,,,-0.03420709086049534
2021-04-17 16:00:00+00:00,-0.031970000000000054,-0.04931570164303356,,-0.03146394857809376
2021-04-19 10:30:00+00:00,0.017979999999999885,,,
2021-04-19 14:30:00+00:00,-0.031970000000000054,,,
2021-04-21 11:00:00+00:00,-0.031970000000000054,,,
2021-04-21 22:00:00+00:00,-0.031970000000000054,,,-0.04747263996289641
2021-04-22 18:00:00+00:00,-0.031970000000000054,,,
2021-04-22 20:30:00+00:00,,,,-0.06277111923275669
2021-04-25 20:30:00+00:00,-0.031970000000000054,,,-0.0387747087622724
2021-04-26 22:00:00+00:00,0.06302102228329698,,,
2021-04-27 06:00:00+00:00,0.017980000000000107,,,
2021-04-29 04:30:00+00:00,,,,0.05754716949009708
2021-04-29 05:00:00+00:00,,,0.029253659222179484,
2021-04-29 16:30:00+00:00,-0.031970000000000054,,,
2021-05-01 10:30:00+00:00,0.05936891688991697,,,
2021-05-02 04:00:00+00:00,,,,0.0438107322359238
2021-05-02 08:30:00+00:00,,,0.0032250538540303797,
2021-05-03 07:30:00+00:00,,0.09435564682948971,,
2021-05-03 14:00:00+00:00,0.017980000000000107,,,
2021-05-03 20:30:00+00:00,,,,-0.013291788299075624
2021-05-03 21:00:00+00:00,,,-0.025617129293306173,
2021-05-04 00:30:00+00:00,,-0.042392716027424115,,
2021-05-04 15:00:00+00:00,-0.031970000000000054,,,
2021-05-06 03:00:00+00:00,0.034832641703514744,,,
2021-05-06 18:30:00+00:00,-0.03196999999999994,,,
2021-05-06 19:30:00+00:00,,,-0.03626516221056009,
2021-05-07 12:30:00+00:00,0.017980000000000107,,,
2021-05-08 21:00:00+00:00,0.02366276877516893,,,
2021-05-09 10:30:00+00:00,,,0.0017970484030025435,
2021-05-09 12:00:00+00:00,-0.031970000000000054,,,
2021-05-09 12:30:00+00:00,,,,0.013184373465972232
2021-05-10 11:30:00+00:00,,,-0.028149713853240055,
2021-05-10 18:00:00+00:00,,,,-0.029827450684700718
2021-05-10 19:30:00+00:00,-0.03196999999999994,,,
2021-05-10 20:00:00+00:00,,-0.07153580077965627,,
2021-05-12 16:00:00+00:00,,,,-0.022454072826473825
2021-05-12 18:00:00+00:00,-0.031970000000000054,,,
2021-05-13 16:30:00+00:00,-0.031970000000000054,,,
2021-05-14 13:30:00+00:00,0.017980000000000107,,,
2021-05-14 20:30:00+00:00,-0.031970000000000054,,,
2021-05-15 10:00:00+00:00,,,,-0.05047676113496169
2021-05-15 23:30:00+00:00,-0.031970000000000054,,,
2021-05-16 17:00:00+00:00,-0.031970000000000054,,,-0.05878432502652309
2021-05-17 16:30:00+00:00,-0.037256526127336875,,,
2021-05-18 12:30:00+00:00,-0.031970000000000054,,,
2021-05-19 01:00:00+00:00,,,,-0.08692255787894532
2021-05-19 18:00:00+00:00,-0.031970000000000054,,,
2021-05-20 17:00:00+00:00,-0.031970000000000054,,,
2021-05-20 20:00:00+00:00,0.017979999999999885,,,
2021-05-21 00:30:00+00:00,0.017980000000000107,,,
2021-05-21 09:30:00+00:00,0.017980000000000107,,,
2021-05-21 14:00:00+00:00,-0.03196999999999994,,,
2021-05-22 23:00:00+00:00,0.03533224784621347,,,
2021-05-23 13:30:00+00:00,,-0.23065213919064187,,
2021-05-25 08:00:00+00:00,0.09227093419788601,,,
2021-05-25 13:00:00+00:00,,,-0.02783229922223196,
2021-05-26 14:00:00+00:00,0.017980000000000107,,,
2021-05-27 02:00:00+00:00,,,-0.04520590870173191,
2021-05-27 23:30:00+00:00,,,-0.03182034955998814,
2021-05-28 00:30:00+00:00,-0.031970000000000054,,,
2021-05-28 06:00:00+00:00,,,,-0.059684236198806695
2021-05-29 00:30:00+00:00,0.017980000000000107,,,
2021-05-29 01:00:00+00:00,,-0.028223725826954205,,
2021-05-29 05:00:00+00:00,0.017980000000000107,,,
2021-05-29 08:30:00+00:00,-0.037798933476218544,,,
2021-05-29 11:00:00+00:00,-0.03196999999999994,,,
2021-05-30 20:00:00+00:00,0.03556536256838849,,,
2021-05-31 00:30:00+00:00,-0.031970000000000054,,,
2021-05-31 23:00:00+00:00,0.017980000000000107,,,
2021-06-01 08:00:00+00:00,-0.03196999999999994,,,
2021-06-01 17:00:00+00:00,,,-0.031924830851771446,
2021-06-03 00:30:00+00:00,0.031163320847590548,,,
2021-06-03 05:00:00+00:00,0.017980000000000107,,,
2021-06-03 23:00:00+00:00,0.017979999999999885,,,
2021-06-04 01:00:00+00:00,-0.03196999999999994,,,
2021-06-04 04:30:00+00:00,,,0.005899425607225117,
2021-06-04 05:00:00+00:00,,,,-0.0061315458662839495
2021-06-05 11:30:00+00:00,-0.03196999999999994,,,
2021-06-07 20:30:00+00:00,-0.03196999999999994,,,
2021-06-09 02:00:00+00:00,-0.034275560741334976,,,
2021-06-10 05:30:00+00:00,0.12368880861898379,,,
2021-06-10 09:30:00+00:00,0.017979999999999885,,,
2021-06-10 17:00:00+00:00,-0.03196999999999994,,,
2021-06-11 20:00:00+00:00,0.017980000000000107,,,
2021-06-12 01:30:00+00:00,-0.03196999999999994,,,
2021-06-12 02:30:00+00:00,,,0.021900642277543403,
2021-06-12 10:00:00+00:00,,,,-0.05856037190854846
2021-06-13 20:00:00+00:00,,0.07595290470111471,,
2021-06-14 09:00:00+00:00,0.09603414272024713,,,
2021-06-15 01:30:00+00:00,0.023767319132653064,,,
2021-06-16 11:00:00+00:00,-0.031970000000000054,,,
2021-06-16 12:00:00+00:00,,,0.04873710116519647,
2021-06-16 15:00:00+00:00,,,,0.02500501196071836
2021-06-17 17:00:00+00:00,-0.031970000000000054,,,
2021-06-18 05:30:00+00:00,,-0.03503802013707524,,
2021-06-20 10:00:00+00:00,-0.03196999999999994,,,
2021-06-20 19:30:00+00:00,,0.01960431013405084,,
2021-06-21 02:30:00+00:00,,-0.03034359955025423,,
2021-06-21 04:30:00+00:00,-0.05126443348700904,,,
2021-06-22 08:30:00+00:00,-0.03196999999999994,,,
2021-06-22 09:00:00+00:00,,-0.04661255762793459,,
2021-06-22 12:00:00+00:00,-0.03196999999999994,,,
2021-06-23 00:30:00+00:00,,0.038339122366704004,,
2021-06-23 14:00:00+00:00,0.035858348117906,,,
2021-06-23 18:00:00+00:00,-0.031970000000000165,,,
2021-06-25 05:30:00+00:00,0.0313675603260517,,,
2021-06-25 12:30:00+00:00,,,,-0.056020720062756824
2021-06-25 14:00:00+00:00,,,-0.027952652663765565,
2021-06-26 07:00:00+00:00,-0.031970000000000054,,,
2021-06-26 13:30:00+00:00,-0.03196999999999994,,,
2021-06-26 14:00:00+00:00,,-0.03694924743956274,,
2021-06-27 14:30:00+00:00,0.04018565904109028,,,
2021-06-27 19:30:00+00:00,,-0.007292270820668745,,
2021-06-28 10:30:00+00:00,0.024553850556620738,,,
2021-06-28 17:00:00+00:00,,0.004830266944677364,,
2021-06-30 01:00:00+00:00,0.023952303661597618,,,
2021-06-30 08:30:00+00:00,,,,-0.012957402529552908
2021-06-30 16:00:00+00:00,,,0.029583809038503883,
2021-07-01 06:30:00+00:00,-0.031970000000000054,,,
2021-07-03 22:00:00+00:00,0.029056559137089044,,,
2021-07-04 02:00:00+00:00,,-0.0034953351538412614,,
2021-07-04 07:30:00+00:00,,0.011958935467912823,,
2021-07-04 19:00:00+00:00,0.019067274635534925,,,
2021-07-05 00:00:00+00:00,-0.031970000000000054,-0.020518391148308446,,
2021-07-05 01:00:00+00:00,,,,-0.008713418717091859
2021-07-05 05:00:00+00:00,,,-0.009247302545393854,
2021-07-06 10:00:00+00:00,,-0.024637746766357327,,
2021-07-07 17:30:00+00:00,0.017980000000000107,,,
2021-07-08 00:30:00+00:00,,,-0.04780079329395914,
2021-07-09 22:30:00+00:00,,0.01322324056527635,,
2021-07-10 05:00:00+00:00,0.017979999999999885,,,
2021-07-12 10:00:00+00:00,,-0.017433083844349162,,
2021-07-12 12:30:00+00:00,,,,-0.02672495260679386
2021-07-12 14:30:00+00:00,,,-0.016136932798496373,
2021-07-13 12:30:00+00:00,-0.031970000000000054,,,
2021-07-15 12:00:00+00:00,-0.031970000000000054,,,
2021-07-16 23:30:00+00:00,,-0.017609138116611023,,
2021-07-18 10:00:00+00:00,,-0.01999456544861622,,
2021-07-21 04:00:00+00:00,0.017979999999999885,,,
2021-07-21 16:30:00+00:00,,0.02868945773525322,,
2021-07-22 03:00:00+00:00,0.03672298078152192,,,
2021-07-24 14:30:00+00:00,0.05341345691881072,,,
2021-07-24 17:00:00+00:00,,0.02133886533702456,,
2021-07-25 05:00:00+00:00,0.017980000000000107,,,
2021-07-26 13:00:00+00:00,,0.0793530117970036,,
2021-07-26 14:00:00+00:00,0.109581079509111,,,
2021-07-26 20:30:00+00:00,,,,0.16689277571189476
2021-07-26 21:30:00+00:00,-0.03196999999999994,,,
2021-07-28 14:00:00+00:00,0.058945197440618546,,,
2021-07-28 17:30:00+00:00,-0.031970000000000054,,,
2021-07-29 01:00:00+00:00,-0.031970000000000054,,,
2021-07-30 08:30:00+00:00,-0.03196999999999994,,,-0.03801570998764514
2021-07-30 12:00:00+00:00,,,0.2518895600729967,
2021-07-31 12:00:00+00:00,0.03187655833662095,,,
2021-08-01 03:00:00+00:00,,0.02825240587968514,,
2021-08-01 16:00:00+00:00,,,,-0.006137405464960888
2021-08-01 19:00:00+00:00,-0.03196999999999994,,,
2021-08-01 23:30:00+00:00,,,-0.02960865457095241,
2021-08-05 01:30:00+00:00,0.017980000000000107,,,
2021-08-05 08:30:00+00:00,,-0.026929121345596108,,
2021-08-05 09:00:00+00:00,-0.031970000000000054,,,
2021-08-05 10:00:00+00:00,,,-0.03549162728658539,
2021-08-06 01:00:00+00:00,,-0.033165682606084324,,
2021-08-06 05:30:00+00:00,0.017979999999999885,,,
2021-08-06 15:00:00+00:00,,0.030517828570978178,,
2021-08-07 14:00:00+00:00,0.05195715065029205,,,
2021-08-08 00:30:00+00:00,0.017980000000000107,,,
2021-08-09 00:00:00+00:00,-0.031970000000000054,,,
2021-08-10 01:30:00+00:00,0.026313979181516123,,,
2021-08-10 16:30:00+00:00,-0.03196999999999994,,,
2021-08-11 20:00:00+00:00,0.017980000000000107,,,
2021-08-11 23:00:00+00:00,,-0.007198506262388271,,
2021-08-12 05:00:00+00:00,-0.031970000000000054,,,
2021-08-12 11:30:00+00:00,,,,0.11550761359468553
2021-08-12 12:00:00+00:00,,,0.0972830333849215,
2021-08-13 19:30:00+00:00,0.030705931932980768,,,
2021-08-13 20:00:00+00:00,,0.024288309725135848,,
2021-08-14 08:30:00+00:00,0.02341221970965912,,,
2021-08-14 10:30:00+00:00,,,,-0.013036288655055017
2021-08-15 07:30:00+00:00,-0.03196999999999994,,,
2021-08-15 09:00:00+00:00,,,-0.013881355734453371,
2021-08-16 10:30:00+00:00,0.01841386799580569,,,
2021-08-16 13:30:00+00:00,,-0.027293647916852404,,
2021-08-16 14:30:00+00:00,-0.031970000000000054,,,
2021-08-16 20:30:00+00:00,,,-0.03892066055082943,
2021-08-17 20:00:00+00:00,-0.031970000000000054,,,
2021-08-19 18:00:00+00:00,0.017980000000000107,,,
2021-08-19 23:00:00+00:00,,0.024725059395213078,,
2021-08-20 13:00:00+00:00,0.017980000000000107,,,
2021-08-21 16:00:00+00:00,0.017979999999999885,,,
2021-08-22 15:30:00+00:00,,-0.005404588457548987,,
2021-08-23 04:30:00+00:00,0.017980000000000107,,,
2021-08-24 01:00:00+00:00,,-0.017217405653754736,,
2021-08-24 13:00:00+00:00,,,,0.03299067641437947
2021-08-24 15:00:00+00:00,,,0.044639176318343576,
2021-08-26 03:00:00+00:00,-0.011990000000000056,-0.015873309263273128,,
2021-08-26 05:30:00+00:00,,,-0.04036250447373835,
2021-08-28 00:30:00+00:00,0.017980000000000107,,,
2021-08-29 04:00:00+00:00,,,,-0.029068560611011596
2021-08-30 05:30:00+00:00,,,-0.007258955734215089,
2021-09-01 19:30:00+00:00,,-0.015289723251111664,,
2021-09-02 01:30:00+00:00,0.017980000000000107,,,
2021-09-02 15:00:00+00:00,-0.011990000000000056,,,
2021-09-03 00:30:00+00:00,,-0.01544317653540317,,-0.014257660237071978
2021-09-03 12:30:00+00:00,,0.01960634981301701,,
2021-09-06 12:00:00+00:00,-0.011990000000000056,,,
2021-09-07 02:30:00+00:00,,0.020272005612418154,,
2021-09-07 08:30:00+00:00,,,,0.015397862404353813
2021-09-07 14:00:00+00:00,,,0.03614218565886085,
2021-09-08 13:00:00+00:00,-0.011990000000000056,-0.020440880351904833,,
2021-09-09 18:00:00+00:00,-0.011990000000000056,,,
2021-09-12 20:30:00+00:00,-0.011989999999999945,,,
2021-09-13 01:00:00+00:00,-0.011990000000000056,,,
2021-09-13 14:00:00+00:00,,,,-0.05121990838497548
2021-09-13 14:30:00+00:00,-0.04547446131892918,-0.04547446131892918,,
2021-09-18 20:00:00+00:00,,,,-0.005432808646891996
2021-09-20 15:00:00+00:00,-0.011989999999999945,,,
2021-09-21 05:00:00+00:00,-0.011990000000000056,,,
2021-09-22 15:30:00+00:00,0.017980000000000107,,,
2021-09-23 03:00:00+00:00,0.017979999999999885,,,
2021-09-23 05:00:00+00:00,-0.011990000000000056,,,
2021-09-23 22:00:00+00:00,-0.011990000000000056,,,
2021-09-24 09:00:00+00:00,,,,0.010296705051061839
2021-09-24 11:30:00+00:00,,,-0.0604137809140779,
2021-09-24 16:00:00+00:00,-0.015069270588235262,,,
2021-09-26 22:30:00+00:00,-0.011989999999999945,,,
2021-09-26 23:00:00+00:00,,,,-0.008142638616755682
2021-09-27 09:30:00+00:00,-0.011989999999999945,,,
2021-09-27 14:30:00+00:00,,,,-0.02042099423598731
2021-09-28 01:00:00+00:00,,,-0.03192208062720281,
2021-09-28 07:00:00+00:00,,-0.042547268037239405,,
2021-09-30 03:30:00+00:00,0.018321652231845453,,,
2021-09-30 19:30:00+00:00,-0.011990000000000056,,,
2021-10-01 07:30:00+00:00,,0.02687910038685204,,
2021-10-01 10:00:00+00:00,0.017979999999999885,,,
2021-10-01 13:00:00+00:00,0.017980000000000107,,,
2021-10-02 23:30:00+00:00,,,,0.11377056901352622
2021-10-03 15:30:00+00:00,,0.015231999765512816,,
2021-10-03 20:30:00+00:00,-0.011989999999999945,,,
2021-10-03 21:00:00+00:00,,,,-0.003675436079640715
2021-10-05 00:30:00+00:00,0.017980000000000107,,,
2021-10-06 08:30:00+00:00,-0.011990000000000056,,,0.024532771650371377
2021-10-06 15:30:00+00:00,0.04221225757765601,,,
2021-10-07 09:00:00+00:00,,,,0.03884202865345876
2021-10-08 12:00:00+00:00,-0.011990000000000056,,,-0.007027878699798373
2021-10-08 18:00:00+00:00,,-0.004372168183700009,,
2021-10-10 02:00:00+00:00,,,,-0.020329976992128684
2021-10-10 09:00:00+00:00,-0.011989999999999945,,,
2021-10-10 10:00:00+00:00,,,,-0.016041363556650312
2021-10-10 21:00:00+00:00,,,,-0.021928630111814118
2021-10-11 11:00:00+00:00,-0.011989999999999945,,,
2021-10-12 14:30:00+00:00,,,,-0.004740095559071178
2021-10-12 19:00:00+00:00,,,0.2780251141326344,
2021-10-13 20:00:00+00:00,0.017980000000000107,,,
2021-10-14 15:00:00+00:00,,,,0.005649667950315518
2021-10-15 04:00:00+00:00,,0.026779875121960783,,
2021-10-15 05:00:00+00:00,0.017980000000000107,,,
2021-10-15 20:00:00+00:00,0.017980000000000107,,,
2021-10-15 21:30:00+00:00,,,,0.037927829680471925
2021-10-18 00:30:00+00:00,0.017980000000000107,,,
2021-10-18 13:00:00+00:00,,-0.036111970270292004,,-0.02750383989719829
2021-10-19 17:00:00+00:00,0.017980000000000107,,,
2021-10-21 02:00:00+00:00,,,,0.023216057941976675
2021-10-21 14:00:00+00:00,-0.031970000000000054,,,
2021-10-24 15:00:00+00:00,-0.031970000000000054,,,
2021-10-26 21:30:00+00:00,,,,0.0015960562461840855
2021-10-26 22:30:00+00:00,,,-0.024343538212647675,
2021-10-28 13:30:00+00:00,0.017979999999999885,,,
2021-10-28 18:30:00+00:00,,,,-0.015545283311304892
2021-10-29 16:00:00+00:00,0.017979999999999885,,,
2021-10-30 14:00:00+00:00,-0.03196999999999994,,,
2021-10-31 08:00:00+00:00,,,,-0.01738407250662788
2021-10-31 10:30:00+00:00,,,-0.005700812020453139,
2021-11-02 12:00:00+00:00,0.017979999999999885,,,
2021-11-03 13:30:00+00:00,,,,0.0008568145190472887
2021-11-04 11:30:00+00:00,,,-0.01012890153111845,
2021-11-08 05:00:00+00:00,0.017979999999999885,,,
2021-11-08 12:30:00+00:00,,0.022851583234906103,,
2021-11-10 13:30:00+00:00,,,,0.06919189490169475
2021-11-10 20:30:00+00:00,-0.031970000000000054,,,-0.03288485427576382
2021-11-10 22:30:00+00:00,,,0.04020655193904332,
2021-11-15 15:30:00+00:00,,,,-0.012677557078420332
2021-11-15 16:00:00+00:00,-0.031970000000000054,,,
2021-11-15 18:30:00+00:00,,,-0.03146376550726426,
2021-11-17 03:00:00+00:00,-0.031970000000000054,,,
2021-11-18 15:00:00+00:00,-0.03196999999999994,,,-0.04997519047507559
2021-11-20 16:00:00+00:00,,,-0.008997611847032072,
2021-11-22 00:00:00+00:00,,-0.01885068431571102,,
2021-11-22 00:30:00+00:00,,,-0.02202100217331171,
2021-11-22 01:00:00+00:00,,,,-0.01168058283938278
2021-11-22 02:00:00+00:00,-0.031970000000000054,,,
2021-11-22 18:30:00+00:00,-0.031970000000000054,,,
2021-11-24 03:00:00+00:00,,,-0.022863822402107714,
2021-11-25 12:30:00+00:00,0.017980000000000107,,,
2021-11-26 03:30:00+00:00,,,0.010362691975678961,
2021-11-26 07:30:00+00:00,,,,-0.012400055561319512
2021-11-28 02:30:00+00:00,,,-0.016838751129503282,
2021-11-29 00:00:00+00:00,0.04351066159054473,,,
2021-11-29 02:00:00+00:00,,0.031695869072832394,,
2021-11-29 20:00:00+00:00,,-0.017623134447532274,,
2021-11-30 04:00:00+00:00,,,0.02183831710671913,
2021-11-30 05:30:00+00:00,,,,0.02379205611046986
2021-11-30 06:00:00+00:00,-0.031970000000000054,,,
2021-11-30 15:00:00+00:00,0.017979999999999885,,,
2021-11-30 16:00:00+00:00,,-0.01709032754264117,,
2021-12-01 21:00:00+00:00,-0.031970000000000054,,,
2021-12-01 21:30:00+00:00,,,-0.024050345715490473,
2021-12-02 03:00:00+00:00,,,,-0.04934735120797695
2021-12-03 16:00:00+00:00,,,-0.019265792330270926,-0.04013465986398712
2021-12-04 15:00:00+00:00,0.017980000000000107,,,
2021-12-04 20:30:00+00:00,0.022226180344226076,,,
2021-12-05 16:00:00+00:00,,,-0.032558136996071685,
2021-12-06 07:00:00+00:00,-0.031970000000000054,,,
2021-12-06 21:30:00+00:00,0.017979999999999885,,,
2021-12-07 09:00:00+00:00,0.017979999999999885,,,
2021-12-07 22:00:00+00:00,,,0.0239725022266577,
2021-12-08 10:30:00+00:00,,,,-0.0013577425722645087
2021-12-09 14:30:00+00:00,-0.031970000000000054,,,
2021-12-10 18:00:00+00:00,,,-0.026583798044991336,
2021-12-10 23:30:00+00:00,,,,-0.04936012935792955
2021-12-13 02:00:00+00:00,,,-0.01314463645599595,-0.010010492696573059
2021-12-15 00:00:00+00:00,0.017980000000000107,,,
2021-12-15 14:30:00+00:00,,-0.019884702503793594,,
2021-12-15 15:00:00+00:00,,,-0.009672171667022833,
2021-12-15 22:00:00+00:00,0.020489905347359505,,,
2021-12-17 22:00:00+00:00,-0.031970000000000054,,,
2021-12-19 03:00:00+00:00,0.007989999999999942,,,
2021-12-20 00:00:00+00:00,-0.031970000000000054,,,
2021-12-21 06:00:00+00:00,0.012007287107790532,,,
2021-12-22 13:30:00+00:00,,,-0.0032780945319741406,
2021-12-23 09:00:00+00:00,,-0.008276513119188311,,
2021-12-23 20:30:00+00:00,0.013647737385589886,,,
2021-12-25 11:00:00+00:00,,,-0.0014981315678117557,
2021-12-25 23:00:00+00:00,,-0.004245031009246669,,
2021-12-28 00:00:00+00:00,,,-0.024187841035540725,
2021-12-28 04:00:00+00:00,,,,0.04347362069005989
2021-12-29 23:00:00+00:00,-0.03196999999999994,,,
2021-12-31 17:00:00+00:00,-0.031970000000000054,,,
2022-01-05 19:30:00+00:00,,,,-0.04382320944467433
2022-01-09 17:00:00+00:00,0.007989999999999942,,,
2022-01-10 14:00:00+00:00,,,,-0.07790667855285771
2022-01-11 02:00:00+00:00,0.007989999999999942,,,
2022-01-11 18:30:00+00:00,0.007989999999999942,,,
2022-01-13 14:30:00+00:00,0.007989999999999942,,,
2022-01-13 17:30:00+00:00,,,-0.023994008830245828,
2022-01-14 11:30:00+00:00,,,,-0.008546540062296715
2022-01-14 19:30:00+00:00,0.007989999999999942,,,
2022-01-20 21:30:00+00:00,-0.031970000000000054,,,
2022-01-20 23:00:00+00:00,,,,-0.03151635943076858
2022-01-21 00:00:00+00:00,,,-0.062215393666983365,
2022-01-23 09:00:00+00:00,0.017980000000000107,,,
2022-01-24 02:30:00+00:00,-0.03196999999999994,,,
2022-01-24 20:00:00+00:00,0.051370457842628614,,,
2022-01-25 00:30:00+00:00,-0.03196999999999994,,,
2022-01-26 10:30:00+00:00,0.017979999999999885,,,
2022-01-27 03:00:00+00:00,,,-0.047225039910001265,
2022-01-28 03:00:00+00:00,0.017980000000000107,,,
2022-01-29 20:30:00+00:00,0.017979999999999885,,,
2022-02-01 16:30:00+00:00,0.017980000000000107,,,
2022-02-02 16:30:00+00:00,,,-0.032458374869728135,
2022-02-03 10:00:00+00:00,,,,0.0201605486822245
2022-02-04 18:30:00+00:00,0.021079000091135613,,,
2022-02-05 15:30:00+00:00,,0.139494033536405,,
2022-02-06 23:00:00+00:00,0.017980000000000107,,,
2022-02-07 15:30:00+00:00,0.017980000000000107,,,
2022-02-08 05:30:00+00:00,0.017979999999999885,,,
2022-02-08 08:30:00+00:00,-0.031970000000000054,,,
2022-02-10 11:30:00+00:00,0.017979999999999885,,,
2022-02-10 15:30:00+00:00,,0.04850733916711647,,
2022-02-10 23:30:00+00:00,-0.031970000000000054,,,
2022-02-11 02:30:00+00:00,,,0.06294971780298475,
2022-02-11 23:00:00+00:00,,,,0.12881171407565195
2022-02-15 10:30:00+00:00,0.017980000000000107,,,
2022-02-16 14:30:00+00:00,,,0.00023174859428798378,
2022-02-17 14:00:00+00:00,,-0.032514240678721884,,
2022-02-21 11:30:00+00:00,-0.031970000000000054,,,
2022-02-21 21:30:00+00:00,-0.031970000000000054,,,
2022-02-23 19:00:00+00:00,,,-0.02990065115570606,
2022-02-24 18:30:00+00:00,0.017980000000000107,,,
2022-02-24 22:30:00+00:00,0.04155905238352542,,,
2022-02-26 00:30:00+00:00,0.017980000000000107,,,
2022-02-26 12:30:00+00:00,,,0.008088808020825455,
2022-02-27 20:00:00+00:00,,,-0.055985431145275766,
2022-02-28 17:30:00+00:00,0.025227551494148237,,,
2022-03-01 11:00:00+00:00,0.017980000000000107,,,
2022-03-01 16:00:00+00:00,-0.03196999999999994,0.13000577201438146,,0.06755866831395196
2022-03-02 19:00:00+00:00,,,,-0.03549000746978748
2022-03-03 04:30:00+00:00,,,0.05249381280218968,
2022-03-09 06:00:00+00:00,0.029262092884781987,,,
2022-03-10 02:30:00+00:00,,,-0.023194732656593553,
2022-03-10 05:00:00+00:00,,-0.052453386390079904,,
2022-03-11 16:00:00+00:00,-0.031970000000000165,,,
2022-03-15 07:00:00+00:00,-0.031970000000000054,,,
2022-03-16 02:00:00+00:00,,0.053991449844956296,,
2022-03-16 03:30:00+00:00,-0.03353495293373343,,,
2022-03-16 14:00:00+00:00,0.007989999999999942,,,
2022-03-18 18:00:00+00:00,0.009278675556038785,,,
2022-03-20 03:00:00+00:00,,,0.0016718675853963916,
2022-03-20 09:00:00+00:00,,,,-0.0034070419147912423
2022-03-22 03:00:00+00:00,0.007989999999999942,,,
2022-03-22 05:30:00+00:00,0.013134614061822925,,,
2022-03-22 20:00:00+00:00,,,-0.017402126085623193,
2022-03-23 01:00:00+00:00,,,,-0.011997851748996702
2022-03-24 17:00:00+00:00,0.007989999999999942,,,
2022-03-25 16:30:00+00:00,,,,0.016200800273505234
2022-03-25 23:30:00+00:00,,,0.00421528701185081,
2022-03-27 20:30:00+00:00,,0.051042893171087345,,
2022-03-27 23:00:00+00:00,0.008770991671182449,,,
2022-03-28 23:00:00+00:00,,,,0.04295209221476681
2022-03-29 00:00:00+00:00,,,0.006266163622941967,
2022-04-01 02:30:00+00:00,,-0.044175957960472356,,
2022-04-02 00:30:00+00:00,0.007989999999999942,,,
2022-04-02 16:00:00+00:00,,,-0.006443542306873606,
2022-04-04 22:30:00+00:00,0.007989999999999942,,,
2022-04-06 00:00:00+00:00,,-0.04195977719849986,,
2022-04-08 18:00:00+00:00,-0.031970000000000054,,,
2022-04-10 23:00:00+00:00,,,-0.02723893357541285,
2022-04-13 16:00:00+00:00,0.013690180458642676,,,
2022-04-14 11:00:00+00:00,,,-0.01139468960950707,
2022-04-18 19:30:00+00:00,0.007989999999999942,,,
2022-04-19 12:30:00+00:00,,0.018944317875702943,,
2022-04-20 13:30:00+00:00,,,,-0.00446818441029051
2022-04-20 16:00:00+00:00,,,0.014213209151298978,
2022-04-21 15:30:00+00:00,,,,-0.0022994120689668884
2022-04-21 16:00:00+00:00,,-0.01980400691466022,,
2022-04-21 18:00:00+00:00,,,-0.022855885519348362,
2022-04-26 00:30:00+00:00,0.007989999999999942,,,
2022-04-26 08:00:00+00:00,,0.018521825053251506,,
2022-04-26 13:30:00+00:00,,,-0.0025798901605381674,
2022-04-29 09:00:00+00:00,-0.03196999999999994,,,
2022-05-02 13:30:00+00:00,,-0.02087017118918244,,
2022-05-04 16:00:00+00:00,,0.015371099946906552,,
2022-05-04 18:30:00+00:00,,-0.01997855043221919,,
2022-05-05 09:30:00+00:00,,,0.014334177434232043,
2022-05-05 14:00:00+00:00,-0.031970000000000054,-0.022074974282564663,,
2022-05-09 23:30:00+00:00,-0.031970000000000054,,,
2022-05-10 04:30:00+00:00,0.007989999999999942,,,
2022-05-10 12:30:00+00:00,0.007989999999999942,,,
2022-05-10 14:30:00+00:00,-0.031970000000000054,,,
2022-05-11 02:00:00+00:00,0.007989999999999942,,,
2022-05-11 11:00:00+00:00,0.011902819103766893,,,
2022-05-11 16:00:00+00:00,-0.031970000000000054,,,
2022-05-12 02:30:00+00:00,-0.031970000000000054,,,
2022-05-12 10:30:00+00:00,0.007989999999999942,,,
2022-05-12 12:00:00+00:00,-0.031970000000000054,,,
2022-05-12 17:00:00+00:00,0.03138152344736467,,,
2022-05-13 00:30:00+00:00,0.007989999999999942,,,
2022-05-13 02:00:00+00:00,0.007989999999999942,,,
2022-05-13 04:30:00+00:00,0.014563667451506168,,,
2022-05-13 17:30:00+00:00,,,-0.01802143989239746,
2022-05-14 21:30:00+00:00,0.007989999999999942,,,
2022-05-15 20:00:00+00:00,0.007989999999999942,,,
2022-05-15 23:30:00+00:00,0.007989999999999942,,,
2022-05-16 04:00:00+00:00,,,-0.027810210862184603,
2022-05-16 06:00:00+00:00,,-0.033684785435650566,,-0.035411196149143676
2022-05-16 21:00:00+00:00,0.007989999999999942,,,
2022-05-17 03:30:00+00:00,0.007990000000000164,,,
2022-05-20 01:30:00+00:00,0.007989999999999942,,,
2022-05-20 07:00:00+00:00,,,-0.005666104955158846,
2022-05-20 14:30:00+00:00,,-0.02981638424544031,,
2022-05-22 22:00:00+00:00,0.007990000000000164,,,
2022-05-23 18:30:00+00:00,,,,-0.023124374725006502
2022-05-25 11:30:00+00:00,,-0.025525002548124065,-0.021847877486827594,
2022-05-26 17:00:00+00:00,0.007989999999999942,,,
2022-05-28 13:00:00+00:00,0.007989999999999942,,,
2022-05-29 20:30:00+00:00,,,-0.008749018012557452,
2022-05-30 05:30:00+00:00,0.007989999999999942,,,
2022-05-30 13:00:00+00:00,,,,0.021459027323998736
2022-05-30 14:00:00+00:00,,0.0136103447126108,,
2022-05-30 21:00:00+00:00,0.007989999999999942,,,
2022-05-30 22:00:00+00:00,,,,0.01663735733777294
2022-05-31 15:30:00+00:00,0.007989999999999942,,,
2022-05-31 16:30:00+00:00,0.007989999999999942,,,
2022-05-31 18:30:00+00:00,,,,-0.01964653085939283
2022-06-01 04:00:00+00:00,,,0.042355479391891215,
2022-06-01 14:30:00+00:00,,-0.02504994720571352,,
2022-06-06 03:30:00+00:00,0.014211394651418185,,,
2022-06-06 14:00:00+00:00,,0.02615156081238168,,
2022-06-06 17:00:00+00:00,,,,0.01300346587074408
2022-06-07 00:30:00+00:00,,,-0.009375350649979408,
2022-06-07 22:00:00+00:00,0.008983956385941738,,,
2022-06-08 03:30:00+00:00,,-0.03305430689457178,,
2022-06-08 04:30:00+00:00,,,-0.035566365330125804,
2022-06-12 22:00:00+00:00,-0.03196999999999994,,,
2022-06-13 17:30:00+00:00,-0.031970000000000054,,,
2022-06-14 05:00:00+00:00,0.007990000000000164,,,
2022-06-14 15:00:00+00:00,0.007990000000000164,,,
2022-06-14 20:00:00+00:00,-0.031970000000000054,,,
2022-06-15 01:30:00+00:00,0.007989999999999942,,,
2022-06-15 14:00:00+00:00,0.026174360326713053,,,
2022-06-15 21:00:00+00:00,0.007990000000000164,,,
2022-06-16 00:00:00+00:00,0.014625542956411053,,,
2022-06-16 09:30:00+00:00,,,-0.028658748221191632,
2022-06-17 07:00:00+00:00,0.007990000000000164,,,
2022-06-17 12:30:00+00:00,-0.031970000000000054,,,
2022-06-17 17:00:00+00:00,,,-0.0329804649743094,
2022-06-18 16:30:00+00:00,-0.03196999999999994,,,
2022-06-19 00:30:00+00:00,0.020545065962524145,,,
2022-06-19 12:30:00+00:00,0.037984547268659075,,,
2022-06-19 18:30:00+00:00,0.007989999999999942,,,
2022-06-19 21:00:00+00:00,0.016987121886867573,,,
2022-06-20 08:00:00+00:00,0.007990000000000164,,,
2022-06-20 10:30:00+00:00,0.007989999999999942,,,
2022-06-20 19:30:00+00:00,,,0.0038156289542436994,
2022-06-20 23:30:00+00:00,0.007989999999999942,,,
2022-06-21 08:30:00+00:00,0.007989999999999942,,,
2022-06-21 19:30:00+00:00,-0.031970000000000054,,,
2022-06-21 22:30:00+00:00,,,0.0029068312073947666,
2022-06-21 23:00:00+00:00,,,,-0.023249259445622283
2022-06-23 09:30:00+00:00,0.007989999999999942,,,
2022-06-23 18:00:00+00:00,,,-0.01028338964752662,
2022-06-23 22:00:00+00:00,0.007990000000000164,,,
2022-06-24 02:30:00+00:00,0.007989999999999942,,,
2022-06-25 07:30:00+00:00,0.007990000000000164,,,
2022-06-25 15:00:00+00:00,,,0.007984837816404688,
2022-06-26 15:00:00+00:00,,,,-0.011477016680834451
2022-06-26 18:30:00+00:00,,,-0.013313213469454133,
2022-06-27 14:30:00+00:00,,,-0.03489385857068639,
2022-06-28 16:30:00+00:00,,,-0.023155122929790828,
2022-06-30 06:00:00+00:00,,,-0.01645190154394971,
2022-07-01 02:30:00+00:00,0.020532117052222354,,,
2022-07-01 12:00:00+00:00,,,-0.05634644192265226,
2022-07-04 04:30:00+00:00,,,-0.010082592258552903,
2022-07-04 15:00:00+00:00,0.007989999999999942,,,
2022-07-05 08:30:00+00:00,,,,0.005311495053493154
2022-07-05 09:30:00+00:00,-0.03196999999999994,,,
2022-07-05 10:00:00+00:00,,,0.012904737605924588,
2022-07-05 11:30:00+00:00,,-0.03570404435554031,,
2022-07-05 21:00:00+00:00,0.014955323949458865,,,
2022-07-06 01:30:00+00:00,,,,-0.030986520976161613
2022-07-07 16:30:00+00:00,0.007989999999999942,,,
2022-07-07 21:00:00+00:00,0.007989999999999942,,,
2022-07-08 07:00:00+00:00,-0.031970000000000054,,,
2022-07-08 08:30:00+00:00,,,,0.04344404839389182
2022-07-08 14:00:00+00:00,,,0.040823639917424215,
2022-07-10 01:30:00+00:00,,,-0.02710874668141794,
2022-07-10 02:00:00+00:00,-0.031970000000000054,,,
2022-07-10 14:30:00+00:00,,-0.044602846527893814,,
2022-07-13 17:00:00+00:00,0.007989999999999942,,,
2022-07-13 23:00:00+00:00,0.007989999999999942,,,
2022-07-14 17:00:00+00:00,0.007989999999999942,,,
2022-07-14 19:30:00+00:00,0.007989999999999942,,,
2022-07-16 02:00:00+00:00,,,-0.014935726394086024,
2022-07-17 07:00:00+00:00,0.007989999999999942,,,
2022-07-17 16:00:00+00:00,,,-0.015881870152470556,-0.025830532212945845
2022-07-18 05:00:00+00:00,0.007989999999999942,,,
2022-07-18 08:00:00+00:00,0.015543960753819475,,,
2022-07-18 17:00:00+00:00,,,,0.017512736970983322
2022-07-18 17:30:00+00:00,-0.031970000000000054,,,
2022-07-18 20:30:00+00:00,,,-0.028571664889454618,
2022-07-19 01:00:00+00:00,,,,-0.026791363446024397
2022-07-19 13:00:00+00:00,0.007990000000000164,,,
2022-07-19 15:30:00+00:00,,0.03909750320570837,,
2022-07-19 17:30:00+00:00,0.023434869253227797,,,
2022-07-20 00:30:00+00:00,,,,-0.0019492109154809478
2022-07-20 17:00:00+00:00,,,,-0.017958281982101032
2022-07-20 23:30:00+00:00,,,0.00196864794703977,
2022-07-21 02:30:00+00:00,-0.031970000000000054,,,
2022-07-21 20:00:00+00:00,0.007989999999999942,,,
2022-07-23 12:00:00+00:00,,-0.05722274480152145,,
2022-07-25 23:30:00+00:00,-0.031970000000000054,,,
2022-07-27 21:00:00+00:00,0.007989999999999942,,,
2022-07-28 12:30:00+00:00,-0.031970000000000054,,,
2022-07-28 15:30:00+00:00,,0.04002479583356444,,
2022-07-28 17:30:00+00:00,0.007989999999999942,,,
2022-07-29 11:30:00+00:00,,,,-0.0031135961477075647
2022-07-30 05:00:00+00:00,,,0.03462454434940865,
2022-07-30 12:30:00+00:00,0.007989999999999942,,,
2022-07-30 19:30:00+00:00,,,,-0.021495372648592803
2022-07-30 22:00:00+00:00,-0.031970000000000054,,-0.02774700848000533,
2022-08-05 06:00:00+00:00,0.007989999999999942,,,
2022-08-08 21:00:00+00:00,,,,0.004073434060789971
2022-08-09 10:00:00+00:00,,,-0.012814102199415256,
2022-08-09 11:30:00+00:00,,-0.018796649503698748,,
2022-08-10 21:30:00+00:00,0.007989999999999942,,,
2022-08-11 05:00:00+00:00,0.007989999999999942,,,
2022-08-11 15:00:00+00:00,,,,0.0034048409854094963
2022-08-11 20:00:00+00:00,,,-0.0036930074988099637,
2022-08-14 11:30:00+00:00,,-0.015044342308970782,,
2022-08-14 13:00:00+00:00,,,,-0.021137782269926797
2022-08-15 06:00:00+00:00,,-0.015670681519910912,,-0.021822509473706786
2022-08-15 06:30:00+00:00,-0.02198,,,
2022-08-15 08:00:00+00:00,,,-0.03773073272684446,
2022-08-17 07:30:00+00:00,,-0.0165639501942747,,
2022-08-17 11:30:00+00:00,,,-0.014636359292662715,
2022-08-18 18:00:00+00:00,,,-0.01472702165759443,
2022-08-22 07:30:00+00:00,,,-0.010600649878907409,
2022-08-23 06:00:00+00:00,,-0.017931554033006614,,
2022-08-24 03:00:00+00:00,,,-0.012140446159348395,
2022-08-24 16:00:00+00:00,0.017979999999999885,0.018231369622403903,,
2022-08-25 00:00:00+00:00,,,,-0.02400580917457451
2022-08-25 00:30:00+00:00,,,-0.012667194947039051,
2022-08-26 05:30:00+00:00,,,-0.018291596531455845,
2022-08-26 14:30:00+00:00,-0.02198,-0.016878557453844034,,
2022-08-29 14:00:00+00:00,,0.01426163277594461,,
2022-08-30 14:00:00+00:00,,,,-0.018049972365278055
2022-08-30 14:30:00+00:00,,-0.016841930750610357,,
2022-08-30 15:00:00+00:00,,,-0.01434295779522643,
2022-08-31 06:00:00+00:00,,0.020358194239356697,,
2022-08-31 17:00:00+00:00,,,-0.016482539872998414,
2022-09-01 07:30:00+00:00,-0.02198,,,
2022-09-02 18:30:00+00:00,,,-0.010110301643057373,
2022-09-03 19:00:00+00:00,,-0.019873307909002547,,
2022-09-05 07:30:00+00:00,,,-0.010873500639479339,
2022-09-06 00:30:00+00:00,,0.010175568177959393,,
2022-09-06 02:00:00+00:00,,-0.018324244064504502,,-0.017593037069322803
2022-09-06 13:30:00+00:00,,-0.015451507338089643,,
2022-09-06 17:30:00+00:00,,,-0.05305569480195771,
2022-09-09 07:00:00+00:00,0.03523367046641068,,,
2022-09-09 09:30:00+00:00,,0.06396115923460433,,
2022-09-09 23:00:00+00:00,,0.021592245093163376,,
2022-09-12 02:30:00+00:00,,-0.018062522846070794,,
2022-09-13 13:00:00+00:00,,-0.059852978974354154,-0.052262221306978995,-0.0455641512469831
2022-09-18 10:00:00+00:00,,,-0.006392351695702292,
2022-09-18 21:00:00+00:00,,-0.01984074624116494,,
2022-09-19 19:00:00+00:00,,0.02658170948854477,,
2022-09-19 19:30:00+00:00,0.017980000000000107,,,
2022-09-20 09:30:00+00:00,,,-0.0034904754972836516,
2022-09-20 12:00:00+00:00,-0.02198000000000011,,,
2022-09-20 13:00:00+00:00,,-0.028664878574931718,,
2022-09-21 18:30:00+00:00,-0.04260027199640026,-0.023892913399540472,,
2022-09-21 19:30:00+00:00,-0.02198,,,
2022-09-21 21:00:00+00:00,,,-0.014453891901876292,
2022-09-22 15:00:00+00:00,-0.02198000000000011,,,
2022-09-23 08:30:00+00:00,,,-0.0050936700357739895,
2022-09-24 07:00:00+00:00,-0.02197999999999989,,,
2022-09-24 08:00:00+00:00,,,-0.01935037623387481,
2022-09-25 14:00:00+00:00,,,-0.009687889397386074,
2022-09-25 21:30:00+00:00,,-0.024414341108136672,,
2022-09-26 11:00:00+00:00,-0.02198000000000011,,,
2022-09-26 11:30:00+00:00,,-0.021547663507760717,,
2022-09-27 04:00:00+00:00,0.017979999999999885,,,
2022-09-27 05:30:00+00:00,,0.021279802309797535,,
2022-09-27 15:30:00+00:00,,,,-0.006028853462162642
2022-09-27 16:00:00+00:00,,-0.022308396092943883,,
2022-09-27 16:30:00+00:00,,,0.009333736649449698,
2022-09-29 07:00:00+00:00,,,0.002611726588953811,
2022-09-30 13:00:00+00:00,,,-0.016887698348284408,
2022-09-30 14:00:00+00:00,,0.01501631622738353,,
2022-09-30 16:00:00+00:00,-0.02198,,,
2022-09-30 19:30:00+00:00,,-0.02483669798215138,,
2022-09-30 21:00:00+00:00,,,-0.032343343759577925,
2022-10-04 00:00:00+00:00,,0.013862680760347024,,
2022-10-04 14:00:00+00:00,,0.015545809493813456,,
2022-10-04 17:00:00+00:00,,,,-0.020549985720634156
2022-10-05 04:00:00+00:00,,-0.016068960102906482,,
2022-10-05 08:00:00+00:00,,,,-0.011481953826106284
2022-10-05 09:00:00+00:00,,,0.034928463014227695,
2022-10-05 21:30:00+00:00,,,-0.01363147495779693,
2022-10-06 09:00:00+00:00,,,-0.00813788843044938,
2022-10-06 14:00:00+00:00,,-0.014872870509198943,,
2022-10-09 21:30:00+00:00,,,-0.005194824254768138,
2022-10-10 16:00:00+00:00,,-0.011084409118413796,,
2022-10-13 02:30:00+00:00,,,-0.008489228276289618,
2022-10-13 17:30:00+00:00,0.017979999999999885,,,
2022-10-14 14:00:00+00:00,-0.02198000000000011,,,0.0009982403046242538
2022-10-14 15:00:00+00:00,,,0.013244557163282877,
2022-10-16 05:30:00+00:00,,-0.015203214607016013,,
2022-10-17 04:00:00+00:00,,,-0.0072983252353193695,
2022-10-18 14:30:00+00:00,,,0.00504226225445592,-0.015552782393975617
2022-10-20 18:00:00+00:00,,,-0.007658095625332928,
2022-10-23 06:00:00+00:00,,,-0.0005393958951448452,
2022-10-24 01:00:00+00:00,,,,0.004382121972603681
2022-10-24 04:00:00+00:00,,-0.015652313885927582,,
2022-10-24 04:30:00+00:00,,,-0.010943535121435755,
2022-10-26 07:00:00+00:00,,0.013919357026619839,,
2022-10-26 08:30:00+00:00,0.017979999999999885,,,
2022-10-27 09:00:00+00:00,,,0.0611150413355519,
2022-10-27 20:00:00+00:00,-0.02198,,,0.03190677866380209
2022-10-29 11:30:00+00:00,,,,-0.019062343567514795
2022-10-29 23:30:00+00:00,,,0.011315652906930707,
2022-10-31 14:00:00+00:00,,,-0.021947711180290264,
2022-11-01 14:00:00+00:00,,,-0.01192871504392845,
2022-11-02 07:30:00+00:00,,,-0.008304234088628126,
2022-11-04 16:00:00+00:00,-0.02198000000000011,,,-0.004481006148670974
2022-11-05 23:30:00+00:00,,,0.04432946015090211,
2022-11-06 19:00:00+00:00,,0.0020270919286236033,,
2022-11-06 22:00:00+00:00,,,,-0.013061577781451894
2022-11-08 18:00:00+00:00,-0.04266181893205356,,,
2022-11-09 09:00:00+00:00,-0.02197999999999989,,,
2022-11-10 05:00:00+00:00,0.017980000000000107,,,
2022-11-10 10:30:00+00:00,-0.02198000000000011,,,
2022-11-10 17:30:00+00:00,-0.02198,,,
2022-11-10 22:30:00+00:00,-0.022494079036031622,,,
2022-11-11 03:00:00+00:00,,,-0.026078475197682804,
2022-11-13 09:00:00+00:00,-0.02198,,,
2022-11-14 14:00:00+00:00,-0.02629380855292618,,,
2022-11-14 16:00:00+00:00,,-0.04740912076872261,,
2022-11-15 13:30:00+00:00,0.02797000000000005,,,
2022-11-16 12:00:00+00:00,-0.02198000000000011,,,
2022-11-16 15:00:00+00:00,,,-0.031596458573575514,
2022-11-18 17:00:00+00:00,-0.02198,,,
2022-11-20 13:00:00+00:00,,,-0.024255431859532717,
2022-11-24 02:30:00+00:00,0.030187034645296373,,,
2022-11-25 04:30:00+00:00,,,,-0.019430858374162585
2022-11-28 01:30:00+00:00,,,-0.014928895002727427,
2022-11-30 17:00:00+00:00,,,,0.006152351645799081
2022-12-01 01:00:00+00:00,0.039008762591106416,,,
2022-12-01 21:00:00+00:00,,,,-0.019767639113315028
2022-12-02 07:00:00+00:00,,-0.008572824009182911,,
2022-12-02 13:30:00+00:00,-0.02198,,,
2022-12-05 04:30:00+00:00,,0.006629269786260661,,
2022-12-05 15:00:00+00:00,,-0.015692567921103073,,
2022-12-05 15:30:00+00:00,,,,-0.010931207408280241
2022-12-05 16:00:00+00:00,-0.02198,,,
2022-12-05 20:30:00+00:00,,,0.025863956705407753,
2022-12-10 09:00:00+00:00,,,,-0.0023653195570072505
2022-12-10 23:30:00+00:00,,-0.009276446643471603,,
2022-12-11 20:00:00+00:00,,-0.005428210911684328,,
2022-12-13 07:00:00+00:00,,-0.007802535305120983,,
2022-12-13 17:30:00+00:00,,0.01536459694901593,,
2022-12-14 14:00:00+00:00,0.02797000000000005,,,
2022-12-14 19:30:00+00:00,-0.02198,,,
2022-12-15 15:30:00+00:00,,,0.013197819519702447,
2022-12-16 05:00:00+00:00,,,,0.012042788650493907
2022-12-20 14:30:00+00:00,,0.009016346814477494,,
2022-12-22 16:00:00+00:00,,,-0.013300938557273434,
2022-12-24 22:00:00+00:00,,-0.0016542913459566266,,
2022-12-25 13:30:00+00:00,,,,9.343480146317695e-05
2022-12-27 17:00:00+00:00,,,-0.008349173887782224,
2022-12-28 21:00:00+00:00,-0.02198000000000011,,,-0.019908337606424853
2023-01-01 19:30:00+00:00,,0.0011400852480747403,,
2023-01-03 00:00:00+00:00,,-0.006782665607404037,,
2023-01-04 19:00:00+00:00,,0.00543462719292509,,
2023-01-06 12:00:00+00:00,,,0.005374623858334759,
2023-01-08 21:00:00+00:00,,-0.0007218663379220391,,
2023-01-09 04:00:00+00:00,,0.006639673774381238,,
2023-01-09 16:00:00+00:00,,0.004414724820061222,,
2023-01-09 20:00:00+00:00,,-0.007724767884565442,,
2023-01-11 05:00:00+00:00,,,0.002628411156702759,
2023-01-11 15:00:00+00:00,,-0.005656951759216544,,
2023-01-11 23:00:00+00:00,,0.0027402460815644236,,
2023-01-12 04:00:00+00:00,,0.013668199647109969,,
2023-01-12 13:30:00+00:00,,,,0.03232953604280664
2023-01-12 15:00:00+00:00,,,0.0234472042788354,
2023-01-12 17:30:00+00:00,0.02797000000000005,,,
2023-01-13 08:00:00+00:00,,,-0.004637383753919977,
2023-01-13 12:00:00+00:00,,0.002449001595790312,,
2023-01-13 17:00:00+00:00,0.02796999999999983,,,
2023-01-13 21:30:00+00:00,0.02797000000000005,,,
2023-01-14 04:30:00+00:00,,0.025543936216626317,,
2023-01-14 05:00:00+00:00,0.052375117892334844,,,
2023-01-14 09:00:00+00:00,,,,0.10451171744014198
2023-01-14 11:00:00+00:00,,,0.05838681123444145,
2023-01-16 08:00:00+00:00,,,,-0.023611983532633274
2023-01-16 08:30:00+00:00,,,-0.026946378992562914,
2023-01-17 01:00:00+00:00,,-0.020965330693130113,,-0.026645151510449994
2023-01-17 01:30:00+00:00,,,-0.015901428596257206,
2023-01-17 14:00:00+00:00,0.02797000000000005,,,
2023-01-17 14:30:00+00:00,,,,-0.02143790236663623
2023-01-17 23:30:00+00:00,,,-0.010168780402976418,
2023-01-18 15:30:00+00:00,,,,-0.01890640385483411
2023-01-20 05:00:00+00:00,,,-0.006787996927759665,
2023-01-21 01:00:00+00:00,0.03008499555643329,0.04819892895039102,,
2023-01-21 23:00:00+00:00,,,0.07046075429868437,
2023-01-22 02:30:00+00:00,,,,0.042705570796933934
2023-01-22 20:30:00+00:00,-0.031970000000000054,,,
2023-01-26 00:30:00+00:00,,0.007922706764096121,,
2023-01-26 06:30:00+00:00,,,-0.0014768093266399607,
2023-01-27 01:30:00+00:00,,,,-0.02133270381162733
2023-01-27 22:00:00+00:00,,,-0.012825408110919145,
2023-01-29 13:00:00+00:00,,0.007823075076040187,,
2023-01-29 18:30:00+00:00,0.02797000000000005,,,
2023-01-30 03:00:00+00:00,,,0.006464216896759023,
2023-01-30 08:00:00+00:00,,-0.016399222417295634,,
2023-01-30 09:00:00+00:00,,,,-0.004148147469074992
2023-01-31 21:30:00+00:00,,,-0.007772768569685118,
2023-02-02 00:00:00+00:00,,0.008457945004865186,,
2023-02-02 06:00:00+00:00,,-0.0227321310671047,,
2023-02-02 09:30:00+00:00,,,2.9252510330257664e-05,
2023-02-02 21:30:00+00:00,,,,-0.012998275962609829
2023-02-05 17:30:00+00:00,-0.031970000000000054,,,
2023-02-08 14:30:00+00:00,,,,-0.020471223267088945
2023-02-12 21:30:00+00:00,,-0.010694262604669436,,
2023-02-14 15:30:00+00:00,,,,-0.007028721234659363
2023-02-15 12:00:00+00:00,0.02797000000000005,,,
2023-02-15 19:00:00+00:00,,0.016201188683673484,,
2023-02-16 01:00:00+00:00,0.07722244739016415,0.0302724637267342,,
2023-02-16 07:00:00+00:00,,,,0.09517272021934398
2023-02-16 14:30:00+00:00,,,0.06923836137834583,
2023-02-16 17:00:00+00:00,,,,-0.006245431942608737
2023-02-16 23:00:00+00:00,-0.03196999999999994,,,
2023-02-17 22:00:00+00:00,,-0.03339244906037664,,
2023-02-18 08:00:00+00:00,,,-0.014151366266842658,
2023-02-19 16:00:00+00:00,0.02797000000000005,,,
2023-02-21 08:30:00+00:00,,,,-0.022437855590799027
2023-02-23 11:00:00+00:00,,,-0.00986584251013256,
2023-02-27 14:00:00+00:00,,0.007848704176014243,,
2023-02-27 15:30:00+00:00,,,,-0.01847622720289921
2023-02-27 16:00:00+00:00,,-0.016213647415291743,,
2023-03-01 15:00:00+00:00,,,,-0.016189922117157307
2023-03-01 19:30:00+00:00,,-0.020034517996142198,,
2023-03-03 01:00:00+00:00,-0.03196999999999994,,,
2023-03-05 08:30:00+00:00,,-0.01268656705497695,,
2023-03-12 19:00:00+00:00,,,,-0.0237183128894074
2023-03-12 22:00:00+00:00,,0.016406056213217335,,
2023-03-13 02:30:00+00:00,,0.02031556774235188,,
2023-03-13 09:00:00+00:00,,,,0.03180800174560394
2023-03-13 12:30:00+00:00,,,0.047054457284798845,
2023-03-13 16:30:00+00:00,,,,0.05312965989290519
2023-03-13 18:30:00+00:00,,0.03189234067478308,,
2023-03-13 19:30:00+00:00,0.08753807683031556,,,
2023-03-14 07:30:00+00:00,,,,-0.01654971152618323
2023-03-14 12:30:00+00:00,0.02797000000000005,,,
2023-03-14 13:30:00+00:00,,,,0.031353375362479285
2023-03-14 18:30:00+00:00,-0.031970000000000054,,,
2023-03-14 19:00:00+00:00,,-0.05338528025514877,,
2023-03-14 19:30:00+00:00,,,0.01921195317621982,
2023-03-15 16:00:00+00:00,-0.031970000000000054,,,
2023-03-17 06:30:00+00:00,0.02797000000000005,,,
2023-03-17 09:30:00+00:00,,0.020137305371330738,,
2023-03-17 14:30:00+00:00,,-0.029609593251338162,,
2023-03-17 21:30:00+00:00,0.02797000000000005,,,
2023-03-18 15:30:00+00:00,,,0.05727896652116282,
2023-03-18 16:30:00+00:00,,-0.030095248269735864,,0.01708199433278179
2023-03-19 16:30:00+00:00,0.02797000000000005,,,
2023-03-20 02:00:00+00:00,,,0.000459154415333618,-0.009812335368587277
2023-03-20 02:30:00+00:00,,-0.025967777069035414,,
2023-03-20 16:00:00+00:00,,-0.025792816412516406,,-0.030167869532421898
2023-03-22 18:00:00+00:00,0.02797000000000005,,,
2023-03-22 18:30:00+00:00,,,,-0.016048479836429874
2023-03-22 19:00:00+00:00,,,-0.022416940757570836,
2023-03-23 14:30:00+00:00,0.02797000000000005,,,
2023-03-24 17:00:00+00:00,-0.031970000000000054,,,
2023-03-29 14:00:00+00:00,,0.016624804991655084,,
2023-03-30 01:00:00+00:00,,,0.007723864924399582,
2023-03-30 02:00:00+00:00,0.02797000000000005,,,
2023-03-30 03:00:00+00:00,,,,0.010805026853350608
2023-03-30 16:00:00+00:00,-0.031970000000000054,,,
2023-04-03 01:30:00+00:00,-0.03196999999999994,,,
2023-04-03 16:30:00+00:00,,-0.01752072531889204,,
2023-04-03 20:30:00+00:00,-0.031970000000000054,,,
2023-04-05 14:00:00+00:00,,,,-0.011462731902024625
2023-04-09 23:30:00+00:00,,0.004315439236635132,,
2023-04-10 06:30:00+00:00,,,-0.007976975336521641,
2023-04-11 00:30:00+00:00,0.02797000000000005,,,
2023-04-11 17:00:00+00:00,,0.03553984574773095,,
2023-04-11 20:30:00+00:00,,,0.02536666069987703,
2023-04-14 01:00:00+00:00,0.02797000000000005,,,
2023-04-14 13:00:00+00:00,,,-0.012498137491459893,
2023-04-14 15:00:00+00:00,,-0.02173032794670482,,
2023-04-19 02:30:00+00:00,,,0.00876348620370715,
2023-04-19 08:00:00+00:00,-0.031970000000000054,-0.023943608808721595,,
2023-04-19 23:00:00+00:00,,,,-0.044290362785706194
2023-04-23 02:00:00+00:00,,,-0.011109490200930217,
2023-04-26 09:00:00+00:00,0.02797000000000005,,,
2023-04-26 19:30:00+00:00,-0.03196999999999994,,,
2023-04-26 20:00:00+00:00,,-0.02863092127199629,-0.01538367590858536,
2023-05-01 01:30:00+00:00,-0.031970000000000054,,,0.041622477559724036
2023-05-05 02:00:00+00:00,0.02797000000000005,,,
2023-05-06 14:00:00+00:00,-0.031970000000000054,,,
2023-05-08 01:30:00+00:00,,,,-0.01410517540345213
2023-05-10 17:00:00+00:00,-0.02198000000000011,,,
2023-05-11 19:30:00+00:00,,,,-0.033694657827549546
2023-05-15 16:30:00+00:00,0.02797000000000005,,,
2023-05-15 20:00:00+00:00,,,-0.004087034187374661,
2023-05-17 07:30:00+00:00,,,,0.0036192931620591118
2023-05-18 06:00:00+00:00,,,-0.006400765162432376,
2023-05-18 17:30:00+00:00,-0.02198,,,-0.01051457087891905
2023-05-21 11:30:00+00:00,,,,-0.0066564534927219254
2023-05-23 17:00:00+00:00,,,-0.007863788658711623,
2023-05-24 03:30:00+00:00,-0.02198,,,-0.0058870300064776115
2023-05-29 08:30:00+00:00,,,0.025157526823452958,
2023-05-29 10:30:00+00:00,-0.02198,,,
2023-05-31 04:30:00+00:00,,,,0.03945135536772959
2023-05-31 05:00:00+00:00,,-0.01972764703631047,,
2023-06-01 03:00:00+00:00,,,,-0.02458360576909835
2023-06-03 21:00:00+00:00,,,,-0.0037163835882628726
2023-06-05 02:30:00+00:00,,,,-0.010356936811858786
2023-06-06 21:30:00+00:00,0.028314523762199117,,,
2023-06-07 07:00:00+00:00,,,0.003998683873057907,
2023-06-07 21:30:00+00:00,,,,0.009845332577339772
2023-06-12 00:00:00+00:00,,,-0.00851143160751433,
2023-06-13 15:30:00+00:00,,,,-0.015778580163548384
2023-06-14 20:00:00+00:00,-0.02198000000000011,,,-0.022263233652409453
2023-06-16 21:30:00+00:00,0.0419680134346192,,,
2023-06-17 14:30:00+00:00,,,0.003651422818282013,
2023-06-18 23:00:00+00:00,,,,0.028587263033982513
2023-06-19 18:30:00+00:00,,,,-0.009706231562245704
2023-06-20 16:30:00+00:00,,0.024264130535146977,,
2023-06-20 22:30:00+00:00,0.05405274510274083,,,
2023-06-21 10:30:00+00:00,0.02797000000000005,,,
2023-06-21 21:30:00+00:00,,0.07517990214419346,,
2023-06-21 23:00:00+00:00,0.02797000000000005,,,
2023-06-22 07:30:00+00:00,,,0.0721491120335982,
2023-06-22 14:30:00+00:00,-0.02198,,,0.08982721020089968
2023-06-23 15:30:00+00:00,,0.04042637237139668,,
2023-06-23 23:00:00+00:00,,,-0.02108809452932192,
2023-06-24 15:30:00+00:00,,,,0.0031816028999189783
2023-06-26 01:00:00+00:00,,,,-0.021519107009345007
2023-06-28 07:30:00+00:00,,,,-0.018195081068563157
2023-06-29 16:30:00+00:00,,,-0.007112428535796855,
2023-06-30 04:30:00+00:00,0.02797000000000005,,,
2023-06-30 13:30:00+00:00,-0.02198,,,-0.005214134549709426
2023-07-04 05:30:00+00:00,,,-0.00019503199839743246,
2023-07-04 19:00:00+00:00,,-0.014202480472343737,,0.0005353755780832525
2023-07-06 11:30:00+00:00,,,,-0.0025461582570961427
2023-07-06 13:00:00+00:00,,,-0.008744998021637751,
2023-07-07 00:00:00+00:00,-0.02198,,,
2023-07-10 21:30:00+00:00,-0.02198,-0.01504895242461124,,0.0025424002761251785
2023-07-10 23:00:00+00:00,,,-0.019802750339827813,
2023-07-12 19:00:00+00:00,,,,-0.01224600764853312
2023-07-14 07:30:00+00:00,,,-0.0024488338464647708,
2023-07-14 17:00:00+00:00,,,,0.016848868240928905
2023-07-14 17:30:00+00:00,,-0.018281108306699823,,
2023-07-14 18:00:00+00:00,-0.02198,,,
2023-07-17 10:00:00+00:00,,,,-0.010432366669935078
2023-07-20 14:30:00+00:00,,,,-0.008698088859142583
2023-07-20 15:00:00+00:00,,,-0.0185169006382484,
2023-07-22 22:30:00+00:00,,,,-0.005987194131133244
2023-07-23 21:30:00+00:00,,,,-0.001379651493590206
2023-07-27 01:00:00+00:00,,,-0.009497712326928531,
2023-07-27 15:00:00+00:00,,,,-0.0007018944180378073
2023-07-29 08:30:00+00:00,,,,-0.0032192654998567383
2023-07-30 10:30:00+00:00,,,,-0.005609808450665499
2023-07-30 19:30:00+00:00,,,,-0.004991368110191519
2023-07-31 16:00:00+00:00,,,,-0.010343972965412007
2023-08-02 08:30:00+00:00,,,-0.014393399269082563,
2023-08-02 13:00:00+00:00,,,,0.012048141950280922
2023-08-02 14:00:00+00:00,,-0.020256097227187908,,
2023-08-02 15:00:00+00:00,-0.02198,,,
2023-08-04 18:30:00+00:00,,,,-0.008922894368754597
2023-08-07 14:00:00+00:00,,,,-0.005409880972491288
2023-08-09 03:00:00+00:00,,,0.0018374545616823834,
2023-08-09 12:30:00+00:00,,0.012018942818687872,,
2023-08-11 02:30:00+00:00,,,,-0.01234265231424958
2023-08-12 21:00:00+00:00,,,,-0.004358439471007114
2023-08-13 22:00:00+00:00,,,,-0.004188608677232031
2023-08-14 18:00:00+00:00,,,,-0.007192644390068614
2023-08-15 19:00:00+00:00,,,,-0.011563733735498793
2023-08-16 23:30:00+00:00,,,,-0.0165020713168601
2023-08-18 14:30:00+00:00,-0.02198000000000011,,,
2023-08-21 10:00:00+00:00,,,,-0.007417845337344575
2023-08-22 15:30:00+00:00,,,,-0.012199230401473748
2023-08-22 21:00:00+00:00,-0.02198000000000011,,,
2023-08-24 02:00:00+00:00,,,-0.009202838426713433,
2023-08-24 14:00:00+00:00,,,,0.0038910010856727517
2023-08-24 15:00:00+00:00,,-0.019884133033848506,,
2023-08-26 12:30:00+00:00,,,,-0.008498521804110148
2023-08-28 00:30:00+00:00,,,,-0.003421035084966162
2023-08-29 14:00:00+00:00,0.02797000000000005,,,
2023-08-29 20:30:00+00:00,0.03165554872836074,,,
2023-08-30 03:00:00+00:00,,,-0.02016688404711764,
2023-08-30 09:00:00+00:00,,,,0.04530124317473816
2023-08-31 14:00:00+00:00,,,,-0.012134879013132815
2023-08-31 15:30:00+00:00,,-0.04056290671212126,,
2023-09-01 15:00:00+00:00,,,,-0.021555334008422466
2023-09-04 15:00:00+00:00,,,,-0.0048584215595847136
2023-09-06 14:00:00+00:00,,,,-0.009897378649713406
2023-09-07 22:00:00+00:00,,,,0.0026033029953917985
2023-09-08 09:00:00+00:00,,,,-0.012895273821003528
2023-09-08 09:30:00+00:00,,,-0.007740020171265516,
2023-09-12 17:00:00+00:00,,,,0.0009033313026289846
2023-09-14 13:00:00+00:00,0.02797000000000005,,,
2023-09-15 01:00:00+00:00,,,,-0.005744289934562441
2023-09-16 05:00:00+00:00,,,,-0.01463585167778736
2023-09-18 17:00:00+00:00,,,,0.006209654092210082
2023-09-18 17:30:00+00:00,,-0.014488353921258579,,
2023-09-18 18:00:00+00:00,,,-0.015574762469258152,
2023-09-19 10:00:00+00:00,,,,-0.013620573878213138
2023-09-19 15:30:00+00:00,0.02797000000000005,,,
2023-09-19 17:00:00+00:00,,,,-0.014444087780192127
2023-09-27 13:30:00+00:00,,,,-0.00717816712987307
2023-09-27 15:00:00+00:00,,,-0.022804602917608663,
2023-09-28 18:30:00+00:00,,,,0.003890025702419253
2023-09-29 03:00:00+00:00,,,-0.006613444342503549,
2023-09-29 07:30:00+00:00,0.02797000000000005,,,
2023-10-01 16:00:00+00:00,,,-0.0013483694957191483,
2023-10-01 22:00:00+00:00,,0.018932601757327694,,
2023-10-02 05:30:00+00:00,,,,0.021041936423396246
2023-10-02 14:30:00+00:00,,,,-0.00045058592826008326
2023-10-02 16:00:00+00:00,,,-0.005560329852161039,
2023-10-02 21:30:00+00:00,-0.02198,-0.02493081214330095,,
2023-10-06 13:00:00+00:00,-0.02198,,,
2023-10-06 23:00:00+00:00,,,,-0.010072620155772594
2023-10-15 23:00:00+00:00,,,,-0.004710867487060955
2023-10-16 05:00:00+00:00,0.02797000000000005,0.008514271833953035,,
2023-10-16 09:00:00+00:00,,,,0.013455721219301386
2023-10-16 13:00:00+00:00,0.02797000000000005,,,
2023-10-16 14:00:00+00:00,-0.04731828985020037,0.010343250502698353,,-0.0012862755539670978
2023-10-18 04:30:00+00:00,,0.023405260622692436,,
2023-10-18 11:00:00+00:00,,,0.014378967511246898,
2023-10-20 02:30:00+00:00,0.02797000000000005,,,
2023-10-20 12:00:00+00:00,,,,0.02386893367936671
2023-10-21 09:30:00+00:00,0.02797000000000005,,,
2023-10-21 23:30:00+00:00,,,,-0.011799299744383096
2023-10-22 13:30:00+00:00,,0.005527148672937798,,
2023-10-23 07:30:00+00:00,,,,0.0018284821698562048
2023-10-23 16:30:00+00:00,0.02797000000000005,,,
2023-10-23 18:30:00+00:00,,,,-0.008414142934783042
2023-10-23 23:00:00+00:00,,,,0.06175697810980685
2023-10-24 03:00:00+00:00,,,,-0.008376647737010412
2023-10-24 06:00:00+00:00,0.08406317689877674,,,
2023-10-24 13:30:00+00:00,,0.09651714558904301,,
2023-10-24 15:00:00+00:00,-0.02198000000000011,,,
2023-10-26 17:00:00+00:00,,,0.15078325224050726,
2023-10-27 17:00:00+00:00,-0.02198000000000011,,,
2023-10-30 02:00:00+00:00,,,,-0.010638697782530238
2023-10-30 17:00:00+00:00,,,,-0.015056348792073071
2023-11-01 12:30:00+00:00,0.02797000000000005,,,
2023-11-01 13:30:00+00:00,,,,-0.007080179377158213
2023-11-02 02:30:00+00:00,0.02797000000000005,,,
2023-11-02 05:00:00+00:00,,,,0.0033787202245045833
2023-11-02 13:30:00+00:00,-0.02197999999999989,-0.017633492656958127,,
2023-11-02 15:30:00+00:00,,,-0.024099796161560105,
2023-11-03 08:30:00+00:00,-0.02198,,,
2023-11-06 01:30:00+00:00,,,,-0.015006348405143477
2023-11-07 03:00:00+00:00,,,-0.013865410885711915,
2023-11-07 22:00:00+00:00,,,,-0.0029969526423834214
2023-11-09 00:00:00+00:00,,,,-0.011455150233135813
2023-11-09 02:00:00+00:00,,0.019684681907782275,,
2023-11-09 05:30:00+00:00,0.018426792663428726,,,
2023-11-09 15:30:00+00:00,,,,0.0315337068631254
2023-11-09 16:00:00+00:00,0.007989999999999942,0.018033105835847607,,
2023-11-10 14:00:00+00:00,0.009206158750412419,,,
2023-11-11 12:00:00+00:00,,,0.043328624391798964,
2023-11-11 22:00:00+00:00,,-0.019644679184140923,,
2023-11-14 00:00:00+00:00,-0.03196999999999994,,,
2023-11-14 18:30:00+00:00,-0.03196999999999994,,,
2023-11-15 11:00:00+00:00,0.007989999999999942,,,
2023-11-15 18:00:00+00:00,0.007989999999999942,,,
2023-11-15 21:00:00+00:00,0.008423412792641694,,,
2023-11-16 06:30:00+00:00,,0.026611206449679292,,
2023-11-16 08:00:00+00:00,,,,-0.005115667375377497
2023-11-16 13:30:00+00:00,-0.03196999999999994,,0.01405278420980327,
2023-11-17 13:00:00+00:00,0.007990000000000164,,,
2023-11-18 18:30:00+00:00,0.007989999999999942,,,
2023-11-19 02:30:00+00:00,,,-0.010694937789545444,
2023-11-19 23:00:00+00:00,0.007989999999999942,,,
2023-11-20 14:00:00+00:00,,,,0.0006294714614438757
2023-11-20 17:00:00+00:00,,,,-0.014158624218750138
2023-11-20 17:30:00+00:00,0.007989999999999942,,,
2023-11-21 11:30:00+00:00,,,,-0.014585972318818974
2023-11-21 12:00:00+00:00,,,0.007138200499484215,
2023-11-21 14:30:00+00:00,,-0.020553613314564956,,
2023-11-21 15:00:00+00:00,-0.03196999999999994,,,
2023-11-21 23:30:00+00:00,-0.031970000000000165,,,
2023-11-22 05:00:00+00:00,0.007989999999999942,,,
2023-11-22 18:00:00+00:00,0.007989999999999942,,,
2023-11-22 22:30:00+00:00,0.009012294845597513,,,
2023-11-23 11:00:00+00:00,,,,-0.016614602110698984
2023-11-23 16:00:00+00:00,,,-0.01107217863887311,
2023-11-24 11:30:00+00:00,0.007989999999999942,,,
2023-11-24 16:30:00+00:00,,,,-0.004438945211886147
2023-11-25 12:00:00+00:00,,,-0.003610286291573561,
2023-11-26 17:30:00+00:00,,-0.004062914394930561,,
2023-11-27 13:30:00+00:00,-0.031970000000000054,,,
2023-11-28 15:00:00+00:00,0.007989999999999942,,,
2023-11-28 19:30:00+00:00,0.007989999999999942,,,
2023-11-28 22:30:00+00:00,,,,-0.0032951918454446893
2023-11-29 10:30:00+00:00,,,,-0.014379089203192086
2023-11-29 16:30:00+00:00,,,0.007204174980517619,
2023-12-01 09:00:00+00:00,0.007989999999999942,0.01946854912044982,,
2023-12-01 12:30:00+00:00,,,,-0.005877496097633217
2023-12-02 19:00:00+00:00,0.007989999999999942,0.0161341123951122,,
2023-12-02 19:30:00+00:00,,,,0.007673832182047535
2023-12-03 13:30:00+00:00,0.007989999999999942,,,
2023-12-03 22:30:00+00:00,,0.01547777982048526,,
2023-12-04 01:00:00+00:00,0.007989999999999942,,,
2023-12-04 08:00:00+00:00,0.01767560008238056,,,
2023-12-04 11:30:00+00:00,,,,0.044282345296562164
2023-12-04 15:30:00+00:00,,0.028402313877520458,,
2023-12-04 22:00:00+00:00,0.007989999999999942,,,
2023-12-05 00:00:00+00:00,,,,-0.011374046056617959
2023-12-05 17:30:00+00:00,,,,0.018372166557833136
2023-12-05 19:30:00+00:00,0.03697210262473405,,,
2023-12-05 22:00:00+00:00,0.007989999999999942,,,
2023-12-06 02:00:00+00:00,,,,-0.008292155411497859
2023-12-06 05:30:00+00:00,,0.021576446494301793,,
2023-12-09 10:30:00+00:00,,,-0.004669734463265129,
2023-12-14 08:00:00+00:00,0.030036929702160542,,,
2023-12-14 13:30:00+00:00,-0.031970000000000054,,,
2023-12-15 06:30:00+00:00,,,0.01435233863712626,
2023-12-15 15:30:00+00:00,-0.031970000000000054,,,
2023-12-17 00:30:00+00:00,,,-0.010304409424340966,
2023-12-17 23:30:00+00:00,,,,-0.017770002268640672
2023-12-18 01:30:00+00:00,-0.031970000000000054,-0.042744114522077936,,
2023-12-19 13:30:00+00:00,0.03700808899857022,,,
2023-12-19 17:00:00+00:00,,,-0.004178804002887615,
2023-12-20 13:30:00+00:00,,0.029445488542411136,,
2023-12-21 03:00:00+00:00,0.017980000000000107,,,
2023-12-22 12:30:00+00:00,,,-0.006508453158185268,
2023-12-24 22:00:00+00:00,-0.031970000000000054,,,0.032028185029369105
2023-12-26 09:30:00+00:00,-0.031970000000000054,-0.037871788787554816,,
2023-12-27 23:00:00+00:00,0.01846108119134282,,,
2023-12-28 08:30:00+00:00,,,-0.003416499551093466,
2023-12-29 16:00:00+00:00,-0.031970000000000054,,,
2023-12-29 22:00:00+00:00,,,,-0.04351762701188011
2024-01-01 06:00:00+00:00,,,-0.008017518495549991,
2024-01-02 12:30:00+00:00,,0.053373516419873646,,
2024-01-02 15:00:00+00:00,0.07376523899389165,,,
2024-01-02 21:30:00+00:00,,,0.04686957814416015,
2024-01-03 11:30:00+00:00,-0.031970000000000054,,,
2024-01-03 12:00:00+00:00,,,,-0.0011070096930395623
2024-01-05 02:00:00+00:00,0.017980000000000107,,,
2024-01-05 04:00:00+00:00,,,-0.015286935173014937,
2024-01-05 17:00:00+00:00,-0.02198000000000011,,,
2024-01-08 00:30:00+00:00,,,-0.0059482351646937826,
2024-01-09 05:30:00+00:00,,0.0326919813527049,,
2024-01-09 07:00:00+00:00,0.0620874115026937,,,
2024-01-09 12:30:00+00:00,-0.02198,,,
2024-01-09 21:00:00+00:00,-0.02198,,,
2024-01-09 22:00:00+00:00,,,0.005563496385649014,
2024-01-10 11:30:00+00:00,,,,0.010887732297887753
2024-01-10 20:30:00+00:00,-0.02198000000000011,,,
2024-01-10 21:30:00+00:00,-0.02198,,,
2024-01-11 14:30:00+00:00,,0.041772474543314786,,
2024-01-11 15:30:00+00:00,,-0.03652036484141585,,
2024-01-12 03:30:00+00:00,,,-0.025763521276755963,
2024-01-12 15:00:00+00:00,-0.02198,,,-0.06040867182842058
2024-01-14 23:00:00+00:00,-0.02198,,,
2024-01-18 16:30:00+00:00,-0.02198000000000011,-0.01772564434484014,,-0.03629271625089825
2024-01-19 16:30:00+00:00,-0.02198,,,
2024-01-22 04:00:00+00:00,-0.02198,,,
2024-01-22 09:30:00+00:00,,-0.02448218509980926,,
2024-01-25 17:00:00+00:00,,,-0.013665910477300147,
2024-01-27 01:00:00+00:00,,0.020157920691445508,,
2024-01-27 04:30:00+00:00,0.06793208331799927,,,
2024-01-28 18:00:00+00:00,,,0.026883394285078577,
2024-01-28 19:30:00+00:00,,,,0.027871368432433652
2024-01-30 10:00:00+00:00,0.033089095961682524,,,
2024-01-31 00:30:00+00:00,,,-0.003941388823892056,
2024-01-31 10:30:00+00:00,-0.02198000000000011,-0.018104994416882292,,-0.011686049682469779
2024-01-31 21:00:00+00:00,-0.02198000000000011,,,
2024-01-31 22:30:00+00:00,,,-0.024165384109361865,
2024-02-04 00:30:00+00:00,,,-0.00908239489446061,
2024-02-05 15:30:00+00:00,-0.011989999999999945,,,
2024-02-05 16:00:00+00:00,,-0.01815281768664867,,
2024-02-05 18:00:00+00:00,,,-0.009350164123966831,
2024-02-07 04:00:00+00:00,,,-0.014811240153898009,
2024-02-08 14:00:00+00:00,,0.022692370102620263,,
2024-02-09 15:00:00+00:00,,0.033835084290251505,,
2024-02-10 11:00:00+00:00,0.09845920102985106,,0.07311803403203143,
2024-02-11 03:30:00+00:00,,0.021831635569188546,,
2024-02-12 10:00:00+00:00,,-0.017932062024453743,,
2024-02-12 11:00:00+00:00,,,-0.0021239412673880187,
2024-02-12 14:30:00+00:00,0.02797000000000005,,,
2024-02-13 14:00:00+00:00,,-0.019631451433243075,,
2024-02-13 14:30:00+00:00,,,-0.01749995144568217,
2024-02-13 17:00:00+00:00,-0.011989999999999945,,,
2024-02-15 00:30:00+00:00,,0.03196586773127219,,
2024-02-15 21:00:00+00:00,,,0.006409174910485982,
2024-02-16 03:00:00+00:00,0.02797000000000005,,,
2024-02-16 09:00:00+00:00,-0.011990000000000056,,,
2024-02-17 13:00:00+00:00,-0.011989999999999945,,,
2024-02-19 20:00:00+00:00,,,-0.00933653921855393,
2024-02-20 01:00:00+00:00,-0.011990000000000056,,,
2024-02-20 14:30:00+00:00,-0.01285417052263682,-0.019651425167423575,,
2024-02-21 07:00:00+00:00,-0.011989999999999945,,,
2024-02-22 13:00:00+00:00,-0.011989999999999945,,,
2024-02-23 08:30:00+00:00,-0.011989999999999945,,,
2024-02-26 03:00:00+00:00,,,-0.0039592686302768465,
2024-02-26 09:00:00+00:00,,,,0.18293905378409092
2024-02-27 14:30:00+00:00,,0.07375712142140589,,
2024-02-28 20:30:00+00:00,,0.029758771024626984,,
2024-02-29 17:00:00+00:00,0.21313843549416545,,,
2024-02-29 18:30:00+00:00,,,0.1425173808471849,
2024-03-04 00:30:00+00:00,,0.037752459082055934,,
2024-03-08 11:30:00+00:00,0.02797000000000005,,,
2024-03-10 05:00:00+00:00,,0.038863486753795806,,
2024-03-10 22:30:00+00:00,,,0.01923028966600615,
2024-03-11 00:30:00+00:00,,,,0.030761769605326172
2024-03-11 07:00:00+00:00,0.02797000000000005,,,
2024-03-12 14:00:00+00:00,0.02796999999999983,,,
2024-03-12 17:00:00+00:00,-0.03196999999999994,-0.021499109418727014,-0.015813936889624847,
2024-03-14 13:30:00+00:00,,,-0.007004384419877052,
2024-03-14 16:30:00+00:00,-0.031970000000000054,,,
2024-03-14 18:30:00+00:00,,-0.03491531746765375,,0.0030589003326328967
2024-03-15 18:30:00+00:00,0.02796999999999983,,,
2024-03-16 11:00:00+00:00,-0.031970000000000054,,,
2024-03-16 23:00:00+00:00,,,,-0.05718069478205967
2024-03-18 15:00:00+00:00,,,-0.018900569922640997,
2024-03-19 01:30:00+00:00,,-0.03375765818595333,,
2024-03-19 03:30:00+00:00,-0.031970000000000054,,,
2024-03-19 07:00:00+00:00,,,,-0.0466343553254811
2024-03-19 20:00:00+00:00,-0.031970000000000054,,,
2024-03-20 05:00:00+00:00,-0.031970000000000054,,,
2024-03-21 09:00:00+00:00,0.06522928727913802,,,
2024-03-21 18:00:00+00:00,,,-0.0029032606023883245,
2024-03-22 11:30:00+00:00,-0.031970000000000054,,,
2024-03-22 13:30:00+00:00,,-0.05073113715223887,,-0.03775404131005633
2024-03-24 00:30:00+00:00,,,-0.01547019140418393,
2024-03-25 04:00:00+00:00,,0.02473870564484515,,
2024-03-25 10:30:00+00:00,0.04431698757308156,,,
2024-03-25 14:00:00+00:00,,0.02560152507247504,,
2024-03-26 05:30:00+00:00,0.0467970171134493,,,
2024-03-26 07:00:00+00:00,,0.0311368795886251,,
2024-03-26 14:30:00+00:00,-0.03196999999999994,,,
2024-03-26 20:00:00+00:00,,,0.05629791295107345,
2024-03-29 05:30:00+00:00,,,-0.00410425428393113,
2024-03-30 19:00:00+00:00,,,,0.0830298351898715
2024-04-01 05:00:00+00:00,,-0.010355882088060375,,
2024-04-01 05:30:00+00:00,,,-0.0009161896750178311,-0.01676091923617451
2024-04-01 15:00:00+00:00,-0.03196999999999994,,,
2024-04-02 02:30:00+00:00,-0.03196999999999994,,,
2024-04-05 06:30:00+00:00,,,0.002208112848341326,
2024-04-05 12:30:00+00:00,,-0.02232706540464302,,
2024-04-07 11:00:00+00:00,0.02162107119844503,,,
2024-04-08 20:30:00+00:00,0.020189065635317416,,,
2024-04-09 05:00:00+00:00,,,0.04042357857024914,
2024-04-09 07:30:00+00:00,,-0.025180980962596355,,
2024-04-11 15:30:00+00:00,,,-0.014612471981456099,
2024-04-12 14:30:00+00:00,,-0.022967644009717292,,
2024-04-12 16:00:00+00:00,-0.02198000000000011,,,
2024-04-13 19:30:00+00:00,-0.02198,,,
2024-04-14 14:30:00+00:00,-0.02198,,,
2024-04-14 17:00:00+00:00,-0.02198,-0.03182992780783023,,
2024-04-15 14:30:00+00:00,,-0.03409030164480675,,
2024-04-15 15:00:00+00:00,-0.02198,,,
2024-04-15 16:00:00+00:00,,,-0.03049230279900128,
2024-04-17 11:30:00+00:00,-0.02198,,,
2024-04-18 23:30:00+00:00,0.022923342145861225,,,
2024-04-19 01:00:00+00:00,-0.02198,,,
2024-04-19 02:00:00+00:00,,,-0.04574688059024179,
2024-04-19 23:00:00+00:00,-0.02198,,,
2024-04-20 10:30:00+00:00,,,-0.029288523911446096,
2024-04-21 20:00:00+00:00,,,-0.012967137220082026,
2024-04-22 16:00:00+00:00,0.017979999999999885,,,
2024-04-23 08:30:00+00:00,,,0.0007514085406030713,
2024-04-24 14:00:00+00:00,-0.02198,,,
2024-04-25 13:00:00+00:00,,,,-0.026970774478330406
2024-04-25 14:30:00+00:00,,-0.02093235363587076,,
2024-04-26 13:30:00+00:00,,,-0.01706942603575501,
2024-04-26 15:00:00+00:00,-0.02198,,,
2024-04-28 23:30:00+00:00,,,-0.02068686967701716,
2024-04-29 05:30:00+00:00,,,,-0.037233631511502274
2024-04-29 06:30:00+00:00,-0.02198,,,
2024-04-30 08:00:00+00:00,,-0.019578381922054966,,
2024-04-30 09:00:00+00:00,,,-0.033880767136326595,
2024-04-30 09:30:00+00:00,-0.02198,,,
2024-04-30 19:30:00+00:00,,,,-0.05785653554234904
2024-05-02 01:30:00+00:00,-0.02198,,,
2024-05-02 12:00:00+00:00,0.017980000000000107,,,
2024-05-03 03:00:00+00:00,0.017980000000000107,,,
2024-05-03 13:30:00+00:00,,0.039601078991722494,,
2024-05-04 08:30:00+00:00,0.05187878917690947,,,
2024-05-06 07:30:00+00:00,0.017979999999999885,,,
2024-05-06 10:30:00+00:00,,-0.02128305938541397,,
2024-05-06 14:30:00+00:00,-0.02198,,,
2024-05-07 23:00:00+00:00,-0.02198,,,
2024-05-10 12:00:00+00:00,0.017980000000000107,,,
2024-05-10 14:30:00+00:00,,-0.02179147347195831,,
2024-05-10 17:30:00+00:00,,,,-0.02743595991478065
2024-05-13 20:30:00+00:00,0.02020605471028869,,,
2024-05-14 06:00:00+00:00,,-0.016506203831331834,,
2024-05-16 01:30:00+00:00,,0.0337149844324367,,
2024-05-16 06:30:00+00:00,0.06297817505203973,,,
2024-05-16 14:30:00+00:00,,,0.014334763666696393,
2024-05-17 19:30:00+00:00,0.020039081034008754,,,
2024-05-19 23:00:00+00:00,,0.0037170072010739297,,
2024-05-21 07:30:00+00:00,,0.03639753321195682,,
2024-05-21 11:30:00+00:00,0.06268648213484829,,,
2024-05-21 14:00:00+00:00,,,0.02876776751900323,
2024-05-23 13:30:00+00:00,-0.02198000000000011,,,
2024-05-23 18:00:00+00:00,,,,0.10210319242238208
2024-05-27 15:00:00+00:00,0.017980000000000107,,,
2024-05-28 03:00:00+00:00,-0.02198000000000011,,,
2024-05-28 04:00:00+00:00,,,,-0.007325714900129676
2024-05-28 04:30:00+00:00,,-0.02445813904873173,,
2024-05-30 20:00:00+00:00,,-0.016635224847831198,,
2024-05-31 16:00:00+00:00,-0.02198,,,
2024-06-05 04:00:00+00:00,0.024265910892521392,,,
2024-06-06 16:30:00+00:00,,,,0.0068425604219291
2024-06-07 15:00:00+00:00,,,,-0.012612590258229694
2024-06-07 18:00:00+00:00,-0.02198000000000011,,,
2024-06-14 16:00:00+00:00,-0.02197999999999989,,,
2024-06-18 00:30:00+00:00,,,,-0.016079076619396893
2024-06-18 01:30:00+00:00,-0.02198,,,
2024-06-21 08:30:00+00:00,-0.02198,,,
2024-06-24 00:00:00+00:00,-0.02198000000000011,,,
2024-06-28 19:30:00+00:00,-0.02198,,,
2024-06-30 22:00:00+00:00,0.017979999999999885,,,
2024-07-01 08:30:00+00:00,,,,0.01020825130409908
2024-07-01 22:00:00+00:00,,,,-0.01655148200321277
2024-07-02 14:30:00+00:00,,-0.023223701127009777,,
2024-07-02 19:30:00+00:00,,,-0.0027613001629192002,
2024-07-03 01:30:00+00:00,-0.02198000000000011,,,
2024-07-04 23:30:00+00:00,-0.02198,,,
2024-07-07 04:30:00+00:00,0.022198376703163936,,,
2024-07-08 14:30:00+00:00,-0.041362720640524486,,,
2024-07-09 10:30:00+00:00,0.019990174643732095,,,
2024-07-10 11:30:00+00:00,0.017980000000000107,,,
2024-07-10 12:30:00+00:00,,,,-0.007372792758510771
2024-07-10 20:00:00+00:00,-0.02198,,,
2024-07-11 14:00:00+00:00,,,,-0.023322651041505882
2024-07-12 01:00:00+00:00,-0.02198000000000011,,,
2024-07-13 22:00:00+00:00,0.017980000000000107,,,
2024-07-14 21:00:00+00:00,0.017980000000000107,,,
2024-07-15 16:00:00+00:00,0.026524872397772903,,,
2024-07-16 02:30:00+00:00,,0.02904703450610846,,
2024-07-16 05:30:00+00:00,,,,0.06557942435603814
2024-07-16 15:00:00+00:00,0.017979999999999885,,,
2024-07-17 11:30:00+00:00,,,,-0.006774020309469719
2024-07-18 00:30:00+00:00,,,0.07205578569252435,
2024-07-18 19:00:00+00:00,-0.02198,,,
2024-07-20 04:30:00+00:00,0.03429496079206551,,,
2024-07-21 17:30:00+00:00,,,,0.0044649397676685965
2024-07-21 18:00:00+00:00,-0.02197999999999989,,,
2024-07-22 06:30:00+00:00,,,,-0.008824668775803124
2024-07-22 14:30:00+00:00,,,0.0067854697036695555,
2024-07-23 13:30:00+00:00,-0.02198,,,
2024-07-24 02:30:00+00:00,,-0.020188704228061183,,
2024-07-24 21:30:00+00:00,-0.02198,,,
2024-07-26 14:30:00+00:00,0.03545805359364551,,,
2024-07-27 19:00:00+00:00,,,,0.008381102264701568
2024-07-27 21:00:00+00:00,0.017980000000000107,,,
2024-07-28 00:00:00+00:00,-0.02198,,,
2024-07-28 03:30:00+00:00,,,0.00813987223623669,
2024-07-29 12:30:00+00:00,,0.028178542858380062,,
2024-07-29 14:00:00+00:00,,,,-0.009861366941735117
2024-07-29 16:00:00+00:00,,,-0.019915908481987654,
2024-07-29 16:30:00+00:00,-0.02198,,,
2024-07-31 19:30:00+00:00,-0.02198,,,
2024-08-02 02:00:00+00:00,-0.02198000000000011,,,
2024-08-03 19:00:00+00:00,-0.03196999999999994,,,
2024-08-04 16:30:00+00:00,-0.031970000000000054,,,
2024-08-05 17:00:00+00:00,-0.031970000000000054,,,
2024-08-06 04:30:00+00:00,0.02129389677490523,,,
2024-08-06 14:30:00+00:00,0.017979999999999885,,,
2024-08-07 18:30:00+00:00,-0.031970000000000054,,,
2024-08-08 14:30:00+00:00,0.017980000000000107,,,
2024-08-09 05:00:00+00:00,,,,0.04816112318918142
2024-08-09 10:00:00+00:00,0.02915821697236609,,,
2024-08-11 09:00:00+00:00,0.017979999999999885,,,
2024-08-11 12:30:00+00:00,,,0.013150944661942221,
2024-08-12 14:00:00+00:00,-0.03196999999999994,,,
2024-08-13 03:00:00+00:00,,-0.003329400016050754,,
2024-08-14 05:00:00+00:00,0.02070916721976146,,,
2024-08-14 13:30:00+00:00,,,,-0.02080772104649875
2024-08-14 14:00:00+00:00,-0.031970000000000054,,,
2024-08-15 18:00:00+00:00,-0.031970000000000054,,,
2024-08-17 16:30:00+00:00,0.017980000000000107,,,
2024-08-18 03:30:00+00:00,,,,-0.010140690085467696
2024-08-18 17:00:00+00:00,,,,-0.01603444775388896
2024-08-19 00:00:00+00:00,-0.03196999999999994,,,
2024-08-20 12:30:00+00:00,0.027665964020205047,,,
2024-08-20 13:30:00+00:00,,,,-0.0007752761002243203
2024-08-20 15:00:00+00:00,,-0.028719178230210307,,
2024-08-20 15:30:00+00:00,,,-0.02776983113763154,
2024-08-22 02:30:00+00:00,,,,-0.01720302621035741
2024-08-22 10:30:00+00:00,0.017980000000000107,,,
2024-08-22 16:00:00+00:00,,,-0.01551788800705467,
2024-08-23 14:00:00+00:00,0.017980000000000107,,,
2024-08-23 14:30:00+00:00,,,,-0.017383182624390092
2024-08-24 07:30:00+00:00,0.03663865931936372,,,
2024-08-24 15:30:00+00:00,,,,0.023788294738683602
2024-08-25 23:30:00+00:00,,,,-0.01278713237398632
2024-08-26 08:00:00+00:00,,,0.005949626049648771,
2024-08-27 10:00:00+00:00,-0.031970000000000054,,,
2024-08-27 15:30:00+00:00,,-0.03478150645644906,,
2024-08-28 16:00:00+00:00,-0.031970000000000054,,,
2024-09-01 22:00:00+00:00,,,,-0.016547617217713806
2024-09-03 08:30:00+00:00,,,,0.005617031860122079
2024-09-03 14:00:00+00:00,-0.011990000000000056,,,
2024-09-05 03:00:00+00:00,,,,0.005478793436070717
2024-09-05 03:30:00+00:00,-0.011990000000000056,,,
2024-09-05 19:00:00+00:00,-0.011989999999999945,,,
2024-09-06 07:00:00+00:00,-0.011989999999999945,,,
2024-09-06 14:00:00+00:00,-0.019178362552020656,,,-0.02316838009784583
2024-09-07 21:30:00+00:00,,,,-0.010634300160613175
2024-09-08 15:00:00+00:00,,,,-0.01210250294927706
2024-09-08 22:00:00+00:00,0.02797000000000005,,,
2024-09-08 23:00:00+00:00,-0.014286420692278479,,,
2024-09-09 18:30:00+00:00,0.02797000000000005,,,
2024-09-10 00:00:00+00:00,,,,0.034737779184415674
2024-09-10 04:30:00+00:00,-0.011990000000000056,,,
2024-09-11 01:30:00+00:00,,,,-0.011310079651438598
2024-09-11 04:00:00+00:00,-0.011989999999999945,,,
2024-09-11 06:00:00+00:00,,,-0.01679578602241072,
2024-09-12 04:00:00+00:00,0.02797000000000005,,,
2024-09-12 13:30:00+00:00,,,,0.0028331499245359826
2024-09-12 21:30:00+00:00,-0.011990000000000056,,,
2024-09-13 12:00:00+00:00,,,,-0.014574507490090927
2024-09-13 15:30:00+00:00,,0.038586245305358036,,
2024-09-14 11:00:00+00:00,,,,0.02250224806676937
2024-09-15 17:00:00+00:00,,,,-0.006649986033467337
2024-09-15 21:00:00+00:00,,,-0.005013311122563757,
2024-09-16 01:00:00+00:00,-0.011990000000000056,,,
2024-09-16 14:30:00+00:00,,-0.038460734910733985,,
2024-09-17 14:00:00+00:00,0.02797000000000005,,,
2024-09-17 19:30:00+00:00,,,,0.02393940292577801
2024-09-18 10:00:00+00:00,-0.011990000000000056,,,
2024-09-18 18:30:00+00:00,,0.02970414277637623,,
2024-09-18 20:00:00+00:00,-0.011989999999999945,,,-0.014800871265817528
2024-09-19 10:00:00+00:00,0.02797000000000005,,,
2024-09-19 17:00:00+00:00,,0.030260701654152955,,
2024-09-20 01:00:00+00:00,-0.011989999999999945,,,
2024-09-20 08:30:00+00:00,-0.011990000000000056,,,
2024-09-20 13:00:00+00:00,,,,0.025578595213494593
2024-09-21 06:00:00+00:00,,,0.011229056971184592,
2024-09-22 02:00:00+00:00,,,,-0.004882508098426608
2024-09-22 22:00:00+00:00,,,,-0.008420614784140912
2024-09-23 00:00:00+00:00,,,,-0.007374551670099483
2024-09-23 00:30:00+00:00,-0.0127826287735886,,,
2024-09-23 04:00:00+00:00,-0.011989999999999945,,,
2024-09-23 07:00:00+00:00,,,,-0.009988168267845876
2024-09-24 14:00:00+00:00,,,,-0.00942692756481156
2024-09-25 06:30:00+00:00,,,,-0.004963542584740188
2024-09-25 09:30:00+00:00,-0.011990000000000056,,,
2024-09-27 14:00:00+00:00,0.02797000000000005,,,
2024-09-27 18:00:00+00:00,-0.011990000000000056,,,
2024-09-28 08:00:00+00:00,,,,0.03230689286426469
2024-09-28 21:00:00+00:00,,,0.0019435730291301745,
2024-09-29 04:00:00+00:00,,0.015827877861476214,,
2024-09-29 07:30:00+00:00,,,,-0.007750575362476586
2024-09-29 23:00:00+00:00,,,,-0.006497355646224445
2024-10-02 11:00:00+00:00,-0.011990000000000056,,,
2024-10-02 18:00:00+00:00,-0.011990000000000056,,,
2024-10-03 07:30:00+00:00,-0.011989999999999945,,,
2024-10-06 14:30:00+00:00,0.02797000000000005,,,
2024-10-08 00:00:00+00:00,,,-0.010051613600535192,
2024-10-08 07:00:00+00:00,-0.011990000000000056,,,
2024-10-09 08:30:00+00:00,,,,-0.006992137319753344
2024-10-11 14:00:00+00:00,0.02797000000000005,,,
2024-10-13 15:00:00+00:00,,,-0.0026107454957384757,
2024-10-13 22:30:00+00:00,,-0.003968848342286835,,
2024-10-14 08:00:00+00:00,0.04393952854237848,,,
2024-10-14 16:00:00+00:00,,0.02239237947122863,,
2024-10-15 13:30:00+00:00,0.02797000000000005,,,
2024-10-15 15:00:00+00:00,-0.0356945817198262,,,
2024-10-17 20:00:00+00:00,,,0.0402176040248321,
2024-10-18 15:00:00+00:00,0.02797000000000005,,,
2024-10-21 10:00:00+00:00,,,-0.005958310123816424,
2024-10-21 13:00:00+00:00,-0.011989999999999945,,,0.08455913667922332
2024-10-24 21:00:00+00:00,0.02797000000000005,0.012449291460998824,,
2024-10-25 00:30:00+00:00,-0.011989999999999945,,,
2024-10-25 17:30:00+00:00,-0.011990000000000056,,,
2024-10-25 18:00:00+00:00,,,-0.027858800209875856,-0.027472326952468595
2024-10-28 12:30:00+00:00,0.02797000000000005,,,
2024-10-29 14:00:00+00:00,0.02797000000000005,,,
2024-10-29 16:00:00+00:00,,0.014810255957165896,,
2024-10-30 13:00:00+00:00,-0.011990000000000056,,,
2024-10-30 21:30:00+00:00,-0.011990000000000056,,,
2024-11-02 22:00:00+00:00,,,,-0.029861626315291767
2024-11-03 02:00:00+00:00,-0.02197999999999989,,,
2024-11-04 21:30:00+00:00,-0.02198000000000011,,,
2024-11-05 14:30:00+00:00,0.02797000000000005,,,
2024-11-06 05:30:00+00:00,0.06092054186145135,,,
2024-11-06 13:30:00+00:00,,0.019701825596160294,,
2024-11-07 20:00:00+00:00,0.02796999999999983,,,
2024-11-10 04:30:00+00:00,0.02797000000000005,,,
2024-11-10 18:00:00+00:00,,0.020272533083518507,,
2024-11-10 22:00:00+00:00,0.02797000000000005,,,
2024-11-11 15:00:00+00:00,0.02797000000000005,,,
2024-11-11 22:30:00+00:00,0.034725909725953796,,,
2024-11-12 06:00:00+00:00,,0.042568767146797803,,
2024-11-12 10:30:00+00:00,-0.02198,,,
2024-11-13 04:30:00+00:00,-0.02198,,,
2024-11-13 17:00:00+00:00,0.05177077261385943,,,
2024-11-14 15:00:00+00:00,-0.02198,,,
2024-11-14 16:00:00+00:00,,-0.045835952763733645,,
2024-11-14 21:00:00+00:00,-0.02198,,,
2024-11-17 21:00:00+00:00,,,,0.2837339036853539
2024-11-17 22:00:00+00:00,,,0.27178056289226427,
2024-11-18 06:30:00+00:00,0.02797000000000005,,,
2024-11-18 11:30:00+00:00,-0.02198,,,
2024-11-19 18:00:00+00:00,0.02797000000000005,,,
2024-11-19 22:30:00+00:00,-0.02198,,,
2024-11-21 06:30:00+00:00,0.028017473371931834,,,
2024-11-24 12:30:00+00:00,,,,0.052361352064868694
2024-11-24 13:00:00+00:00,,,0.054420797558654144,
2024-11-25 14:30:00+00:00,-0.02197999999999989,,,
2024-11-25 16:00:00+00:00,,,-0.027151813261575897,
2024-11-25 19:00:00+00:00,,,,-0.0413691913455978
2024-11-26 08:00:00+00:00,-0.02198,,,
2024-11-26 20:00:00+00:00,-0.02198,,,
2024-11-27 15:30:00+00:00,0.02797000000000005,,,
2024-11-29 16:30:00+00:00,0.02797000000000005,,,
2024-11-30 01:00:00+00:00,,-0.004467999873673301,,
2024-12-04 20:00:00+00:00,0.02797000000000005,,,
2024-12-05 22:00:00+00:00,-0.031970000000000054,-0.04340878136172943,,-0.016251431298660357
2024-12-09 07:00:00+00:00,-0.03196999999999994,,,
2024-12-09 11:30:00+00:00,,,0.013315021786737713,
2024-12-14 15:30:00+00:00,,0.008978538799014668,,
2024-12-16 04:30:00+00:00,0.03913775438968714,,,
2024-12-18 05:30:00+00:00,,,0.043454825802365926,
2024-12-18 19:30:00+00:00,,,,0.015068121386431654
2024-12-18 20:00:00+00:00,-0.03196999999999994,-0.05303225744135032,,
2024-12-22 14:30:00+00:00,-0.03196999999999994,,,
2024-12-26 09:30:00+00:00,,,-0.021275458709811956,
2024-12-27 07:30:00+00:00,,,,-0.03280039233607657
2024-12-27 15:00:00+00:00,-0.03196999999999994,,,
2024-12-29 05:00:00+00:00,,-0.03387958477980524,,
2025-01-02 12:30:00+00:00,0.02797000000000005,,,
2025-01-06 14:00:00+00:00,,0.037112127130681793,,
2025-01-06 14:30:00+00:00,0.02797000000000005,,,
2025-01-07 15:00:00+00:00,-0.031970000000000054,-0.02839708027561838,,0.03503718862192007
2025-01-07 16:30:00+00:00,,,0.02335722124487072,
2025-01-13 10:00:00+00:00,,,,-0.03740156476803358
2025-01-13 10:30:00+00:00,-0.031970000000000054,,,
2025-01-15 01:30:00+00:00,0.02797000000000005,,,
2025-01-15 13:30:00+00:00,,0.03236534182290507,,
2025-01-17 14:00:00+00:00,0.028535593776022106,,,
2025-01-17 15:00:00+00:00,,0.033937586442876366,,
2025-01-19 23:00:00+00:00,,-0.039902653849631875,,0.04779679682454785
2025-01-19 23:30:00+00:00,-0.031970000000000054,,,
2025-01-20 01:00:00+00:00,,,0.05024944498046602,
2025-01-20 17:30:00+00:00,-0.03272619702433033,-0.07407203962689246,,
2025-01-21 01:30:00+00:00,,,-0.0743057607090103,
2025-01-23 00:00:00+00:00,,,,-0.0316865524233515
2025-01-23 02:30:00+00:00,,,-0.0437889818360605,
2025-01-23 10:30:00+00:00,-0.031970000000000054,,,
2025-01-27 00:00:00+00:00,,,-0.038198499467778535,
2025-01-27 00:30:00+00:00,-0.03196999999999994,,,
2025-01-27 01:00:00+00:00,,-0.04713593790029125,,
2025-01-31 00:30:00+00:00,,,-0.008766582225677388,
2025-02-01 22:00:00+00:00,-0.031970000000000054,,,
2025-02-03 19:30:00+00:00,0.02797000000000005,,,
2025-02-04 05:00:00+00:00,-0.031970000000000054,,,
2025-02-04 06:00:00+00:00,,,-0.032694954569616796,
2025-02-07 20:00:00+00:00,-0.031970000000000054,,,
2025-02-16 02:00:00+00:00,,-0.0375802139634257,,
2025-02-16 07:30:00+00:00,,,,-0.014793352704599916
2025-02-21 15:30:00+00:00,,,,-0.016090999854806665
2025-02-21 18:00:00+00:00,,,-0.00668039791695163,
2025-02-21 20:30:00+00:00,,-0.03642200450637023,,
2025-03-02 15:00:00+00:00,0.02797000000000005,,,
2025-03-03 05:00:00+00:00,0.04186346179592371,,,
2025-03-03 18:00:00+00:00,,,-0.027894517227129212,0.008679852426019208
2025-03-05 10:00:00+00:00,0.02797000000000005,,,
2025-03-05 16:00:00+00:00,-0.02197999999999989,,,
2025-03-06 01:30:00+00:00,0.02797000000000005,,,
2025-03-06 12:30:00+00:00,-0.02198,,,
2025-03-06 14:30:00+00:00,,,-0.028724658601810504,
2025-03-07 16:00:00+00:00,-0.02198,,,
2025-03-10 14:00:00+00:00,-0.02198,,,
2025-03-10 17:00:00+00:00,,-0.08910787155587774,,
2025-03-11 18:00:00+00:00,0.02797000000000005,,,
2025-03-12 15:00:00+00:00,-0.02198000000000011,,,
2025-03-13 13:30:00+00:00,-0.02198000000000011,,,
2025-03-14 15:00:00+00:00,0.02797000000000005,,,
2025-03-16 11:00:00+00:00,-0.02198000000000011,,,-0.01828603187603106
2025-03-19 18:30:00+00:00,0.02797000000000005,,,
2025-03-20 16:30:00+00:00,-0.02198,,-0.02078607302570845,
2025-03-21 12:30:00+00:00,,,,-0.01554765866723673
2025-03-24 23:00:00+00:00,,0.05339075242197344,,
2025-03-25 07:00:00+00:00,,,0.003245410042691743,
2025-03-26 14:30:00+00:00,,,-0.01652478191870632,
2025-03-28 07:00:00+00:00,,,,0.002019974264234836
2025-03-28 14:00:00+00:00,-0.02198000000000011,,,
2025-04-01 08:00:00+00:00,,0.01220326945143646,,
2025-04-01 14:00:00+00:00,,-0.016476666403848705,,
2025-04-02 06:00:00+00:00,,-0.01751347315349272,-0.0165578047625331,
2025-04-02 20:00:00+00:00,0.02797000000000005,0.014067291884521715,,
2025-04-02 21:00:00+00:00,,,,0.011807854963163722
2025-04-02 22:30:00+00:00,,,-0.039780048841791205,
2025-04-04 11:00:00+00:00,,-0.02050108825932695,,
2025-04-07 03:30:00+00:00,-0.02198,,,
2025-04-07 14:30:00+00:00,,0.02215704178991529,,
2025-04-08 01:30:00+00:00,0.02797000000000005,,,
2025-04-08 17:00:00+00:00,,-0.027172373144639606,,
2025-04-09 17:00:00+00:00,0.02797000000000005,0.027547502169692928,,
2025-04-09 20:30:00+00:00,0.02796999999999983,,,
2025-04-09 22:00:00+00:00,,0.029584476329527876,,
2025-04-10 15:30:00+00:00,,,-0.03861216414430191,-0.02959007532795821
2025-04-13 14:30:00+00:00,,,-0.001914345846349308,
2025-04-13 19:00:00+00:00,,0.006274079539234201,,
2025-04-13 19:30:00+00:00,,,,-0.0058662165316550885
2025-04-15 22:30:00+00:00,,,,-0.02984857556311904
2025-04-20 09:30:00+00:00,,,,-0.014021197398351948
2025-04-21 00:30:00+00:00,0.02797000000000005,,,
2025-04-21 14:00:00+00:00,,0.013670785989850609,,
2025-04-21 17:00:00+00:00,,-0.017481187853927382,,
2025-04-22 13:00:00+00:00,0.02797000000000005,,,
2025-04-22 19:00:00+00:00,,0.014051798988693909,,
2025-04-22 21:30:00+00:00,0.02797000000000005,,,
2025-04-23 13:30:00+00:00,,0.014969105012073047,,
2025-04-24 08:30:00+00:00,-0.02198000000000011,,,
2025-04-26 21:00:00+00:00,,,0.07575113525608201,
2025-04-27 05:00:00+00:00,,-0.018391127986282396,,0.09248849065947917
2025-05-03 01:30:00+00:00,,,-0.007615737044224802,
2025-05-04 10:00:00+00:00,,,,-0.004631768724192353
2025-05-06 13:30:00+00:00,,-0.03712875188122022,,
2025-05-08 08:00:00+00:00,0.02797000000000005,,,
2025-05-08 15:00:00+00:00,,0.026425591549565475,,
2025-05-10 07:00:00+00:00,,0.03094916212893395,,
2025-05-12 13:00:00+00:00,,,0.06430376648926539,
2025-05-12 14:30:00+00:00,,,,0.06361095220595292
2025-05-12 18:30:00+00:00,-0.02198000000000011,,,
2025-05-18 19:30:00+00:00,,,,-0.008542490910556255
2025-05-18 22:00:00+00:00,,,-0.014664117686082001,
2025-05-19 03:00:00+00:00,-0.02198,,,
2025-05-19 04:00:00+00:00,,,-0.028729990539599903,-0.02610153798612269
2025-05-19 05:00:00+00:00,,-0.022018391072571752,,
2025-05-20 11:00:00+00:00,,,-0.015428944198268457,
2025-05-21 17:30:00+00:00,-0.02198,,,
2025-05-21 23:00:00+00:00,,0.03452641383070576,,
2025-05-23 12:00:00+00:00,,,,0.006316669341033032
2025-05-23 12:30:00+00:00,,,0.006005225580581586,
2025-05-27 01:00:00+00:00,,,,-0.026146874714754298
2025-05-28 14:30:00+00:00,,,,-0.02735676859278957
2025-06-04 14:00:00+00:00,,,,-0.01659820009858859
2025-06-09 05:30:00+00:00,,,-0.006224007326120717,
2025-06-09 14:00:00+00:00,,0.0223674255276729,,
2025-06-10 10:30:00+00:00,,0.015118558939198667,,
2025-06-11 18:30:00+00:00,,,0.007095531892860496,
2025-06-11 22:00:00+00:00,,,,0.019173145054187213
2025-06-17 00:00:00+00:00,,,,0.0006675055572544775
2025-06-17 09:00:00+00:00,,,-0.00933216643690149,
2025-06-17 15:00:00+00:00,,-0.026086508918942042,,
2025-06-23 22:00:00+00:00,0.02797000000000005,,,
2025-06-25 13:00:00+00:00,,0.03513094346754708,,
2025-06-27 00:00:00+00:00,,,0.011769498304248005,
2025-06-29 14:30:00+00:00,,,,-0.0035417033096848405
2025-06-30 06:30:00+00:00,,,,-0.006877838695748317
2025-06-30 09:30:00+00:00,,,-0.009860523978251767,
2025-06-30 14:30:00+00:00,,-0.017510832567364187,,
2025-07-03 09:00:00+00:00,,0.013379350909498156,,
2025-07-03 12:30:00+00:00,,,,0.0004971098291830511
2025-07-03 15:30:00+00:00,,,,-0.012166178304149788
2025-07-04 08:00:00+00:00,,,-0.00828070756022703,
2025-07-07 06:30:00+00:00,,,,-0.009790896311028807
2025-07-07 18:00:00+00:00,,-0.02041241393107207,,
2025-07-09 14:30:00+00:00,,,,-0.010126781995536627
2025-07-09 20:30:00+00:00,,,,0.007278783128098931
2025-07-10 21:00:00+00:00,0.02797000000000005,0.015898888388328203,,
2025-07-11 00:00:00+00:00,,,,0.02731071153520559
2025-07-11 15:30:00+00:00,,,,0.00010671786317839604
2025-07-13 14:00:00+00:00,0.02797000000000005,0.024630832951973103,,
2025-07-13 22:00:00+00:00,,,,-0.007168254642888172
2025-07-14 11:00:00+00:00,,,,0.015344704444938628
2025-07-14 14:30:00+00:00,,0.018070081774484326,,
2025-07-15 01:30:00+00:00,-0.031970000000000054,,,
2025-07-15 02:00:00+00:00,,,0.06264311532445133,
2025-07-18 08:30:00+00:00,,,,-0.01335821504392598
2025-07-23 06:00:00+00:00,,,,-0.012059782142623932
2025-07-31 19:30:00+00:00,,-0.0138224984251486,,
2025-08-01 08:30:00+00:00,,,,-0.0347439621865403
2025-08-07 13:30:00+00:00,,0.008998441348925912,,
2025-08-08 21:30:00+00:00,,-0.0006297153952575796,,
2025-08-09 23:30:00+00:00,,,-0.002596127224669731,
2025-08-11 00:00:00+00:00,,0.006709429642461018,,
2025-08-11 06:30:00+00:00,,0.015612049954995655,,
2025-08-11 21:30:00+00:00,-0.03196999999999994,,0.0025219364909363495,
2025-08-13 13:30:00+00:00,,0.007470490546739095,,
2025-08-13 22:00:00+00:00,,0.007903527085796336,,
2025-08-14 05:30:00+00:00,,-0.014729034974680588,,
2025-08-14 13:00:00+00:00,,,-0.025313520250582866,
2025-08-15 13:30:00+00:00,,,,0.038299052249473275
2025-08-18 02:30:00+00:00,,,,-0.021891460280039077
2025-08-19 03:30:00+00:00,,-0.015426243902225911,,
2025-08-21 16:30:00+00:00,,-0.01600568050124318,,
2025-08-22 19:00:00+00:00,,0.012008283789119334,,
2025-08-24 07:00:00+00:00,,,-0.019728134912341266,
2025-08-24 19:30:00+00:00,-0.03196999999999994,,,-0.02045964774514708
2025-08-29 02:00:00+00:00,,,-0.0163791246733056,
2025-08-29 05:30:00+00:00,,-0.017726045875504304,,
2025-09-01 21:30:00+00:00,,-0.01595360082160746,,
2025-09-02 06:00:00+00:00,,0.008500279283025103,,
2025-09-03 14:30:00+00:00,,0.009424124539527234,,
2025-09-04 06:30:00+00:00,,,-0.017882757096618795,
2025-09-05 07:00:00+00:00,,0.00927825416332495,,
2025-09-05 14:00:00+00:00,,-0.015896882454773054,,
2025-09-05 17:00:00+00:00,,,-0.018998319933010266,
2025-09-09 14:30:00+00:00,,-0.015273332484374902,,
2025-09-09 16:00:00+00:00,,,-0.017646808657210578,
2025-09-11 13:30:00+00:00,0.02797000000000005,,,
2025-09-11 21:00:00+00:00,,0.004409889056298466,,
2025-09-12 07:30:00+00:00,,,,0.01237030271751638
2025-09-13 08:00:00+00:00,,-0.0020385680339262136,,
2025-09-13 13:30:00+00:00,,,,-0.006071918164224033
2025-09-14 15:00:00+00:00,,,0.010709828411070266,
2025-09-15 07:30:00+00:00,,,,-0.009969694394917128
2025-09-15 08:30:00+00:00,,-0.011633781529187037,,
2025-09-17 12:00:00+00:00,,,,-0.006276967512030773
2025-09-17 14:00:00+00:00,,-0.011913279628307905,,
2025-09-17 15:00:00+00:00,,,-0.012748669414989311,
2025-09-18 03:00:00+00:00,,0.005884056601429322,,
2025-09-18 23:00:00+00:00,,,,-0.006804295079093747
2025-09-19 09:30:00+00:00,,-0.012153018659371462,,
2025-09-23 18:00:00+00:00,,-0.011928005414396425,,
2025-09-30 00:30:00+00:00,,0.02978662094772888,,
2025-09-30 09:30:00+00:00,,-0.01655508668882011,,
2025-10-02 13:30:00+00:00,,0.029131324826410676,,
2025-10-03 16:00:00+00:00,,0.0290498982388796,,
2025-10-06 18:30:00+00:00,0.017979999999999885,,,
2025-10-07 15:00:00+00:00,,,,0.1059826394029344
2025-10-07 16:00:00+00:00,,-0.02260015932234971,,
2025-10-07 20:30:00+00:00,,,0.09138703966227468,
2025-10-10 15:00:00+00:00,,,,-0.03317494479749128
2025-10-12 15:00:00+00:00,0.017980000000000107,,,
2025-10-14 06:30:00+00:00,,-0.03490090475003804,,
2025-10-14 10:00:00+00:00,-0.03196999999999994,,,
2025-10-16 09:30:00+00:00,,,,-0.024714760346451814
2025-10-21 14:30:00+00:00,0.017980000000000107,,,
2025-10-21 15:00:00+00:00,,0.02859187959203946,,
2025-10-21 22:30:00+00:00,-0.031970000000000054,,,
2025-10-22 07:00:00+00:00,,,-0.030665131688961456,
2025-10-22 10:30:00+00:00,,,,0.001587587589573003
2025-10-28 05:00:00+00:00,,,0.009146170928554742,
2025-10-28 20:00:00+00:00,,-0.027493295844906784,,
2025-10-30 15:30:00+00:00,-0.031970000000000054,,,
2025-11-03 03:30:00+00:00,,,,-0.02453963969961992
2025-11-03 15:00:00+00:00,-0.031970000000000054,,,
2025-11-05 16:30:00+00:00,0.017980000000000107,,,
2025-11-09 18:30:00+00:00,0.017980000000000107,,,
2025-11-11 13:00:00+00:00,,,-0.003961916531120213,
2025-11-12 15:30:00+00:00,,,,-0.010852112564729954
2025-11-16 21:00:00+00:00,-0.031970000000000054,,,
2025-11-17 19:30:00+00:00,,,,-0.050659807455324835
2025-11-18 16:00:00+00:00,0.017980000000000107,,,
2025-11-19 05:00:00+00:00,-0.031970000000000054,,,
2025-11-20 16:00:00+00:00,-0.031970000000000054,,,
2025-11-20 17:00:00+00:00,,,,-0.06170931823929948
2025-11-23 01:30:00+00:00,0.017980000000000107,,,
2025-11-24 11:00:00+00:00,,,-0.02307683647929093,
2025-11-28 16:00:00+00:00,,,,-0.007783152966171714
2025-11-28 19:00:00+00:00,,,0.0072152941388234915,
2025-12-01 00:00:00+00:00,,-0.03249482721097552,,
2025-12-02 10:30:00+00:00,0.007989999999999942,,,
2025-12-02 20:00:00+00:00,0.03435879629211969,,,
2025-12-03 14:00:00+00:00,,,,-0.015773772389557794
2025-12-04 14:30:00+00:00,,,,-0.024764883750152067
2025-12-04 18:00:00+00:00,,,0.008577504417308868,
2025-12-08 01:30:00+00:00,0.007989999999999942,,,
2025-12-09 20:00:00+00:00,0.009781535150877874,,,
2025-12-09 21:30:00+00:00,,,,-0.021159341748142158
2025-12-10 13:00:00+00:00,,,-0.022537588321727475,
2025-12-11 23:30:00+00:00,0.007989999999999942,,,
2025-12-14 16:00:00+00:00,,-0.014758020780149539,,
2025-12-17 16:00:00+00:00,-0.031970000000000054,,,
2025-12-19 08:00:00+00:00,0.007989999999999942,,,
2025-12-22 19:00:00+00:00,,,,-0.016105889038622867
2025-12-22 19:30:00+00:00,,-0.01965177910188831,-0.021603851649628858,
2025-12-29 06:00:00+00:00,0.009394334041742836,,,
2025-12-29 09:30:00+00:00,,-0.017275367368526195,,
2025-12-29 11:00:00+00:00,,,-0.020995321934394573,
2026-01-02 22:00:00+00:00,,0.01073294737005237,,
2026-01-03 11:30:00+00:00,,,0.004117911084253301,
2026-01-06 14:00:00+00:00,,0.01195458907971192,,
2026-01-06 17:00:00+00:00,,,0.020833983973473913,
2026-01-07 15:00:00+00:00,,,,0.031411764220912186
2026-01-12 08:30:00+00:00,,-0.012636905502976803,,
2026-01-12 09:00:00+00:00,,,-0.019622501743036147,
2026-01-14 14:30:00+00:00,0.007989999999999942,,,
2026-01-14 20:00:00+00:00,0.007989999999999942,0.0282499799276974,,
2026-01-15 19:00:00+00:00,,,0.02415852124052731,
2026-01-16 15:30:00+00:00,,-0.036385064583034255,,
2026-01-18 23:30:00+00:00,,,,0.024730593957265068
2026-01-23 17:30:00+00:00,0.007989999999999942,,,
2026-01-29 02:30:00+00:00,,-0.02448259103578887,,
2026-01-29 15:00:00+00:00,,,,-0.026393777216006886
2026-01-31 14:00:00+00:00,-0.031970000000000054,,,
2026-02-01 20:00:00+00:00,-0.031970000000000054,,,
2026-02-02 12:00:00+00:00,0.007989999999999942,,,
2026-02-03 18:30:00+00:00,,,,-0.06765836781248025
2026-02-04 01:30:00+00:00,0.007989999999999942,,,
2026-02-06 06:00:00+00:00,0.008537278726183484,,,
2026-02-06 13:30:00+00:00,0.007990000000000164,,,
2026-02-06 14:30:00+00:00,0.007989999999999942,,,
2026-02-06 20:30:00+00:00,0.03296278064781988,,,
2026-02-07 06:30:00+00:00,-0.03196999999999994,,,
2026-02-08 23:00:00+00:00,0.007989999999999942,,,
2026-02-10 11:30:00+00:00,-0.031970000000000054,,,
2026-02-11 06:30:00+00:00,,-0.04796793973828872,,
2026-02-11 10:30:00+00:00,,,,-0.03502544698111332
2026-02-12 11:00:00+00:00,0.007989999999999942,,,
2026-02-14 08:00:00+00:00,0.007990000000000164,,,
2026-02-15 14:00:00+00:00,,,-0.019989229848704992,
2026-02-17 14:30:00+00:00,,,,-0.01367314865222935
2026-02-18 02:30:00+00:00,,-0.028447717674661144,,
2026-02-23 01:00:00+00:00,,,,-0.014216734710506995
2026-02-25 16:00:00+00:00,0.02797000000000005,,,
2026-02-26 01:30:00+00:00,,0.03519346887047847,,
2026-02-26 16:30:00+00:00,-0.03196999999999994,,,
2026-02-27 11:30:00+00:00,,-0.03871137329660046,-0.010123691350636177,0.014031484534157146
2026-03-02 15:00:00+00:00,0.02796999999999983,,,
2026-03-02 16:30:00+00:00,,0.040748456000401,,
2026-03-03 09:30:00+00:00,-0.031970000000000165,,,
2026-03-03 10:00:00+00:00,,,-0.04170231029360005,
2026-03-04 08:30:00+00:00,0.02797000000000005,,,
2026-03-04 16:30:00+00:00,0.02797000000000005,,,
2026-03-05 07:30:00+00:00,,0.047449405541411416,,
2026-03-05 16:00:00+00:00,-0.03196999999999994,,,
2026-03-05 19:00:00+00:00,,,-0.009404422156587655,
2026-03-06 12:30:00+00:00,,,,0.05357802718585991
2026-03-10 02:30:00+00:00,0.02797000000000005,,,
2026-03-10 09:00:00+00:00,,0.03242914315383816,,
2026-03-11 11:30:00+00:00,-0.031970000000000054,,,
2026-03-11 12:00:00+00:00,,,-0.014339639282047956,
2026-03-13 17:30:00+00:00,,-0.029629999936547025,,
2026-03-14 00:00:00+00:00,,,-0.01435290886442775,
2026-03-14 10:30:00+00:00,,,,0.0312686595534617
2026-03-16 03:30:00+00:00,,0.016057416596341856,,
2026-03-17 00:00:00+00:00,,0.0189023024254098,,
2026-03-18 11:30:00+00:00,,-0.027631505626652064,,
2026-03-18 12:00:00+00:00,,,0.0038065772183502045,0.017759002529558643
2026-03-21 23:30:00+00:00,,,,-0.024857202375797027
2026-03-29 22:30:00+00:00,,,,-0.02541695554868384
2026-03-31 01:30:00+00:00,0.007990000000000164,,,
2026-03-31 17:00:00+00:00,0.007990000000000164,,,
2026-04-02 02:00:00+00:00,-0.031970000000000054,,,
2026-04-02 04:00:00+00:00,,,-0.018074207492795424,
2026-04-02 13:30:00+00:00,,,,-0.021821339686270202
2026-04-06 09:00:00+00:00,0.007989999999999942,,,
2026-04-07 21:00:00+00:00,,0.015307713399210998,,
2026-04-08 02:30:00+00:00,0.012839494137315777,,,
2026-04-09 22:00:00+00:00,0.007989999999999942,,,
2026-04-11 18:30:00+00:00,,0.02671204337873756,,
2026-04-12 01:30:00+00:00,,,,0.06107338367762627
2026-04-12 04:30:00+00:00,,,0.058252208421625706,
2026-04-13 19:30:00+00:00,0.007989999999999942,,,
2026-04-13 22:00:00+00:00,0.007989999999999942,,,
2026-04-14 07:00:00+00:00,0.007989999999999942,,,
2026-04-17 09:00:00+00:00,,0.02746923264690082,,
2026-04-17 13:30:00+00:00,0.007989999999999942,,,
2026-04-18 22:00:00+00:00,,,,0.05659248085816704
2026-04-19 02:30:00+00:00,,,0.03997378174478605,
2026-04-19 07:00:00+00:00,-0.031970000000000054,-0.030708308642168447,,
2026-04-22 05:00:00+00:00,0.007989999999999942,,,
2026-04-22 14:00:00+00:00,0.007990000000000164,,,
2026-04-27 05:00:00+00:00,,-0.01663773575850036,,
2026-04-27 15:00:00+00:00,,,,-0.017010848195326056
2026-04-29 16:30:00+00:00,,,-0.02827238060901882,
2026-04-29 18:00:00+00:00,,,,-0.026028861072681653
2026-05-04 02:00:00+00:00,,0.019367839642617568,,
2026-05-04 10:00:00+00:00,,-0.01937584069789622,,
2026-05-06 11:00:00+00:00,0.02797000000000005,,,
2026-05-07 15:00:00+00:00,,,0.03897863498516774,0.04078973034300781
2026-05-11 03:00:00+00:00,,-0.01667951569825621,,
2026-05-12 14:00:00+00:00,,,-0.009071108493490798,
2026-05-12 16:30:00+00:00,,,,-0.008628739429998089
2026-05-13 15:30:00+00:00,,,,-0.02954241756220577
2026-05-15 13:30:00+00:00,-0.031970000000000054,-0.022370598685442777,,-0.01650884493352911
2026-05-15 14:30:00+00:00,,,-0.032337074522862164,
2026-05-17 23:30:00+00:00,,,,-0.021365741821229745
2026-05-22 15:30:00+00:00,,,-0.009790444888158056,
2026-05-22 18:30:00+00:00,,,,-0.01728189750673037
2026-06-01 07:30:00+00:00,,,,-0.015966333246608788
2026-06-03 20:30:00+00:00,-0.031970000000000054,,,
2026-06-05 06:00:00+00:00,-0.031970000000000054,,,
2026-06-06 04:30:00+00:00,-0.031970000000000054,,,
2026-06-07 05:00:00+00:00,0.007990000000000164,,,
2026-06-08 12:30:00+00:00,0.007989999999999942,,,
2026-06-09 15:00:00+00:00,,,-0.022869253838199044,
2026-06-09 16:00:00+00:00,,,,-0.010267988436389874
2026-06-11 06:00:00+00:00,0.007989999999999942,,,
2026-06-15 03:30:00+00:00,0.007990000000000164,,,
2026-06-16 14:00:00+00:00,,,,0.04735691711811585
2026-06-17 09:30:00+00:00,,,0.0324951310482573,
2026-06-17 11:00:00+00:00,,-0.033541290708665294,,
2026-06-17 19:30:00+00:00,-0.031970000000000054,,,-0.031201326123407647
2026-06-22 22:30:00+00:00,,,,0.004503695820797349
2026-06-23 05:00:00+00:00,-0.031970000000000054,,,
2026-06-23 06:00:00+00:00,,,-0.011253041283446064,
2026-06-24 13:30:00+00:00,,,,-0.02726116601918549
2026-06-25 13:30:00+00:00,-0.02198,,,
2026-06-26 10:30:00+00:00,-0.02198,,,
2026-06-29 14:00:00+00:00,-0.02198,,,
2026-06-30 12:00:00+00:00,,,,-0.031672219102484855
2026-07-03 12:00:00+00:00,0.02797000000000005,,,
2026-07-04 17:30:00+00:00,,0.03578164057683253,,
2026-07-06 12:00:00+00:00,,,,0.04698150117061206
2026-07-06 13:00:00+00:00,,,0.028577035881174995,
2026-07-07 05:00:00+00:00,-0.02198,,,
2026-07-08 06:30:00+00:00,,,-0.019768620799394676,
2026-07-08 08:00:00+00:00,,,,-0.026308687793961116
2026-07-13 03:00:00+00:00,,,2.033120683964107e-05,0.0018952765340574107
2026-07-13 03:30:00+00:00,-0.02198000000000011,,,
2026-07-17 00:00:00+00:00,,,-0.0033265280003604847,
2026-07-17 00:30:00+00:00,,,,0.009695222508858459
2026-07-17 08:30:00+00:00,-0.02198,,,
2026-07-17 19:00:00+00:00,,0.005989980370153081,,
2026-07-20 06:30:00+00:00,,,,-0.010121192556364011
2026-07-21 07:30:00+00:00,0.02797000000000005,,,
2026-07-23 07:00:00+00:00,-0.02198,,,
2026-07-27 04:00:00+00:00,,0.007578950920164695,,
2026-07-27 14:30:00+00:00,,-0.014808776644788857,,
2026-07-27 23:30:00+00:00,,,-0.01616563924307024,
2026-07-31 09:30:00+00:00,,,-0.01749146148390046,
2026-08-03 08:00:00+00:00,,-0.01552558630552281,,
2026-08-04 23:00:00+00:00,0.007989999999999942,,,
2026-08-07 17:30:00+00:00,,,,-0.008829406698674047
2026-08-09 23:00:00+00:00,,,,-0.00926088288389626
2026-08-10 15:30:00+00:00,,,0.005694815236281903,
2026-08-18 05:00:00+00:00,,0.007530688778088823,,
2026-08-18 13:30:00+00:00,,,,-0.009306685876142917
2026-08-19 03:00:00+00:00,,,,-0.006176261774494929
2026-08-19 14:00:00+00:00,,0.012850770507906173,,
2026-08-19 17:00:00+00:00,,,,0.046693387757145155
2026-08-19 19:30:00+00:00,0.03222954100687758,,,
2026-08-20 03:00:00+00:00,,,,-0.010041727936561218
2026-08-20 08:00:00+00:00,0.007989999999999942,,,
2026-08-20 13:00:00+00:00,0.007989999999999942,,,
2026-08-20 16:30:00+00:00,,0.05819058908079633,,
2026-08-21 05:00:00+00:00,0.007989999999999942,,,
2026-08-21 09:00:00+00:00,,,,0.11150153127026563
2026-08-21 11:30:00+00:00,0.011187102221858147,,,
2026-08-21 12:00:00+00:00,,0.054944660876796725,,
2026-08-25 07:30:00+00:00,,,,-0.0032978334716855517
2026-08-25 15:30:00+00:00,0.02797000000000005,,,
2026-08-28 02:30:00+00:00,,,,-0.02046555980578424
2026-08-28 16:00:00+00:00,-0.03196999999999994,,,
2026-08-30 23:00:00+00:00,,-0.021596431473170807,,
2026-08-31 02:00:00+00:00,,,-0.017552321800459736,
2026-09-01 17:00:00+00:00,,,-0.02087098003907195,
2026-09-04 12:30:00+00:00,,,,-0.014538048626865474
2026-09-06 23:00:00+00:00,0.02797000000000005,,,
2026-09-07 10:00:00+00:00,,,0.008423500321804722,
2026-09-08 13:30:00+00:00,-0.031970000000000054,,,
2026-09-09 20:30:00+00:00,,,-0.021937251264209645,
2026-09-10 12:30:00+00:00,-0.031970000000000054,-0.04517473921026838,,
2026-09-15 08:00:00+00:00,,-0.02799049509583429,-0.014341123583042514,
2026-09-15 14:30:00+00:00,-0.031970000000000054,,,
2026-09-18 13:30:00+00:00,,0.024898675885260957,,
2026-09-19 19:30:00+00:00,0.06591891873097522,,,
2026-09-20 02:30:00+00:00,,,,0.00840611049037343
2026-09-21 01:30:00+00:00,,,,-0.014796890267327334
2026-09-23 08:30:00+00:00,,,,-0.013596528861506307
2026-09-23 16:00:00+00:00,-0.031970000000000054,,,
2026-09-25 13:30:00+00:00,,,,-0.01796584655166278
2026-09-27 22:00:00+00:00,,,,-0.0025715967420160135
2026-09-28 03:00:00+00:00,,,-0.01838614239050307,
2026-09-29 15:00:00+00:00,,,,-0.015682897590766465
2026-09-30 14:00:00+00:00,,,,-0.008779531431708842
