exit_time,accurate,vol_adjusted,trend_reversal,donchian_breakout
2018-04-03 09:05:00+00:00,1.0190542678581143,,,
2018-04-04 01:25:00+00:00,0.9966554550505929,,,
2018-04-04 14:00:00+00:00,,0.9457563956759573,,
2018-04-05 12:00:00+00:00,0.9747489681485809,,,
2018-04-07 06:10:00+00:00,0.9874060834999903,,,
2018-04-07 23:15:00+00:00,0.9657028977846605,,,
2018-04-08 12:10:00+00:00,0.9782425499123941,,,
2018-04-08 17:00:00+00:00,0.9567407786653197,,,
2018-04-09 09:00:00+00:00,,0.9865699238796779,,
2018-04-09 10:15:00+00:00,0.935711616350256,,,1.0115799482453722
2018-04-09 10:25:00+00:00,,,1.0062467313879608,
2018-04-12 06:55:00+00:00,,,,1.0075075466605234
2018-04-12 07:05:00+00:00,,,0.9906467156402708,
2018-04-12 16:15:00+00:00,,1.044721654138267,,
2018-04-12 16:25:00+00:00,0.9911272738059438,,,
2018-04-12 22:05:00+00:00,0.969342296327689,,,
2018-04-13 07:45:00+00:00,0.981929206045504,,,
2018-04-13 20:35:00+00:00,0.9603464020966238,,,
2018-04-13 21:05:00+00:00,,,,1.122858117667376
2018-04-13 22:20:00+00:00,,,1.0713722302498951,
2018-04-14 07:30:00+00:00,0.9728165001278483,,,
2018-04-16 02:10:00+00:00,0.9514339934550382,,,1.1252990936108487
2018-04-16 03:00:00+00:00,,,1.0758042765158822,
2018-04-17 18:55:00+00:00,,,,1.0925610086505004
2018-04-17 19:05:00+00:00,,,1.0422546278688933,
2018-04-18 14:55:00+00:00,0.9305214742788964,,,
2018-04-19 02:45:00+00:00,0.9426042956224079,,,
2018-04-20 22:20:00+00:00,0.9548440124010646,,,
2018-04-20 22:25:00+00:00,,1.0714431890215084,,
2018-04-21 03:30:00+00:00,0.9694626723602711,,,
2018-04-21 07:05:00+00:00,,1.0972535294439414,,
2018-04-21 07:55:00+00:00,0.9481538828217922,,,
2018-04-21 08:45:00+00:00,,,,1.169952028673376
2018-04-22 11:40:00+00:00,0.9604656609902332,,,
2018-04-22 23:10:00+00:00,,,,1.142516715742185
2018-04-22 23:25:00+00:00,,,1.1287175519115662,
2018-04-24 05:35:00+00:00,0.9729373075981914,,,
2018-04-24 13:30:00+00:00,,1.1264869418229282,,
2018-04-25 03:55:00+00:00,0.9515521455771832,1.0931788837761645,,
2018-04-25 04:35:00+00:00,,,,1.1812265954845684
2018-04-25 04:55:00+00:00,,,1.1510090848790084,
2018-04-25 22:20:00+00:00,0.9639080501875027,,,
2018-04-26 06:35:00+00:00,0.9427213512443813,,,
2018-04-27 01:15:00+00:00,0.9618655334620042,,,
2018-04-27 19:50:00+00:00,0.9407237290365095,,,
2018-04-27 20:25:00+00:00,,,1.1458716409069767,1.1646856495455964
2018-04-28 08:30:00+00:00,0.9529390266580485,,,
2018-04-29 01:30:00+00:00,0.9653129399192031,,,
2018-04-29 08:45:00+00:00,0.944095361499779,,,
2018-04-29 09:00:00+00:00,,,,1.145986611870397
2018-04-29 09:10:00+00:00,,,1.1388987758941458,
2018-04-29 11:55:00+00:00,,1.0867971213438827,,
2018-04-30 07:15:00+00:00,,,1.110786746926593,
2018-05-03 16:55:00+00:00,,1.1068116935665475,,
2018-05-03 21:55:00+00:00,0.9624140000143596,,,
2018-05-03 23:05:00+00:00,,1.1287427766851197,,
2018-05-04 15:40:00+00:00,0.941260140294044,,,
2018-05-06 05:55:00+00:00,0.9205712424103809,,,
2018-05-06 06:00:00+00:00,,,,1.1989392271523067
2018-05-07 01:00:00+00:00,0.9003370865022008,,,
2018-05-08 11:15:00+00:00,0.8805476773408824,,,
2018-05-09 17:05:00+00:00,0.8919815889311538,,,
2018-05-10 17:15:00+00:00,,,,1.170945825210867
2018-05-10 17:35:00+00:00,,,1.0886260983501945,
2018-05-10 18:15:00+00:00,,1.0958404498383427,,
2018-05-11 20:35:00+00:00,0.8723758336064469,,,
2018-05-12 15:20:00+00:00,0.8532010127837771,,,
2018-05-13 04:55:00+00:00,0.8344476545227897,,,
2018-05-13 20:40:00+00:00,0.845282957316768,,,
2018-05-14 03:10:00+00:00,0.8267036379149453,,,
2018-05-14 03:30:00+00:00,,,,1.1318044052584502
2018-05-14 03:45:00+00:00,,,1.0653757541692086,
2018-05-14 10:25:00+00:00,,1.0751330038750126,,
2018-05-14 19:00:00+00:00,0.8374383846532708,,,
2018-05-15 14:35:00+00:00,,,,1.096336929097806
2018-05-15 15:05:00+00:00,,,1.0362401124622798,
2018-05-16 00:45:00+00:00,,1.0321878948605243,,
2018-05-16 13:15:00+00:00,0.8190314889585918,,,
2018-05-19 11:50:00+00:00,0.8296666128427191,,,
2018-05-19 22:40:00+00:00,0.811430540692436,,,
2018-05-21 14:40:00+00:00,,,,1.0961088218714345
2018-05-21 14:55:00+00:00,,,1.053413571306978,
2018-05-21 18:00:00+00:00,0.7935952974080163,1.008285148153313,,
2018-05-24 07:50:00+00:00,0.7761520727709881,,,
2018-05-24 19:05:00+00:00,0.7862304074359194,,,
2018-05-25 19:25:00+00:00,0.768949063080478,,,
2018-05-26 22:35:00+00:00,0.752047562673969,,,
2018-05-26 22:45:00+00:00,,,1.0228734682823433,
2018-05-29 16:05:00+00:00,0.7655704913455776,,,
2018-05-29 16:10:00+00:00,,1.0299046081153491,,
2018-05-30 01:15:00+00:00,0.7755114241757,,,
2018-05-30 15:00:00+00:00,,,,1.0755617228812413
2018-05-30 15:25:00+00:00,,,1.027136877400487,
2018-05-31 17:45:00+00:00,0.7855814400186214,,,
2018-06-01 11:50:00+00:00,,1.0004169276986326,,1.0502268174984168
2018-06-02 16:10:00+00:00,,,1.0145357338764887,
2018-06-03 06:45:00+00:00,,,,1.0524448995380111
2018-06-03 14:30:00+00:00,,,1.0043205090792215,
2018-06-04 06:35:00+00:00,,0.9847958011548281,,
2018-06-04 11:00:00+00:00,0.7722383392599051,,,
2018-06-06 04:05:00+00:00,,,1.000611101982806,
2018-06-06 18:00:00+00:00,,0.9711133946505864,,
2018-06-07 00:55:00+00:00,0.7861231845997981,,,
2018-06-07 09:25:00+00:00,,,0.9947008296780003,
2018-06-08 10:20:00+00:00,,0.9569588319217797,,
2018-06-11 14:10:00+00:00,0.7727708823093706,,,
2018-06-12 03:40:00+00:00,0.759645368873346,,,
2018-06-14 13:05:00+00:00,0.7467427922830322,,,
2018-06-14 18:10:00+00:00,0.7606448621792324,,,
2018-06-15 11:25:00+00:00,,0.9310227725034017,,
2018-06-18 00:15:00+00:00,,0.9153437323334144,,
2018-06-18 00:55:00+00:00,0.7477253091951181,,,
2018-06-19 03:15:00+00:00,,,0.9854731939895722,
2018-06-19 12:55:00+00:00,0.7611694102544464,,,
2018-06-19 13:10:00+00:00,,0.9364811501216084,,
2018-06-19 13:20:00+00:00,,,,1.0507701992520173
2018-06-20 21:55:00+00:00,,,0.9781109466422031,
2018-06-21 09:50:00+00:00,,0.9226867964272777,,
2018-06-22 01:40:00+00:00,0.7482409478212746,,,
2018-06-25 12:00:00+00:00,0.761694320063101,,,
2018-06-26 00:55:00+00:00,0.7487569420368292,,,
2018-06-27 02:50:00+00:00,,0.9098868597181149,,
2018-06-29 23:35:00+00:00,0.7716984974264205,,,
2018-06-30 01:40:00+00:00,,,,1.0665221546547254
2018-06-30 02:35:00+00:00,,0.9601934993918182,,
2018-06-30 03:55:00+00:00,0.7585911984476327,,,
2018-06-30 14:30:00+00:00,,,0.9963842442168577,
2018-07-02 13:35:00+00:00,,,,1.074780949615748
2018-07-02 13:50:00+00:00,,,,1.068170074820412
2018-07-02 19:20:00+00:00,,,,1.0614610748310023
2018-07-03 00:25:00+00:00,,,0.9927367581132359,
2018-07-03 06:55:00+00:00,,0.9632624863220195,,
2018-07-03 10:30:00+00:00,0.7494956899782456,,,
2018-07-04 13:20:00+00:00,,,,1.0675596204421454
2018-07-04 14:45:00+00:00,0.7405092366554065,,,
2018-07-05 00:20:00+00:00,,0.931827346961187,,
2018-07-07 23:35:00+00:00,,,,1.062761776289203
2018-07-08 03:25:00+00:00,,0.9407556506860955,,
2018-07-08 23:00:00+00:00,,,0.9871524284497384,
2018-07-08 23:05:00+00:00,0.7316305309079081,,,
2018-07-13 04:00:00+00:00,,0.9498526613785059,,
2018-07-13 19:10:00+00:00,0.7228582808423223,,,
2018-07-16 04:15:00+00:00,,0.9451131067517234,,
2018-07-16 11:30:00+00:00,0.7358552727318671,,,
2018-07-16 13:40:00+00:00,,0.9603722354770104,,
2018-07-16 23:30:00+00:00,,,,1.0568914945905545
2018-07-17 00:00:00+00:00,,,,1.0556777634189332
2018-07-17 04:05:00+00:00,,0.9681215085466273,,
2018-07-17 04:20:00+00:00,,,,1.0509813731312865
2018-07-17 05:45:00+00:00,,,1.0078318325293463,
2018-07-17 15:45:00+00:00,,,,1.047626641845386
2018-07-17 16:00:00+00:00,,,,1.0417816274595577
2018-07-17 17:35:00+00:00,,0.9756259346563644,,
2018-07-17 17:50:00+00:00,,,,1.0913735927675954
2018-07-17 18:10:00+00:00,,,,1.1017769138130344
2018-07-17 18:25:00+00:00,,,,1.0947597217596974
2018-07-17 18:45:00+00:00,0.7713655686461279,,,
2018-07-17 19:35:00+00:00,0.7621168954780609,,,
2018-07-17 21:45:00+00:00,,1.0247294060045478,,
2018-07-18 03:05:00+00:00,,1.045517539604173,,
2018-07-18 03:15:00+00:00,,,,1.0978489109342735
2018-07-18 04:10:00+00:00,0.7529791139012789,,,
2018-07-18 08:30:00+00:00,,,1.0053634040917998,
2018-07-18 18:10:00+00:00,,,,1.090076950256637
2018-07-19 16:45:00+00:00,,,0.9905422618886052,
2018-07-20 16:45:00+00:00,0.7439508943256026,,,1.0896074693497944
2018-07-20 17:00:00+00:00,,1.0138276929126697,,
2018-07-23 04:50:00+00:00,,,,1.0823035336553706
2018-07-23 06:00:00+00:00,,1.030369940643312,,
2018-07-23 06:30:00+00:00,,,,1.0748225716160866
2018-07-23 07:05:00+00:00,,,,1.0675978058100184
2018-07-23 07:25:00+00:00,0.757327131405577,1.0412866309718143,,
2018-07-23 07:30:00+00:00,,,,1.0703788856319223
2018-07-23 18:35:00+00:00,,,,1.0530042564769995
2018-07-23 23:25:00+00:00,,,1.0011449357414774,
2018-07-24 04:40:00+00:00,,,,1.0460688478510047
2018-07-24 04:55:00+00:00,,,,1.0441209372953526
2018-07-24 05:35:00+00:00,,,,1.0524985399257338
2018-07-24 05:50:00+00:00,,,,1.0453923864642962
2018-07-24 07:35:00+00:00,,,,1.038766395296015
2018-07-24 09:45:00+00:00,,1.0543842532289545,,
2018-07-24 10:35:00+00:00,0.7709438732282493,,,
2018-07-24 11:00:00+00:00,,,,1.0441997234738993
2018-07-24 11:35:00+00:00,,,,1.0438811359102147
2018-07-24 12:15:00+00:00,,,,1.0533728227998351
2018-07-24 12:30:00+00:00,0.7617002561882427,,,
2018-07-24 22:40:00+00:00,,1.0685882599427268,,
2018-07-24 23:50:00+00:00,,,,1.059801477764599
2018-07-25 00:35:00+00:00,,,,1.0525247000759799
2018-07-25 03:40:00+00:00,,,1.0458072389297475,
2018-07-25 09:20:00+00:00,,1.0384725146719713,,
2018-07-26 16:00:00+00:00,,1.0230866554353533,,
2018-07-27 16:25:00+00:00,0.7753956267945074,,,
2018-07-28 00:25:00+00:00,,,1.0399810537002252,
2018-07-28 08:50:00+00:00,,1.0280733288597144,,
2018-07-31 08:55:00+00:00,0.7660986332292412,,,
2018-07-31 10:15:00+00:00,,1.0049214518342704,,
2018-08-01 11:30:00+00:00,0.7530864479438426,,,
2018-08-02 08:55:00+00:00,,,,1.0479519914469162
2018-08-02 10:10:00+00:00,0.7402952746255165,,,
2018-08-02 12:40:00+00:00,,0.9857093811703757,,
2018-08-03 18:55:00+00:00,,,,1.0499041991393792
2018-08-03 19:10:00+00:00,,,1.0339688631223354,
2018-08-05 13:15:00+00:00,,,,1.0433461227936913
2018-08-06 07:35:00+00:00,,,,1.0366479170021898
2018-08-07 13:55:00+00:00,,,,1.0460515588019343
2018-08-07 14:35:00+00:00,,,1.0305157751367944,
2018-08-09 08:30:00+00:00,,,,1.0302507497005833
2018-08-09 21:00:00+00:00,0.7462102338697743,,,
2018-08-09 21:35:00+00:00,,1.0066926615698755,,
2018-08-09 23:55:00+00:00,0.7335358530474962,,,1.0464792297957983
2018-08-10 01:35:00+00:00,,,1.025554989428528,
2018-08-10 16:45:00+00:00,0.7210767465834845,,,
2018-08-11 23:25:00+00:00,,,,1.072411621130171
2018-08-11 23:40:00+00:00,,,1.009489908305948,
2018-08-11 23:45:00+00:00,0.708829258042764,0.9791499986295837,,
2018-08-12 12:45:00+00:00,,,,1.056755653423185
2018-08-12 19:40:00+00:00,,,,1.0388131660848552
2018-08-13 13:10:00+00:00,0.6967897930949076,,0.9981192040058592,1.0291989117837423
2018-08-14 14:50:00+00:00,0.6849548184591906,,,
2018-08-15 02:10:00+00:00,0.6904276074586796,,,
2018-08-15 04:10:00+00:00,0.6959441240422743,,,
2018-08-15 07:35:00+00:00,0.7015047175933722,,,
2018-08-15 09:25:00+00:00,0.6895896599650488,,,1.0546309657710418
2018-08-15 10:40:00+00:00,,,1.0111809557434772,
2018-08-15 19:05:00+00:00,0.6778769795905425,,,
2018-08-15 19:20:00+00:00,,,,1.0532444807662174
2018-08-15 19:45:00+00:00,,0.9551216214220895,,
2018-08-15 19:50:00+00:00,,,0.9857863534403148,
2018-08-16 10:40:00+00:00,0.6832932166574709,,,
2018-08-16 12:25:00+00:00,,,,1.0399504589463648
2018-08-17 04:20:00+00:00,0.688752729458564,,,
2018-08-17 05:40:00+00:00,0.6770542643487103,,,
2018-08-17 10:25:00+00:00,,,,1.031183002276778
2018-08-17 10:35:00+00:00,,,0.9816749747141811,
2018-08-17 22:00:00+00:00,,0.9522228170757167,,
2018-08-18 02:55:00+00:00,,,,1.0212828908803067
2018-08-19 15:05:00+00:00,,,,1.0137017695155588
2018-08-20 04:10:00+00:00,,,0.9773032527742678,
2018-08-20 04:50:00+00:00,,,,1.0087939501779934
2018-08-20 06:50:00+00:00,,0.9362907831924875,,
2018-08-20 09:20:00+00:00,0.6655544976687474,,,
2018-08-20 22:05:00+00:00,,,,0.9944767048376181
2018-08-21 13:35:00+00:00,,,,0.9810133804998494
2018-08-21 13:40:00+00:00,,,0.9754340747893024,
2018-08-22 01:00:00+00:00,0.6708722781051206,0.9472493645575855,,
2018-08-22 02:05:00+00:00,,,,1.0144238041704485
2018-08-22 04:05:00+00:00,0.6762325476071805,,,
2018-08-22 07:55:00+00:00,,,0.957196261168291,
2018-08-22 15:55:00+00:00,,0.9286830862953098,,
2018-08-23 14:05:00+00:00,0.6816356456625619,,,
2018-08-23 19:30:00+00:00,,,,1.0066043641527285
2018-08-24 12:10:00+00:00,,,,1.0075522318435228
2018-08-24 21:35:00+00:00,0.6870819144714057,,,
2018-08-25 04:00:00+00:00,,,,1.0232350415741285
2018-08-25 04:25:00+00:00,,,0.956825757586485,
2018-08-25 18:10:00+00:00,,0.9258466704092402,,
2018-08-26 02:15:00+00:00,,,,1.0130645607051934
2018-08-26 15:50:00+00:00,,,0.951626618283568,1.0024021251515054
2018-08-27 12:45:00+00:00,,,,0.9953002987198034
2018-08-28 11:05:00+00:00,0.6925716989680322,0.9339498303037852,,
2018-08-28 16:25:00+00:00,0.6808083686610601,0.9222347035091912,,1.0295900666856437
2018-08-28 17:05:00+00:00,,,0.9672399296159033,
2018-08-28 21:55:00+00:00,,,,1.0205157767053783
2018-08-29 14:45:00+00:00,,,0.9571791747155479,1.010970337039375
2018-08-31 04:55:00+00:00,,0.9303230185001351,,
2018-08-31 21:15:00+00:00,,,,0.9996332020668328
2018-09-01 10:35:00+00:00,,0.938017451387129,,
2018-09-01 12:00:00+00:00,,,,0.9931329009809304
2018-09-01 19:50:00+00:00,,0.9456541280291542,,
2018-09-01 20:20:00+00:00,,,,1.0022430594275364
2018-09-02 11:35:00+00:00,,,,0.9946006028146936
2018-09-03 00:05:00+00:00,0.6930493031295859,,,
2018-09-04 12:00:00+00:00,0.7055103295998559,,,
2018-09-04 13:15:00+00:00,,,,0.9922871990270041
2018-09-05 09:50:00+00:00,0.690003212555251,,,
2018-09-05 16:50:00+00:00,0.6748369419432866,,,
2018-09-05 23:40:00+00:00,0.660004025959373,,,
2018-09-06 09:35:00+00:00,0.6454971374687859,,,
2018-09-08 17:45:00+00:00,0.631309110387222,,,
2018-09-09 13:35:00+00:00,0.650961421932853,,,
2018-09-09 22:00:00+00:00,0.6366532898787689,0.9266497493390202,,
2018-09-09 22:35:00+00:00,,,0.9328554539455459,
2018-09-11 14:55:00+00:00,0.6226596505672335,,,
2018-09-11 15:05:00+00:00,,,0.9161108849404035,
2018-09-12 08:20:00+00:00,,,0.898120632925599,
2018-09-13 04:15:00+00:00,0.6377930855014876,,,
2018-09-13 05:45:00+00:00,,,,0.9848159112180568
2018-09-13 13:50:00+00:00,,0.9352353140308697,,
2018-09-13 19:30:00+00:00,,,,0.9853456472556961
2018-09-14 02:40:00+00:00,0.6492606051788045,,,
2018-09-14 08:05:00+00:00,,,,0.980298737921682
2018-09-14 08:55:00+00:00,0.6349898570769743,,,
2018-09-16 04:20:00+00:00,,,0.918453441345738,
2018-09-17 13:45:00+00:00,,,0.9085730889815252,
2018-09-17 14:15:00+00:00,0.6210327800184224,,,
2018-09-18 19:55:00+00:00,,0.9234167391652331,,
2018-09-19 12:00:00+00:00,,,0.8934453850734586,
2018-09-19 18:35:00+00:00,,,0.879725722160307,
2018-09-19 18:55:00+00:00,0.6073824795136175,,,
2018-09-20 13:05:00+00:00,,,,0.9796897583895151
2018-09-20 16:05:00+00:00,,0.9254160229611169,,
2018-09-20 20:35:00+00:00,0.594032212613908,,,
2018-09-21 07:15:00+00:00,0.6047129117967062,,,
2018-09-21 07:35:00+00:00,,0.9371828496215763,,
2018-09-21 15:35:00+00:00,,,,1.0019283974748283
2018-09-21 20:05:00+00:00,0.615585649950811,,,
2018-09-21 21:00:00+00:00,,,,0.9863945425656381
2018-09-22 00:05:00+00:00,,0.9498082951835916,,
2018-09-22 02:55:00+00:00,,,,0.9772520610257108
2018-09-22 08:35:00+00:00,0.6020550773648922,,,
2018-09-24 07:10:00+00:00,,,0.8997860694220425,
2018-09-24 23:00:00+00:00,0.5888219067644118,,,
2018-09-25 18:10:00+00:00,0.5758796012537301,,,
2018-09-26 15:25:00+00:00,0.5862339164842721,,,
2018-09-27 23:50:00+00:00,,0.9579611489287224,,
2018-09-27 23:55:00+00:00,0.5968140541677056,,,
2018-09-28 08:30:00+00:00,,,,0.9994419510359738
2018-09-28 09:30:00+00:00,0.5836960812570995,,,
2018-09-29 01:35:00+00:00,0.5708664413910685,,,
2018-09-29 01:45:00+00:00,,,0.8990344145437049,
2018-10-01 11:00:00+00:00,,,,0.9847454189886808
2018-10-01 15:00:00+00:00,,,0.8886268812266022,
2018-10-04 21:20:00+00:00,,,,0.9719692548592154
2018-10-05 02:45:00+00:00,0.5640217527587895,,,
2018-10-05 15:35:00+00:00,,0.9591362987066693,,
2018-10-05 22:25:00+00:00,,,,0.9679003059735624
2018-10-07 08:35:00+00:00,,,0.8797041367561254,
2018-10-08 12:50:00+00:00,,,,0.9688883051334808
2018-10-08 13:10:00+00:00,,0.9514408215182113,,
2018-10-09 08:15:00+00:00,,0.9435629969555603,,
2018-10-09 13:55:00+00:00,,,0.8795126175894579,
2018-10-14 09:30:00+00:00,,,,0.9662932189916635
2018-10-15 05:50:00+00:00,,,,0.9957217211459581
2018-10-15 06:10:00+00:00,,,,1.0218183925911284
2018-10-15 06:50:00+00:00,,,,1.0844907914132786
2018-10-15 09:00:00+00:00,0.5906105921779811,1.0055866450693611,,
2018-10-15 11:50:00+00:00,0.583529171177767,,,
2018-10-15 13:05:00+00:00,0.5765326564153457,,,
2018-10-16 06:15:00+00:00,0.5696200298649258,,,
2018-10-17 00:20:00+00:00,,0.9869527313125223,,
2018-10-18 15:30:00+00:00,,,0.922908536078305,
2018-10-21 22:15:00+00:00,,,,1.0765331703107404
2018-10-22 00:35:00+00:00,,,0.9181606439081708,
2018-10-24 15:55:00+00:00,,0.9794289402864245,,
2018-10-24 23:25:00+00:00,,,0.9081478253694569,
2018-10-31 16:05:00+00:00,,,,1.0703624872287139
2018-11-01 09:25:00+00:00,,0.974655657717556,,
2018-11-01 22:40:00+00:00,,,,1.06309277058323
2018-11-02 02:50:00+00:00,,,0.9020744524770277,
2018-11-02 07:15:00+00:00,,,,1.056495829752789
2018-11-04 15:50:00+00:00,,0.9768849242261671,,
2018-11-04 16:00:00+00:00,,,,1.0560903954538734
2018-11-04 19:50:00+00:00,,,,1.0499539494299037
2018-11-05 09:25:00+00:00,,0.9713658085007583,,
2018-11-07 03:55:00+00:00,,0.9759383446440525,,
2018-11-07 14:15:00+00:00,,,,1.0542647381009738
2018-11-07 21:25:00+00:00,,0.9729507556112943,,
2018-11-11 23:55:00+00:00,,0.9752261074635737,,
2018-11-12 01:20:00+00:00,,,,1.0475483041384273
2018-11-12 17:30:00+00:00,,0.96750925564066,,
2018-11-13 23:35:00+00:00,,0.9666819159987465,,
2018-11-14 09:55:00+00:00,,,,1.03657773902397
2018-11-15 02:05:00+00:00,0.55994503365767,,,
2018-11-15 02:50:00+00:00,,0.9289287657745172,,
2018-11-15 16:40:00+00:00,0.5504343672609945,,,
2018-11-15 17:35:00+00:00,0.5408921608657465,,,
2018-11-16 09:45:00+00:00,0.5317051075134418,,,
2018-11-16 12:25:00+00:00,,0.923179947603125,,
2018-11-18 20:00:00+00:00,,,,1.0294277674545347
2018-11-20 04:40:00+00:00,0.522674096262326,,,
2018-11-20 12:35:00+00:00,0.5320717765131225,,,
2018-11-20 17:25:00+00:00,,,0.8737404210400639,
2018-11-20 17:30:00+00:00,0.5416384270548285,,,
2018-11-20 20:00:00+00:00,,0.8683848680031098,,
2018-11-20 23:30:00+00:00,0.5324386983713021,,,
2018-11-20 23:55:00+00:00,0.5420119461680182,,,
2018-11-21 00:40:00+00:00,0.5328058732623544,,,
2018-11-21 07:20:00+00:00,0.5423857228636114,,,
2018-11-21 13:50:00+00:00,0.5331733013607729,,,
2018-11-22 01:55:00+00:00,0.5427597573192396,,,
2018-11-22 03:10:00+00:00,0.5335409828411724,,,
2018-11-23 16:45:00+00:00,0.524478789247615,,,
2018-11-24 02:30:00+00:00,,0.8654870449945677,,
2018-11-24 07:05:00+00:00,0.5155705170122443,,,
2018-11-25 09:20:00+00:00,0.5068135517807913,,,
2018-11-25 11:10:00+00:00,0.4982053236037946,,,
2018-11-25 11:30:00+00:00,0.48974330618238415,,,
2018-11-25 15:25:00+00:00,0.4814250161268763,,,
2018-11-25 20:50:00+00:00,,0.8951591710767425,,
2018-11-25 23:40:00+00:00,0.4971255542842322,,,
2018-11-26 01:25:00+00:00,0.4886818767447145,,,
2018-11-26 08:00:00+00:00,0.4803816150682056,,,
2018-11-26 14:45:00+00:00,,0.8552058706431602,,
2018-11-26 20:00:00+00:00,0.4722223333362721,,,
2018-11-27 01:25:00+00:00,0.4642016370045555,,,
2018-11-27 07:20:00+00:00,0.45631717220003315,,,
2018-11-27 15:25:00+00:00,0.44856662503021555,,,
2018-11-28 00:40:00+00:00,0.45663185294825887,,,
2018-11-28 07:40:00+00:00,0.46839278884875196,,,
2018-11-28 08:40:00+00:00,,,0.8639429780671418,
2018-11-28 14:35:00+00:00,,0.8836011691463975,,
2018-11-28 15:55:00+00:00,0.47681449119225244,,,
2018-11-28 21:55:00+00:00,0.468715797059352,,,
2018-11-28 22:10:00+00:00,,,,1.0413293663909962
2018-11-29 07:45:00+00:00,0.4607546592462989,,,
2018-11-29 12:55:00+00:00,0.45292874135900046,,,
2018-11-29 13:00:00+00:00,,,0.8490398583815411,1.0090868229735996
2018-11-30 00:20:00+00:00,0.447498125750106,,,
2018-11-30 18:55:00+00:00,0.4421326232223622,,,
2018-12-01 12:20:00+00:00,0.44903346104645014,,,
2018-12-01 16:00:00+00:00,,0.8980386883171547,,
2018-12-01 17:40:00+00:00,0.4436495498485032,,,
2018-12-01 20:45:00+00:00,,,0.8607648032934246,
2018-12-02 03:00:00+00:00,0.43833019174581966,,,
2018-12-04 08:30:00+00:00,0.44402190928563906,,,
2018-12-04 14:15:00+00:00,,0.9102279236094645,,
2018-12-04 15:30:00+00:00,0.4386980865933043,,,
2018-12-04 16:20:00+00:00,,,0.8536151056337542,
2018-12-06 10:10:00+00:00,0.4334380965350506,,,
2018-12-06 10:50:00+00:00,,0.8894357303880893,,
2018-12-07 06:05:00+00:00,0.42824117375759535,,,
2018-12-07 21:10:00+00:00,0.4193369454160612,,,
2018-12-08 01:05:00+00:00,0.41430909544052263,,,
2018-12-08 02:10:00+00:00,0.4093415293861908,,,
2018-12-08 04:00:00+00:00,,0.8935362048054173,,
2018-12-08 16:50:00+00:00,0.4044335244488504,,,
2018-12-08 23:10:00+00:00,0.39833072944625314,,,
2018-12-09 01:30:00+00:00,0.40350305396811276,0.9126666237505842,,
2018-12-09 16:20:00+00:00,0.40874254112388864,,,
2018-12-09 17:55:00+00:00,,,,1.0123548936985045
2018-12-09 19:30:00+00:00,0.4038417180558132,,,
2018-12-09 21:55:00+00:00,,,0.8530125949824311,
2018-12-12 13:15:00+00:00,,,0.8407668311243737,
2018-12-12 17:25:00+00:00,,,,0.9971632023497223
2018-12-16 07:45:00+00:00,0.398999655856324,,,
2018-12-16 07:50:00+00:00,,,0.8424011535441909,
2018-12-16 12:00:00+00:00,,0.9074472308029249,,
2018-12-17 14:15:00+00:00,,0.916237240442431,,
2018-12-17 14:25:00+00:00,0.4041806663876183,,,
2018-12-17 15:25:00+00:00,0.39933454019763076,,,
2018-12-17 20:40:00+00:00,,0.9256463140801705,,
2018-12-17 21:15:00+00:00,0.3945465190606612,0.9082406453419861,,
2018-12-17 21:20:00+00:00,,,,1.0273260585577864
2018-12-17 23:10:00+00:00,,,0.8617466696632172,
2018-12-18 17:20:00+00:00,0.38981590629712387,0.8899556440997002,,
2018-12-18 17:30:00+00:00,,,0.8498173666549633,
2018-12-19 01:15:00+00:00,0.39621518606424305,,,
2018-12-19 02:45:00+00:00,,0.9013960736193855,,
2018-12-19 06:35:00+00:00,,,,1.050591808248353
2018-12-19 07:10:00+00:00,0.3914645659833328,,,
2018-12-19 07:20:00+00:00,,,0.8546059584378519,
2018-12-19 12:40:00+00:00,0.3965477333726264,,,
2018-12-19 13:50:00+00:00,0.39179312604948857,0.8817970923091364,,
2018-12-19 13:55:00+00:00,,,,1.067196585860522
2018-12-19 14:50:00+00:00,,,0.8479680971170082,
2018-12-20 03:05:00+00:00,0.3870955264681552,,,
2018-12-20 10:20:00+00:00,,0.9139573734148289,,
2018-12-20 10:30:00+00:00,0.4102315719564114,,,
2018-12-20 11:35:00+00:00,0.405312895408654,,,
2018-12-20 11:40:00+00:00,,,,1.067747759125075
2018-12-20 17:20:00+00:00,0.4004531937927043,,,
2018-12-20 17:50:00+00:00,,,,1.041211521687556
2018-12-20 20:10:00+00:00,,,0.8539498028802263,
2018-12-21 01:30:00+00:00,0.40565307851410254,,,
2018-12-21 01:50:00+00:00,,0.9323168792522937,,
2018-12-21 02:10:00+00:00,0.39724116349855765,,,
2018-12-21 08:35:00+00:00,0.3924782419482099,,,
2018-12-21 13:35:00+00:00,0.38777242782725085,,,
2018-12-22 11:30:00+00:00,0.3831230364176021,,,
2018-12-22 12:20:00+00:00,,,0.8389801478055395,
2018-12-23 07:20:00+00:00,,,0.8311208488294773,
2018-12-23 08:50:00+00:00,,0.9322201503952097,,
2018-12-23 10:50:00+00:00,0.38809788904548465,,,
2018-12-24 02:45:00+00:00,0.4004877908590154,0.9595658739080245,,
2018-12-24 06:25:00+00:00,,,,1.0639815493014293
2018-12-24 10:20:00+00:00,,,0.8325133785838312,
2018-12-24 15:50:00+00:00,0.3956859422466158,,,
2018-12-25 20:35:00+00:00,0.39094166779907885,,,
2018-12-26 06:50:00+00:00,0.3862542772021679,,,
2018-12-27 00:10:00+00:00,0.38162308841851383,,,
2018-12-28 17:40:00+00:00,0.39643006362267097,0.9717897701838761,,
2018-12-29 02:30:00+00:00,,,,1.0596188536012432
2018-12-29 02:40:00+00:00,,,0.8422962423134029,
2018-12-29 23:40:00+00:00,0.39167686715983513,,,
2018-12-30 12:00:00+00:00,0.39480636532844227,,,
2019-01-01 23:15:00+00:00,,0.9788901776595758,,
2019-01-02 06:40:00+00:00,0.39007263700815425,,,
2019-01-02 08:05:00+00:00,,0.9780151920259136,,
2019-01-02 14:15:00+00:00,,,,1.052577141669168
2019-01-03 00:30:00+00:00,,,,1.0409111945754137
2019-01-03 16:25:00+00:00,,,0.8303334171270847,
2019-01-05 00:15:00+00:00,,0.9834906910433292,,
2019-01-05 10:25:00+00:00,,,0.8220772356358705,
2019-01-06 19:20:00+00:00,0.3935293930129423,0.9922062148442107,,
2019-01-06 21:00:00+00:00,,,,1.0458329548522698
2019-01-08 14:30:00+00:00,,,,1.0383760692135473
2019-01-08 15:55:00+00:00,,,,1.0279756624775107
2019-01-08 23:40:00+00:00,,,0.8493561076848316,
2019-01-09 13:25:00+00:00,,,0.8395795093990861,
2019-01-14 17:35:00+00:00,,1.0041536320405002,,
2019-01-14 18:30:00+00:00,0.3966736928631157,,,
2019-01-15 20:35:00+00:00,,,0.8239319178610064,
2019-01-17 16:25:00+00:00,,0.9912861671964591,,
2019-01-18 12:30:00+00:00,,,0.8156688242532956,
2019-01-19 13:10:00+00:00,,,,1.019486333206428
2019-01-19 18:25:00+00:00,0.391917575285687,0.9783278632819267,,
2019-01-20 11:35:00+00:00,,,0.7887183578270301,
2019-01-22 14:15:00+00:00,,0.984410641662478,,
2019-01-22 15:45:00+00:00,0.3950489967122196,,,
2019-01-22 19:25:00+00:00,,,,1.014055609460021
2019-01-23 16:00:00+00:00,,,0.7778757292947782,
2019-01-25 08:45:00+00:00,,,0.7715670326695594,
2019-01-26 08:50:00+00:00,,0.9750958356673708,,
2019-01-26 08:55:00+00:00,,,,1.0063111992719715
2019-01-26 15:40:00+00:00,,,0.7643371258373696,
2019-01-30 19:40:00+00:00,,,,1.006773893939062
2019-01-31 04:10:00+00:00,,,,0.9988346877157898
2019-01-31 08:40:00+00:00,,,0.7644753300977143,
2019-02-01 19:10:00+00:00,,0.9782615179801918,,
2019-02-02 05:20:00+00:00,,,0.7607622851599111,
2019-02-02 16:00:00+00:00,,,0.7552089918664007,
2019-02-03 00:35:00+00:00,,,,0.9943251596794945
2019-02-03 03:10:00+00:00,,0.9704027368633205,,
2019-02-03 07:10:00+00:00,,,0.7481001726953947,
2019-02-04 08:15:00+00:00,,0.9691812152640618,,
2019-02-05 00:40:00+00:00,,,0.7431086273971065,
2019-02-08 14:00:00+00:00,,0.9709180897892868,,
2019-02-08 17:30:00+00:00,,,,1.049290558197186
2019-02-08 18:50:00+00:00,,1.0225873482240881,,
2019-02-10 07:00:00+00:00,,,0.7841308771257759,
2019-02-11 00:05:00+00:00,,1.013866132081021,,
2019-02-11 01:10:00+00:00,,,0.7772536121401916,
2019-02-12 00:10:00+00:00,0.3903123592416401,,,
2019-02-12 22:30:00+00:00,,,0.7685570260577388,
2019-02-13 08:30:00+00:00,,,0.7604884098654779,
2019-02-15 10:05:00+00:00,,,0.7551062592100428,
2019-02-15 14:25:00+00:00,,,,1.0362662347161955
2019-02-17 00:05:00+00:00,,,0.7517445748089068,
2019-02-17 10:40:00+00:00,,1.0044133011053054,,
2019-02-17 10:45:00+00:00,,,,1.0285924525228682
2019-02-17 12:05:00+00:00,,,0.7472358015906413,
2019-02-18 01:25:00+00:00,,,,1.017595165691999
2019-02-18 01:40:00+00:00,,1.0076970501500704,,
2019-02-18 03:05:00+00:00,,1.0116759107287197,,
2019-02-18 07:20:00+00:00,,1.015733667613792,,
2019-02-18 13:20:00+00:00,,1.0206096442419437,,
2019-02-18 14:40:00+00:00,0.38563251405433285,,,
2019-02-18 15:05:00+00:00,,,,1.0185036549579343
2019-02-18 16:00:00+00:00,,1.0258658158368967,,
2019-02-18 16:45:00+00:00,0.3795317058880307,,,1.0148490367409944
2019-02-18 17:05:00+00:00,,1.0067369510301023,,
2019-02-18 18:15:00+00:00,,1.0138616149715813,,
2019-02-19 01:05:00+00:00,,,,1.0093832946745602
2019-02-19 01:25:00+00:00,,0.9984556778221941,,
2019-02-19 14:35:00+00:00,,,,0.9956907191191513
2019-02-19 21:40:00+00:00,,0.9818377740150825,,
2019-02-20 00:20:00+00:00,,,0.797810078414906,
2019-02-21 09:05:00+00:00,,,0.7916522041789633,
2019-02-22 07:35:00+00:00,,,0.7846156389209147,
2019-02-23 04:40:00+00:00,,,0.7798135406252382,
2019-02-23 19:50:00+00:00,,1.0046144833754285,,
2019-02-23 20:20:00+00:00,0.38635568595989755,,,
2019-02-24 04:40:00+00:00,,,,1.0335847503669828
2019-02-24 08:45:00+00:00,,0.9921470002678385,,
2019-02-24 14:05:00+00:00,,,0.783341986028988,
2019-02-28 03:30:00+00:00,,0.9897524826208329,,
2019-02-28 16:40:00+00:00,,,,1.017208806399785
2019-03-04 00:45:00+00:00,,0.9907209713123113,,
2019-03-04 03:00:00+00:00,,0.9837749714852629,,
2019-03-04 08:20:00+00:00,,0.9758010109325006,,
2019-03-04 16:00:00+00:00,,0.9732851251037176,,
2019-03-05 14:35:00+00:00,,0.9800706139973969,,
2019-03-05 16:50:00+00:00,,0.969343385741446,,
2019-03-06 00:30:00+00:00,,,,1.0130297985104146
2019-03-06 01:30:00+00:00,,,0.7826453166110457,
2019-03-06 10:40:00+00:00,0.3913725145420868,,,
2019-03-06 11:30:00+00:00,,,,1.0018948319609238
2019-03-08 07:05:00+00:00,,0.9605915162791623,,
2019-03-08 07:45:00+00:00,,,,0.9920985062136257
2019-03-08 21:40:00+00:00,,,0.7758272739442175,
2019-03-09 00:25:00+00:00,,0.9637590751001023,,
2019-03-09 11:30:00+00:00,,0.9581541023620572,,
2019-03-09 16:55:00+00:00,,0.9477786317188115,,
2019-03-09 17:00:00+00:00,,,,0.9877653276098932
2019-03-12 09:30:00+00:00,,0.9497266975468958,,
2019-03-13 14:50:00+00:00,,0.9415822192307226,,
2019-03-14 14:25:00+00:00,,0.9266458632667106,,0.9720963671720634
2019-03-14 19:50:00+00:00,,0.9248331730507366,,
2019-03-15 15:55:00+00:00,,0.926571099407553,,
2019-03-15 21:30:00+00:00,,,0.7723329215834274,
2019-03-16 05:20:00+00:00,,0.9371654486445681,,
2019-03-16 06:10:00+00:00,,,,0.9903510164745588
2019-03-16 12:30:00+00:00,,,0.7763228129843406,
2019-03-18 04:55:00+00:00,,0.9293068620012975,,
2019-03-18 05:35:00+00:00,,,0.7682839521553132,
2019-03-19 14:45:00+00:00,,0.9227963166983113,,
2019-03-19 19:00:00+00:00,,0.916279012812431,,
2019-03-20 01:15:00+00:00,,,0.7604536615566151,
2019-03-20 15:00:00+00:00,,0.917180896791918,,
2019-03-21 05:40:00+00:00,,,0.7546505320821669,
2019-03-21 13:25:00+00:00,,,,0.9854604157352647
2019-03-21 20:25:00+00:00,,0.9176185780814082,,
2019-03-25 17:20:00+00:00,,0.9119842086617871,,
2019-03-25 20:20:00+00:00,,0.9054531263210123,,
2019-03-25 23:25:00+00:00,,0.906597440913189,,
2019-03-26 00:10:00+00:00,,0.9077612718447796,,
2019-03-26 11:50:00+00:00,,0.9008719068758871,,
2019-03-26 15:40:00+00:00,,0.9021602356850037,,
2019-03-27 02:00:00+00:00,,0.9049337700712852,,
2019-03-27 14:50:00+00:00,,0.9013773599731595,,
2019-03-28 00:20:00+00:00,,,,0.9867324446160081
2019-03-28 03:45:00+00:00,,,0.7607495233119962,
2019-03-29 04:45:00+00:00,,0.8956883979868301,,
2019-03-29 05:00:00+00:00,,,,0.9808613178484386
2019-03-29 06:10:00+00:00,,,0.7560701215020057,
2019-03-29 07:40:00+00:00,,0.8962878524736845,,
2019-03-29 09:10:00+00:00,,0.8969267010287839,,
2019-03-29 10:15:00+00:00,,0.8976674589785655,,
2019-03-29 11:35:00+00:00,,0.8985327430498069,,
2019-03-29 12:05:00+00:00,,0.8915054709486643,,
2019-03-29 12:35:00+00:00,,,,0.9807622619198251
2019-03-29 20:25:00+00:00,,,0.7585270563031755,
2019-03-30 00:55:00+00:00,,,,0.9794992845024532
2019-03-30 04:00:00+00:00,,0.8797735124890204,,
2019-04-01 01:20:00+00:00,,,,0.9730622118179375
2019-04-01 07:20:00+00:00,,,,0.9697617936658867
2019-04-01 14:10:00+00:00,,,,0.9683139431318702
2019-04-01 14:40:00+00:00,,0.8829483434326506,,
2019-04-01 14:45:00+00:00,,,,0.9653006997726397
2019-04-02 00:55:00+00:00,,,,0.9615405347357355
2019-04-02 03:00:00+00:00,,,,0.961547421118362
2019-04-02 03:45:00+00:00,,,,0.9576397971540517
2019-04-02 04:30:00+00:00,,0.8858723260991139,,
2019-04-02 04:40:00+00:00,,,,1.0010858094721924
2019-04-02 05:00:00+00:00,,,,1.013217115868228
2019-04-02 05:25:00+00:00,,,,1.04452677909297
2019-04-02 08:55:00+00:00,,0.9490991832369623,,
2019-04-02 09:20:00+00:00,0.4206068133927183,,,
2019-04-02 14:05:00+00:00,0.41346280666724294,,,
2019-04-02 23:20:00+00:00,,,,1.0361325540693211
2019-04-02 23:50:00+00:00,,,,1.029798771654883
2019-04-03 00:35:00+00:00,,,,1.027550403049067
2019-04-03 03:10:00+00:00,,,,1.0334211976615342
2019-04-03 04:10:00+00:00,0.4197153791263275,,,
2019-04-03 16:15:00+00:00,,,,1.032568207853141
2019-04-03 17:15:00+00:00,,,,1.0278525902122386
2019-04-03 18:55:00+00:00,,,,1.0209520409823887
2019-04-03 20:10:00+00:00,0.42327962897137655,,,
2019-04-03 20:25:00+00:00,,,,1.0265844327626075
2019-04-03 21:40:00+00:00,,,,1.0202280734158309
2019-04-03 22:40:00+00:00,0.41609022447329774,,,
2019-04-03 23:25:00+00:00,,,0.8989677485489347,
2019-04-04 06:20:00+00:00,0.41941478536683935,,,
2019-04-05 05:05:00+00:00,0.4227659095019204,,,
2019-04-06 19:55:00+00:00,0.42671430279517575,,,
2019-04-06 21:00:00+00:00,,0.9241694566807819,,
2019-04-06 21:20:00+00:00,,,0.876676231731597,
2019-04-07 16:05:00+00:00,0.4194665603621997,,,
2019-04-07 16:25:00+00:00,,,0.8629268896899757,
2019-04-08 01:25:00+00:00,,,,1.0138595681820302
2019-04-08 02:35:00+00:00,0.4228180981794937,,,
2019-04-08 07:30:00+00:00,,,0.8478244383566964,
2019-04-08 08:35:00+00:00,,0.8974708334978942,,
2019-04-08 22:20:00+00:00,0.4261964147839478,,,
2019-04-09 03:50:00+00:00,,,0.8321141475355999,
2019-04-10 18:40:00+00:00,,,,1.023144027789374
2019-04-10 20:35:00+00:00,,0.8768306428493139,,
2019-04-10 20:40:00+00:00,0.4117822732444139,,,
2019-04-11 03:25:00+00:00,,,0.8319908161267207,
2019-04-12 20:35:00+00:00,,,0.8225934815442761,
2019-04-13 08:25:00+00:00,,,0.8152055230041624,
2019-04-14 03:50:00+00:00,,,0.8068346093896611,
2019-04-15 10:55:00+00:00,,,0.8005029169627733,
2019-04-15 16:00:00+00:00,,0.873925078904671,,
2019-04-17 00:05:00+00:00,0.41507241360763686,,,
2019-04-17 00:10:00+00:00,,0.8811694720351035,,
2019-04-18 04:10:00+00:00,,,,1.0207267689162611
2019-04-18 09:10:00+00:00,,,0.8040706441061168,
2019-04-18 20:00:00+00:00,,,,1.0166992768703964
2019-04-18 21:40:00+00:00,,,,1.0115352900036625
2019-04-19 16:30:00+00:00,,,,1.010739297635356
2019-04-20 08:10:00+00:00,,,,1.0063336025065952
2019-04-22 15:45:00+00:00,,,,0.9961364476715405
2019-04-22 18:25:00+00:00,,,,0.9903494831191221
2019-04-22 19:05:00+00:00,,,,0.9896112177393491
2019-04-23 03:15:00+00:00,,0.8871201972156463,,
2019-04-23 03:25:00+00:00,,,,0.9853599428895613
2019-04-23 03:55:00+00:00,,,,0.9846379641845381
2019-04-23 04:15:00+00:00,,,,0.9836222773673015
2019-04-23 04:20:00+00:00,0.41838884219236194,,,
2019-04-23 04:30:00+00:00,,,,0.99303650214589
2019-04-23 08:15:00+00:00,,0.8941863766420027,,
2019-04-23 09:40:00+00:00,0.41128250770772473,,,
2019-04-23 22:20:00+00:00,,,0.8371018524602465,
2019-04-25 21:55:00+00:00,,,0.8260084291255179,
2019-04-26 06:40:00+00:00,,,0.7985490072103438,
2019-04-26 16:00:00+00:00,0.40429687431430905,,,
2019-04-26 16:25:00+00:00,,0.8649569125008192,,
2019-05-01 17:10:00+00:00,,0.8741206580486899,,
2019-05-02 08:40:00+00:00,0.4115661321144804,,,
2019-05-03 02:05:00+00:00,,0.8821203688749654,,
2019-05-03 06:25:00+00:00,0.4189660911698987,,,
2019-05-03 07:20:00+00:00,,0.8906469689779828,,
2019-05-03 08:50:00+00:00,0.42649910148913345,,,
2019-05-03 11:25:00+00:00,,0.9004133492286551,,
2019-05-04 01:40:00+00:00,,0.9135006178778766,,
2019-05-04 01:45:00+00:00,0.434167555333908,,,
2019-05-04 04:05:00+00:00,0.42462455246766867,,,
2019-05-04 13:40:00+00:00,,,,1.0781674435191217
2019-05-04 14:25:00+00:00,,,0.8570680681272412,
2019-05-04 22:15:00+00:00,0.4322593019210374,,,
2019-05-06 00:55:00+00:00,,0.8851142976094496,,
2019-05-06 01:20:00+00:00,0.42275824246481297,,,
2019-05-06 01:30:00+00:00,,,,1.0669378268860166
2019-05-06 01:55:00+00:00,,,0.8423014337728187,
2019-05-07 04:00:00+00:00,0.4349929398693072,,,
2019-05-07 13:40:00+00:00,,0.8987835059284118,,
2019-05-07 23:55:00+00:00,,,,1.0912021381986363
2019-05-08 23:20:00+00:00,0.4428141129281573,,,
2019-05-09 05:00:00+00:00,0.4507759106786055,,,
2019-05-09 22:45:00+00:00,,0.916651801541472,,
2019-05-10 16:35:00+00:00,0.4588808615526069,,,
2019-05-10 16:50:00+00:00,,0.9318829117305756,,
2019-05-10 20:50:00+00:00,0.4487946602156806,,,
2019-05-11 02:55:00+00:00,0.4568639882063585,,,
2019-05-11 04:45:00+00:00,0.4650784027143088,,,
2019-05-11 08:10:00+00:00,,0.973905542180038,,
2019-05-11 16:30:00+00:00,0.4741149167007553,,,
2019-05-11 22:00:00+00:00,0.4826395029030348,,,
2019-05-11 23:35:00+00:00,0.4969086328046945,,,
2019-05-12 00:30:00+00:00,,0.9332969232790594,,
2019-05-12 05:25:00+00:00,0.5058430500225228,,,
2019-05-12 08:20:00+00:00,0.4947246197830278,,,
2019-05-12 09:50:00+00:00,0.48345874108969333,,,
2019-05-12 11:35:00+00:00,,0.8879772878447474,,
2019-05-12 11:40:00+00:00,,,,1.295609461341079
2019-05-12 14:00:00+00:00,0.47283231796054187,,,
2019-05-12 15:45:00+00:00,,,0.9997875790064478,
2019-05-12 18:15:00+00:00,0.48133384303747234,,,
2019-05-12 21:45:00+00:00,0.48998822553528615,,,
2019-05-13 12:35:00+00:00,0.5041667078559698,,,
2019-05-13 16:15:00+00:00,0.5314884478715454,,,
2019-05-13 21:30:00+00:00,,0.9312984148211962,,
2019-05-13 22:25:00+00:00,0.5444661182146345,,,
2019-05-14 01:25:00+00:00,0.5542556190201338,,,
2019-05-14 02:25:00+00:00,0.5420730805140711,,,
2019-05-14 08:10:00+00:00,0.5580170462155009,,,
2019-05-14 08:45:00+00:00,0.5457518315396841,,,
2019-05-14 10:15:00+00:00,0.5337562062824418,,,
2019-05-14 16:00:00+00:00,0.5220242448683537,,,
2019-05-14 18:35:00+00:00,0.5105501519661473,,,
2019-05-14 19:15:00+00:00,,,,1.4144185685343482
2019-05-14 20:50:00+00:00,0.4993282596259313,,,
2019-05-14 23:45:00+00:00,0.5083061817340055,,,
2019-05-15 18:40:00+00:00,0.517445526881583,,,
2019-05-16 02:50:00+00:00,0.5267491974549139,,,
2019-05-16 10:10:00+00:00,0.5151712500948549,,,
2019-05-16 10:15:00+00:00,,,,1.3933284062439857
2019-05-16 12:55:00+00:00,0.5038477860177699,,,
2019-05-16 13:00:00+00:00,,,1.0867404683090502,
2019-05-16 20:55:00+00:00,0.49277321168109933,,,
2019-05-17 01:40:00+00:00,0.4819420564883487,,,
2019-05-17 03:00:00+00:00,,,,1.3052964029362926
2019-05-17 04:55:00+00:00,0.4713489700867348,,,
2019-05-17 10:30:00+00:00,0.4609887197242284,,,
2019-05-17 16:05:00+00:00,0.4508561876646899,,,
2019-05-17 17:05:00+00:00,0.44094636865982,,,
2019-05-17 22:15:00+00:00,0.45086919108125173,,,
2019-05-18 09:30:00+00:00,0.4409590862612858,,,
2019-05-19 03:10:00+00:00,0.4628452012231493,,,
2019-05-19 04:50:00+00:00,0.4711671579411416,,,
2019-05-19 12:20:00+00:00,0.46081090380959533,,,
2019-05-19 22:35:00+00:00,0.4690962838600919,,,
2019-05-19 22:45:00+00:00,,0.9767845301070802,,
2019-05-20 00:05:00+00:00,0.45878554754084705,,,
2019-05-20 00:45:00+00:00,,,,1.4179049615239694
2019-05-20 08:50:00+00:00,0.4487014412058992,,,
2019-05-20 13:10:00+00:00,,,,1.3196500916981126
2019-05-20 20:45:00+00:00,0.4567690931187812,,,
2019-05-21 11:35:00+00:00,0.4467293084520304,,,
2019-05-22 11:10:00+00:00,0.4369101982522548,,,
2019-05-22 20:15:00+00:00,0.42730691209467025,,,
2019-05-22 21:50:00+00:00,,,,1.28676738803933
2019-05-22 22:15:00+00:00,,,1.1416673211236594,
2019-05-23 00:20:00+00:00,0.41791470616682935,,,
2019-05-23 09:10:00+00:00,0.40872894092528245,,,
2019-05-23 15:00:00+00:00,0.41607788728311906,,,
2019-05-24 08:20:00+00:00,0.4235589676964695,,,
2019-05-24 16:05:00+00:00,0.43117455793565196,,,
2019-05-24 23:05:00+00:00,0.42169734115222635,,,
2019-05-26 11:20:00+00:00,0.4124284335937004,,,
2019-05-26 20:40:00+00:00,0.431921515593018,,,
2019-05-26 22:10:00+00:00,0.4396874644433805,,,
2019-05-27 01:00:00+00:00,,1.0334502066620954,,
2019-05-27 15:35:00+00:00,0.44759304505407255,,,
2019-05-27 16:40:00+00:00,0.43775494992378405,,,
2019-05-28 13:30:00+00:00,0.42813309612445927,,,
2019-05-29 04:25:00+00:00,0.4187227306716437,,,
2019-05-29 04:35:00+00:00,,,,1.4340092597770842
2019-05-29 05:15:00+00:00,,,1.2697772484526593,
2019-05-30 16:15:00+00:00,,1.011023207937085,,1.428825842826975
2019-05-30 16:20:00+00:00,0.4092346067053413,,,
2019-05-30 21:30:00+00:00,,,1.2052349149983421,
2019-05-31 04:30:00+00:00,0.4002396300499579,,,
2019-05-31 18:30:00+00:00,0.40743593859825616,,,
2019-06-01 09:10:00+00:00,0.4147616367742529,,,
2019-06-02 12:00:00+00:00,0.42221905100345397,,,
2019-06-02 13:15:00+00:00,0.41293867626239805,,,1.4175423158238056
2019-06-03 05:50:00+00:00,0.4038622841581505,,,
2019-06-03 07:00:00+00:00,,,1.2195189297789406,
2019-06-03 14:45:00+00:00,0.39498539115235437,,,
2019-06-03 23:10:00+00:00,0.3863036122548256,0.9889019762777106,,
2019-06-03 23:50:00+00:00,,,1.1617252199148225,
2019-06-04 17:15:00+00:00,0.37781265885746457,,,
2019-06-05 07:40:00+00:00,0.3846057304637218,,,
2019-06-05 14:40:00+00:00,0.3761520965081292,,,
2019-06-06 14:45:00+00:00,0.3678842734268805,,,
2019-06-06 18:30:00+00:00,,,1.1088349904053143,
2019-06-07 06:05:00+00:00,0.3744988326630958,,,
2019-06-07 19:20:00+00:00,0.3812323216743782,,,
2019-06-08 06:00:00+00:00,,,,1.4190032049887973
2019-06-08 07:00:00+00:00,0.37285283524397533,,,
2019-06-08 16:35:00+00:00,0.36465752992531275,,,
2019-06-08 17:30:00+00:00,,,1.1146565749288733,
2019-06-09 12:30:00+00:00,0.3566423574175544,,,
2019-06-09 13:30:00+00:00,,,1.086024067524449,
2019-06-09 22:05:00+00:00,0.34880335840151655,,,
2019-06-10 11:25:00+00:00,0.35507484278557583,,,
2019-06-11 10:10:00+00:00,0.34727029774114887,0.9653164423551283,,1.3919037395872562
2019-06-11 11:45:00+00:00,,,1.0888168044530917,
2019-06-12 12:15:00+00:00,0.3535142176945348,,,
2019-06-12 15:10:00+00:00,0.35987040332868253,,,
2019-06-13 10:25:00+00:00,,,,1.3938734242289013
2019-06-13 22:20:00+00:00,0.3663408731805322,,,
2019-06-15 00:30:00+00:00,,0.9833681846304443,,
2019-06-15 01:10:00+00:00,0.3789329605442305,,,
2019-06-15 16:30:00+00:00,,1.0024498899691563,,
2019-06-16 04:55:00+00:00,,1.0220632696112468,,
2019-06-16 08:45:00+00:00,,,,1.525113940221305
2019-06-16 08:50:00+00:00,0.3938148140418577,,,
2019-06-16 14:00:00+00:00,,1.0430239471446279,,
2019-06-16 19:35:00+00:00,0.3851587644292177,,,
2019-06-17 10:45:00+00:00,0.3920839190136551,,,
2019-06-17 23:10:00+00:00,0.3991335878775206,,,
2019-06-18 03:25:00+00:00,0.39036063161597273,,,
2019-06-18 05:30:00+00:00,,,,1.4902999624499358
2019-06-18 07:35:00+00:00,,,1.255582870940287,
2019-06-18 15:20:00+00:00,0.38178050493305365,,,
2019-06-18 16:55:00+00:00,,,1.2227552024884942,
2019-06-20 02:55:00+00:00,0.3886449184117499,,,
2019-06-20 08:45:00+00:00,,,,1.4680562991764734
2019-06-20 23:50:00+00:00,0.3956327540447932,,,
2019-06-21 09:55:00+00:00,,1.0626165511372705,,
2019-06-21 13:30:00+00:00,0.40274623096251855,,,
2019-06-22 00:10:00+00:00,,1.040009908375143,,
2019-06-22 05:35:00+00:00,,1.090812468732937,,
2019-06-22 06:20:00+00:00,0.4349840605767576,,,
2019-06-22 14:30:00+00:00,0.4480113722295735,,,1.6596122047606565
2019-06-22 19:00:00+00:00,0.4381640822679675,,,
2019-06-23 10:35:00+00:00,0.4285332357397176,,,
2019-06-23 22:25:00+00:00,,1.0450074507536236,,
2019-06-23 22:40:00+00:00,0.43623826331831767,,,
2019-06-23 23:05:00+00:00,,,,1.6082094012213892
2019-06-24 00:10:00+00:00,0.426649746290581,,,
2019-06-24 16:05:00+00:00,0.4343209087288857,,,
2019-06-25 06:50:00+00:00,0.44300262188420164,,,
2019-06-26 03:15:00+00:00,,1.074507465152438,,
2019-06-26 07:50:00+00:00,,1.1233541268749017,,
2019-06-26 09:05:00+00:00,0.49385314380513873,,,
2019-06-26 20:35:00+00:00,,1.0844898306251773,,1.8017547697007084
2019-06-26 20:40:00+00:00,0.5079898516488661,,,
2019-06-27 01:40:00+00:00,0.48048162090207025,,,
2019-06-27 03:50:00+00:00,0.4891206804458894,,,
2019-06-27 06:25:00+00:00,0.4783698078896887,1.006569830060268,,
2019-06-27 09:25:00+00:00,,,1.5708926886864847,
2019-06-27 14:05:00+00:00,0.4678552395122733,,,
2019-06-27 15:15:00+00:00,0.4575717813477935,,,
2019-06-28 04:00:00+00:00,0.4657989219764269,,,
2019-06-28 23:35:00+00:00,0.477473169800623,,,
2019-06-29 01:55:00+00:00,0.4669783095284053,,,
2019-06-29 02:00:00+00:00,,,,1.7487796131515283
2019-06-29 10:00:00+00:00,0.45671412628497093,,,
2019-06-29 18:30:00+00:00,0.46492584627557465,,,
2019-06-30 07:10:00+00:00,0.4547067761744375,,,
2019-06-30 22:30:00+00:00,0.44471232123412335,,,
2019-07-01 12:20:00+00:00,0.4349375444133973,,,
2019-07-01 12:25:00+00:00,,0.9623182703103216,,
2019-07-02 01:40:00+00:00,0.42537761718719086,,,
2019-07-02 04:15:00+00:00,,0.9172250215859826,,
2019-07-02 11:05:00+00:00,0.4127346194654116,0.8709547161924055,,
2019-07-02 14:30:00+00:00,0.4201555879233997,,,
2019-07-02 21:10:00+00:00,0.430325459007693,,,
2019-07-03 00:00:00+00:00,0.43806271076065134,,,
2019-07-03 00:50:00+00:00,,0.9275496442259126,,
2019-07-03 04:45:00+00:00,0.4481919188402688,,,
2019-07-03 08:30:00+00:00,0.4383406604641597,,,
2019-07-03 08:55:00+00:00,,,1.539687806196335,
2019-07-03 09:00:00+00:00,,,,1.7843862083677577
2019-07-04 02:35:00+00:00,0.4625719602247583,,,
2019-07-04 04:35:00+00:00,0.45240462853901814,,,
2019-07-04 05:20:00+00:00,,,1.5059704892770092,
2019-07-04 05:45:00+00:00,,,,1.7632930588508242
2019-07-04 23:05:00+00:00,0.4424607748037305,,,
2019-07-05 01:05:00+00:00,,0.9188706609205326,,
2019-07-05 20:10:00+00:00,0.4327354869735445,,,
2019-07-05 20:30:00+00:00,,0.8818062363756592,,
2019-07-06 08:00:00+00:00,0.4405160710293289,,,
2019-07-06 21:25:00+00:00,0.43083352778810424,,,
2019-07-06 21:30:00+00:00,,,,1.7161030177349321
2019-07-07 16:40:00+00:00,0.4213638068473218,,,
2019-07-08 00:20:00+00:00,,0.8861248539275024,,
2019-07-08 08:55:00+00:00,0.4289399280944366,,,
2019-07-08 14:35:00+00:00,0.43665226800157453,,,
2019-07-08 19:45:00+00:00,,0.9150431118537777,,
2019-07-09 02:00:00+00:00,,0.9448715999329642,,
2019-07-09 06:05:00+00:00,0.4527879358599111,,,
2019-07-09 07:50:00+00:00,0.4428356570297103,0.9172131177136561,,
2019-07-09 08:00:00+00:00,,,,1.8482467962413127
2019-07-09 10:25:00+00:00,,,1.5322854310058323,
2019-07-09 21:35:00+00:00,0.4507978421431044,,,
2019-07-10 05:25:00+00:00,0.4647097240717611,,,
2019-07-10 07:05:00+00:00,0.4544954043366638,,,
2019-07-10 14:15:00+00:00,0.44450559534934386,,,
2019-07-10 14:45:00+00:00,,,1.5205431752818173,
2019-07-10 14:50:00+00:00,,,,1.8362789620886721
2019-07-10 15:10:00+00:00,,0.8845639130321894,,
2019-07-11 00:05:00+00:00,0.4347353623635653,,,
2019-07-11 03:20:00+00:00,0.42517987909881416,,,
2019-07-11 16:15:00+00:00,0.4328246133250109,,,
2019-07-11 19:15:00+00:00,0.42331112832412715,,,
2019-07-11 20:10:00+00:00,0.41400674972356283,,,
2019-07-12 03:50:00+00:00,0.40490688136463887,,,
2019-07-13 04:05:00+00:00,,,,1.7897296322414191
2019-07-13 10:05:00+00:00,0.3960070281122441,,,
2019-07-13 11:50:00+00:00,,0.8447294378055203,,
2019-07-13 18:15:00+00:00,0.3873027936343369,,,
2019-07-14 07:05:00+00:00,0.3787898782302542,,,
2019-07-14 09:45:00+00:00,,0.8175101968610152,,
2019-07-14 21:00:00+00:00,0.3856005202408342,,,
2019-07-14 23:00:00+00:00,0.3771250208059407,,,
2019-07-15 14:00:00+00:00,0.38390572868003153,,,
2019-07-15 22:20:00+00:00,0.391529173877886,,,
2019-07-16 03:40:00+00:00,,,1.4906422165597086,
2019-07-16 03:45:00+00:00,0.38292336263605004,,,
2019-07-16 07:25:00+00:00,,,,1.7407643197591771
2019-07-16 10:00:00+00:00,0.37450670712530965,,,
2019-07-16 12:50:00+00:00,0.3662750497026953,,,
2019-07-16 16:00:00+00:00,,0.7811835217844133,,
2019-07-17 10:00:00+00:00,0.3582243241102301,,,
2019-07-17 19:25:00+00:00,0.3671006128739861,,,
2019-07-17 20:05:00+00:00,0.35903174140301586,,,
2019-07-17 23:20:00+00:00,0.35114022372697756,,,
2019-07-18 00:25:00+00:00,,,1.4673804381048872,
2019-07-18 12:15:00+00:00,0.3434221616094586,,,
2019-07-18 12:20:00+00:00,,,,1.6773973569898497
2019-07-18 14:45:00+00:00,,0.8246876067715505,,
2019-07-18 19:15:00+00:00,0.35815502564169466,,,
2019-07-19 05:00:00+00:00,,,1.4765543042841043,
2019-07-19 08:25:00+00:00,0.3502827781780902,,,
2019-07-19 08:55:00+00:00,,,,1.714158639271367
2019-07-19 13:05:00+00:00,0.34037665962157976,,,
2019-07-20 04:35:00+00:00,0.3464966319615758,,,
2019-07-20 15:15:00+00:00,,0.8404244393887774,,
2019-07-20 21:05:00+00:00,0.35648856459350503,,,
2019-07-20 23:40:00+00:00,0.3486529459437398,,,
2019-07-20 23:50:00+00:00,,,,1.700354277404558
2019-07-21 00:10:00+00:00,,,1.4488984961629274,
2019-07-21 04:00:00+00:00,,0.8082875601055585,,
2019-07-21 13:20:00+00:00,0.34098955419189636,,,
2019-07-22 14:40:00+00:00,0.33349460379075846,0.7868302382469262,,
2019-07-23 05:40:00+00:00,0.32616439239943756,,,
2019-07-23 23:15:00+00:00,,0.7638741660464077,1.4097566871385625,
2019-07-23 23:25:00+00:00,0.3189952990544979,,,
2019-07-24 16:20:00+00:00,0.31198378238128005,0.7416915411279623,,
2019-07-25 04:45:00+00:00,0.32204176824667435,,,
2019-07-25 13:10:00+00:00,,,,1.6943123376896914
2019-07-25 13:45:00+00:00,,,1.385354204348305,
2019-07-26 00:15:00+00:00,,0.7204794074597192,,
2019-07-27 00:10:00+00:00,0.3278320792397496,,,
2019-07-27 10:20:00+00:00,0.32062633013805997,0.7009232030398374,,
2019-07-27 10:25:00+00:00,,,,1.6173684218358515
2019-07-28 22:00:00+00:00,,,,1.5872282370964375
2019-07-29 08:55:00+00:00,,,,1.5779878241732836
2019-07-30 18:00:00+00:00,,0.6973942270821409,,
2019-07-31 10:45:00+00:00,0.3266004557764729,,,
2019-07-31 19:00:00+00:00,0.332766372764646,,,
2019-08-01 00:05:00+00:00,,0.7077459315167834,,
2019-08-01 03:45:00+00:00,,,,1.620467556714991
2019-08-01 04:25:00+00:00,,,1.409611671421144,
2019-08-02 01:15:00+00:00,0.3450982917068616,,,
2019-08-02 06:05:00+00:00,,0.7185872568851567,,
2019-08-02 18:00:00+00:00,,,1.4444553274918643,
2019-08-02 20:30:00+00:00,,,,1.6558589236855314
2019-08-03 07:25:00+00:00,0.3564117980009856,,,
2019-08-03 07:55:00+00:00,,0.7310833032216703,,
2019-08-03 12:10:00+00:00,,,,1.651381884644922
2019-08-04 03:40:00+00:00,,,1.4395306847238964,1.6229685017190656
2019-08-04 04:40:00+00:00,0.3485778666809239,,,
2019-08-04 20:35:00+00:00,0.3567969014721794,,,
2019-08-05 00:45:00+00:00,,0.7426826119411237,,
2019-08-05 06:25:00+00:00,,0.763750123871053,,
2019-08-05 11:15:00+00:00,0.37612227403759335,,,
2019-08-05 16:55:00+00:00,0.3828849525247892,,,
2019-08-06 01:30:00+00:00,0.37446914126829434,,,1.7192076453655476
2019-08-06 02:10:00+00:00,,,1.5292557888315284,
2019-08-06 06:40:00+00:00,,0.7780131631595915,,
2019-08-06 10:30:00+00:00,,,,1.7272001915916442
2019-08-06 10:45:00+00:00,,0.7567686116750408,,
2019-08-06 11:45:00+00:00,,,1.4757995375525472,
2019-08-06 12:35:00+00:00,0.36623830954321723,,,
2019-08-06 21:20:00+00:00,0.3581883914994573,,,
2019-08-07 15:05:00+00:00,,0.7317092715142928,,
2019-08-07 15:15:00+00:00,,,,1.6943197746359708
2019-08-07 17:15:00+00:00,,,1.4232865270524693,
2019-08-07 20:00:00+00:00,0.3646286187786176,,,
2019-08-08 17:25:00+00:00,0.3566140817378636,,,
2019-08-09 08:35:00+00:00,,,,1.663904310813265
2019-08-09 09:50:00+00:00,,,1.3901957925987931,
2019-08-10 11:25:00+00:00,0.34877570422126536,,,
2019-08-11 09:15:00+00:00,0.341109614242482,,,
2019-08-12 05:20:00+00:00,,,,1.649905438081325
2019-08-13 13:35:00+00:00,0.3336120249214322,,,
2019-08-14 01:20:00+00:00,0.32627923261365915,,,
2019-08-14 09:20:00+00:00,0.31910761508081087,,,
2019-08-14 16:25:00+00:00,0.31184053238737924,,,
2019-08-14 23:30:00+00:00,0.30498627748550466,,,
2019-08-16 01:35:00+00:00,0.3142058404389971,,,
2019-08-16 04:45:00+00:00,0.30729959606614793,0.7085518851835385,,
2019-08-16 04:50:00+00:00,,,1.3591257822061389,
2019-08-16 11:30:00+00:00,0.30054515094461404,,,
2019-08-16 20:45:00+00:00,0.31020603776421224,,,
2019-08-17 00:35:00+00:00,,,,1.6089760327918399
2019-08-17 00:40:00+00:00,,,1.325574967830686,
2019-08-17 17:15:00+00:00,0.30338770905415485,,,
2019-08-18 07:05:00+00:00,,0.6939834450075936,,
2019-08-18 16:00:00+00:00,0.3088426200629486,,,
2019-08-19 00:00:00+00:00,,,1.3160977703294525,
2019-08-19 00:15:00+00:00,,,,1.5853910576884636
2019-08-19 11:45:00+00:00,,0.7112250606593618,,
2019-08-19 12:15:00+00:00,0.31483943721414936,,,
2019-08-20 06:00:00+00:00,,,,1.616982416344162
2019-08-20 06:05:00+00:00,,,1.3206206199276422,
2019-08-21 02:20:00+00:00,,0.7051143382568555,,
2019-08-21 03:30:00+00:00,0.3079192663841824,,,
2019-08-22 01:45:00+00:00,0.301151200909058,,,
2019-08-22 18:05:00+00:00,0.3065658995014029,,,
2019-08-23 19:05:00+00:00,0.3120779543744381,,,
2019-08-24 03:10:00+00:00,,,1.3082001075231997,
2019-08-24 07:10:00+00:00,,,,1.6235432727877437
2019-08-24 08:20:00+00:00,0.30521848093728793,,,
2019-08-25 12:45:00+00:00,0.3107063092245404,,,
2019-08-25 14:25:00+00:00,,,,1.5894236576745564
2019-08-25 14:30:00+00:00,0.3037199320335264,,,
2019-08-26 03:50:00+00:00,,0.6823684202393164,,
2019-08-26 03:55:00+00:00,,,,1.5709425929694059
2019-08-26 05:35:00+00:00,0.3091808164114892,,,
2019-08-27 03:15:00+00:00,0.30238502206676465,,,
2019-08-28 18:25:00+00:00,,,1.2378281413503132,
2019-08-30 21:40:00+00:00,,0.6748651897934625,,
2019-09-01 01:10:00+00:00,,0.6767948112100304,,
2019-09-01 21:50:00+00:00,,0.6708088506939034,,
2019-09-01 22:35:00+00:00,,0.6728279149771627,,
2019-09-01 23:30:00+00:00,,0.6674829967554119,,
2019-09-02 17:05:00+00:00,,0.6690895973660264,,
2019-09-02 18:30:00+00:00,,0.6769387851845593,,
2019-09-02 20:20:00+00:00,0.3078219047635251,,,
2019-09-02 20:45:00+00:00,,,,1.551805784000543
2019-09-02 21:25:00+00:00,,0.6858634768932121,,
2019-09-02 23:05:00+00:00,,,,1.538203442866719
2019-09-02 23:20:00+00:00,,0.6793239198124568,,
2019-09-03 03:45:00+00:00,,,,1.5271402711684143
2019-09-03 07:55:00+00:00,,0.6747780308813607,,
2019-09-03 11:45:00+00:00,,,,1.5143425517731115
2019-09-03 12:50:00+00:00,,0.6775146040729215,,
2019-09-03 14:00:00+00:00,,0.683294098273047,,
2019-09-03 14:50:00+00:00,,,,1.539568944015189
2019-09-03 14:55:00+00:00,0.31502997836259844,,,
2019-09-04 13:05:00+00:00,,,1.3179856235030667,
2019-09-04 19:40:00+00:00,,0.6868023472846435,,
2019-09-04 20:15:00+00:00,,,,1.5250892368102897
2019-09-04 20:20:00+00:00,,0.6768626550924145,,
2019-09-05 02:50:00+00:00,,,1.2958251640898077,
2019-09-05 19:50:00+00:00,0.3206942173735579,,,
2019-09-05 19:55:00+00:00,,,,1.4799833831120948
2019-09-06 12:50:00+00:00,,,,1.4669853771524415
2019-09-06 13:45:00+00:00,,0.6697064255942552,,
2019-09-06 18:30:00+00:00,,,1.2605219628482034,
2019-09-07 17:20:00+00:00,,0.6622438171725935,,
2019-09-08 11:25:00+00:00,,,1.2357281473303114,
2019-09-09 11:10:00+00:00,,0.6646235221239549,,
2019-09-09 12:15:00+00:00,,0.6681656544125136,,
2019-09-09 16:05:00+00:00,0.3136453584756871,,,
2019-09-11 01:45:00+00:00,,0.6612185210425752,,
2019-09-11 21:35:00+00:00,,0.6612722723657433,,
2019-09-13 17:15:00+00:00,,,1.238565875189378,
2019-09-15 03:20:00+00:00,,,1.2286561338514033,
2019-09-16 22:05:00+00:00,,0.6663700196362662,,
2019-09-19 20:00:00+00:00,0.31928470202107995,0.6696337855670768,,
2019-09-20 00:30:00+00:00,,0.6678388785968983,,
2019-09-20 21:50:00+00:00,,,1.2097913093554036,
2019-09-21 06:20:00+00:00,0.31226682427065655,,,
2019-09-22 07:40:00+00:00,,0.6695974311716992,,
2019-09-22 12:15:00+00:00,,0.667220373102164,,
2019-09-24 02:45:00+00:00,,0.6608969762929434,,
2019-09-24 16:55:00+00:00,,0.6542981823470118,,
2019-09-24 21:00:00+00:00,,0.6662457237927654,,
2019-09-24 23:05:00+00:00,,0.6779123787839766,,
2019-09-24 23:55:00+00:00,0.30540319947318756,,,
2019-09-25 04:10:00+00:00,0.2986904371487669,,,
2019-09-25 12:15:00+00:00,0.292125221340237,,,
2019-09-25 23:10:00+00:00,0.28570430897517857,,,
2019-09-27 21:40:00+00:00,0.2908412724505523,,,
2019-09-28 02:10:00+00:00,,0.6667769652813487,,
2019-09-28 12:30:00+00:00,0.28444858128208916,,,
2019-09-28 22:45:00+00:00,,,,1.433290442153303
2019-09-28 22:50:00+00:00,,0.6578722738065326,,
2019-09-28 22:55:00+00:00,0.27819640146550884,,,
2019-09-30 11:20:00+00:00,,0.6624769842980698,,
2019-09-30 13:30:00+00:00,0.28319837276385873,,,
2019-09-30 16:00:00+00:00,,0.6673040176606139,,
2019-09-30 20:05:00+00:00,,,,1.413769491382117
2019-09-30 21:50:00+00:00,,,1.2130184440211587,
2019-10-01 02:10:00+00:00,0.2882902795061529,,,
2019-10-01 02:55:00+00:00,,0.6717069318036104,,
2019-10-01 03:15:00+00:00,,0.6761828971624689,,
2019-10-01 06:15:00+00:00,,0.666958527971318,,
2019-10-01 08:30:00+00:00,,,,1.41323896623376
2019-10-01 09:15:00+00:00,,,1.1888087160084633,
2019-10-01 17:55:00+00:00,0.2819536591626076,,,
2019-10-04 00:05:00+00:00,,0.6605494557999944,,
2019-10-05 22:40:00+00:00,,0.6545742413168624,,
2019-10-06 18:20:00+00:00,,0.6485012003466565,,
2019-10-07 11:40:00+00:00,,0.6515912768199091,,
2019-10-07 13:20:00+00:00,0.2870231859543513,,,
2019-10-07 14:00:00+00:00,,0.654896786889437,,
2019-10-07 23:45:00+00:00,,,,1.4116740790980853
2019-10-08 02:10:00+00:00,0.29218386283781056,,,
2019-10-08 05:25:00+00:00,,,1.217815443967811,
2019-10-08 07:40:00+00:00,,,,1.3949213551930673
2019-10-09 16:05:00+00:00,,0.6752502338229714,,
2019-10-09 16:20:00+00:00,,0.677973487358737,,
2019-10-09 17:25:00+00:00,0.2987784971089842,,,
2019-10-09 21:35:00+00:00,,,,1.4283692467723623
2019-10-10 01:45:00+00:00,,,1.2301517204967893,
2019-10-11 05:15:00+00:00,,,,1.407669145147043
2019-10-11 05:20:00+00:00,,0.6617688545297593,,
2019-10-11 05:25:00+00:00,0.29221134574252877,,,
2019-10-13 20:05:00+00:00,,,,1.401776661519754
2019-10-14 21:05:00+00:00,,0.6609376101146595,,
2019-10-17 10:05:00+00:00,,0.6628413554227636,,
2019-10-17 12:05:00+00:00,,0.6571093121377012,,
2019-10-17 19:35:00+00:00,,,1.2209011496143725,
2019-10-19 15:55:00+00:00,,0.6510563055285856,,
2019-10-20 18:25:00+00:00,,0.6529678383725004,,
2019-10-20 19:30:00+00:00,,0.6549069125358915,,
2019-10-20 23:10:00+00:00,,,,1.4142606707420085
2019-10-20 23:15:00+00:00,,0.6492178330599683,,
2019-10-21 08:35:00+00:00,,,1.2419888016362366,
2019-10-21 15:20:00+00:00,0.29746530573897945,,,
2019-10-21 15:25:00+00:00,,,,1.3925656821833716
2019-10-22 13:50:00+00:00,,,1.2330462509410653,
2019-10-25 13:50:00+00:00,,0.6544978738177503,,
2019-10-25 15:40:00+00:00,0.30281373193616634,,,
2019-10-25 16:50:00+00:00,,0.7109830698972877,,
2019-10-25 17:35:00+00:00,,0.6970820809989445,,
2019-10-25 19:20:00+00:00,0.33075039202362,,,
2019-10-25 22:45:00+00:00,,,,1.558707687569541
2019-10-26 00:20:00+00:00,0.3366972840722047,,,
2019-10-26 02:25:00+00:00,,0.7638638195087915,,
2019-10-26 04:10:00+00:00,0.3624832858109974,,,
2019-10-26 04:20:00+00:00,,,,1.6806240793038472
2019-10-26 05:10:00+00:00,0.3690007352898791,,,
2019-10-26 08:45:00+00:00,,,1.522307453436589,
2019-10-26 13:00:00+00:00,0.3608900991282075,,,
2019-10-26 23:35:00+00:00,0.36377361102024186,,,
2019-10-27 01:40:00+00:00,0.357594916237063,,,
2019-10-27 11:45:00+00:00,0.35152116658477645,,,
2019-10-27 16:15:00+00:00,0.3543298207057888,,,
2019-10-27 19:50:00+00:00,0.357160915973228,,,
2019-10-27 23:15:00+00:00,,,1.5045724289590516,
2019-10-28 04:00:00+00:00,0.35109453781542277,,,
2019-10-29 13:25:00+00:00,0.3451311970906278,,,
2019-10-30 00:50:00+00:00,0.3392691437080434,,,
2019-10-31 14:05:00+00:00,0.3335066573021623,,,
2019-10-31 21:00:00+00:00,,0.7374404698222291,,
2019-11-02 19:00:00+00:00,,,1.4927964639383733,
2019-11-03 04:25:00+00:00,,,,1.6685828273016998
2019-11-04 19:45:00+00:00,,,1.488586302765881,
2019-11-04 20:15:00+00:00,,0.7424725260430709,,
2019-11-04 22:30:00+00:00,,,,1.6616113750942407
2019-11-05 06:25:00+00:00,,0.7275531806155248,,
2019-11-10 16:35:00+00:00,,,,1.6716201924089809
2019-11-11 05:35:00+00:00,0.32784204672788503,,,
2019-11-11 06:05:00+00:00,,0.7086866172675329,,
2019-11-13 20:30:00+00:00,,0.7086710526832227,,
2019-11-15 09:35:00+00:00,0.3222736495642119,0.6961805976272619,,
2019-11-17 20:45:00+00:00,,,,1.6584876585786839
2019-11-18 02:45:00+00:00,,0.6838774374405224,,
2019-11-22 18:55:00+00:00,0.32484861602422993,,,
2019-11-22 19:25:00+00:00,0.3193310622810584,,,
2019-11-22 23:05:00+00:00,0.3139072241882146,,,
2019-11-23 16:55:00+00:00,,0.6861772526484102,,
2019-11-24 03:15:00+00:00,0.30857550998537775,,,
2019-11-25 09:50:00+00:00,0.31110040778536974,,,
2019-11-25 12:25:00+00:00,,0.700875233891243,,
2019-11-25 15:30:00+00:00,0.32946484082815053,,,
2019-11-25 16:00:00+00:00,0.3320972649063675,,,
2019-11-25 21:20:00+00:00,,,1.481582373834104,
2019-11-25 23:05:00+00:00,,,,1.6133690179508704
2019-11-26 06:15:00+00:00,0.3281154187001401,,,
2019-11-26 06:40:00+00:00,0.32418131482992546,,,
2019-11-27 15:45:00+00:00,0.32839080920299196,,,
2019-11-27 16:45:00+00:00,,0.718887353706083,,
2019-11-27 18:35:00+00:00,,,,1.6414650931379726
2019-11-27 19:50:00+00:00,0.3340153566767145,,,
2019-11-27 21:20:00+00:00,,,1.5246865379506276,
2019-11-28 16:25:00+00:00,,0.7220545304643399,,
2019-11-28 22:35:00+00:00,0.3300105125501607,,,
2019-11-29 16:05:00+00:00,,,,1.655441264358148
2019-11-29 19:05:00+00:00,0.32605368650468425,,,
2019-11-30 13:30:00+00:00,,0.713896187128674,,
2019-12-04 13:30:00+00:00,,,,1.6293215869279345
2019-12-04 14:35:00+00:00,,0.6856145023912942,,
2019-12-04 16:25:00+00:00,0.3156964042207344,,,
2019-12-04 20:50:00+00:00,,0.6600514745165987,,
2019-12-06 18:00:00+00:00,0.3109000488307472,,,1.6045674076879952
2019-12-09 15:10:00+00:00,,0.6507278823605765,,
2019-12-09 15:15:00+00:00,,,,1.5890526619581047
2019-12-15 12:45:00+00:00,,0.6416601373412929,,
2019-12-18 18:10:00+00:00,0.31526633909623547,,,
2019-12-18 19:35:00+00:00,,0.6531481677865609,,
2019-12-18 20:50:00+00:00,,,,1.5952241932235722
2019-12-18 23:05:00+00:00,,,,1.601129044570053
2019-12-18 23:20:00+00:00,,0.6720816905863916,,
2019-12-18 23:30:00+00:00,0.32282177727723915,,,
2019-12-19 01:00:00+00:00,0.31895114416768505,,,
2019-12-19 01:10:00+00:00,,,1.5278100599159126,
2019-12-22 17:55:00+00:00,,,,1.6126782657996606
2019-12-22 19:40:00+00:00,,,,1.6075958296110797
2019-12-22 20:40:00+00:00,,0.6844756275201765,,
2019-12-22 22:30:00+00:00,,,1.5293348347897198,
2019-12-22 23:05:00+00:00,0.32309272477470236,,,
2019-12-22 23:50:00+00:00,,0.6902979550024964,,
2019-12-23 00:35:00+00:00,,,,1.6133889604383478
2019-12-23 05:00:00+00:00,,,1.5370451558933629,
2019-12-23 06:20:00+00:00,0.31921884300465364,,,
2019-12-23 06:55:00+00:00,,0.679089182372559,,
2019-12-23 16:25:00+00:00,,,,1.5954160115073657
2019-12-25 22:05:00+00:00,,,1.519926506790657,
2019-12-26 19:50:00+00:00,,,,1.6005033621899414
2019-12-26 19:55:00+00:00,,0.6715286249889046,,
2019-12-26 21:05:00+00:00,0.3137969109562196,,,
2019-12-26 21:35:00+00:00,,,1.4928391911121697,
2019-12-29 00:00:00+00:00,,,1.4913534279854828,
2019-12-29 20:30:00+00:00,,0.6655241714877215,,1.6178409089463297
2019-12-30 00:20:00+00:00,,,1.4795555063364085,
2020-01-03 07:45:00+00:00,,0.6829490446238327,,
2020-01-03 09:55:00+00:00,0.31787156384498605,,,
2020-01-03 14:00:00+00:00,,,,1.6222842131118116
2020-01-03 19:05:00+00:00,,,,1.60256089581118
2020-01-03 22:50:00+00:00,,,1.4915936311411335,
2020-01-05 01:15:00+00:00,0.32199912610151316,,,
2020-01-05 08:45:00+00:00,,,,1.6062359622911013
2020-01-05 11:10:00+00:00,,,1.4786639423091243,
2020-01-06 03:10:00+00:00,,,,1.6019370945420832
2020-01-06 10:45:00+00:00,,0.6891545674045375,,
2020-01-06 13:55:00+00:00,,,,1.5899693796688767
2020-01-06 22:10:00+00:00,0.32618028475394123,,,
2020-01-07 00:55:00+00:00,,,,1.6379373612908692
2020-01-07 03:05:00+00:00,,0.711150723410928,,
2020-01-07 04:10:00+00:00,0.333277724302523,,,
2020-01-07 15:30:00+00:00,,,1.5332111800513322,
2020-01-07 21:50:00+00:00,,,,1.6432712752472183
2020-01-07 22:15:00+00:00,,0.7019862306782129,,
2020-01-07 23:40:00+00:00,0.3376053355525912,,,
2020-01-08 03:25:00+00:00,,,,1.6515965557100953
2020-01-08 05:05:00+00:00,0.3429210510620018,,,
2020-01-08 16:30:00+00:00,,0.6913363963948698,1.5553973422028167,
2020-01-10 16:55:00+00:00,,0.6799010126485592,,
2020-01-10 18:05:00+00:00,0.34737388091004195,,,
2020-01-10 23:50:00+00:00,0.3518845307536588,,,
2020-01-11 04:20:00+00:00,,0.6682586529097959,,1.6448524151564567
2020-01-11 05:10:00+00:00,0.34590777199880784,,,
2020-01-11 06:15:00+00:00,,,1.5774767845288582,
2020-01-11 21:50:00+00:00,,,,1.6236677820506273
2020-01-14 00:55:00+00:00,,,,1.6293562596714668
2020-01-14 03:50:00+00:00,,0.6772454703753807,,
2020-01-14 04:45:00+00:00,,0.6847552012003429,,
2020-01-14 06:05:00+00:00,0.3521824410052186,,,
2020-01-14 10:35:00+00:00,,,,1.6573853144856576
2020-01-14 12:40:00+00:00,,,,1.6412986684389692
2020-01-14 14:15:00+00:00,,0.6926542259359955,,
2020-01-14 16:00:00+00:00,0.346200622244745,,,1.6341520716421674
2020-01-14 16:05:00+00:00,,0.6808140364560405,,
2020-01-14 18:35:00+00:00,,,,1.6086411576111728
2020-01-14 23:30:00+00:00,0.350696037324593,,,
2020-01-15 00:00:00+00:00,,,,1.5802883263887648
2020-01-15 03:50:00+00:00,,,,1.5516234774181517
2020-01-15 04:05:00+00:00,,0.6701877934465106,,
2020-01-15 04:30:00+00:00,,,1.6182142325441284,
2020-01-15 14:05:00+00:00,,,,1.5269510765458802
2020-01-16 01:20:00+00:00,0.3447394651306348,,,
2020-01-17 06:55:00+00:00,,,,1.5180217285669868
2020-01-17 10:25:00+00:00,,,,1.49826635274219
2020-01-17 13:40:00+00:00,,,1.6122393579723575,
2020-01-19 01:00:00+00:00,0.3492159070853561,,,
2020-01-19 06:40:00+00:00,,,,1.506418107876093
2020-01-19 11:00:00+00:00,0.3432844749035113,0.6610018634111212,,
2020-01-19 11:05:00+00:00,,,1.533900384688651,
2020-01-21 22:20:00+00:00,,,,1.49112640071519
2020-01-22 07:30:00+00:00,,,,1.4822226603050859
2020-01-22 09:20:00+00:00,,0.6530827524983509,,
2020-01-22 16:35:00+00:00,0.33745378809727516,,,
2020-01-27 00:20:00+00:00,,0.6595577405276095,,
2020-01-27 08:40:00+00:00,,,1.5433646636897285,
2020-01-27 08:45:00+00:00,,0.6490181248673087,,1.4943170481629586
2020-01-27 18:55:00+00:00,,0.6551400524032875,,
2020-01-28 00:35:00+00:00,0.34015004386417247,0.6620528208464638,,
2020-01-28 05:00:00+00:00,,,,1.5478923090036243
2020-01-28 05:20:00+00:00,0.33607164483824103,0.6494443798241102,,
2020-01-28 05:30:00+00:00,,,1.5784196792765692,
2020-01-28 14:45:00+00:00,0.3320421458166305,,,
2020-01-28 15:00:00+00:00,,,,1.5138763809610312
2020-01-28 23:35:00+00:00,0.33469516256170545,,,
2020-01-29 10:00:00+00:00,,,,1.5308720514524403
2020-01-29 10:05:00+00:00,,,1.5600333779797204,
2020-01-29 11:35:00+00:00,0.33068216756259056,,,1.4948377962922947
2020-01-29 22:50:00+00:00,,0.6484530051087417,,
2020-01-29 23:50:00+00:00,,,,1.4703726557354035
2020-01-30 16:30:00+00:00,,,,1.4424144634842704
2020-01-30 23:35:00+00:00,0.3267172883735151,,,
2020-01-31 01:35:00+00:00,,,,1.4361253607019555
2020-01-31 10:45:00+00:00,,0.6334723807068815,,
2020-02-02 12:20:00+00:00,,0.6395512941319088,,
2020-02-02 21:30:00+00:00,,,1.5559108481565487,
2020-02-02 22:30:00+00:00,,,,1.422978133051441
2020-02-03 02:00:00+00:00,,,,1.3988818246999983
2020-02-03 02:05:00+00:00,,0.6256637489546808,,
2020-02-05 15:50:00+00:00,,0.6313045870836899,,
2020-02-05 16:20:00+00:00,0.32932775950761956,,,
2020-02-05 19:15:00+00:00,,0.6380128780202661,,
2020-02-05 23:35:00+00:00,,,,1.4271536714285997
2020-02-05 23:55:00+00:00,,,1.6051387544845352,
2020-02-06 00:15:00+00:00,0.32537911967112315,,,
2020-02-06 00:20:00+00:00,,0.6268506421814564,,
2020-02-06 13:45:00+00:00,0.3214778240262664,,,
2020-02-06 17:40:00+00:00,0.3176233049161915,,,
2020-02-06 18:15:00+00:00,,,1.5900650299319492,
2020-02-06 22:20:00+00:00,,,,1.4250835945076932
2020-02-07 12:00:00+00:00,,0.6269429199504553,,
2020-02-07 12:10:00+00:00,,,,1.4066607486260616
2020-02-09 07:35:00+00:00,,0.632358101624151,,
2020-02-09 14:30:00+00:00,,,1.596523948296721,
2020-02-09 14:55:00+00:00,,,,1.4301619424136203
2020-02-10 03:35:00+00:00,,,,1.4135191892734853
2020-02-10 05:55:00+00:00,0.3138150014902463,,,
2020-02-11 18:40:00+00:00,,0.6415847915248556,,
2020-02-11 20:35:00+00:00,0.3204184373127741,,,
2020-02-11 21:40:00+00:00,,,,1.4092776860019645
2020-02-12 09:00:00+00:00,,,1.6614844195669562,
2020-02-12 14:20:00+00:00,,,,1.4023410382606065
2020-02-13 07:55:00+00:00,,,,1.3830436399717951
2020-02-13 13:55:00+00:00,0.3165766202493939,,,
2020-02-13 14:00:00+00:00,,0.625100535595653,,1.338289686140995
2020-02-17 02:20:00+00:00,,,1.633772629291331,
2020-02-17 04:10:00+00:00,,0.609817825376063,,
2020-02-18 19:50:00+00:00,,0.6189801276319592,,
2020-02-18 21:50:00+00:00,0.32160637521558216,,,
2020-02-19 04:15:00+00:00,,,,1.3492384885043507
2020-02-19 04:45:00+00:00,,,1.662024710916234,
2020-02-19 07:05:00+00:00,0.3177503147767473,,,
2020-02-19 20:05:00+00:00,,,,1.3281425921748091
2020-02-19 21:35:00+00:00,,0.6044780171085867,,
2020-02-23 04:00:00+00:00,,0.6097218045563043,,
2020-02-23 11:00:00+00:00,,,,1.3362634545013585
2020-02-23 11:55:00+00:00,,,1.6526392868272928,
2020-02-24 02:35:00+00:00,0.3139404885025741,0.5997540435948706,,1.312282692115662
2020-02-25 14:20:00+00:00,0.3070400765652875,,,
2020-02-26 01:25:00+00:00,0.3002913356823825,,,
2020-02-26 13:55:00+00:00,0.2936909321240837,,,
2020-02-27 01:00:00+00:00,0.28723560543599636,,,
2020-02-27 08:25:00+00:00,0.2924001016217356,,,
2020-02-27 12:50:00+00:00,0.2859731473880898,,,
2020-02-27 21:35:00+00:00,0.27968745760849956,,,
2020-02-28 09:45:00+00:00,0.2735399272902647,,,
2020-02-28 10:00:00+00:00,,0.5876834426383142,,
2020-02-28 17:30:00+00:00,,0.575165108130075,,
2020-02-29 06:05:00+00:00,0.2784581751829437,,,
2020-02-29 14:05:00+00:00,,0.5629918847272208,,
2020-03-01 12:50:00+00:00,,0.5527553750117173,,
2020-03-01 16:30:00+00:00,0.27233766449242264,,,
2020-03-02 10:15:00+00:00,0.27723429569999636,,,
2020-03-03 00:15:00+00:00,,,1.6689550909622972,
2020-03-03 15:15:00+00:00,,,,1.3011522104035567
2020-03-04 13:50:00+00:00,,0.55039690705536,,
2020-03-05 09:25:00+00:00,0.2822189683366823,,,
2020-03-05 09:35:00+00:00,,0.5615330006057292,,
2020-03-05 15:25:00+00:00,,,1.6968551228841773,
2020-03-07 09:45:00+00:00,,0.562941897143865,,
2020-03-07 17:00:00+00:00,,,,1.313236768006446
2020-03-07 18:05:00+00:00,0.276015795412642,,,
2020-03-08 23:35:00+00:00,0.2699489682294721,,,
2020-03-09 04:10:00+00:00,0.26401548990778834,,,
2020-03-09 11:10:00+00:00,0.25821242943961514,0.5508511173157478,,
2020-03-09 13:45:00+00:00,0.2525369202405324,,,
2020-03-10 00:00:00+00:00,0.2570775340664572,,,
2020-03-10 12:35:00+00:00,0.2616997881289721,,,
2020-03-10 15:30:00+00:00,0.2559476267858973,0.5375300926041672,1.6775363385868016,
2020-03-11 15:45:00+00:00,0.2503218979491432,,,
2020-03-11 22:30:00+00:00,0.25482268567426886,,,
2020-03-12 01:45:00+00:00,0.24922168304314843,,,
2020-03-12 02:10:00+00:00,,0.5265016784707647,,
2020-03-12 12:55:00+00:00,0.25370268890426423,,,
2020-03-12 16:00:00+00:00,0.2582642632507629,,,
2020-03-12 16:10:00+00:00,0.25258761474451114,,,
2020-03-12 18:30:00+00:00,0.24703573897242678,,,
2020-03-12 23:00:00+00:00,0.2416058934298128,,,
2020-03-13 03:45:00+00:00,0.2362953958922255,,,
2020-03-13 04:10:00+00:00,0.23110162309051435,,,
2020-03-13 05:35:00+00:00,0.2221114480178108,,,
2020-03-13 06:05:00+00:00,0.21576713059329336,,,
2020-03-13 06:50:00+00:00,0.2196466236013608,,,
2020-03-13 08:50:00+00:00,0.2235958698937133,,,
2020-03-13 09:20:00+00:00,0.21868123267344947,,,
2020-03-13 10:45:00+00:00,0.22261312123691812,,,
2020-03-13 12:35:00+00:00,0.2272685269197117,,,
2020-03-13 12:50:00+00:00,0.22227316469801645,,,
2020-03-13 13:25:00+00:00,0.2262696361992868,,,
2020-03-13 14:35:00+00:00,0.23033796425815,,,
2020-03-13 16:55:00+00:00,0.2234003218078251,,,
2020-03-13 19:25:00+00:00,0.22741705959392983,,,
2020-03-13 21:00:00+00:00,0.2332233316195224,,,
2020-03-13 22:30:00+00:00,0.23914781455541181,,,
2020-03-13 23:45:00+00:00,0.23389134559148386,,,
2020-03-14 03:55:00+00:00,0.23809671198521876,,,
2020-03-14 06:05:00+00:00,0.23286334625578364,,,
2020-03-14 08:05:00+00:00,0.2277450099050815,,,
2020-03-14 12:55:00+00:00,0.23183986518317484,,,
2020-03-14 16:00:00+00:00,0.22674402494644866,,,
2020-03-14 20:35:00+00:00,0.2217601912781257,,,
2020-03-15 00:40:00+00:00,0.22574743951730644,,,
2020-03-15 06:00:00+00:00,,0.5525642826798871,,
2020-03-15 10:15:00+00:00,0.22980637847982757,,,
2020-03-15 12:15:00+00:00,0.2339382971648949,,,
2020-03-15 12:30:00+00:00,0.22541143174263778,,,
2020-03-15 20:45:00+00:00,0.22045688847293463,,,
2020-03-15 22:20:00+00:00,0.2255455923688978,,,
2020-03-15 22:25:00+00:00,,0.527866195920953,,1.226122413138921
2020-03-16 05:45:00+00:00,0.2205881002486294,,,
2020-03-16 09:10:00+00:00,0.21573957380516456,,,
2020-03-16 12:05:00+00:00,0.21961857134218143,,,
2020-03-16 13:10:00+00:00,0.21428684846248322,,,
2020-03-16 15:35:00+00:00,0.2230162085131615,,,
2020-03-16 16:15:00+00:00,0.2181143122500422,,,
2020-03-16 19:30:00+00:00,0.21332015966678627,,,
2020-03-16 22:25:00+00:00,0.2086313825573103,,,
2020-03-17 01:00:00+00:00,0.21238257481569073,,,
2020-03-17 01:30:00+00:00,,0.5754395786995844,,
2020-03-17 02:25:00+00:00,0.21620121351087682,,,
2020-03-17 08:25:00+00:00,0.2211297714752134,,,
2020-03-17 13:50:00+00:00,0.2162693390981882,,,
2020-03-17 16:30:00+00:00,0.2213028749554526,,,
2020-03-18 06:25:00+00:00,0.21643863776393174,,,
2020-03-18 10:05:00+00:00,0.21168131650588048,0.5395855075976786,,
2020-03-18 13:40:00+00:00,0.2154873465766562,,,
2020-03-18 15:00:00+00:00,0.21936180906810449,,,
2020-03-18 16:15:00+00:00,0.21454023650478754,,,
2020-03-18 20:05:00+00:00,0.2183976699571436,,,
2020-03-18 22:15:00+00:00,0.2135972891714856,,,
2020-03-19 09:20:00+00:00,0.21743776843078888,,,
2020-03-19 11:15:00+00:00,0.2213472995071745,,,
2020-03-19 13:25:00+00:00,0.22848747959930385,,,
2020-03-19 13:35:00+00:00,,0.5796653744672909,,
2020-03-19 15:25:00+00:00,0.23259568448249932,,,
2020-03-19 16:20:00+00:00,,0.612946475821603,,
2020-03-19 17:30:00+00:00,0.2444191813871853,,,
2020-03-19 18:55:00+00:00,0.23904684778029497,,,
2020-03-20 01:30:00+00:00,0.2337925980660841,,,
2020-03-20 01:35:00+00:00,,,1.8228969581262195,
2020-03-20 09:20:00+00:00,0.2510707749268044,,,
2020-03-20 11:35:00+00:00,,0.658020157561237,,
2020-03-20 13:10:00+00:00,0.24555223929391323,,,
2020-03-20 13:25:00+00:00,,,1.7595061356212327,
2020-03-20 16:10:00+00:00,0.24015500107423302,,,
2020-03-20 16:30:00+00:00,,0.6283557144292008,,1.404816549136695
2020-03-20 18:25:00+00:00,0.23487639415062136,,,
2020-03-20 22:35:00+00:00,0.23961130771590614,,,
2020-03-21 00:00:00+00:00,0.23434465117231051,,,
2020-03-21 02:25:00+00:00,0.24006189744782588,,,
2020-03-21 03:15:00+00:00,0.23478533694192263,,,
2020-03-21 08:20:00+00:00,0.22962475523593917,,,
2020-03-21 11:15:00+00:00,0.22457760311585323,,,
2020-03-21 13:20:00+00:00,0.2286155084198763,,,
2020-03-21 14:25:00+00:00,0.22359053954480743,,,
2020-03-21 17:50:00+00:00,0.21867601948561255,,,
2020-03-21 22:15:00+00:00,,,1.686201683084576,
2020-03-22 03:35:00+00:00,0.22260781431596388,,,
2020-03-22 08:50:00+00:00,0.21771489455729898,,,
2020-03-22 10:35:00+00:00,0.21292952117492955,,,
2020-03-22 18:30:00+00:00,0.20824933029950457,,,
2020-03-22 22:50:00+00:00,0.20367201001952143,,,
2020-03-23 08:35:00+00:00,0.19919529923929236,,,
2020-03-23 12:05:00+00:00,0.20277683071961486,,,
2020-03-23 13:25:00+00:00,0.21100935441612653,,,
2020-03-23 20:50:00+00:00,0.2148033026085285,,,
2020-03-24 00:00:00+00:00,0.21866546598942987,,,
2020-03-24 00:05:00+00:00,,0.6633527412292775,,
2020-03-24 04:10:00+00:00,0.2138591990469822,,,
2020-03-24 04:30:00+00:00,,,1.7304927684029343,
2020-03-24 04:40:00+00:00,,0.6381366894501549,,
2020-03-24 08:00:00+00:00,0.21770438744584691,,,
2020-03-24 12:15:00+00:00,0.2129192450097872,,,
2020-03-24 15:05:00+00:00,0.2082392800044721,0.6130856900457673,,
2020-03-24 19:50:00+00:00,0.21198342225895253,,,
2020-03-25 01:55:00+00:00,0.20732402663770075,,,
2020-03-25 10:40:00+00:00,0.2038026280452594,,,
2020-03-25 18:05:00+00:00,0.20034104040791065,,,
2020-03-25 21:00:00+00:00,0.1969382478365823,,,
2020-03-26 06:00:00+00:00,0.19359325169707792,,,
2020-03-27 00:00:00+00:00,0.1951400617781376,,,
2020-03-27 05:00:00+00:00,0.19182560782883595,,,
2020-03-28 11:00:00+00:00,0.19335829443538835,,,
2020-03-28 13:20:00+00:00,0.1900741038044033,,,
2020-03-29 07:45:00+00:00,0.1868456951512855,,,
2020-03-30 10:05:00+00:00,0.19350708882124104,,,
2020-03-30 11:30:00+00:00,,0.6329149737331098,,
2020-03-30 15:20:00+00:00,0.19505321046092275,,,
2020-03-30 20:15:00+00:00,0.1966116856125055,,,
2020-03-30 23:45:00+00:00,,0.6190699016237884,,
2020-03-31 04:55:00+00:00,,,1.7777577277810308,
2020-03-31 11:10:00+00:00,0.1932722361323771,,,
2020-04-01 00:30:00+00:00,,,,1.3902610792733607
2020-04-02 02:25:00+00:00,,0.6441361897065404,,
2020-04-02 03:25:00+00:00,0.199068554978791,,,
2020-04-02 18:40:00+00:00,,,,1.4351394873752543
2020-04-02 19:00:00+00:00,,0.6303723099410794,,
2020-04-02 20:25:00+00:00,0.19568737557247623,,,
2020-04-02 20:35:00+00:00,,,1.8038481356902991,
2020-04-03 12:45:00+00:00,0.1923636254983777,,,
2020-04-04 11:35:00+00:00,0.18909632931928777,,,
2020-04-05 04:00:00+00:00,0.18588452816579967,,,
2020-04-06 05:55:00+00:00,0.1873697455458444,,,
2020-04-06 10:05:00+00:00,0.1899383501618556,,,
2020-04-06 17:25:00+00:00,0.1914559575796488,,,
2020-04-06 18:45:00+00:00,,0.6470874992771922,,
2020-04-06 23:55:00+00:00,0.1929856906807102,,,
2020-04-07 02:20:00+00:00,0.18970782872449832,,,
2020-04-07 12:30:00+00:00,0.18648564125361272,,,
2020-04-07 14:20:00+00:00,,,1.888818363591021,
2020-04-07 20:00:00+00:00,,,,1.4716267079152527
2020-04-07 20:05:00+00:00,,0.6348521741250431,,
2020-04-08 10:40:00+00:00,,0.6226010634406348,,
2020-04-08 13:55:00+00:00,0.1833181826369201,,,
2020-04-11 14:15:00+00:00,0.18020452330483203,,,
2020-04-12 19:05:00+00:00,,0.6346546118417709,,
2020-04-12 19:35:00+00:00,0.18327928943459604,,,
2020-04-12 22:15:00+00:00,0.18016629070354942,0.6254289076243363,,
2020-04-12 23:15:00+00:00,,,1.894675656223423,
2020-04-12 23:55:00+00:00,,,,1.4637990807281553
2020-04-14 20:35:00+00:00,0.17710616625594963,,,
2020-04-16 07:00:00+00:00,,0.638548433162939,,
2020-04-16 11:05:00+00:00,,0.6532065260225641,,
2020-04-16 12:15:00+00:00,0.1822228248062508,,,
2020-04-16 22:00:00+00:00,0.18367878517645272,,,
2020-04-17 00:10:00+00:00,0.18055900101023067,,,
2020-04-17 04:55:00+00:00,,,1.9240712286473287,
2020-04-19 05:50:00+00:00,0.1774922063780719,0.6430844780789657,,1.4895766086695543
2020-04-19 05:55:00+00:00,,,1.8976155674441317,
2020-04-20 17:15:00+00:00,,0.6345529850500986,,
2020-04-23 01:35:00+00:00,0.17891036910703267,,,
2020-04-23 06:10:00+00:00,,,1.892869611731258,
2020-04-23 18:10:00+00:00,,0.6728392788636389,,
2020-04-23 19:20:00+00:00,0.18506804701499774,,,
2020-04-24 14:15:00+00:00,0.18100025134160808,,,
2020-04-25 15:50:00+00:00,0.18425463586073018,,,
2020-04-26 15:05:00+00:00,,0.6646145718444137,,
2020-04-26 15:10:00+00:00,0.18020471896451135,,,
2020-04-27 06:05:00+00:00,,,1.8730953908013201,
2020-04-27 06:15:00+00:00,,0.6560481452021636,,
2020-04-28 04:50:00+00:00,,,,1.4736810657985167
2020-04-29 02:05:00+00:00,0.18344479981149323,,,
2020-04-29 09:20:00+00:00,,0.6643434868356869,,
2020-04-29 20:45:00+00:00,,0.7349309326089046,,
2020-04-29 22:00:00+00:00,,0.719646055949597,,
2020-04-29 22:25:00+00:00,0.2040177373123238,,,
2020-04-30 02:55:00+00:00,0.2076859762291994,,,
2020-04-30 08:35:00+00:00,0.21211748259250535,,,
2020-04-30 09:00:00+00:00,,,2.1517340035105152,
2020-04-30 09:10:00+00:00,,,,1.67157536589338
2020-04-30 09:15:00+00:00,,0.7032324811350802,,
2020-04-30 16:40:00+00:00,0.20745514032512208,,,
2020-04-30 22:20:00+00:00,0.20289527634077587,,,
2020-05-01 10:55:00+00:00,0.20654333340938305,,,
2020-05-01 13:30:00+00:00,,,2.0974943879720183,
2020-05-01 16:00:00+00:00,0.2020035109410448,,,
2020-05-03 05:35:00+00:00,0.20798451519718322,,,
2020-05-03 06:10:00+00:00,,0.6911484827917758,,
2020-05-03 06:15:00+00:00,,,2.039377552483695,1.639736308580205
2020-05-03 12:30:00+00:00,0.20341301555314914,,,
2020-05-04 01:15:00+00:00,0.19894199747129093,,,
2020-05-04 18:15:00+00:00,0.20261015798236132,,,
2020-05-05 09:50:00+00:00,0.2071106373810129,,,
2020-05-05 10:00:00+00:00,,0.6777520909897372,,
2020-05-06 10:20:00+00:00,0.2108344866411235,,,
2020-05-06 18:45:00+00:00,,,2.0096793514643667,
2020-05-06 23:00:00+00:00,0.21462529071093092,,,
2020-05-06 23:50:00+00:00,0.20990782682110465,,,
2020-05-06 23:55:00+00:00,,0.6657915045505342,,
2020-05-07 00:00:00+00:00,,,,1.6308149992672645
2020-05-07 13:15:00+00:00,0.21368196954734808,,,
2020-05-07 15:30:00+00:00,,0.6539559733626027,,
2020-05-07 17:25:00+00:00,,0.6704410634059722,,
2020-05-07 22:25:00+00:00,0.222946271519137,,,
2020-05-07 23:45:00+00:00,,0.6879741702168224,,
2020-05-08 03:05:00+00:00,,,2.0276360742820554,
2020-05-08 23:50:00+00:00,,,,1.6932455556736723
2020-05-09 06:55:00+00:00,0.21804591247114638,,,
2020-05-09 23:50:00+00:00,0.21325326331503056,,,
2020-05-10 07:45:00+00:00,0.21708755698943483,,,
2020-05-10 14:55:00+00:00,0.21231597248680706,,,
2020-05-11 09:10:00+00:00,0.20764926741154707,,,
2020-05-11 12:45:00+00:00,,0.658666200005693,,
2020-05-11 16:35:00+00:00,0.2030851365138413,,,
2020-05-11 16:40:00+00:00,,,1.8833172676242427,
2020-05-12 09:00:00+00:00,0.20673660726836016,,,
2020-05-13 11:00:00+00:00,0.2104537314670453,,,
2020-05-13 20:00:00+00:00,0.2142376895588228,,,
2020-05-14 05:20:00+00:00,,,1.8612594877023725,
2020-05-14 05:50:00+00:00,0.21808968321709046,,,
2020-05-14 08:45:00+00:00,,0.6774809867715874,,
2020-05-14 12:40:00+00:00,,,1.8628261730704223,1.7765993733459582
2020-05-14 13:55:00+00:00,0.22201093572133374,,,
2020-05-15 02:30:00+00:00,0.21713113535417886,0.66502109578809,,
2020-05-15 15:05:00+00:00,0.21235859299909401,,,
2020-05-17 07:00:00+00:00,0.21617680050121774,,,
2020-05-17 18:45:00+00:00,,,1.858612184957093,
2020-05-17 22:15:00+00:00,,0.6524416103893317,,
2020-05-17 22:20:00+00:00,,,,1.7733702994145353
2020-05-18 01:05:00+00:00,0.22006365937422964,,,
2020-05-18 06:10:00+00:00,,0.6418324422855478,,
2020-05-18 08:45:00+00:00,0.2152266601411841,,,
2020-05-18 08:50:00+00:00,,,,1.7010761508198913
2020-05-19 12:35:00+00:00,,0.6298105176876556,,
2020-05-20 06:35:00+00:00,0.21909643549052257,,,
2020-05-21 08:15:00+00:00,0.21428069583844087,,,
2020-05-22 00:10:00+00:00,,0.6178168609382771,,
2020-05-22 03:55:00+00:00,0.2095708061439119,,,
2020-05-22 17:00:00+00:00,0.21333888923837946,,,
2020-05-24 23:30:00+00:00,0.20864970045291986,,,
2020-05-27 15:40:00+00:00,0.21614114542685597,,,
2020-05-28 12:05:00+00:00,,0.6302802765942784,,
2020-05-28 18:00:00+00:00,0.22273579501765758,,,
2020-05-28 22:45:00+00:00,,0.642332136682605,,
2020-05-29 08:30:00+00:00,,,,1.7738207026734862
2020-05-29 10:05:00+00:00,,,1.9188357908556966,
2020-05-30 09:05:00+00:00,,0.6331452035496548,,
2020-05-30 20:40:00+00:00,,,1.887574328586517,
2020-05-30 22:40:00+00:00,0.22674058461207508,,,
2020-05-31 04:25:00+00:00,,0.6236111824594954,,1.7538179240988265
2020-05-31 09:00:00+00:00,0.22175682656230167,,,
2020-05-31 15:30:00+00:00,0.21688261151446225,,,
2020-06-02 03:05:00+00:00,,0.6367675895105189,,
2020-06-02 04:10:00+00:00,0.22931610946817535,,,
2020-06-02 14:45:00+00:00,0.22427574138206485,,,1.80534323372408
2020-06-02 15:05:00+00:00,,,1.8619595697775453,
2020-06-04 13:15:00+00:00,0.22830821921211442,,,
2020-06-05 08:15:00+00:00,,,1.850335582583455,1.7811077269122289
2020-06-05 11:50:00+00:00,,0.6278837520847185,,
2020-06-06 00:35:00+00:00,0.22329000455383216,,,
2020-06-07 14:00:00+00:00,0.21838209025373892,,,
2020-06-08 00:55:00+00:00,0.22292179727237124,,,
2020-06-08 08:15:00+00:00,,,,1.7588167423729293
2020-06-08 14:25:00+00:00,,,1.8395072571592002,
2020-06-09 00:00:00+00:00,,0.6360520728370207,,
2020-06-09 00:20:00+00:00,,,,1.7416756828983881
2020-06-10 18:50:00+00:00,,,,1.7304501343709733
2020-06-10 18:55:00+00:00,,0.6255909849174809,,
2020-06-11 01:35:00+00:00,0.2269299311873285,,,
2020-06-11 12:55:00+00:00,0.221942011299831,,,
2020-06-12 13:55:00+00:00,0.22593252866300198,,,
2020-06-12 17:35:00+00:00,0.2209665316829892,,,
2020-06-15 01:45:00+00:00,0.2161096873165971,,,
2020-06-15 20:50:00+00:00,,0.6360087149291901,,
2020-06-15 23:10:00+00:00,0.22356934457299515,,,
2020-06-16 14:55:00+00:00,,,,1.7177668791100067
2020-06-16 16:00:00+00:00,,,1.8507296551676178,
2020-06-17 20:05:00+00:00,0.21865529037928072,,,
2020-06-18 19:10:00+00:00,,0.6284612008428374,,
2020-06-19 02:55:00+00:00,0.21384924709674413,,,
2020-06-21 11:50:00+00:00,,,1.84515670905534,
2020-06-22 11:45:00+00:00,,0.632968237866674,,
2020-06-22 16:05:00+00:00,0.2176942565595436,,,
2020-06-22 20:50:00+00:00,,0.6376333867383116,,
2020-06-22 22:05:00+00:00,,0.6322109002136377,,
2020-06-23 01:25:00+00:00,,0.6267746670564428,,
2020-06-23 01:40:00+00:00,,,,1.7476194222404602
2020-06-23 10:00:00+00:00,,,1.8747009561798917,
2020-06-26 14:20:00+00:00,,0.6124021661806234,,
2020-06-27 19:40:00+00:00,0.2129093368003648,,,
2020-06-29 20:45:00+00:00,0.21673744667603534,,,
2020-06-30 06:25:00+00:00,,,1.8505605874301694,
2020-06-30 13:05:00+00:00,,,,1.7246577083273993
2020-07-02 06:45:00+00:00,,,1.8380130073957515,
2020-07-02 15:00:00+00:00,,0.6029968324479803,,1.70733990316079
2020-07-02 15:05:00+00:00,0.21197355759809605,,,
2020-07-05 05:55:00+00:00,,,,1.6915702861256343
2020-07-05 09:55:00+00:00,0.2073143788020899,0.5976501661326996,,
2020-07-06 12:00:00+00:00,,0.604142804069712,,
2020-07-06 12:35:00+00:00,0.21104189133295145,,,
2020-07-07 08:05:00+00:00,,,,1.6970118110204828
2020-07-07 09:50:00+00:00,,,1.8387640535290453,
2020-07-08 13:50:00+00:00,,0.6116145039381334,,
2020-07-09 10:05:00+00:00,,,,1.686996945393699
2020-07-09 10:55:00+00:00,,,1.8218767525180686,
2020-07-09 14:55:00+00:00,,0.6024439281583187,,
2020-07-09 15:20:00+00:00,0.20640319056145318,,,
2020-07-12 13:25:00+00:00,,,,1.6704827065325514
2020-07-14 04:15:00+00:00,,0.5938295982425817,,
2020-07-14 11:20:00+00:00,0.20186644843291243,,,
2020-07-19 03:10:00+00:00,,,,1.6599326908803846
2020-07-19 06:45:00+00:00,,0.5926873087741996,,
2020-07-20 10:45:00+00:00,,0.5871681247303857,,1.6467688800069873
2020-07-20 11:10:00+00:00,,,1.8059007808868655,
2020-07-21 12:45:00+00:00,,0.595364440553859,,
2020-07-21 15:55:00+00:00,,,,1.6626989520604594
2020-07-22 07:55:00+00:00,,0.5885802002197109,,
2020-07-22 08:15:00+00:00,,,1.7988824849972198,
2020-07-22 22:30:00+00:00,0.2054960071757362,,,
2020-07-23 14:30:00+00:00,,,,1.6481340611528033
2020-07-23 17:10:00+00:00,,,,1.6506524564245566
2020-07-24 05:00:00+00:00,,0.580789830269935,,
2020-07-25 18:00:00+00:00,,,,1.6509860751096095
2020-07-25 21:20:00+00:00,,,,1.6453385113686836
2020-07-26 07:55:00+00:00,,,,1.638413345054052
2020-07-26 08:20:00+00:00,0.20919082538475597,,,
2020-07-26 08:35:00+00:00,,,,1.6314840928091596
2020-07-26 09:15:00+00:00,,,,1.6300903899671755
2020-07-26 10:10:00+00:00,,,,1.669173509019654
2020-07-26 12:55:00+00:00,,0.5899835095441844,,
2020-07-26 15:05:00+00:00,0.2131711776605903,,,
2020-07-27 01:20:00+00:00,,0.6002916695909001,,
2020-07-27 03:55:00+00:00,,,,1.6889686302840057
2020-07-27 06:00:00+00:00,,,,1.6791838826859211
2020-07-27 08:35:00+00:00,0.21754345479996287,,,
2020-07-27 10:35:00+00:00,,0.611608787108909,,
2020-07-27 11:10:00+00:00,,,,1.6677938879198868
2020-07-27 13:25:00+00:00,,,,1.6605247517029902
2020-07-27 14:00:00+00:00,,,,1.6498801177341205
2020-07-27 15:00:00+00:00,,,,1.6432051901465885
2020-07-27 17:05:00+00:00,,,,1.6981624363129588
2020-07-27 22:20:00+00:00,,,,1.7423801507306467
2020-07-27 23:20:00+00:00,0.2285019089857781,0.6332286871422627,,
2020-07-28 08:05:00+00:00,0.22462080406165466,,,
2020-07-28 08:50:00+00:00,,0.605115002499738,,
2020-07-29 17:55:00+00:00,0.22865948611868323,,,
2020-07-30 00:00:00+00:00,0.22477570474695738,,,
2020-07-31 02:25:00+00:00,,0.5973030242362295,,
2020-07-31 16:20:00+00:00,,,,1.7437051878040029
2020-07-31 18:00:00+00:00,0.2299936596007715,,,
2020-08-01 06:00:00+00:00,,,,1.7601546150917693
2020-08-01 06:30:00+00:00,,,,1.7569520224678883
2020-08-01 10:55:00+00:00,0.23694919186928662,,,
2020-08-01 12:05:00+00:00,,0.6105916213361631,,
2020-08-01 13:35:00+00:00,0.23292460984538677,,,
2020-08-01 19:45:00+00:00,,,,1.75885556169332
2020-08-01 20:50:00+00:00,,,,1.746216146188078
2020-08-02 01:40:00+00:00,0.2371125943304068,,,
2020-08-02 03:00:00+00:00,,,,1.7463448884914565
2020-08-02 04:20:00+00:00,,,,1.749710503710382
2020-08-02 04:35:00+00:00,,0.5934383567179692,,
2020-08-02 04:40:00+00:00,0.22455918864927898,,,
2020-08-02 10:45:00+00:00,0.22074505083007098,,,
2020-08-02 12:40:00+00:00,,,2.073760904263362,
2020-08-02 21:35:00+00:00,0.21699569614172223,,,
2020-08-03 20:10:00+00:00,0.22092375870883896,,,
2020-08-03 21:55:00+00:00,0.21717136866716932,,,
2020-08-04 11:50:00+00:00,0.21348271297035745,,,
2020-08-04 13:15:00+00:00,,,2.055870094855498,
2020-08-05 12:55:00+00:00,,,,1.7528125923820623
2020-08-05 13:35:00+00:00,,,,1.746410266574297
2020-08-05 14:20:00+00:00,,,,1.735604825634104
2020-08-05 15:30:00+00:00,,,,1.7310440304051573
2020-08-05 16:25:00+00:00,,,,1.720839342350384
2020-08-05 18:55:00+00:00,0.2224135889605188,,,
2020-08-05 21:30:00+00:00,,0.60582439644331,,
2020-08-05 22:00:00+00:00,,,,1.7182180992926244
2020-08-06 00:20:00+00:00,,,,1.70707113882552
2020-08-06 14:10:00+00:00,,,,1.7065342855275794
2020-08-06 19:10:00+00:00,0.22641258529002894,,,
2020-08-06 19:40:00+00:00,,,,1.698417744390372
2020-08-06 21:45:00+00:00,0.2225669675288778,,,
2020-08-07 03:15:00+00:00,,,,1.6879006321615575
2020-08-07 11:55:00+00:00,0.2187866675853998,,,
2020-08-07 14:25:00+00:00,,,2.1162642446918998,
2020-08-09 15:10:00+00:00,,,2.0961781075913866,
2020-08-10 01:55:00+00:00,,0.6184809577391065,,
2020-08-10 02:20:00+00:00,,,,1.7070751227834458
2020-08-10 02:40:00+00:00,,,,1.6974135892862343
2020-08-10 07:05:00+00:00,0.22527206560745816,,,
2020-08-10 10:25:00+00:00,,0.6052079795845323,,
2020-08-11 06:25:00+00:00,0.2214458195731155,,,
2020-08-11 13:05:00+00:00,,,2.0943760197513517,
2020-08-11 14:55:00+00:00,,0.5842820804910437,,
2020-08-12 06:00:00+00:00,0.21768456232766611,,,
2020-08-12 16:20:00+00:00,0.22159853075831754,,,
2020-08-13 08:30:00+00:00,0.21783467971338752,,,
2020-08-13 08:45:00+00:00,,,2.08081943184001,
2020-08-13 12:35:00+00:00,0.21413475767845563,,,
2020-08-13 22:25:00+00:00,,,,1.7037058361793678
2020-08-14 00:25:00+00:00,,,,1.6948598425262913
2020-08-14 02:45:00+00:00,0.21828060159837195,,,
2020-08-14 17:00:00+00:00,,,,1.6850635721931067
2020-08-14 23:05:00+00:00,,0.5953630578041337,,
2020-08-15 00:55:00+00:00,,,,1.6915364682811296
2020-08-16 11:25:00+00:00,,,2.108916367766965,
2020-08-17 13:20:00+00:00,0.2222052868151107,,,
2020-08-17 13:25:00+00:00,,,,1.6827478203824373
2020-08-17 15:50:00+00:00,,,,1.707337743340775
2020-08-17 16:05:00+00:00,,,,1.6932770856998467
2020-08-17 18:25:00+00:00,,0.6145138757314986,,
2020-08-17 22:30:00+00:00,0.22620053787204641,,,
2020-08-18 11:55:00+00:00,0.2223585217362897,,,
2020-08-18 14:15:00+00:00,,0.5968270771794879,,
2020-08-18 14:40:00+00:00,,,2.1159259614305976,
2020-08-19 03:55:00+00:00,0.21858176224459883,,,
2020-08-19 16:25:00+00:00,0.21486915101287432,,,
2020-08-21 11:45:00+00:00,,,2.0819192789041674,
2020-08-21 21:15:00+00:00,0.21121959848292066,,,
2020-08-25 13:40:00+00:00,0.20657699170826607,,,
2020-08-25 18:05:00+00:00,0.2020364294305184,,,
2020-08-26 16:25:00+00:00,0.20566904443167913,,,
2020-08-27 13:20:00+00:00,,0.606546304652723,,
2020-08-27 17:00:00+00:00,0.20114843883507083,,,
2020-08-28 09:30:00+00:00,0.20476508776532537,,,
2020-08-31 12:50:00+00:00,0.20844676404334594,,,
2020-08-31 13:20:00+00:00,,,,1.6855445238360407
2020-08-31 20:20:00+00:00,,0.6002323398760068,,
2020-09-01 00:20:00+00:00,0.2038651041696732,,,
2020-09-01 06:10:00+00:00,,,,1.6809279259272343
2020-09-01 07:10:00+00:00,,,,1.685538929743011
2020-09-01 07:30:00+00:00,0.20778778793602057,,,
2020-09-01 07:55:00+00:00,,,,1.679592646964026
2020-09-01 08:05:00+00:00,,,,1.671525434734397
2020-09-01 10:25:00+00:00,,,,1.664771050227764
2020-09-01 15:20:00+00:00,,0.6075895639849055,,
2020-09-01 15:30:00+00:00,,,,1.6597983048297267
2020-09-01 16:15:00+00:00,,,,1.6617762873160402
2020-09-02 07:10:00+00:00,,,2.1447650602471757,
2020-09-02 10:25:00+00:00,0.20322061235718683,,,
2020-09-02 14:55:00+00:00,0.19875382329757588,,,
2020-09-03 12:10:00+00:00,0.1943852142614952,,,
2020-09-03 15:35:00+00:00,0.19011262725202752,,,
2020-09-03 23:25:00+00:00,0.18593395170502794,,,
2020-09-04 10:15:00+00:00,0.18927704415668437,,,
2020-09-04 14:15:00+00:00,0.18511673472612042,,,
2020-09-04 18:55:00+00:00,0.18844513361649604,,,
2020-09-05 09:05:00+00:00,0.18430310957960544,,,
2020-09-05 11:40:00+00:00,,,2.085038506561526,
2020-09-05 18:50:00+00:00,0.1802521272310457,,,
2020-09-06 08:40:00+00:00,0.18349306047865988,,,
2020-09-07 11:00:00+00:00,0.17945988300933893,,,
2020-09-07 12:15:00+00:00,,,2.044476961244866,
2020-09-07 23:45:00+00:00,0.1848559861814774,,,
2020-09-08 09:45:00+00:00,0.1807928516052085,,,
2020-09-08 10:10:00+00:00,,,2.009094191460078,
2020-09-08 22:30:00+00:00,0.18404350707707012,,,
2020-09-08 22:40:00+00:00,0.1799982307915161,,,
2020-09-09 11:15:00+00:00,0.18323459898114755,,,
2020-09-10 13:55:00+00:00,0.1865291570708286,,,
2020-09-11 03:35:00+00:00,0.18242924619841178,,,
2020-09-13 03:35:00+00:00,0.1857093240450592,,,
2020-09-13 04:05:00+00:00,,,,1.665588312573585
2020-09-13 11:30:00+00:00,0.18162743310254878,0.6009924550945988,,
2020-09-13 12:15:00+00:00,,,2.0442903846495435,
2020-09-14 12:50:00+00:00,0.18489309434973264,,,
2020-09-14 13:15:00+00:00,,,,1.6569331199795287
2020-09-14 13:35:00+00:00,,,,1.6557339382472709
2020-09-14 13:55:00+00:00,,,,1.646955341024281
2020-09-14 14:10:00+00:00,,,,1.6397322979294389
2020-09-14 16:10:00+00:00,,,,1.6402696239769519
2020-09-15 02:30:00+00:00,,0.6100465043811542,,
2020-09-15 02:50:00+00:00,,,,1.6418485734561397
2020-09-15 03:00:00+00:00,0.18821747218614085,,,
2020-09-15 11:20:00+00:00,,,,1.6391110156148203
2020-09-15 12:35:00+00:00,,,,1.6350849314841736
2020-09-15 12:50:00+00:00,,,,1.6257021680558417
2020-09-15 14:55:00+00:00,,0.6016389664042308,,
2020-09-16 08:00:00+00:00,,,,1.6161596523612918
2020-09-16 13:00:00+00:00,,,,1.608835544103552
2020-09-16 15:40:00+00:00,,,,1.6082439170719733
2020-09-16 16:10:00+00:00,,,,1.6015784642104665
2020-09-16 16:35:00+00:00,0.19228994519575232,,,
2020-09-16 17:00:00+00:00,,,,1.6000480398975412
2020-09-17 10:20:00+00:00,0.18806341220034967,,,
2020-09-17 13:45:00+00:00,,,2.1222253629359233,
2020-09-18 17:50:00+00:00,,,2.1042427982865823,
2020-09-19 12:05:00+00:00,,,,1.5989603793681502
2020-09-19 12:50:00+00:00,0.19175083433315637,,,
2020-09-19 18:05:00+00:00,,0.5951955586538007,,
2020-09-20 03:00:00+00:00,,,2.097194452735361,
2020-09-21 09:35:00+00:00,,,2.0716003307768194,
2020-09-21 10:50:00+00:00,0.1875361509945136,,,
2020-09-23 19:05:00+00:00,0.18341410639565417,,,
2020-09-23 19:40:00+00:00,,,2.030159617303632,
2020-09-24 17:05:00+00:00,0.18983000646707968,,,
2020-09-27 04:10:00+00:00,,0.6017457553457514,,
2020-09-27 08:00:00+00:00,,,2.093345524437197,
2020-09-28 01:10:00+00:00,0.19324314998335776,,,
2020-09-28 23:15:00+00:00,0.18899566554672356,0.5955359214759806,,
2020-09-29 00:10:00+00:00,,,2.0809900770505942,
2020-10-01 16:15:00+00:00,0.18484154081800658,,,
2020-10-01 16:35:00+00:00,,,2.040070915391973,
2020-10-05 23:40:00+00:00,0.1881649917219143,,,
2020-10-06 19:45:00+00:00,,,2.0470224673923725,
2020-10-08 09:15:00+00:00,,,2.029841361984498,
2020-10-08 16:50:00+00:00,0.19154819827307432,,,
2020-10-08 18:30:00+00:00,,,,1.5921913653082036
2020-10-08 18:35:00+00:00,,0.6016740649394532,,
2020-10-09 00:20:00+00:00,,,,1.5809080163445155
2020-10-09 11:00:00+00:00,,0.6085729044449883,,
2020-10-09 17:30:00+00:00,,,,1.591426579258591
2020-10-10 02:05:00+00:00,0.19499223487802422,0.6153877555977381,,
2020-10-10 05:00:00+00:00,,,,1.6301550107130345
2020-10-12 10:40:00+00:00,,0.6066467488010542,,
2020-10-12 11:35:00+00:00,,,2.14485028688861,
2020-10-12 15:30:00+00:00,0.19849819526113113,,,
2020-10-12 21:35:00+00:00,,0.614513902213768,,
2020-10-12 23:05:00+00:00,,,,1.6465985458704888
2020-10-13 13:30:00+00:00,0.19413520492929148,,,
2020-10-16 04:55:00+00:00,,,2.10026181646199,
2020-10-19 14:10:00+00:00,0.19780634709708406,,,
2020-10-19 17:45:00+00:00,,,,1.6444063351679876
2020-10-19 18:20:00+00:00,,0.6220468380110169,,
2020-10-20 07:40:00+00:00,,,,1.6324026098628568
2020-10-20 11:25:00+00:00,,,,1.6234350327033842
2020-10-20 15:30:00+00:00,0.2013629052178896,,,
2020-10-20 19:10:00+00:00,,,,1.6195195316380657
2020-10-21 02:55:00+00:00,,0.6299363981351112,,
2020-10-21 04:20:00+00:00,0.20498341025370723,,,
2020-10-21 07:05:00+00:00,,,,1.6355673450147783
2020-10-21 12:45:00+00:00,,0.6396196839472117,,
2020-10-21 21:20:00+00:00,0.20764511983585163,,,
2020-10-21 22:30:00+00:00,,0.6537617107060775,,
2020-10-21 23:05:00+00:00,,0.6421256804919246,,
2020-10-22 02:25:00+00:00,0.20308108010185957,,,
2020-10-22 21:00:00+00:00,0.20727667387784518,,,
2020-10-23 00:15:00+00:00,0.20272073258601014,,,
2020-10-25 01:35:00+00:00,0.20535306129863948,,,
2020-10-25 05:40:00+00:00,,0.6339910346755161,,
2020-10-25 05:45:00+00:00,,,,1.6156621996627136
2020-10-26 16:30:00+00:00,0.20083940101129538,,,
2020-10-26 17:25:00+00:00,,,2.0904521342795204,
2020-10-27 15:30:00+00:00,0.20714067489075863,,,
2020-10-27 16:45:00+00:00,,0.6443507868781929,,
2020-10-27 18:20:00+00:00,,0.6351828819870281,,
2020-10-27 21:45:00+00:00,0.2098303965542151,,,
2020-10-28 07:20:00+00:00,,,,1.653199623573243
2020-10-28 11:05:00+00:00,,0.6258159898734047,,
2020-10-28 11:20:00+00:00,0.20521832443795346,,,
2020-10-28 11:50:00+00:00,,,2.143679692121558,
2020-10-29 20:00:00+00:00,0.2096227734312854,,,
2020-10-30 00:10:00+00:00,,0.6136943653944055,,
2020-10-30 05:55:00+00:00,0.20501526487126576,,,
2020-10-30 06:35:00+00:00,,,2.123125957426568,
2020-10-30 19:20:00+00:00,0.20790344534852048,,,
2020-10-31 06:05:00+00:00,,,,1.6250024074692122
2020-10-31 10:20:00+00:00,,0.6018200646712007,,
2020-10-31 13:20:00+00:00,0.21156509338350277,,,
2020-10-31 17:05:00+00:00,,,,1.6287030480319764
2020-11-02 08:35:00+00:00,0.20691489263093338,,,
2020-11-02 09:20:00+00:00,,,2.132296727604404,
2020-11-03 17:30:00+00:00,0.20985260951494988,,,
2020-11-04 07:45:00+00:00,,,,1.6104240377725563
2020-11-04 20:15:00+00:00,,0.5906981607021942,,
2020-11-04 20:20:00+00:00,0.21272811382663198,,,
2020-11-05 02:40:00+00:00,0.2154903883846708,,,
2020-11-05 17:30:00+00:00,,0.5792889129086956,,
2020-11-05 17:35:00+00:00,0.22485407188964252,,,
2020-11-06 03:10:00+00:00,0.23270869210069303,,,
2020-11-06 08:55:00+00:00,,,,1.766450801702105
2020-11-06 09:20:00+00:00,0.2275937550483198,,,
2020-11-06 20:15:00+00:00,0.22259124431235774,0.5659091292180494,,
2020-11-07 15:15:00+00:00,0.2176986887623721,,,
2020-11-07 15:25:00+00:00,,,2.3881462874108403,
2020-11-08 10:40:00+00:00,0.22052550623595146,,,
2020-11-08 16:15:00+00:00,0.2233890299344253,,,
2020-11-09 11:45:00+00:00,0.22628973648812378,,,
2020-11-09 13:15:00+00:00,0.22131588808011482,,,
2020-11-09 13:50:00+00:00,,,,1.7088159492325923
2020-11-09 16:15:00+00:00,,,2.356457347512369,
2020-11-10 15:25:00+00:00,,0.5533681971261016,,
2020-11-11 15:00:00+00:00,0.22547745063317381,,,
2020-11-11 22:20:00+00:00,0.22840527532964552,,,
2020-11-12 00:10:00+00:00,,,,1.682459894317669
2020-11-12 10:15:00+00:00,,0.5440960499920785,,
2020-11-12 10:20:00+00:00,0.23156836754543406,,,
2020-11-12 20:50:00+00:00,0.23457528279801151,,,
2020-11-13 04:25:00+00:00,0.23824554624226432,,,
2020-11-13 11:15:00+00:00,,,,1.6913584136352857
2020-11-13 16:05:00+00:00,0.23300890913585937,,,
2020-11-14 08:20:00+00:00,0.22788737331305317,,,
2020-11-14 08:30:00+00:00,,,2.4345326726099774,
2020-11-15 21:05:00+00:00,,,2.408123744931859,
2020-11-16 09:25:00+00:00,0.2313874689995479,,,
2020-11-16 15:50:00+00:00,0.23439203528450697,,,
2020-11-16 21:30:00+00:00,0.23915903890605555,,,
2020-11-17 11:30:00+00:00,,0.553929985289894,,
2020-11-17 20:05:00+00:00,,0.5708568478729383,,
2020-11-17 21:00:00+00:00,0.2525290722176536,,,
2020-11-18 04:15:00+00:00,,0.5845283236479941,,
2020-11-18 05:30:00+00:00,,0.5732502027280536,,
2020-11-18 05:35:00+00:00,0.24697848321030955,,,1.815427306562125
2020-11-18 07:55:00+00:00,0.25018549881479535,,,
2020-11-18 14:30:00+00:00,0.2446864215508461,,,
2020-11-18 19:50:00+00:00,0.23930821400515848,,,
2020-11-19 08:45:00+00:00,0.2340482194613251,,,
2020-11-19 10:40:00+00:00,,,2.6157044129689164,
2020-11-19 18:10:00+00:00,0.23708733559103035,,,
2020-11-20 08:50:00+00:00,0.24016591464367984,,,
2020-11-21 04:00:00+00:00,,,,1.8194750348307933
2020-11-22 08:55:00+00:00,0.23488706783981175,,,
2020-11-22 20:50:00+00:00,0.2391103373195716,,,
2020-11-23 00:25:00+00:00,0.23385469210528742,,,
2020-11-23 01:00:00+00:00,,0.5582926801727208,,
2020-11-24 06:05:00+00:00,0.2287145659728132,,,
2020-11-24 14:05:00+00:00,0.237166790780639,,,
2020-11-24 20:00:00+00:00,,,,1.8126263079593088
2020-11-25 03:55:00+00:00,0.23195386471928056,,,
2020-11-25 16:00:00+00:00,,,,1.7721394369503132
2020-11-25 23:15:00+00:00,0.2268555187727508,,,
2020-11-25 23:25:00+00:00,,,2.6359903110259904,
2020-11-26 00:05:00+00:00,,0.546725243725749,,
2020-11-26 02:25:00+00:00,0.22186923447012574,,,
2020-11-26 08:05:00+00:00,0.2169925486964724,,,
2020-11-26 14:00:00+00:00,0.2122230524761239,,,
2020-11-27 02:35:00+00:00,0.21603882295964463,,,
2020-11-27 08:25:00+00:00,0.21129028963099164,,,
2020-11-27 15:40:00+00:00,0.20664612906490246,,,
2020-11-28 00:50:00+00:00,0.21036162646548937,,,
2020-11-28 13:00:00+00:00,,0.5449762520468004,,
2020-11-28 20:45:00+00:00,0.21832764609077018,,,
2020-11-29 21:05:00+00:00,,0.5618254332955436,,
2020-11-29 22:45:00+00:00,0.22225317716748225,,,
2020-11-30 04:40:00+00:00,0.2262492892929536,,,
2020-11-30 12:55:00+00:00,,0.5725659957576726,,
2020-11-30 15:30:00+00:00,,,,1.7410704082096333
2020-11-30 17:30:00+00:00,,0.5839939373245708,,
2020-11-30 18:10:00+00:00,0.23529965183432483,,,
2020-12-01 11:20:00+00:00,,,,1.6968699896189061
2020-12-01 11:25:00+00:00,0.23012776548700636,,,
2020-12-01 12:20:00+00:00,0.22506955720160193,,,
2020-12-01 12:25:00+00:00,,0.5658208733006193,,
2020-12-01 13:35:00+00:00,,,2.877315912478177,
2020-12-02 00:00:00+00:00,0.2201225283343107,,,
2020-12-02 13:20:00+00:00,0.22408033139376163,,,
2020-12-02 15:00:00+00:00,0.21915504570972674,,,
2020-12-03 08:15:00+00:00,0.22309545343158765,,,
2020-12-04 10:15:00+00:00,0.21819181536516136,,,
2020-12-04 11:30:00+00:00,,,2.8852082420692793,
2020-12-04 21:50:00+00:00,0.2133959592634351,,,
2020-12-05 19:10:00+00:00,0.2172328186109917,,,
2020-12-06 13:45:00+00:00,0.2124580412579221,,,
2020-12-07 19:10:00+00:00,,,2.8843218040873144,
2020-12-08 09:40:00+00:00,0.20778821351107296,,,
2020-12-08 10:10:00+00:00,,,2.8255186713403346,
2020-12-08 22:55:00+00:00,0.20322102857809957,,,
2020-12-10 15:10:00+00:00,0.19875423036995293,,,
2020-12-10 15:30:00+00:00,,,2.774896474753741,
2020-12-11 01:50:00+00:00,0.19438561238642135,,2.706519463537552,
2020-12-11 02:55:00+00:00,,0.5515184731951499,,
2020-12-11 10:20:00+00:00,0.19011301662616778,,,
2020-12-12 04:20:00+00:00,0.19398702588824346,,,
2020-12-12 22:25:00+00:00,0.19827729641928804,,,
2020-12-13 09:20:00+00:00,,0.5619079747169992,,
2020-12-13 11:50:00+00:00,0.2027726313044299,,,
2020-12-13 22:15:00+00:00,0.19831568886835851,,,
2020-12-14 23:55:00+00:00,,0.5624996180348967,,
2020-12-15 04:50:00+00:00,,,,1.683190572864296
2020-12-15 04:55:00+00:00,,0.5519647059024645,,
2020-12-16 18:15:00+00:00,0.2133562259518294,,,
2020-12-16 18:45:00+00:00,,0.5772939251666867,,
2020-12-17 04:20:00+00:00,,0.590123898963865,,
2020-12-17 07:10:00+00:00,0.2279829654584548,,,
2020-12-17 08:00:00+00:00,,0.6048955731312721,,
2020-12-17 09:35:00+00:00,,,,1.960832527104136
2020-12-17 09:40:00+00:00,,0.5863214392041327,,
2020-12-17 12:10:00+00:00,0.23208209917739786,,,
2020-12-17 18:15:00+00:00,0.22698093463747865,,,
2020-12-17 20:10:00+00:00,0.22199189369414687,,,
2020-12-18 14:30:00+00:00,0.21711251187074954,,,
2020-12-19 00:35:00+00:00,,0.5884602484800195,,
2020-12-19 20:15:00+00:00,0.22704619683433133,,,
2020-12-20 00:20:00+00:00,0.22205572142791272,,,1.9370859059798526
2020-12-20 03:15:00+00:00,,0.5664196375949158,,
2020-12-20 21:10:00+00:00,0.2171749366709272,,,
2020-12-21 09:45:00+00:00,0.2124014315629002,,,
2020-12-21 10:15:00+00:00,,,,1.8820330820651467
2020-12-21 22:25:00+00:00,0.21622040930240116,,,
2020-12-22 22:50:00+00:00,0.22010805226165836,,,
2020-12-23 07:15:00+00:00,0.21527007727294714,,,
2020-12-23 11:05:00+00:00,,,,1.8886721011343566
2020-12-23 21:40:00+00:00,0.21053844097448776,,,
2020-12-23 22:20:00+00:00,,,,1.7974955383363003
2020-12-25 00:00:00+00:00,0.21432392214320908,,,
2020-12-25 14:10:00+00:00,0.21950222243605141,,,
2020-12-25 14:40:00+00:00,0.214677563586907,,,
2020-12-26 15:30:00+00:00,,0.5866600232809155,,
2020-12-26 18:45:00+00:00,0.22075639473888908,,,
2020-12-26 20:35:00+00:00,,0.6041599009404129,,
2020-12-27 00:55:00+00:00,0.22472559471629433,,,
2020-12-27 06:00:00+00:00,0.22876616090929328,,,
2020-12-27 06:15:00+00:00,,0.6233537605309181,,
2020-12-27 10:05:00+00:00,0.23287937648244234,,,
2020-12-27 11:35:00+00:00,0.22776068778735822,,,
2020-12-27 11:40:00+00:00,,0.5981759914540022,,2.0800373673740657
2020-12-28 13:30:00+00:00,0.23185582495377494,,,
2020-12-28 20:30:00+00:00,0.22675963392129098,,,
2020-12-29 05:10:00+00:00,,,,2.0181026603105408
2020-12-29 05:20:00+00:00,,,3.053335044044656,
2020-12-29 23:25:00+00:00,0.23083677213919576,,,
2020-12-30 05:40:00+00:00,0.23498721730225852,,,
2020-12-30 08:25:00+00:00,0.22982219826595485,,,
2020-12-30 20:35:00+00:00,,0.6184019638790645,,
2020-12-31 01:05:00+00:00,0.22477070634806917,,,
2020-12-31 13:05:00+00:00,0.2198302462225386,,,
2020-12-31 13:10:00+00:00,,,,2.117819535679874
2021-01-01 01:10:00+00:00,0.22378279404961987,,,
2021-01-01 18:45:00+00:00,,,,2.100470993735586
2021-01-02 20:10:00+00:00,0.23915904143967848,,,
2021-01-02 20:20:00+00:00,0.23390232570883435,0.6522748846826331,,
2021-01-02 20:55:00+00:00,,,,2.2195284016619627
2021-01-03 04:55:00+00:00,0.23810788952507922,,,
2021-01-03 07:20:00+00:00,,0.6836696854767799,,
2021-01-03 09:10:00+00:00,0.2454321186025877,,,
2021-01-03 15:30:00+00:00,,0.6467622867766475,,
2021-01-03 18:35:00+00:00,,,,2.211190536399222
2021-01-03 22:50:00+00:00,0.23966830826647537,,,
2021-01-03 23:55:00+00:00,0.2344003988507782,,,
2021-01-04 07:05:00+00:00,0.22924827808403808,,,
2021-01-04 09:30:00+00:00,,,3.591317385654968,2.055527981084408
2021-01-04 16:15:00+00:00,0.22420940093175093,,,
2021-01-05 03:40:00+00:00,0.21928127829927105,,,
2021-01-05 05:45:00+00:00,,,,1.9817226627160869
2021-01-05 12:15:00+00:00,0.22322395568309197,,,
2021-01-05 14:10:00+00:00,0.2183174931371776,,,
2021-01-05 16:15:00+00:00,0.22224284166378408,,,
2021-01-05 22:20:00+00:00,,0.6972757888802601,,
2021-01-05 23:15:00+00:00,0.2316090784782239,,,
2021-01-06 09:15:00+00:00,0.22651831093327254,,,
2021-01-06 14:10:00+00:00,0.2215394384589592,,,
2021-01-06 20:00:00+00:00,0.2166700016016313,,,
2021-01-07 01:15:00+00:00,0.2223103007581904,,,
2021-01-07 05:35:00+00:00,0.22630743996582267,,,
2021-01-07 06:25:00+00:00,0.22133320243537388,,,
2021-01-07 14:00:00+00:00,0.22531277341516193,,,
2021-01-07 17:20:00+00:00,,0.742875684147108,,
2021-01-07 18:25:00+00:00,0.22936389708116656,,,
2021-01-07 18:45:00+00:00,,,,2.3597494892125166
2021-01-07 23:15:00+00:00,0.22356826088887444,,,
2021-01-08 01:05:00+00:00,0.21865423051453695,,,
2021-01-08 09:50:00+00:00,0.22258563357918834,,,
2021-01-08 14:45:00+00:00,0.23393612663848207,,,
2021-01-08 15:10:00+00:00,0.22879421057496824,,,
2021-01-09 01:10:00+00:00,0.22317103519288964,,,
2021-01-10 11:20:00+00:00,0.2182657358393499,,,2.321546531760955
2021-01-10 17:30:00+00:00,,,4.290982460031095,
2021-01-10 17:35:00+00:00,,0.6871030243545511,,
2021-01-11 00:45:00+00:00,0.21346825496560098,,,
2021-01-11 03:35:00+00:00,,,,2.064627157260998
2021-01-11 11:45:00+00:00,0.20877622272145704,,,
2021-01-11 16:10:00+00:00,,,,1.7655449290586946
2021-01-11 19:05:00+00:00,0.20418732134603942,,,
2021-01-11 20:05:00+00:00,0.19969928402285345,,,
2021-01-12 01:25:00+00:00,0.2212504834215915,,,
2021-01-12 01:45:00+00:00,0.2163873977959849,,,
2021-01-12 09:40:00+00:00,0.22027804320835673,,,
2021-01-12 10:10:00+00:00,0.21543633181863703,,,
2021-01-12 14:25:00+00:00,,,,1.73091480537394
2021-01-12 15:00:00+00:00,,,4.211841576933404,
2021-01-12 20:20:00+00:00,0.2107010412452634,,,
2021-01-13 04:35:00+00:00,0.20606983235869247,,,
2021-01-13 06:20:00+00:00,0.20977496794450173,,,
2021-01-13 07:25:00+00:00,0.21354672186814386,,,
2021-01-13 18:30:00+00:00,0.2173862919273331,,,
2021-01-14 01:50:00+00:00,0.22867428484889382,,,
2021-01-14 13:30:00+00:00,0.2327858484904769,,,
2021-01-14 19:20:00+00:00,0.2369713380463357,,,
2021-01-15 02:00:00+00:00,0.23176270803607726,,,
2021-01-15 03:45:00+00:00,0.2266685637134443,,,
2021-01-15 06:05:00+00:00,,,,1.8398341618658383
2021-01-15 06:25:00+00:00,,,4.531285846456487,
2021-01-15 12:00:00+00:00,0.22168638868302276,,,
2021-01-15 15:10:00+00:00,,,,1.726654497241332
2021-01-16 02:55:00+00:00,0.2168137218597699,,,
2021-01-16 18:55:00+00:00,0.21204815625329215,,,
2021-01-16 22:05:00+00:00,,,,1.677937342925402
2021-01-16 22:30:00+00:00,,,4.41651964404662,
2021-01-17 03:40:00+00:00,0.20738733777884483,,,
2021-01-17 06:20:00+00:00,,0.6434048394193199,,
2021-01-17 08:05:00+00:00,,,,1.5759666093609908
2021-01-17 16:30:00+00:00,0.21111616211210849,,,
2021-01-18 03:20:00+00:00,0.20647582886888433,,,
2021-01-18 12:05:00+00:00,0.2101882642719469,,,
2021-01-18 14:30:00+00:00,0.2055683262232495,,,
2021-01-19 07:50:00+00:00,0.20926444472874356,,,
2021-01-19 18:55:00+00:00,0.2046648122336058,,,
2021-01-20 09:35:00+00:00,0.20016627966071115,,,
2021-01-20 15:50:00+00:00,0.19576662483376875,,,
2021-01-21 05:05:00+00:00,0.19146367441992249,,,
2021-01-21 08:30:00+00:00,0.1872553028561726,,,
2021-01-21 09:20:00+00:00,,,4.1652033168030345,
2021-01-21 16:50:00+00:00,0.18313943129939392,,,
2021-01-21 22:00:00+00:00,0.17911402659943323,,,
2021-01-22 08:30:00+00:00,0.18233449679769106,,,
2021-01-22 17:30:00+00:00,0.18742807525977176,,,
2021-01-22 18:55:00+00:00,,0.670347007248989,,
2021-01-22 23:00:00+00:00,0.19079803205294243,,,
2021-01-23 11:15:00+00:00,0.18660429130841877,,,
2021-01-23 12:55:00+00:00,,,4.156178476154856,
2021-01-24 08:55:00+00:00,0.1899594364661441,,,
2021-01-24 14:40:00+00:00,0.18578412805261826,,,
2021-01-24 16:40:00+00:00,,,4.079903569575634,
2021-01-25 03:45:00+00:00,,0.6862996718376968,,
2021-01-25 06:25:00+00:00,,,,1.5619756613516094
2021-01-25 07:40:00+00:00,0.1913963284183664,,,
2021-01-25 13:20:00+00:00,,0.7023879405818335,,
2021-01-25 16:05:00+00:00,,,,1.5757539614389093
2021-01-25 17:05:00+00:00,0.19483763440332866,,,
2021-01-25 20:00:00+00:00,,0.6736290499144959,,
2021-01-25 21:50:00+00:00,,,4.130936274864823,
2021-01-26 03:25:00+00:00,0.19055510319914348,,,
2021-01-26 12:50:00+00:00,0.1863667020308263,,,
2021-01-26 14:30:00+00:00,0.18227036192018875,,,
2021-01-26 16:15:00+00:00,0.178264059365183,,,
2021-01-27 08:55:00+00:00,0.17434581534033627,,,
2021-01-27 09:25:00+00:00,,,3.97638458232922,
2021-01-27 17:35:00+00:00,0.1705136943191557,,,
2021-01-27 18:35:00+00:00,0.16676580331802066,,,
2021-01-27 19:00:00+00:00,0.16976425246167864,,,
2021-01-27 20:10:00+00:00,0.17281661372093965,,,
2021-01-27 23:05:00+00:00,0.16743625739495524,,,
2021-01-28 17:00:00+00:00,,0.6956569736673549,,
2021-01-28 21:00:00+00:00,0.1756776884431384,,,
2021-01-29 03:40:00+00:00,,,,1.6041024567443678
2021-01-29 04:05:00+00:00,0.1812933163810563,,,
2021-01-29 13:30:00+00:00,0.20289382554461521,,,
2021-01-29 14:00:00+00:00,,0.7331506800760681,,
2021-01-29 14:35:00+00:00,,,,1.7224652058834629
2021-01-29 14:55:00+00:00,0.19843421925914456,,,
2021-01-29 16:50:00+00:00,0.19407263511982853,,,
2021-01-30 03:10:00+00:00,0.18980691859989468,,,
2021-01-30 04:00:00+00:00,,,4.226989301415862,
2021-01-30 21:55:00+00:00,0.1932196469963208,,,
2021-01-31 00:35:00+00:00,0.18897267915534166,,,
2021-01-31 15:10:00+00:00,0.18481905966750722,,,
2021-01-31 15:50:00+00:00,,,4.024452326338135,
2021-02-01 06:20:00+00:00,0.19093710983838832,,,
2021-02-01 09:00:00+00:00,,0.7503712343734825,,
2021-02-01 15:55:00+00:00,0.18674031216414055,,,
2021-02-02 11:25:00+00:00,,,,1.7293714983481923
2021-02-02 13:00:00+00:00,0.19075869907514947,,,
2021-02-02 20:00:00+00:00,,0.7671433774712103,,
2021-02-03 00:00:00+00:00,,,,1.7143086627423452
2021-02-03 00:15:00+00:00,0.1941885404845207,,,
2021-02-03 07:45:00+00:00,,,,1.7275644981305893
2021-02-03 19:25:00+00:00,0.19918060176513314,,,
2021-02-04 00:10:00+00:00,,0.7825246083661475,,
2021-02-04 02:25:00+00:00,,,,1.7581823069777718
2021-02-04 03:20:00+00:00,0.2027618689848702,,,
2021-02-04 08:50:00+00:00,,,,1.7341007048557484
2021-02-04 09:10:00+00:00,0.19830516310458277,,,
2021-02-04 14:45:00+00:00,0.19394641561954404,,,
2021-02-04 14:50:00+00:00,,0.7519612080392298,,
2021-02-04 15:50:00+00:00,,,4.386984444438713,
2021-02-05 12:20:00+00:00,0.19743357217238347,,,
2021-02-06 01:50:00+00:00,,,,1.72429901364079
2021-02-06 05:10:00+00:00,,,,1.6964736608403888
2021-02-06 05:15:00+00:00,0.2017733079287416,,,
2021-02-06 11:00:00+00:00,,0.7684045545759498,,
2021-02-06 15:05:00+00:00,0.207401081197874,,,
2021-02-06 17:55:00+00:00,,,,1.7222299550110756
2021-02-06 20:15:00+00:00,0.20284240543314475,,,
2021-02-06 23:10:00+00:00,0.1983839293617242,,,
2021-02-07 00:30:00+00:00,,,4.576366041244827,
2021-02-07 15:10:00+00:00,,0.7378855869271497,,
2021-02-07 15:15:00+00:00,0.1940234505943535,,,
2021-02-07 15:35:00+00:00,,,4.389873086287019,
2021-02-08 10:30:00+00:00,0.19751199223603996,,,
2021-02-08 12:40:00+00:00,0.20106325785644394,,,
2021-02-08 16:30:00+00:00,,,,1.8110704762896428
2021-02-08 17:00:00+00:00,0.2149567968857512,,,
2021-02-08 17:55:00+00:00,,0.7768245363252868,,
2021-02-08 20:45:00+00:00,0.21882172009375703,,,
2021-02-09 02:05:00+00:00,,,,1.842409440081425
2021-02-09 03:30:00+00:00,0.2287899595183512,,,
2021-02-09 06:35:00+00:00,,0.8038738787656008,,
2021-02-09 08:30:00+00:00,,,,1.8078016319685883
2021-02-09 12:45:00+00:00,0.22376115620813786,,,
2021-02-09 19:45:00+00:00,0.22778438179676014,,,
2021-02-09 23:05:00+00:00,0.2227776810848673,,,
2021-02-10 04:05:00+00:00,0.21788102765462192,,,
2021-02-10 12:30:00+00:00,0.2130920026667733,,,
2021-02-10 15:35:00+00:00,,,5.0280014439584155,
2021-02-11 00:45:00+00:00,0.20840824044815764,,,
2021-02-11 17:05:00+00:00,,,,1.7968176904916595
2021-02-11 17:15:00+00:00,0.2189854537592695,,,
2021-02-11 20:25:00+00:00,,0.8269422653220571,,
2021-02-11 20:45:00+00:00,,,,1.7647846193423082
2021-02-11 20:50:00+00:00,0.21417215348564075,,,
2021-02-12 02:45:00+00:00,,,,1.7315294084074448
2021-02-12 03:40:00+00:00,0.20946464955202634,,,
2021-02-12 14:35:00+00:00,0.2048606165548728,,,
2021-02-13 11:10:00+00:00,0.20035778020299672,,,
2021-02-14 05:25:00+00:00,0.20396021309104662,,,
2021-02-14 08:50:00+00:00,,,,1.7431067000605327
2021-02-14 10:00:00+00:00,0.20849018912687273,,,
2021-02-14 13:45:00+00:00,,,,1.7187669856773913
2021-02-14 15:25:00+00:00,0.20390757476986407,,,
2021-02-15 02:15:00+00:00,0.19942568627642246,0.7959348750377483,,
2021-02-15 02:35:00+00:00,,,5.158124942003585,
2021-02-15 15:50:00+00:00,0.2030113601156725,,,
2021-02-16 00:30:00+00:00,0.19854917042033002,,,
2021-02-16 06:05:00+00:00,,,,1.6910380948888748
2021-02-16 07:55:00+00:00,0.20211908450448757,,,
2021-02-16 12:30:00+00:00,,0.813329763608971,,
2021-02-16 12:35:00+00:00,,,,1.6633636811069028
2021-02-16 16:55:00+00:00,0.19767650702707892,,,
2021-02-17 06:05:00+00:00,0.20123073062342584,,,
2021-02-17 12:00:00+00:00,0.20668261664062132,,,
2021-02-17 13:05:00+00:00,,,,1.6625591797189472
2021-02-18 00:00:00+00:00,0.21039877008781965,,,
2021-02-18 02:05:00+00:00,,,,1.6681980018429814
2021-02-18 07:10:00+00:00,,0.8175846799579012,,
2021-02-18 11:35:00+00:00,0.20577420512128938,,,
2021-02-19 13:10:00+00:00,,,,1.6584583905473103
2021-02-19 15:35:00+00:00,0.20844618317478927,,,
2021-02-19 16:00:00+00:00,,0.8311130227234789,,
2021-02-19 19:20:00+00:00,,,,1.7075533683376727
2021-02-19 21:05:00+00:00,,0.844393116967494,,
2021-02-19 21:50:00+00:00,0.21488027494027828,,,
2021-02-20 00:15:00+00:00,,,,1.6898855530861039
2021-02-20 00:45:00+00:00,0.2176704953103778,,,
2021-02-20 03:30:00+00:00,,,,1.6664029101063154
2021-02-20 09:10:00+00:00,0.21288609782345566,,,
2021-02-20 12:10:00+00:00,,0.858803795207936,,
2021-02-20 14:50:00+00:00,,,,1.6688912332064698
2021-02-20 15:20:00+00:00,0.2082068613932961,,,
2021-02-20 22:30:00+00:00,,0.8276377706323865,,
2021-02-21 10:15:00+00:00,0.210910427488488,,,
2021-02-21 12:10:00+00:00,,,,1.6453163890960765
2021-02-21 18:50:00+00:00,0.213649099389426,,,
2021-02-21 20:50:00+00:00,,,,1.6354717188250423
2021-02-21 22:30:00+00:00,0.20895309218484642,,,
2021-02-22 20:05:00+00:00,0.2116663480868666,,,
2021-02-23 00:05:00+00:00,0.20701392175591726,,,
2021-02-23 03:00:00+00:00,,,4.865584042460416,
2021-02-23 04:40:00+00:00,,0.7807968823565455,,
2021-02-23 14:35:00+00:00,0.20246375575572217,,,
2021-02-23 17:10:00+00:00,0.1965094240874802,,,
2021-02-23 18:10:00+00:00,0.19219014694603737,,,
2021-02-24 00:25:00+00:00,0.18656164572225883,,,
2021-02-24 06:20:00+00:00,0.19431576299865402,,,
2021-02-24 13:15:00+00:00,0.19004470252794362,,,
2021-02-25 09:05:00+00:00,0.1858675199663794,,,
2021-02-25 14:40:00+00:00,,,,1.6102995247382574
2021-02-25 17:00:00+00:00,0.1817821518775184,,,
2021-02-25 22:00:00+00:00,,,4.826416430186774,
2021-02-26 11:40:00+00:00,0.17778658017925053,,,
2021-02-26 13:55:00+00:00,0.1738788311469106,,,
2021-02-26 15:45:00+00:00,0.17613664776935326,,,
2021-02-26 19:35:00+00:00,0.17226516425138286,,,
2021-02-27 06:40:00+00:00,0.17450202740918702,,,
2021-02-27 15:30:00+00:00,0.17066647284673309,,,
2021-02-27 23:25:00+00:00,,,4.618643878636304,
2021-02-28 13:05:00+00:00,0.1669152237735619,,,
2021-02-28 20:55:00+00:00,0.1690826179542616,,,
2021-03-01 04:05:00+00:00,0.17469707533950432,,,
2021-03-01 08:20:00+00:00,0.17696551686278775,,,
2021-03-01 11:05:00+00:00,,0.8059507489127197,,
2021-03-01 13:40:00+00:00,0.17926341409925106,,,
2021-03-01 18:15:00+00:00,,,,1.6241096423428432
2021-03-01 20:15:00+00:00,0.1815911495313298,,,
2021-03-02 01:00:00+00:00,,,,1.6102126694357735
2021-03-02 06:05:00+00:00,0.17759977606463115,,,
2021-03-03 04:10:00+00:00,0.17990590915683036,,,
2021-03-03 12:40:00+00:00,,0.8255401146606921,,
2021-03-03 13:35:00+00:00,0.18795685048463587,,,
2021-03-03 13:40:00+00:00,,,,1.6475509573306617
2021-03-04 00:05:00+00:00,,0.787592019149753,,
2021-03-04 03:15:00+00:00,0.18382555891098357,,,
2021-03-04 04:55:00+00:00,,,5.015160789367178,
2021-03-04 14:50:00+00:00,0.17978507312612013,,,
2021-03-04 19:35:00+00:00,,,4.82478291273909,
2021-03-05 08:35:00+00:00,0.175833397218808,,,
2021-03-05 16:30:00+00:00,0.1719685791479386,,,
2021-03-06 04:15:00+00:00,0.1681887097782669,,,
2021-03-06 13:00:00+00:00,,,4.808846181530428,
2021-03-06 22:30:00+00:00,0.17037264017473766,,,
2021-03-07 05:05:00+00:00,,,,1.6360654088209265
2021-03-07 07:55:00+00:00,0.17258492890740662,,,
2021-03-07 12:20:00+00:00,,,,1.6497619028339556
2021-03-07 14:20:00+00:00,,,,1.6256989983041086
2021-03-07 18:15:00+00:00,,,,1.6046230167931714
2021-03-08 00:15:00+00:00,0.1748259442092693,,,
2021-03-08 02:25:00+00:00,,,,1.5876587401364273
2021-03-08 02:45:00+00:00,0.17098326995554958,,,
2021-03-08 07:10:00+00:00,,0.7592607086563264,,
2021-03-08 08:40:00+00:00,,,4.949128094191446,
2021-03-08 19:45:00+00:00,0.17320348771592237,,,
2021-03-09 06:35:00+00:00,0.1805130634144382,,,
2021-03-09 07:00:00+00:00,,,,1.6374331145544088
2021-03-09 13:55:00+00:00,,0.7742977510691066,,
2021-03-09 15:50:00+00:00,,,,1.6215098839450335
2021-03-10 01:40:00+00:00,,,,1.6198257121118576
2021-03-10 02:05:00+00:00,0.17654538628058886,,,
2021-03-10 13:20:00+00:00,0.17898426026335296,,,
2021-03-10 18:20:00+00:00,0.18199458790965978,,,
2021-03-10 20:15:00+00:00,,,,1.6294614515940473
2021-03-10 21:05:00+00:00,0.17799434686740545,,,
2021-03-11 08:00:00+00:00,,0.7453797753432244,,
2021-03-11 18:25:00+00:00,0.18030560346147867,,,
2021-03-11 19:55:00+00:00,,,,1.6057678649670544
2021-03-12 00:25:00+00:00,,,,1.584907767128181
2021-03-12 10:10:00+00:00,0.17634248629739535,,,
2021-03-12 11:55:00+00:00,,0.7364470638085218,,
2021-03-12 20:10:00+00:00,0.1724664784485786,,,
2021-03-13 10:10:00+00:00,0.1747059556712334,,,
2021-03-13 15:35:00+00:00,,,,1.6242199626623954
2021-03-13 17:20:00+00:00,0.17697451250562432,,,
2021-03-13 20:10:00+00:00,,0.7535590315237907,,
2021-03-13 21:15:00+00:00,,,,1.6288738557518747
2021-03-14 11:10:00+00:00,0.1730846127207507,,,
2021-03-15 07:10:00+00:00,,,5.67726112411855,
2021-03-15 15:35:00+00:00,0.1692802129331486,,,
2021-03-16 21:15:00+00:00,0.1714783164980855,,,
2021-03-17 03:50:00+00:00,0.16770922310145758,,,
2021-03-18 00:00:00+00:00,,0.7719976689646875,,
2021-03-18 00:35:00+00:00,0.17558469245970534,,,
2021-03-18 03:25:00+00:00,,,,1.6674946287580397
2021-03-18 11:50:00+00:00,0.17172534091944103,,,
2021-03-18 18:05:00+00:00,,,,1.6503211978748917
2021-03-18 18:25:00+00:00,0.16795081792603173,,,
2021-03-19 09:10:00+00:00,0.1701316592968012,,,
2021-03-22 10:15:00+00:00,0.17319062653095768,,,
2021-03-22 12:35:00+00:00,,,,1.6179740036365797
2021-03-22 19:30:00+00:00,,,5.5252415914844715,
2021-03-23 16:25:00+00:00,0.17630459399598433,,,
2021-03-23 21:20:00+00:00,0.17242941901995257,,,
2021-03-24 01:05:00+00:00,,,5.403317700045241,
2021-03-24 13:10:00+00:00,0.17566498702940359,,,
2021-03-24 15:40:00+00:00,,,,1.6250935335774717
2021-03-24 20:15:00+00:00,,,5.294780068403658,
2021-03-24 20:25:00+00:00,,0.7387791812093863,,
2021-03-25 12:05:00+00:00,0.17180387061449728,,,
2021-03-25 22:15:00+00:00,0.17489290420814593,,,
2021-03-26 09:00:00+00:00,0.1780374786258084,,,
2021-03-26 11:55:00+00:00,,,,1.6076893758041262
2021-03-26 21:45:00+00:00,0.18123859249150043,,,
2021-03-27 01:50:00+00:00,,,,1.6252200526758405
2021-03-27 20:15:00+00:00,0.1845393970887787,,,
2021-03-28 00:25:00+00:00,,,,1.622303294214299
2021-03-28 14:45:00+00:00,,0.7304517861565107,,
2021-03-28 20:10:00+00:00,,,5.565784461503236,
2021-03-29 13:50:00+00:00,,0.7426868399154978,,
2021-03-29 14:00:00+00:00,0.18785741544843496,,,
2021-03-29 15:25:00+00:00,,,,1.6283587997785633
2021-03-30 20:35:00+00:00,,,,1.621750876311043
2021-03-31 07:50:00+00:00,0.18372830945687835,,,
2021-03-31 07:55:00+00:00,,,,1.5837215655064611
2021-03-31 08:00:00+00:00,,0.7292594308777143,,
2021-04-01 13:05:00+00:00,,0.7224309720422232,,
2021-04-01 18:15:00+00:00,0.17968996121501615,,,
2021-04-02 13:25:00+00:00,,,,1.5572531294040757
2021-04-02 13:35:00+00:00,0.1757403758675101,,,
2021-04-02 21:05:00+00:00,,,5.841903660996284,
2021-04-03 08:45:00+00:00,,,,1.5350362425238706
2021-04-03 17:40:00+00:00,,,5.765797508463033,
2021-04-05 05:25:00+00:00,,,5.696380046699062,
2021-04-06 00:10:00+00:00,0.17890018782560796,,,
2021-04-06 04:00:00+00:00,,,,1.5312757405331878
2021-04-06 12:20:00+00:00,,0.7203304579019301,,
2021-04-06 15:20:00+00:00,,,5.6988627240636305,
2021-04-07 11:40:00+00:00,,,5.472550252462291,
2021-04-08 21:10:00+00:00,,,,1.5269366724396147
2021-04-09 07:05:00+00:00,,,,1.5088266368202377
2021-04-09 11:30:00+00:00,0.18211681320271242,,,
2021-04-09 15:25:00+00:00,,,,1.4970482084686643
2021-04-10 09:05:00+00:00,,0.7351176828501214,,
2021-04-10 09:20:00+00:00,0.18539127350409718,,,
2021-04-10 12:45:00+00:00,,,,1.5246136578540856
2021-04-10 21:00:00+00:00,,,5.660495899627298,
2021-04-11 13:30:00+00:00,0.18131637331247713,,,
2021-04-11 23:40:00+00:00,,0.7280360204018813,,
2021-04-12 09:45:00+00:00,,,,1.513095409846384
2021-04-12 09:55:00+00:00,0.17733103942706888,,,
2021-04-13 06:50:00+00:00,,,,1.4900770804803993
2021-04-13 15:40:00+00:00,,0.7381611454049927,,
2021-04-13 16:00:00+00:00,0.1805194515159676,,,
2021-04-13 18:55:00+00:00,,,,1.5154289282552968
2021-04-14 08:45:00+00:00,0.17655163397164664,,,
2021-04-14 09:20:00+00:00,,,,1.5068780946644633
2021-04-14 19:40:00+00:00,,,5.779228097013911,
2021-04-16 01:40:00+00:00,,,,1.4850348824556674
2021-04-16 04:35:00+00:00,0.17267102905694984,,,
2021-04-16 05:55:00+00:00,,,5.643622624774834,
2021-04-17 12:05:00+00:00,,,5.542828407996299,
2021-04-17 15:20:00+00:00,0.16887571983827807,,,
2021-04-18 08:55:00+00:00,0.1651638315162327,,,
2021-04-19 00:55:00+00:00,0.16813347720689456,,,
2021-04-19 05:25:00+00:00,,,,1.4603945869389348
2021-04-19 06:20:00+00:00,,0.7468390004105567,,
2021-04-19 14:25:00+00:00,0.164437903377887,,,
2021-04-19 15:40:00+00:00,,,5.452625110488307,
2021-04-20 15:35:00+00:00,0.16082355826164105,,,
2021-04-21 04:15:00+00:00,0.15728865645105017,,,
2021-04-21 09:45:00+00:00,,0.7419818765224901,,
2021-04-21 11:25:00+00:00,0.15383145178225607,,,
2021-04-21 20:40:00+00:00,0.15045023647208206,,,
2021-04-21 23:00:00+00:00,,,5.160589769359837,
2021-04-22 11:20:00+00:00,0.1531553317238501,,,
2021-04-22 17:40:00+00:00,0.14978897753255985,,,
2021-04-23 21:50:00+00:00,0.15254637851067135,,,
2021-04-24 02:10:00+00:00,0.1491934091110068,,,
2021-04-24 10:00:00+00:00,0.14591413797874686,,,
2021-04-25 20:45:00+00:00,0.142706945225974,,,
2021-04-25 21:10:00+00:00,,,4.853867721113737,
2021-04-26 03:35:00+00:00,,0.7708571338148035,,
2021-04-26 05:55:00+00:00,0.14860161410904085,,,
2021-04-26 13:50:00+00:00,0.1519987228770846,,,
2021-04-26 21:00:00+00:00,0.14865779094824627,,,1.5067009388915888
2021-04-27 06:10:00+00:00,0.15133065802949575,,,
2021-04-28 04:50:00+00:00,,,,1.514360401591752
2021-04-28 06:35:00+00:00,,,5.059981776672377,
2021-04-28 20:15:00+00:00,,0.7504172170664833,,
2021-04-28 20:20:00+00:00,,,,1.4773134417357245
2021-04-29 04:45:00+00:00,0.14800441016600743,,,
2021-04-29 15:15:00+00:00,0.14475127323055859,,,
2021-04-30 08:30:00+00:00,0.14735390112324404,,,
2021-04-30 16:50:00+00:00,,0.7641955886872319,,
2021-04-30 18:00:00+00:00,0.1523079155566487,,,
2021-04-30 23:30:00+00:00,0.15504641187835724,,,
2021-05-01 09:00:00+00:00,,,,1.4949448346064178
2021-05-01 15:25:00+00:00,,0.7449676516579116,,
2021-05-02 03:35:00+00:00,0.15163849174527094,,,
2021-05-02 08:30:00+00:00,,,5.233419383235215,
2021-05-03 05:00:00+00:00,0.15436495182685092,,,
2021-05-03 07:30:00+00:00,,0.7549313128402187,,
2021-05-03 13:45:00+00:00,,,,1.4814874051093763
2021-05-03 13:50:00+00:00,0.15097201018569673,,,
2021-05-03 21:10:00+00:00,,,5.137592807882084,
2021-05-04 14:10:00+00:00,0.1476536454018151,,,
2021-05-04 23:45:00+00:00,0.1444082182758832,,,
2021-05-05 13:35:00+00:00,0.14700467804048362,,,
2021-05-05 14:45:00+00:00,,0.77064290376806,,
2021-05-05 18:55:00+00:00,0.150301521760103,,,
2021-05-06 14:10:00+00:00,,0.7699839938962788,,
2021-05-06 16:50:00+00:00,,,,1.4427420734434737
2021-05-06 18:30:00+00:00,0.14699789431181592,,,
2021-05-06 19:25:00+00:00,,,5.004490920495785,
2021-05-07 04:35:00+00:00,0.14376688059484222,,,
2021-05-07 16:40:00+00:00,0.14707183940755297,,,
2021-05-07 22:25:00+00:00,0.14383920037737497,,,
2021-05-07 22:45:00+00:00,,0.7464534762527814,,
2021-05-08 12:50:00+00:00,0.1464254292001602,,,
2021-05-08 15:50:00+00:00,,,,1.4257344111342145
2021-05-09 04:15:00+00:00,0.14320699826634067,,,1.3885951065101847
2021-05-09 12:50:00+00:00,,,4.916149444516605,
2021-05-10 04:50:00+00:00,0.14644455928217387,,,
2021-05-10 08:05:00+00:00,0.14322570786915167,,,1.3576448188726868
2021-05-10 19:35:00+00:00,,,4.724522827028339,
2021-05-11 03:00:00+00:00,0.14007760681018772,,,
2021-05-11 20:15:00+00:00,0.1425962021806349,,,
2021-05-11 22:15:00+00:00,,0.7517780977852581,,
2021-05-12 15:10:00+00:00,0.13946193765670456,,,
2021-05-12 16:20:00+00:00,,,4.530702781669649,
2021-05-13 09:45:00+00:00,0.1363965642670102,,,
2021-05-13 16:45:00+00:00,0.1333985677844213,,,
2021-05-13 17:30:00+00:00,,0.7108860687092002,,
2021-05-14 11:40:00+00:00,0.13659340299990286,,,
2021-05-14 20:25:00+00:00,0.13359108000196498,,,
2021-05-15 06:15:00+00:00,0.1306547480635218,,,
2021-05-15 07:25:00+00:00,,,4.301881724670162,
2021-05-15 16:30:00+00:00,0.12778295670108558,,,
2021-05-15 23:20:00+00:00,0.12497428731279572,,,
2021-05-16 10:15:00+00:00,0.12752498319102298,,,
2021-05-16 12:45:00+00:00,0.12472198406048428,,,
2021-05-17 01:15:00+00:00,0.12171675384412589,,,
2021-05-17 02:40:00+00:00,,0.676835344808548,,
2021-05-17 03:20:00+00:00,0.119041419594632,,,
2021-05-17 14:35:00+00:00,0.116424889191942,,,
2021-05-17 16:10:00+00:00,,0.6393302333591351,,
2021-05-17 22:35:00+00:00,0.11331181312417306,,,
2021-05-18 12:45:00+00:00,0.11082121947170373,,,
2021-05-18 23:05:00+00:00,0.10838536906771568,,,
2021-05-19 01:00:00+00:00,0.10600305865560727,,,
2021-05-19 10:15:00+00:00,0.10367311142635702,,,
2021-05-19 11:20:00+00:00,0.1013943764372057,,,
2021-05-19 21:15:00+00:00,0.09916572804311592,,,
2021-05-19 23:05:00+00:00,0.09698606534072822,,,
2021-05-20 08:05:00+00:00,0.09533875702091595,,,
2021-05-20 11:30:00+00:00,0.09370526702021725,,,
2021-05-20 12:00:00+00:00,0.09492202991247475,,,
2021-05-20 15:50:00+00:00,0.09330977923441136,,,
2021-05-20 19:55:00+00:00,0.09452140671777018,,,
2021-05-20 20:45:00+00:00,0.09291596062466885,,,
2021-05-20 23:30:00+00:00,0.09133778303345885,,,
2021-05-21 00:55:00+00:00,0.09295836128157894,,,
2021-05-21 02:20:00+00:00,0.09137946351521133,,,
2021-05-21 10:25:00+00:00,0.09256602584895633,,,
2021-05-21 11:00:00+00:00,0.0909937918999118,,,
2021-05-21 16:50:00+00:00,0.08944826234449181,,,
2021-05-21 22:05:00+00:00,0.08792898360857063,,,
2021-05-21 22:30:00+00:00,0.0890707414607279,,,
2021-05-22 01:20:00+00:00,0.09022732503859544,,,
2021-05-22 02:50:00+00:00,0.08869481392281489,,,
2021-05-22 08:00:00+00:00,0.08984651608160263,,,
2021-05-22 09:55:00+00:00,0.09101317309292224,,,
2021-05-22 11:35:00+00:00,0.09240520725572923,,,
2021-05-22 13:15:00+00:00,0.09360508887194485,,,
2021-05-22 13:25:00+00:00,,0.6627647027810413,,
2021-05-22 14:00:00+00:00,0.09201520643745487,,,
2021-05-22 17:30:00+00:00,0.09045232815611469,,,
2021-05-22 22:15:00+00:00,0.08891599536238308,,,
2021-05-23 03:10:00+00:00,0.08740575718115301,,,
2021-05-23 12:35:00+00:00,0.08592117039543112,,,
2021-05-23 15:00:00+00:00,0.08446179931626473,,,
2021-05-23 15:40:00+00:00,0.08302721565487797,,,
2021-05-23 19:00:00+00:00,0.08161699839697986,,,
2021-05-23 22:40:00+00:00,0.0831026369410371,,,
2021-05-24 00:00:00+00:00,0.08418172468171647,,,
2021-05-24 04:40:00+00:00,0.08275189808799752,,,
2021-05-24 08:40:00+00:00,0.08419566598303362,,,
2021-05-24 10:30:00+00:00,0.08276560259631177,,,
2021-05-24 13:20:00+00:00,0.08384031394602487,,,
2021-05-24 19:40:00+00:00,0.084928980422614,,,
2021-05-24 21:45:00+00:00,0.0825858466986331,,,
2021-05-25 01:35:00+00:00,0.08118312609245681,,,
2021-05-25 06:55:00+00:00,0.08223728898476737,,,
2021-05-25 08:15:00+00:00,0.08084048863136109,,,
2021-05-25 10:30:00+00:00,,,4.158714317007629,
2021-05-25 10:35:00+00:00,,,,1.2693903650596057
2021-05-25 15:00:00+00:00,0.07946741293195742,,,
2021-05-25 16:35:00+00:00,0.07811765892330813,,,
2021-05-26 02:10:00+00:00,0.0791320167244273,,,
2021-05-26 06:15:00+00:00,0.08015954596159397,,,
2021-05-26 10:10:00+00:00,0.0787980360734363,,,
2021-05-26 15:20:00+00:00,,,,1.2155537067023208
2021-05-26 15:25:00+00:00,,,4.07460081782238,
2021-05-27 01:10:00+00:00,0.07745965143072897,,,
2021-05-27 08:25:00+00:00,0.07846546500455698,,,
2021-05-27 11:15:00+00:00,0.07948433906764113,,,
2021-05-27 12:40:00+00:00,0.07813429756857725,,,
2021-05-27 21:10:00+00:00,,,3.920888398815246,
2021-05-28 14:15:00+00:00,0.07680718652437496,,,
2021-05-29 01:35:00+00:00,0.0778949690794226,,,
2021-05-29 04:55:00+00:00,0.07657192302960861,,,
2021-05-29 06:55:00+00:00,0.0752713489169507,,,
2021-05-29 08:25:00+00:00,0.07399286505559628,,,
2021-05-30 00:15:00+00:00,0.07273609624262697,,,
2021-05-30 04:30:00+00:00,0.07368057445233749,,,
2021-05-30 06:35:00+00:00,0.07463731671160108,,,
2021-05-30 07:40:00+00:00,0.0756064822691012,,,
2021-05-30 08:20:00+00:00,0.07432230616776052,,,
2021-05-31 01:40:00+00:00,,,3.820377131761749,
2021-05-31 09:20:00+00:00,0.07583643779230725,,,
2021-05-31 11:30:00+00:00,,0.6785193273035969,,
2021-05-31 12:05:00+00:00,0.07682117393704037,,,
2021-05-31 17:00:00+00:00,0.07551636629771974,,,
2021-06-01 02:10:00+00:00,0.07423372081615297,,,
2021-06-01 08:15:00+00:00,,,,1.203622153583484
2021-06-01 08:50:00+00:00,,,3.802398236605654,
2021-06-01 14:20:00+00:00,0.0729728610680906,,,
2021-06-02 14:35:00+00:00,0.07392041366905974,,,
2021-06-02 22:40:00+00:00,0.07266487544289076,,,
2021-06-03 07:05:00+00:00,0.07376214850520625,,,
2021-06-03 10:05:00+00:00,,0.689561736955766,,
2021-06-03 13:50:00+00:00,,,,1.2065578137103365
2021-06-04 01:50:00+00:00,,,3.70358692005736,
2021-06-05 09:45:00+00:00,0.07250929841284533,,,
2021-06-06 01:20:00+00:00,0.07345083165273612,,,
2021-06-06 14:05:00+00:00,0.0722032692771144,,,
2021-06-07 01:45:00+00:00,0.07314082872867773,,,
2021-06-07 05:30:00+00:00,0.07189853175272114,,,
2021-06-07 14:55:00+00:00,,0.6764936293138419,,
2021-06-08 18:05:00+00:00,0.07283213418753022,,,
2021-06-08 20:25:00+00:00,0.07377785944995528,0.6896122302238988,,
2021-06-08 21:45:00+00:00,0.07473586495491294,,,
2021-06-09 00:05:00+00:00,0.07346647628865374,,,
2021-06-09 06:25:00+00:00,,0.7032063359295752,,
2021-06-09 07:20:00+00:00,0.0744204384832619,,,
2021-06-09 11:20:00+00:00,0.07538678787696705,,,
2021-06-09 12:00:00+00:00,,0.7184960230903006,,
2021-06-09 15:00:00+00:00,0.07636568531754945,,,
2021-06-09 15:15:00+00:00,0.07735729374139781,,,
2021-06-09 17:20:00+00:00,0.07851244870392442,,,
2021-06-09 22:45:00+00:00,0.07958213550043974,,,
2021-06-10 00:00:00+00:00,,0.7370740813517239,,
2021-06-10 05:20:00+00:00,0.07823043292896477,,,
2021-06-10 11:50:00+00:00,0.0769016890256663,,,
2021-06-10 15:45:00+00:00,,,,1.2248833266343688
2021-06-11 00:00:00+00:00,0.07559551383756535,,,
2021-06-11 05:15:00+00:00,0.07657712158474612,,,
2021-06-11 17:00:00+00:00,,,4.0454661289686475,
2021-06-13 03:10:00+00:00,0.0752764591746292,,,
2021-06-13 18:20:00+00:00,0.07642219603846397,,,
2021-06-13 19:45:00+00:00,,0.7486289374243635,,
2021-06-13 22:10:00+00:00,0.07784823021537961,,,
2021-06-13 22:50:00+00:00,,0.7607718883124442,,
2021-06-14 01:45:00+00:00,0.07652597802517139,,,
2021-06-14 18:50:00+00:00,,,,1.2942385761131812
2021-06-14 19:05:00+00:00,0.07522618428841385,,,
2021-06-15 02:20:00+00:00,,0.7546980255628618,,
2021-06-15 18:45:00+00:00,0.07394846754827514,,,
2021-06-15 19:25:00+00:00,,0.7287200940919537,,
2021-06-15 19:30:00+00:00,,,,1.2577497869250032
2021-06-16 11:20:00+00:00,,,4.277152233611917,
2021-06-19 02:30:00+00:00,0.07269245282696768,,,
2021-06-19 12:45:00+00:00,0.07145777151570164,,,
2021-06-20 15:15:00+00:00,0.07202871911011209,,,
2021-06-20 18:55:00+00:00,0.07260422857580189,,,
2021-06-20 19:30:00+00:00,,0.74072202623404,,
2021-06-21 00:10:00+00:00,,,4.265158797492242,
2021-06-21 02:40:00+00:00,0.0713710457534419,,,
2021-06-21 03:40:00+00:00,,0.7169314778346975,,
2021-06-21 13:40:00+00:00,0.0719413004090119,,,
2021-06-21 15:35:00+00:00,0.07071937742156482,,,
2021-06-21 19:30:00+00:00,0.06951820879605955,,,
2021-06-22 01:35:00+00:00,0.07016634696634756,,,
2021-06-22 03:15:00+00:00,0.07072697607860867,,,
2021-06-22 15:05:00+00:00,0.07129208461747677,,,
2021-06-22 17:35:00+00:00,0.07498792025367935,,,
2021-06-22 18:15:00+00:00,0.07558707373650625,0.7405268659593802,,
2021-06-22 19:05:00+00:00,0.0743032272890917,,,
2021-06-22 19:20:00+00:00,,,,1.2259102059242843
2021-06-23 02:45:00+00:00,0.07641633072549019,,,
2021-06-23 02:55:00+00:00,,,,1.2416890476632694
2021-06-23 11:15:00+00:00,,,,1.225172669673104
2021-06-23 13:35:00+00:00,0.07511839934811773,,,1.2161568139253116
2021-06-24 15:20:00+00:00,0.0757185953589092,,,
2021-06-24 15:45:00+00:00,,,,1.209015349473258
2021-06-24 15:50:00+00:00,0.07443251501673812,,,
2021-06-24 19:00:00+00:00,,,,1.2156768492096561
2021-06-25 00:20:00+00:00,0.07502723081172184,,,
2021-06-25 03:05:00+00:00,,,,1.2044305867467646
2021-06-25 05:25:00+00:00,0.07375289329638475,,,
2021-06-25 21:10:00+00:00,0.07250020040374565,,,
2021-06-26 01:35:00+00:00,0.07126878449988804,,,
2021-06-26 11:35:00+00:00,0.07212438026670731,,,
2021-06-26 12:25:00+00:00,0.0727006540650383,,,
2021-06-26 12:55:00+00:00,0.07146583345574362,,,
2021-06-26 16:10:00+00:00,0.0702519862744978,,,
2021-06-26 20:05:00+00:00,0.06905875628762545,,,
2021-06-26 23:55:00+00:00,0.06961053575036358,,,
2021-06-27 00:10:00+00:00,,0.7577010293576566,,
2021-06-27 01:15:00+00:00,0.07016672393100898,,,
2021-06-27 02:20:00+00:00,0.07072735605521774,,,
2021-06-27 04:00:00+00:00,0.07129246763009894,,,
2021-06-27 05:40:00+00:00,,,,1.2097069112311818
2021-06-27 07:35:00+00:00,,0.7764488025527091,,
2021-06-27 08:45:00+00:00,,,,1.1994813490965086
2021-06-27 13:05:00+00:00,,,,1.1822769421806893
2021-06-27 14:10:00+00:00,0.07008156506740171,,,
2021-06-28 00:20:00+00:00,0.07163374845809962,,,
2021-06-28 01:20:00+00:00,,,,1.2118007120258747
2021-06-28 01:25:00+00:00,0.0704170492405388,,,
2021-06-28 04:40:00+00:00,,,4.267840747832673,
2021-06-28 07:40:00+00:00,,0.7942074671860148,,
2021-06-28 08:00:00+00:00,,,,1.2060900161925558
2021-06-28 09:30:00+00:00,0.06922101565918826,,,
2021-06-29 01:30:00+00:00,0.06804529670821695,,,
2021-06-29 07:40:00+00:00,,,,1.1948544980283
2021-06-29 12:00:00+00:00,,,,1.1910654222228974
2021-06-29 13:10:00+00:00,0.0685889786289156,,,
2021-06-29 15:40:00+00:00,,,,1.1984754470144052
2021-06-29 17:50:00+00:00,,,,1.1890906369141667
2021-06-29 22:20:00+00:00,0.06742399482690346,,,
2021-06-30 23:45:00+00:00,0.06796271254557043,,,
2021-07-02 00:10:00+00:00,0.06850573461880953,,,
2021-07-02 09:15:00+00:00,0.06734216471630905,,,
2021-07-03 02:45:00+00:00,,,4.232036854086549,
2021-07-03 11:15:00+00:00,,,,1.20828286164436
2021-07-03 12:00:00+00:00,0.06788022861239236,,,
2021-07-03 12:40:00+00:00,,,,1.1984358245155506
2021-07-03 15:55:00+00:00,,,4.237256632657015,
2021-07-03 18:00:00+00:00,,,,1.1925792711007435
2021-07-03 22:55:00+00:00,,0.7887595253764937,,
2021-07-04 06:05:00+00:00,,,,1.194069003502983
2021-07-04 08:25:00+00:00,,,,1.195992820685542
2021-07-04 12:45:00+00:00,,,4.235881868424534,
2021-07-04 20:05:00+00:00,,0.7894983358615513,,
2021-07-04 21:35:00+00:00,0.06842259163900537,,,
2021-07-04 22:15:00+00:00,,,,1.1938214477533857
2021-07-06 04:05:00+00:00,0.06896928814620101,,,
2021-07-06 06:45:00+00:00,,,,1.1961108072400026
2021-07-06 07:55:00+00:00,0.06952035275848917,,,
2021-07-06 08:15:00+00:00,,,,1.186861713125504
2021-07-06 09:10:00+00:00,,,,1.180235428960243
2021-07-06 10:05:00+00:00,,0.7700398766206817,,
2021-07-07 12:45:00+00:00,,,,1.1705414841081363
2021-07-09 13:30:00+00:00,0.07007582037702949,,,
2021-07-09 17:05:00+00:00,,,,1.1737844393785002
2021-07-09 18:15:00+00:00,,,4.231006195544053,
2021-07-09 21:35:00+00:00,0.07063572618184195,,,
2021-07-09 22:40:00+00:00,,0.7797615983689592,,
2021-07-09 23:45:00+00:00,,,,1.1788422495554927
2021-07-10 01:00:00+00:00,,,,1.1732172227885265
2021-07-11 22:15:00+00:00,,,,1.1791724839582565
2021-07-12 04:25:00+00:00,,,,1.1697232564708144
2021-07-14 13:10:00+00:00,0.07120010563403487,,,
2021-07-14 16:15:00+00:00,,,,1.1593641323013457
2021-07-14 18:45:00+00:00,,,,1.154831207457284
2021-07-15 01:25:00+00:00,,,,1.1458422412954261
2021-07-16 15:45:00+00:00,0.0717689944780508,,,
2021-07-16 16:10:00+00:00,,,,1.13944105646595
2021-07-16 17:30:00+00:00,,,,1.1271603699388257
2021-07-17 00:15:00+00:00,,0.7610021687407751,,
2021-07-18 02:35:00+00:00,,,,1.1328890396035034
2021-07-18 07:55:00+00:00,0.07054999810684111,0.7438569988160758,,
2021-07-21 06:20:00+00:00,0.07118353487967258,,,
2021-07-21 07:30:00+00:00,,0.7524267183932374,,
2021-07-21 12:55:00+00:00,,,,1.186765046098586
2021-07-21 14:30:00+00:00,,,,1.1798703199060776
2021-07-21 14:40:00+00:00,0.07175229132336115,,,
2021-07-21 16:30:00+00:00,,0.7619154973469671,,
2021-07-21 16:55:00+00:00,,,,1.187815988190625
2021-07-21 17:00:00+00:00,0.07053357865523387,,,
2021-07-21 18:20:00+00:00,0.06933556582177472,,,1.1758540294567585
2021-07-21 18:30:00+00:00,,0.7412190199236216,,
2021-07-23 02:30:00+00:00,,,,1.1728165915087705
2021-07-23 05:40:00+00:00,,,,1.1663302137065328
2021-07-24 00:10:00+00:00,,,,1.181345326494892
2021-07-24 00:40:00+00:00,0.07028072628768466,,,
2021-07-24 01:40:00+00:00,,0.7492243075058743,,
2021-07-24 03:00:00+00:00,,,,1.1726964199244256
2021-07-24 05:00:00+00:00,,,,1.1658702962330165
2021-07-24 06:20:00+00:00,,,,1.1592240652871528
2021-07-24 06:35:00+00:00,,,,1.1521524329891344
2021-07-24 07:30:00+00:00,,,,1.1442827674830545
2021-07-24 08:20:00+00:00,,,4.344360733170317,
2021-07-24 11:20:00+00:00,,,,1.1377664258474014
2021-07-24 17:40:00+00:00,,,,1.1411991071036598
2021-07-24 19:30:00+00:00,,,4.2961455565734035,
2021-07-24 19:45:00+00:00,,0.734964872327306,,
2021-07-25 05:25:00+00:00,,,,1.1324474585518152
2021-07-25 08:20:00+00:00,,,,1.1307957734046663
2021-07-25 09:25:00+00:00,,,4.242313912838221,
2021-07-25 23:15:00+00:00,,,,1.1237483626724496
2021-07-26 01:05:00+00:00,,,,1.2220972121365787
2021-07-26 03:05:00+00:00,0.07569726957163934,,,
2021-07-26 04:05:00+00:00,,0.8020959771570252,,
2021-07-26 06:50:00+00:00,0.07441155144796506,,,
2021-07-26 07:50:00+00:00,,,4.56969336461395,
2021-07-26 18:35:00+00:00,0.0750060997440343,,,
2021-07-26 19:35:00+00:00,,,,1.2252562711398387
2021-07-26 20:00:00+00:00,0.07373212113988187,,,
2021-07-27 14:10:00+00:00,0.07247978106232096,,,
2021-07-27 16:15:00+00:00,,,4.507735917327632,
2021-07-27 23:00:00+00:00,,,,1.2256459544051108
2021-07-28 00:25:00+00:00,,,,1.2114859590602176
2021-07-28 01:35:00+00:00,0.0730588945130089,,,
2021-07-28 03:00:00+00:00,,,,1.2137506309443609
2021-07-28 03:30:00+00:00,0.07364263508016783,,,
2021-07-28 03:40:00+00:00,,,,1.1990883284848677
2021-07-28 04:35:00+00:00,0.07239181492333119,,,
2021-07-28 12:05:00+00:00,,,,1.1995711228352515
2021-07-28 12:40:00+00:00,0.0711622399468584,,,
2021-07-28 22:45:00+00:00,0.06995354930136101,,,
2021-07-30 21:50:00+00:00,,,,1.2126697371732922
2021-07-30 22:50:00+00:00,0.07235470990380569,,,
2021-07-30 23:50:00+00:00,,0.8380398534037915,,
2021-07-31 00:05:00+00:00,,,,1.2140534707737838
2021-07-31 04:05:00+00:00,,,4.6736538414703155,
2021-07-31 05:25:00+00:00,0.07112576515608955,,,
2021-07-31 13:00:00+00:00,,0.8272910315590127,,
2021-08-01 04:20:00+00:00,,,,1.2173594984688065
2021-08-04 14:05:00+00:00,,,,1.22088064746932
2021-08-04 15:05:00+00:00,0.07169406001968671,,,
2021-08-04 15:10:00+00:00,,0.838390533516637,,
2021-08-04 17:00:00+00:00,,,,1.2205273462058968
2021-08-04 19:35:00+00:00,,,,1.216878045112412
2021-08-04 20:40:00+00:00,,,,1.2081844335069485
2021-08-04 22:35:00+00:00,,,,1.20248958419982
2021-08-04 23:05:00+00:00,,,4.750284381319352,
2021-08-05 04:20:00+00:00,,0.8371840045600406,,
2021-08-05 16:00:00+00:00,0.07226689555924401,,,
2021-08-05 16:50:00+00:00,0.07284430805476239,,,
2021-08-05 17:15:00+00:00,0.07342633407611995,,,
2021-08-05 19:35:00+00:00,,,,1.2269719524311797
2021-08-05 19:40:00+00:00,0.07427696138980605,,,
2021-08-05 19:55:00+00:00,,0.8706054853821563,,
2021-08-06 00:10:00+00:00,,,4.915027990241479,
2021-08-06 08:00:00+00:00,0.07301536720060019,,,
2021-08-06 09:10:00+00:00,,0.8669337085840577,,
2021-08-06 16:30:00+00:00,,,,1.255289628158735
2021-08-06 18:00:00+00:00,0.07469476837801486,,,
2021-08-06 18:10:00+00:00,,,,1.239628079764661
2021-08-06 19:15:00+00:00,,0.8814514432167248,,
2021-08-06 21:10:00+00:00,,,4.895358422940344,
2021-08-07 04:25:00+00:00,,,,1.2420794548082565
2021-08-07 10:25:00+00:00,,,,1.231988491247465
2021-08-07 12:40:00+00:00,,,,1.231913564096273
2021-08-08 00:25:00+00:00,,,,1.2240715005814125
2021-08-08 01:35:00+00:00,0.07342607773711428,,,
2021-08-08 06:10:00+00:00,,,,1.2181279081777114
2021-08-08 07:00:00+00:00,,,,1.2135504350606616
2021-08-08 08:55:00+00:00,0.07217893580674939,,,
2021-08-09 10:20:00+00:00,,,,1.2012736736897673
2021-08-09 11:50:00+00:00,0.07416892851210548,,,
2021-08-09 12:05:00+00:00,,,,1.2080468756762335
2021-08-09 12:20:00+00:00,,0.8957519147492157,,
2021-08-09 13:50:00+00:00,0.07290916926132736,,,
2021-08-09 14:30:00+00:00,,,,1.1966443937840001
2021-08-09 19:50:00+00:00,,,,1.1900329018208915
2021-08-09 20:40:00+00:00,,,4.957895642646611,
2021-08-10 00:10:00+00:00,,,,1.1785487673737467
2021-08-10 04:00:00+00:00,0.07167080702142371,,,
2021-08-11 06:40:00+00:00,,,,1.170588808451708
2021-08-11 08:10:00+00:00,,,,1.167083393713414
2021-08-11 15:00:00+00:00,,,,1.1600325754267466
2021-08-11 15:55:00+00:00,,,,1.152355035496427
2021-08-13 08:35:00+00:00,0.07224345676952489,,,
2021-08-13 09:45:00+00:00,,0.9066564447932239,,
2021-08-13 11:45:00+00:00,,,,1.1483122425470615
2021-08-13 14:30:00+00:00,,,,1.1429273268991154
2021-08-13 15:10:00+00:00,,,4.957917909786978,
2021-08-14 00:35:00+00:00,,,,1.163646443394226
2021-08-14 09:40:00+00:00,0.0728206819891134,,,
2021-08-14 09:50:00+00:00,,,,1.158208485224985
2021-08-14 10:20:00+00:00,,0.8828574759555956,,
2021-08-16 03:05:00+00:00,,,,1.165070745230092
2021-08-16 04:00:00+00:00,,,5.01202800650238,
2021-08-17 14:25:00+00:00,0.07158382270552831,,,
2021-08-17 16:45:00+00:00,,0.8653056802241476,,
2021-08-19 16:50:00+00:00,0.07217711338905651,,,
2021-08-19 18:30:00+00:00,,0.8857336098554692,,
2021-08-19 22:40:00+00:00,,,5.1328554422774975,
2021-08-19 23:00:00+00:00,0.07275380852503509,,,
2021-08-20 17:15:00+00:00,0.07340562206383461,,,
2021-08-20 18:35:00+00:00,,,5.195492009633639,
2021-08-20 21:55:00+00:00,,0.9036746039510131,,
2021-08-21 11:05:00+00:00,,,,1.2285240345610913
2021-08-22 00:00:00+00:00,,,,1.2083652774288522
2021-08-23 01:50:00+00:00,0.07399213298412465,,,
2021-08-23 03:40:00+00:00,,0.9185596397277053,,
2021-08-23 06:30:00+00:00,,,5.262018382306691,
2021-08-23 14:30:00+00:00,,0.9063862698346706,,1.2103662256219652
2021-08-23 19:00:00+00:00,0.07236578590113359,,,
2021-08-25 22:00:00+00:00,0.07294398853048364,,,
2021-08-26 03:05:00+00:00,,,,1.201168440093395
2021-08-26 03:10:00+00:00,,0.8934800512212219,,
2021-08-27 20:25:00+00:00,0.07352681099884222,,,
2021-08-28 02:20:00+00:00,,,5.347022992694413,
2021-08-28 14:40:00+00:00,,,,1.2170587644724815
2021-08-29 02:45:00+00:00,,,,1.2031196150546526
2021-08-31 09:35:00+00:00,,,5.299577932945066,
2021-09-01 19:35:00+00:00,,,5.244568668764015,
2021-09-02 00:05:00+00:00,0.07411429021872296,,,
2021-09-02 01:35:00+00:00,,0.909234078334665,,
2021-09-02 04:25:00+00:00,,,5.1897376708006275,
2021-09-02 06:50:00+00:00,0.07470646339757055,,,
2021-09-02 07:25:00+00:00,,0.9251310329394609,,
2021-09-02 15:05:00+00:00,,,,1.2378885366763723
2021-09-03 06:55:00+00:00,,,5.142574089989035,
2021-09-03 08:55:00+00:00,0.07530336804011713,,,
2021-09-03 10:40:00+00:00,,0.941280029456232,,
2021-09-03 18:05:00+00:00,,0.9274021023402513,,
2021-09-03 22:15:00+00:00,,,,1.2176110846038366
2021-09-03 22:25:00+00:00,0.07364820001059534,,,
2021-09-06 01:25:00+00:00,0.07423664912868,,,
2021-09-06 02:50:00+00:00,,,5.139568537429711,
2021-09-06 11:40:00+00:00,,,,1.2418716842298694
2021-09-06 22:00:00+00:00,,0.9407116879166436,,
2021-09-07 04:25:00+00:00,,,5.136717695741641,
2021-09-07 07:10:00+00:00,,0.9306726108507706,,
2021-09-07 08:15:00+00:00,,,,1.236345161803809
2021-09-07 18:35:00+00:00,0.07482979995521814,,,
2021-09-08 08:15:00+00:00,,0.8907205190875469,,
2021-09-08 12:05:00+00:00,0.07542769005686033,,,
2021-09-09 20:25:00+00:00,0.07376978942941054,,,1.2150418293604495
2021-09-11 13:35:00+00:00,,,5.107765539043127,
2021-09-11 16:35:00+00:00,0.07435921004695152,,,
2021-09-11 20:05:00+00:00,,,,1.1948382387700884
2021-09-12 20:30:00+00:00,,,,1.1793121018813446
2021-09-13 01:10:00+00:00,0.07272479461011952,0.8790979989615614,,1.1542759148816943
2021-09-13 14:00:00+00:00,,,,1.1170961179446353
2021-09-13 14:05:00+00:00,0.07073711363367906,0.8550708926860404,,
2021-09-14 07:00:00+00:00,0.07130230317161217,,,
2021-09-15 00:25:00+00:00,0.07187200857395334,,,
2021-09-15 18:05:00+00:00,,,5.064193175445205,
2021-09-16 02:30:00+00:00,,,,1.1381037171207724
2021-09-16 10:25:00+00:00,,0.8438259959873614,,
2021-09-16 10:30:00+00:00,,,,1.1170399265030984
2021-09-16 14:10:00+00:00,0.07029226182549785,,,
2021-09-18 20:00:00+00:00,,,,1.1124537025347028
2021-09-18 20:15:00+00:00,,,5.023379386654673,
2021-09-19 01:30:00+00:00,0.0687472379105734,,,
2021-09-19 02:55:00+00:00,,0.8363747522835927,,
2021-09-20 19:15:00+00:00,0.067236173621299,,,
2021-09-21 08:40:00+00:00,0.06777339064853319,,,
2021-09-21 14:05:00+00:00,0.06628373152207842,,,
2021-09-22 01:05:00+00:00,0.06681333853693984,,,
2021-09-22 07:40:00+00:00,0.06734717711184998,,,
2021-09-22 16:10:00+00:00,0.06788528105697367,,,
2021-09-22 18:00:00+00:00,0.0684276844526189,,,
2021-09-22 19:05:00+00:00,0.06692364394835033,,,
2021-09-23 17:15:00+00:00,0.06745836386349767,,,
2021-09-24 04:30:00+00:00,,,4.938312850328297,
2021-09-24 05:20:00+00:00,,,,1.127119269618798
2021-09-24 09:05:00+00:00,0.06597562902577798,,,1.1004976618634805
2021-09-24 14:25:00+00:00,0.06650277430169395,,,
2021-09-24 15:40:00+00:00,0.06504104332254272,,,
2021-09-24 20:30:00+00:00,0.06556072125868984,,,
2021-09-25 08:30:00+00:00,0.06411969660542384,,,
2021-09-26 22:55:00+00:00,,,,1.100958910750437
2021-09-26 23:00:00+00:00,0.06271034567403662,,,
2021-09-27 09:35:00+00:00,0.06133197227612129,,,
2021-09-27 10:25:00+00:00,,0.8453371960736714,,
2021-09-27 12:30:00+00:00,,,,1.083439787976355
2021-09-29 03:45:00+00:00,0.061822014734607494,,,
2021-09-29 16:35:00+00:00,0.060463166850740824,,,
2021-09-30 04:15:00+00:00,0.06235874329934133,,,
2021-09-30 10:55:00+00:00,,,,1.0843149908508138
2021-09-30 18:40:00+00:00,,0.8619828271784332,,
2021-10-01 07:20:00+00:00,0.06285698965830307,,,
2021-10-01 10:25:00+00:00,0.06335921700567292,0.8758470015371459,,
2021-10-01 13:30:00+00:00,0.06433851176231566,,,
2021-10-01 16:25:00+00:00,,0.8937362886611394,,
2021-10-02 23:30:00+00:00,,,,1.173463010888882
2021-10-02 23:50:00+00:00,,,5.5236766516121305,
2021-10-03 21:00:00+00:00,,0.8758427916313165,,1.1709796475048833
2021-10-03 21:05:00+00:00,0.06292435127377996,,,
2021-10-05 00:40:00+00:00,0.06342711684045746,,,
2021-10-05 08:40:00+00:00,,0.8883732112268719,,
2021-10-05 09:40:00+00:00,0.06393389950401272,,,
2021-10-05 21:35:00+00:00,0.06444473136104979,,,
2021-10-06 08:20:00+00:00,0.06302823616573391,,,
2021-10-06 08:30:00+00:00,,,,1.203626437096859
2021-10-06 08:40:00+00:00,,,5.457416625934398,
2021-10-06 12:25:00+00:00,,0.9029917613361638,,
2021-10-06 16:15:00+00:00,0.06656978746160416,,,
2021-10-07 09:20:00+00:00,,,,1.250187132979612
2021-10-07 09:25:00+00:00,,,5.61517451700472,
2021-10-07 11:00:00+00:00,,0.8893596207626084,,
2021-10-08 10:30:00+00:00,0.06710168006342238,,,
2021-10-08 12:15:00+00:00,,,,1.2431694912064688
2021-10-08 14:00:00+00:00,,,5.487042083929165,
2021-10-09 20:00:00+00:00,,,,1.218894574859608
2021-10-10 09:35:00+00:00,,,,1.2011956108184696
2021-10-10 20:25:00+00:00,0.06763782248712912,,,
2021-10-10 21:00:00+00:00,0.06615114314886202,,,1.1750142738822604
2021-10-11 04:15:00+00:00,0.06688828501804092,,,
2021-10-11 13:35:00+00:00,0.06742272241533506,0.9012617042802467,,
2021-10-11 19:45:00+00:00,0.06796142996743358,,,
2021-10-12 03:05:00+00:00,,,,1.1727547544379142
2021-10-12 03:15:00+00:00,,,5.481478784038581,
2021-10-13 05:40:00+00:00,0.06646763773674938,,,
2021-10-13 05:55:00+00:00,,0.8795012236625959,,
2021-10-13 17:45:00+00:00,0.0670077319125903,,,
2021-10-13 21:20:00+00:00,0.0675431236905719,,,
2021-10-14 01:00:00+00:00,,0.8941189306815079,,
2021-10-14 09:20:00+00:00,0.06605852583185313,,,
2021-10-14 15:00:00+00:00,,,,1.180369357036593
2021-10-15 01:20:00+00:00,,,5.4587363299106135,
2021-10-15 05:30:00+00:00,0.0670582449443979,,,
2021-10-15 16:15:00+00:00,,0.9101460735316317,,
2021-10-15 20:15:00+00:00,0.06759404032150364,0.924201898148805,,
2021-10-15 21:50:00+00:00,0.06610832331523699,,,
2021-10-15 21:55:00+00:00,,0.8991533128277169,,1.2247983056144232
2021-10-16 13:00:00+00:00,,,5.5691237861385,
2021-10-18 01:20:00+00:00,0.06706305966115142,,,
2021-10-18 07:55:00+00:00,,,5.513234551954094,
2021-10-18 09:50:00+00:00,0.06558901360979931,,,
2021-10-18 09:55:00+00:00,,0.8786599850939327,,
2021-10-18 10:05:00+00:00,,,,1.2069119410014073
2021-10-19 03:20:00+00:00,0.06644068695152254,,,
2021-10-19 06:15:00+00:00,,,5.455986284302557,
2021-10-19 19:55:00+00:00,0.06730341927158806,,,
2021-10-20 00:40:00+00:00,,,5.457638770199676,
2021-10-20 13:40:00+00:00,,0.8935172582107206,,
2021-10-20 19:45:00+00:00,,,5.396475863055232,
2021-10-21 01:55:00+00:00,,,,1.2534184304539548
2021-10-21 02:00:00+00:00,0.06582409011599856,0.8712449527375686,,
2021-10-21 11:00:00+00:00,,,5.346119489547843,
2021-10-21 11:30:00+00:00,0.0643772766152489,,,
2021-10-21 14:25:00+00:00,,,,1.2059628282699297
2021-10-22 14:05:00+00:00,,,,1.1764542327489156
2021-10-23 10:55:00+00:00,,,,1.1493712324208325
2021-10-24 08:20:00+00:00,0.06296226407524573,,,
2021-10-24 12:20:00+00:00,,,,1.1177841486751228
2021-10-24 23:45:00+00:00,,,5.296714233440765,
2021-10-25 01:00:00+00:00,0.06377982907426279,,,
2021-10-25 03:00:00+00:00,,0.8822847588268639,,
2021-10-25 06:00:00+00:00,,,5.27726283224641,
2021-10-25 10:40:00+00:00,,,5.251705243564703,
2021-10-25 11:20:00+00:00,0.06460801015479208,,,
2021-10-26 14:05:00+00:00,,,,1.1272939729379856
2021-10-28 12:40:00+00:00,0.06544694516665203,,,
2021-10-28 15:55:00+00:00,,,5.2825819811021555,
2021-10-28 18:35:00+00:00,,0.855649179119737,,
2021-10-28 18:40:00+00:00,,,,1.096656409108818
2021-10-29 01:25:00+00:00,0.066296773749641,,,
2021-10-29 05:40:00+00:00,0.06483957066262389,,,
2021-10-29 18:30:00+00:00,,,5.2180832850589125,
2021-10-30 14:20:00+00:00,0.06341439689945941,,,
2021-10-30 14:40:00+00:00,,,,1.076710865437645
2021-10-31 02:50:00+00:00,,,5.180862333613699,
2021-10-31 08:45:00+00:00,,,,1.047143913119595
2021-11-01 02:00:00+00:00,,,5.156632922071908,
2021-11-01 03:55:00+00:00,,,,1.0273139285681199
2021-11-01 09:40:00+00:00,0.06423783284319888,,,
2021-11-01 11:50:00+00:00,,,5.1300797663452595,
2021-11-01 17:00:00+00:00,0.06282588527730537,,,
2021-11-01 17:05:00+00:00,,0.8362117808909953,,
2021-11-01 21:15:00+00:00,,,,0.9997834137125551
2021-11-02 15:45:00+00:00,0.06364167939763117,,,
2021-11-02 17:35:00+00:00,,,5.133775328880876,
2021-11-03 07:50:00+00:00,,0.8331362278084052,,
2021-11-03 13:45:00+00:00,,,,1.0043684559327049
2021-11-05 15:05:00+00:00,0.062242835284471235,,,
2021-11-05 15:10:00+00:00,,,,0.9830352402901045
2021-11-06 10:55:00+00:00,,,,0.9641709178611128
2021-11-08 03:40:00+00:00,0.06305105850064009,,,
2021-11-08 05:15:00+00:00,,0.8499246742913272,,
2021-11-08 10:25:00+00:00,,,5.286582249604566,
2021-11-09 03:40:00+00:00,0.0638697764952709,,,
2021-11-09 06:15:00+00:00,,,5.29016629151793,
2021-11-09 15:10:00+00:00,,,,1.0467897046208987
2021-11-09 16:10:00+00:00,,0.832638818674198,,
2021-11-10 18:25:00+00:00,,,5.269805167304798,
2021-11-10 19:35:00+00:00,,0.8135697164384847,,
2021-11-10 19:50:00+00:00,0.06246591880790484,,,
2021-11-10 20:00:00+00:00,,,,1.033553496499433
2021-11-11 07:40:00+00:00,0.06327703876362548,,,
2021-11-12 09:55:00+00:00,,,,1.0050168867923717
2021-11-12 20:05:00+00:00,0.06409869111197114,,,
2021-11-14 02:45:00+00:00,,,5.221814838710969,
2021-11-14 16:45:00+00:00,,,,0.9941190254949356
2021-11-15 01:15:00+00:00,0.06494095611874401,,,
2021-11-15 06:05:00+00:00,,,5.219797331423128,
2021-11-15 09:10:00+00:00,,0.8217695417979568,,
2021-11-15 14:55:00+00:00,,,,0.9911884228147386
2021-11-15 15:05:00+00:00,0.06351355390325401,,,
2021-11-16 18:55:00+00:00,0.06243477619020724,,,
2021-11-17 03:05:00+00:00,,0.803435912064546,,
2021-11-17 14:50:00+00:00,0.06137432151661657,,,
2021-11-18 15:10:00+00:00,,,,0.9537034955941169
2021-11-18 22:05:00+00:00,0.06033187866565684,,,
2021-11-19 14:55:00+00:00,0.06111528811013038,,,
2021-11-20 01:20:00+00:00,0.061908870126240426,,,
2021-11-22 00:00:00+00:00,0.06085734796714623,,,
2021-11-22 00:05:00+00:00,,0.7866821461069385,,0.9526954476059449
2021-11-22 15:35:00+00:00,0.05982368591192425,,,
2021-11-22 16:10:00+00:00,,0.7696956500236529,,
2021-11-22 18:35:00+00:00,,0.75293472474175,,
2021-11-23 11:00:00+00:00,,0.7341506904835209,,
2021-11-24 02:05:00+00:00,0.05880758060671022,,,
2021-11-24 02:40:00+00:00,,0.7151537604515112,,
2021-11-25 04:30:00+00:00,,,5.144297452309615,
2021-11-25 19:50:00+00:00,,,5.0907031223900665,
2021-11-26 04:35:00+00:00,0.057808733850105244,,,
2021-11-26 05:10:00+00:00,,,,0.9495377434602897
2021-11-26 05:15:00+00:00,,0.7017317905411053,,
2021-11-29 02:05:00+00:00,0.060053710436712565,,,
2021-11-29 02:10:00+00:00,,0.7336465615143967,,
2021-11-29 08:45:00+00:00,,,5.21077249886008,
2021-11-29 09:40:00+00:00,0.059033698164945,,,
2021-11-29 23:05:00+00:00,,,5.125702121819986,
2021-11-30 00:00:00+00:00,0.05803101080161341,,,
2021-11-30 01:10:00+00:00,,0.7187948683684813,,
2021-11-30 01:20:00+00:00,,,,0.9848983825686954
2021-11-30 15:45:00+00:00,0.05886566804133548,,,
2021-11-30 15:55:00+00:00,,,,0.9541813541765312
2021-11-30 16:10:00+00:00,,0.7038737482947278,,
2021-12-01 18:10:00+00:00,,,5.049205107955062,
2021-12-01 19:00:00+00:00,0.0578658346696534,,,
2021-12-01 19:10:00+00:00,,0.6879592795513673,,
2021-12-01 20:25:00+00:00,,,,0.9206106569294752
2021-12-03 15:50:00+00:00,,,,0.8928706104123671
2021-12-04 00:50:00+00:00,0.05688298346778934,,,
2021-12-04 11:30:00+00:00,0.055916825993588944,,,
2021-12-04 19:10:00+00:00,0.0566429059791157,,,
2021-12-04 21:45:00+00:00,0.055680826221060416,,,
2021-12-05 00:45:00+00:00,,,4.95026807855477,
2021-12-05 20:35:00+00:00,,0.7011185407065806,,
2021-12-06 00:15:00+00:00,0.054735087387695704,,,
2021-12-06 09:35:00+00:00,,,,0.8483687972779793
2021-12-06 17:30:00+00:00,0.05544582249742492,,,
2021-12-06 21:45:00+00:00,0.05616578650255397,,,
2021-12-07 03:35:00+00:00,0.056895099240289626,,,
2021-12-08 09:55:00+00:00,,,,0.8565896447065469
2021-12-08 10:45:00+00:00,,0.6800871466355665,,
2021-12-08 22:55:00+00:00,0.055928735979693306,,,
2021-12-09 07:05:00+00:00,,0.6638585750968293,,
2021-12-10 01:00:00+00:00,0.05497878639907822,,,
2021-12-10 14:45:00+00:00,,0.6473890819970767,,
2021-12-10 14:55:00+00:00,,,,0.8324133821974672
2021-12-10 15:00:00+00:00,0.05404497171208987,,,
2021-12-11 07:30:00+00:00,0.05312701786756002,,,
2021-12-12 04:50:00+00:00,,,4.872047696538288,
2021-12-12 10:10:00+00:00,0.05222465546907951,,,
2021-12-12 14:10:00+00:00,,0.666743159040029,,
2021-12-12 18:10:00+00:00,0.052902792620345515,,,
2021-12-13 01:10:00+00:00,,,,0.8343879468732834
2021-12-14 00:15:00+00:00,,0.653027901706047,,
2021-12-15 08:20:00+00:00,0.0535897353825207,,,
2021-12-15 15:10:00+00:00,,0.6369663369950906,,0.8177537441601224
2021-12-16 00:45:00+00:00,0.054285598096462724,,,
2021-12-17 22:05:00+00:00,0.05309240065030247,,,
2021-12-18 10:45:00+00:00,0.053516608931498386,,,
2021-12-18 19:10:00+00:00,0.05234031386718405,,,
2021-12-19 14:00:00+00:00,0.05275851297498285,,,
2021-12-19 16:30:00+00:00,,0.6299929479170365,,
2021-12-19 17:25:00+00:00,0.05159888085979272,,,
2021-12-20 00:25:00+00:00,,,4.780895477884019,
2021-12-21 03:30:00+00:00,,0.6369555368320278,,
2021-12-21 03:50:00+00:00,0.05201115591786246,,,
2021-12-21 06:50:00+00:00,,0.6442047703122991,,
2021-12-21 07:55:00+00:00,0.0526143361310339,,,
2021-12-22 05:45:00+00:00,,,,0.8076656246740399
2021-12-23 00:20:00+00:00,,,4.886824965412815,
2021-12-23 21:05:00+00:00,,0.6632870273186693,,
2021-12-23 21:50:00+00:00,0.053614138800589226,,,
2021-12-23 23:30:00+00:00,,,,0.8228402311177828
2021-12-24 03:50:00+00:00,,,,0.8132378636782571
2021-12-24 11:30:00+00:00,,,,0.805053543970975
2021-12-24 19:55:00+00:00,,,,0.7970401974021465
2021-12-24 22:45:00+00:00,0.05243570002975227,,,
2021-12-25 17:30:00+00:00,,,4.997233366344905,
2021-12-27 10:55:00+00:00,,0.6610689154485961,,
2021-12-27 17:45:00+00:00,,0.6660337885532793,,
2021-12-27 19:30:00+00:00,,,,0.7893160220295453
2021-12-28 00:10:00+00:00,,,4.944992017461587,
2021-12-29 23:20:00+00:00,0.05128316334309832,0.6496455367045983,,
2021-12-31 17:05:00+00:00,0.05015595941281702,,,
2021-12-31 17:10:00+00:00,,0.6334066584822541,,
2021-12-31 17:45:00+00:00,,,4.874527570713105,
2022-01-01 05:20:00+00:00,0.05055670552852542,,,
2022-01-02 04:50:00+00:00,,0.618591836734159,,
2022-01-03 03:50:00+00:00,,,4.751949928318634,
2022-01-03 15:50:00+00:00,,0.6075465423505485,,
2022-01-03 16:05:00+00:00,,,4.666893859022303,
2022-01-04 12:45:00+00:00,,0.6063854588876669,,
2022-01-04 16:15:00+00:00,,0.5943794818480689,,
2022-01-04 18:55:00+00:00,,,4.548150577843701,
2022-01-05 12:50:00+00:00,,,4.4583462080291465,
2022-01-06 09:35:00+00:00,,0.5779526297288072,,
2022-01-07 13:35:00+00:00,0.04944546914100843,,,
2022-01-07 13:40:00+00:00,,0.5600143888277875,,
2022-01-09 11:05:00+00:00,,0.5586396061762252,,
2022-01-09 19:25:00+00:00,0.049840538439445095,0.5643785808694839,,
2022-01-10 00:05:00+00:00,0.04874504340454609,0.5516126626414227,,
2022-01-10 11:45:00+00:00,,,4.391557539318052,
2022-01-10 17:30:00+00:00,0.04767362735051416,,,
2022-01-10 17:40:00+00:00,,0.5341923787062165,,
2022-01-10 21:00:00+00:00,0.04805453963304478,,,
2022-01-11 02:25:00+00:00,0.0484384954047128,,,
2022-01-12 05:45:00+00:00,,0.5334355055952855,,
2022-01-12 11:40:00+00:00,0.04882551898299645,,,
2022-01-12 21:20:00+00:00,0.049215634879670594,,,
2022-01-13 01:25:00+00:00,,,,0.7788835501994134
2022-01-13 02:50:00+00:00,,0.527948960568882,,
2022-01-13 15:10:00+00:00,,,,0.7699568517392776
2022-01-13 17:10:00+00:00,,,4.47869819082425,
2022-01-14 19:35:00+00:00,0.04960886780235916,0.5330643178604269,,
2022-01-16 18:25:00+00:00,,0.5274530326817057,,
2022-01-18 03:40:00+00:00,,0.5214367494889679,,
2022-01-19 03:35:00+00:00,0.049014057477408876,,,
2022-01-19 03:40:00+00:00,,0.514842848771884,,
2022-01-20 21:15:00+00:00,0.04842637892825474,,,
2022-01-20 21:25:00+00:00,,0.5079806526069224,,
2022-01-20 21:45:00+00:00,,,4.343847348675777,
2022-01-21 17:35:00+00:00,0.04784574664490497,,,
2022-01-22 03:40:00+00:00,0.047272076142632555,,,
2022-01-22 14:00:00+00:00,0.046705283949682395,,,
2022-01-22 14:55:00+00:00,,0.4928976259074963,,
2022-01-22 22:45:00+00:00,0.0461452875951257,,,
2022-01-23 10:05:00+00:00,0.045592005596860136,,,
2022-01-24 00:20:00+00:00,0.04611944857358774,,,
2022-01-24 16:50:00+00:00,0.04544482990831734,,,
2022-01-24 20:45:00+00:00,,0.5074502142531434,,
2022-01-24 21:50:00+00:00,0.04875036458014439,,,
2022-01-24 22:30:00+00:00,0.04816584770882845,0.49469266751868735,,
2022-01-25 14:20:00+00:00,0.048550692832021985,,,
2022-01-25 19:35:00+00:00,0.04796857002496604,,,
2022-01-26 04:45:00+00:00,0.04835183889946552,,,
2022-01-26 06:30:00+00:00,0.04777210035106092,,,
2022-01-26 19:15:00+00:00,0.04650945443565587,,,
2022-01-26 20:40:00+00:00,,,4.4343157771433885,
2022-01-27 14:30:00+00:00,0.04688106497659676,,,
2022-01-28 02:00:00+00:00,0.046318961007527366,,,
2022-01-28 10:05:00+00:00,,0.48277194156525877,,
2022-01-28 15:30:00+00:00,0.04576359666504711,,,
2022-01-28 20:30:00+00:00,0.046129247802400845,,,
2022-01-29 13:30:00+00:00,0.046497820492342024,,,
2022-01-29 16:15:00+00:00,,,4.368058617310535,
2022-01-29 20:50:00+00:00,0.04594031162463884,,,
2022-01-29 22:00:00+00:00,0.045389487288259416,,,
2022-01-31 16:50:00+00:00,,0.48766151913639655,,
2022-01-31 18:10:00+00:00,0.04609640115547591,,,
2022-01-31 19:15:00+00:00,,0.4926912084087904,,
2022-01-31 20:10:00+00:00,0.045543705305621754,,,
2022-02-01 09:15:00+00:00,,,,0.7679852683111326
2022-02-01 17:10:00+00:00,,,,0.763154017120848
2022-02-02 05:45:00+00:00,,,4.369133390912752,
2022-02-04 02:40:00+00:00,0.045907599511013676,,,
2022-02-04 06:05:00+00:00,,0.49810719067741854,,
2022-02-04 13:30:00+00:00,0.045357167392876624,0.4906676747359675,,
2022-02-04 15:40:00+00:00,,,,0.7616841514999131
2022-02-04 18:15:00+00:00,,,,0.7694076163577656
2022-02-04 18:20:00+00:00,,0.5024067793069172,,
2022-02-04 18:35:00+00:00,0.047261459531129105,,,
2022-02-04 19:55:00+00:00,0.047639078592782824,,,
2022-02-04 20:20:00+00:00,,,,0.7670466570328011
2022-02-05 00:00:00+00:00,,,,0.776678148142281
2022-02-05 00:50:00+00:00,,,,0.7718122986390934
2022-02-05 13:20:00+00:00,,0.4979258522903622,,
2022-02-05 15:15:00+00:00,0.04801971483073917,,,
2022-02-06 14:35:00+00:00,,,,0.7674032845848039
2022-02-06 23:25:00+00:00,,,,0.7659629757217463
2022-02-06 23:55:00+00:00,,,,0.7610285153605599
2022-02-07 00:10:00+00:00,0.047443958449918604,0.49099850769614883,,
2022-02-07 02:55:00+00:00,,,,0.7556391934715034
2022-02-07 05:30:00+00:00,,,,0.7554003871353465
2022-02-07 09:35:00+00:00,0.046875105388104084,0.4845600189854936,,
2022-02-07 15:15:00+00:00,,,,0.7570028965514723
2022-02-07 16:40:00+00:00,,,,0.7592197381382635
2022-02-07 17:45:00+00:00,0.04724963748015503,0.48903571555727166,,
2022-02-07 18:25:00+00:00,,,,0.7592008336565585
2022-02-07 18:45:00+00:00,0.04668311432676797,,,
2022-02-07 18:50:00+00:00,,0.4825446357527216,,
2022-02-07 20:45:00+00:00,0.04612338378599003,,,
2022-02-07 20:50:00+00:00,,0.47596325952527213,,
2022-02-08 06:00:00+00:00,,,,0.7625536063962264
2022-02-08 06:20:00+00:00,,,,0.764524496712424
2022-02-08 08:05:00+00:00,0.045570364414396006,,,
2022-02-08 08:10:00+00:00,,0.46909985664333714,,
2022-02-08 10:15:00+00:00,,,5.014332313183997,
2022-02-09 00:50:00+00:00,0.04593447162606703,,,
2022-02-09 02:10:00+00:00,,0.4610046315853879,,
2022-02-10 12:20:00+00:00,0.045383717311270486,,,
2022-02-10 14:10:00+00:00,,,4.8147732946860184,
2022-02-10 15:50:00+00:00,,,,0.7557666439539862
2022-02-10 17:45:00+00:00,,,,0.7492341840529654
2022-02-10 19:05:00+00:00,0.04483956654070836,,,
2022-02-10 19:50:00+00:00,,0.4522863959258382,,
2022-02-12 21:20:00+00:00,0.044301940137885264,,,
2022-02-15 06:35:00+00:00,,0.4623341858639828,,
2022-02-15 08:35:00+00:00,0.04509848902156444,,,
2022-02-16 04:55:00+00:00,,,4.949191708522248,
2022-02-16 14:50:00+00:00,,0.4510976511140127,,
2022-02-17 09:15:00+00:00,,0.4408026670990661,,
2022-02-21 10:35:00+00:00,0.04410722423287046,,,
2022-02-21 10:55:00+00:00,,,4.8294392025071655,
2022-02-21 11:35:00+00:00,,0.4299163745205447,,
2022-02-21 18:10:00+00:00,0.042933203483404625,,,
2022-02-21 18:25:00+00:00,,0.41513007623536047,,
2022-02-23 08:25:00+00:00,0.04370514248203623,,,
2022-02-23 18:05:00+00:00,0.04274450345028108,,,
2022-02-23 18:20:00+00:00,,,4.718902772001438,
2022-02-24 10:20:00+00:00,0.041804979264443896,,,
2022-02-24 14:30:00+00:00,0.042556632791618594,,,
2022-02-24 18:45:00+00:00,0.04332180104921189,,,
2022-02-25 00:40:00+00:00,,0.43934513394807917,,
2022-02-25 01:05:00+00:00,0.04540380565055425,,,
2022-02-25 09:25:00+00:00,0.04440583000235507,,,
2022-02-25 18:05:00+00:00,0.0434297898589033,,,
2022-02-26 05:55:00+00:00,0.042475203077804606,,,
2022-02-26 09:30:00+00:00,,,4.912100104864332,
2022-02-27 13:45:00+00:00,0.04154159811415446,,,
2022-02-27 19:30:00+00:00,,0.42454951813943226,,
2022-02-27 19:40:00+00:00,,,4.75223218298143,
2022-02-28 14:15:00+00:00,0.04228851604824697,,,
2022-02-28 19:05:00+00:00,,,,0.7600501072134735
2022-02-28 20:20:00+00:00,,0.4456678537233195,,
2022-02-28 21:05:00+00:00,0.044683954430363444,,,
2022-02-28 21:40:00+00:00,,,,0.7596651624562032
2022-02-28 22:55:00+00:00,,,,0.781792601583306
2022-03-01 03:35:00+00:00,0.04607693841220079,,,
2022-03-01 14:30:00+00:00,,,,0.7832333706403732
2022-03-01 15:00:00+00:00,0.04506416730590061,,,
2022-03-02 13:50:00+00:00,,,5.197061210496052,
2022-03-02 14:40:00+00:00,0.04587442103406071,,,
2022-03-02 15:05:00+00:00,,,,0.7703506780706386
2022-03-02 15:25:00+00:00,0.044866101259732054,,,
2022-03-03 10:40:00+00:00,,0.44153410317159963,,
2022-03-06 23:15:00+00:00,0.043879944354043146,,,
2022-03-06 23:25:00+00:00,,0.42866291244707805,,
2022-03-07 18:35:00+00:00,0.042915463177141275,,,
2022-03-07 19:05:00+00:00,,,5.046572261879967,
2022-03-07 19:30:00+00:00,,0.4158033645439008,,
2022-03-08 08:30:00+00:00,0.04368708320506628,,,
2022-03-08 16:30:00+00:00,0.04272684111621892,,,
2022-03-09 03:10:00+00:00,,0.429679009355574,,
2022-03-09 08:35:00+00:00,,0.45227167861015566,,
2022-03-09 09:05:00+00:00,0.045584916068186446,,,
2022-03-10 01:35:00+00:00,0.044582959613007705,,,
2022-03-10 02:00:00+00:00,,,5.2212662743936225,
2022-03-10 04:20:00+00:00,,0.4335098290807875,,
2022-03-10 13:40:00+00:00,0.04360302616071379,,,
2022-03-11 12:05:00+00:00,0.04438700857108343,,,
2022-03-11 13:15:00+00:00,0.043411382122691015,,,
2022-03-11 17:10:00+00:00,,,5.033189721885324,
2022-03-11 19:05:00+00:00,,0.41567959067695953,,
2022-03-13 12:25:00+00:00,0.04245719994363427,,,
2022-03-13 22:45:00+00:00,,0.40685463000925665,,
2022-03-14 22:45:00+00:00,0.04322058039862082,0.4153107897099646,,
2022-03-15 01:15:00+00:00,0.04227059204145913,,,
2022-03-15 03:40:00+00:00,,0.4030898770050274,,
2022-03-15 07:30:00+00:00,,,4.930867343505336,
2022-03-16 02:05:00+00:00,0.043030617286364564,,,
2022-03-16 03:10:00+00:00,,0.38772317446014093,,
2022-03-16 03:15:00+00:00,0.04131066829908055,,,
2022-03-18 00:55:00+00:00,0.04040265980986676,,,
2022-03-18 20:50:00+00:00,,,,0.7706742791426457
2022-03-19 20:35:00+00:00,0.041129099633248165,,,
2022-03-19 21:55:00+00:00,,,,0.7658687937892692
2022-03-19 22:25:00+00:00,,,4.962683118862193,
2022-03-20 08:30:00+00:00,,0.3890500861090549,,
2022-03-22 05:10:00+00:00,,,,0.7727195334865217
2022-03-22 10:30:00+00:00,0.04186860084465397,,,
2022-03-22 14:30:00+00:00,,0.39563110567447907,,
2022-03-23 01:00:00+00:00,0.04094832899808848,,,
2022-03-24 06:30:00+00:00,,,,0.7670580150205858
2022-03-24 15:35:00+00:00,0.04168457995347411,,,
2022-03-24 17:55:00+00:00,,,,0.7715959426833228
2022-03-25 02:05:00+00:00,,,,0.766324094985935
2022-03-25 08:05:00+00:00,,,4.9568845871151765,
2022-03-25 12:40:00+00:00,0.04243406870103758,0.40170564504114004,,
2022-03-25 14:10:00+00:00,,,,0.7717142663385854
2022-03-25 15:30:00+00:00,,0.39612774251395266,,
2022-03-25 15:35:00+00:00,,,4.923524802309494,
2022-03-27 12:55:00+00:00,,,4.877620534706533,
2022-03-27 20:35:00+00:00,0.04319703325628224,,,
2022-03-27 21:05:00+00:00,,,,0.7835618942971726
2022-03-28 00:45:00+00:00,,,,0.7883570626752924
2022-03-28 04:55:00+00:00,,0.4027692454364743,,
2022-03-28 05:00:00+00:00,0.0439737159142302,,,
2022-03-28 14:15:00+00:00,,,,0.7838803852179921
2022-03-28 15:50:00+00:00,,,,0.7777008388229318
2022-03-28 19:50:00+00:00,,,,0.7754515614945999
2022-04-01 18:35:00+00:00,0.04491988461270071,,,
2022-04-02 00:55:00+00:00,,0.4096340226788886,,
2022-04-02 15:15:00+00:00,,,4.874889563147619,
2022-04-03 22:20:00+00:00,0.04572754413803708,,,
2022-04-03 22:55:00+00:00,,0.4031474528523146,,
2022-04-03 23:00:00+00:00,0.04472245271788302,,,
2022-04-05 14:10:00+00:00,,0.39698839173588973,,
2022-04-05 14:15:00+00:00,,,4.841103620797701,
2022-04-05 16:00:00+00:00,0.043739453207143945,,,
2022-04-10 21:50:00+00:00,,0.39259966114135714,,
2022-04-12 19:55:00+00:00,0.04277806002565092,,,
2022-04-14 09:20:00+00:00,,,4.890204799013998,
2022-04-14 13:45:00+00:00,,0.38465588787416016,,
2022-04-14 15:35:00+00:00,0.04183779826628711,,,
2022-04-17 00:05:00+00:00,,,4.85069348240598,
2022-04-18 15:25:00+00:00,,,4.809177366146945,
2022-04-18 22:50:00+00:00,,0.39126673123846617,,
2022-04-18 23:00:00+00:00,0.04259004187911496,,,
2022-04-19 01:40:00+00:00,,,4.862416489385296,
2022-04-19 16:50:00+00:00,,,4.82200225066527,
2022-04-20 13:45:00+00:00,,,4.763080585897288,
2022-04-20 15:00:00+00:00,,,,0.7863230437589983
2022-04-20 18:40:00+00:00,,0.3834597864061669,,
2022-04-21 13:00:00+00:00,0.043589108643040615,,,
2022-04-21 16:05:00+00:00,,,,0.7813373946345583
2022-04-21 16:55:00+00:00,0.04263102003506659,,,
2022-04-21 17:00:00+00:00,,0.3773904979572598,,
2022-04-25 18:45:00+00:00,0.04339752577529709,0.3848317477605087,,
2022-04-26 14:00:00+00:00,,,,0.7755486109977151
2022-04-26 14:40:00+00:00,,0.376585104417392,,
2022-04-26 14:50:00+00:00,0.042443648158756064,,,
2022-04-27 11:25:00+00:00,,,4.712112898040268,
2022-04-28 15:05:00+00:00,0.04320678495265049,,,
2022-04-29 02:55:00+00:00,0.042257099819391235,,,
2022-04-29 09:05:00+00:00,,0.3671236347877696,,
2022-04-29 10:40:00+00:00,,,,0.756991725029518
2022-05-01 18:10:00+00:00,,,4.6726369261053975,
2022-05-01 18:50:00+00:00,,0.36106784516523965,,
2022-05-02 18:10:00+00:00,,,,0.7440386015978407
2022-05-03 18:00:00+00:00,,0.35516175471629846,,
2022-05-03 18:05:00+00:00,0.041328288765361015,,,
2022-05-04 12:40:00+00:00,,,4.727659330544689,
2022-05-04 16:20:00+00:00,,0.36119069504823614,,
2022-05-04 18:50:00+00:00,0.0420713713973622,,,
2022-05-05 13:55:00+00:00,,0.3547926152395524,,
2022-05-05 14:00:00+00:00,,,,0.7381437654715157
2022-05-05 14:05:00+00:00,0.04114664265404818,,,
2022-05-10 07:45:00+00:00,0.04197140865936699,,,
2022-05-10 08:00:00+00:00,,,4.620935660773393,
2022-05-10 13:30:00+00:00,0.04272605458706242,,,
2022-05-11 06:45:00+00:00,0.04178693590723878,,,
2022-05-11 12:35:00+00:00,0.03981377475962511,,,
2022-05-11 13:55:00+00:00,0.03893866799040855,,,
2022-05-11 19:35:00+00:00,0.03808279606797937,,,
2022-05-12 01:20:00+00:00,0.03724573621040518,,,
2022-05-12 02:40:00+00:00,0.036427074928500475,,,
2022-05-12 14:25:00+00:00,0.03708203373571492,,,
2022-05-12 16:25:00+00:00,0.03774876870228307,,,
2022-05-12 17:40:00+00:00,0.03686328585923261,,,
2022-05-12 18:25:00+00:00,0.036053030836046676,,,
2022-05-13 06:55:00+00:00,,,4.571370366445812,
2022-05-13 07:30:00+00:00,0.037604899506381934,,,
2022-05-14 19:40:00+00:00,,,4.473977462134873,
2022-05-15 11:45:00+00:00,0.038281035599506685,,,
2022-05-15 20:10:00+00:00,0.03896932861958582,,,
2022-05-16 04:30:00+00:00,0.03811278277652732,,,
2022-05-16 06:05:00+00:00,,0.3456329009368908,,
2022-05-16 13:45:00+00:00,0.03727506381109925,,,
2022-05-17 08:40:00+00:00,0.03794526945842281,,,
2022-05-18 03:20:00+00:00,0.03711123243572668,,,
2022-05-19 15:30:00+00:00,,0.3512441882924071,,
2022-05-19 17:25:00+00:00,0.03796721965230755,,,
2022-05-20 01:35:00+00:00,0.03864987026165605,,,
2022-05-20 09:00:00+00:00,,0.3468083300794518,,
2022-05-22 14:25:00+00:00,,,4.441906859618536,
2022-05-22 22:20:00+00:00,,0.35065131385050896,,
2022-05-23 06:40:00+00:00,0.03934479492896062,,,
2022-05-24 23:10:00+00:00,,0.35495003653350715,,
2022-05-25 05:50:00+00:00,,,4.398825392509214,
2022-05-25 11:25:00+00:00,0.03847999633642206,,,
2022-05-27 00:50:00+00:00,0.0376342060169475,,,
2022-05-27 01:00:00+00:00,,0.34646410628307134,,
2022-05-30 06:05:00+00:00,,0.3571524222893736,,
2022-05-30 06:25:00+00:00,,,,0.736222010619417
2022-05-30 07:05:00+00:00,0.03871253480077167,,,
2022-05-30 11:00:00+00:00,,,4.442026744648948,
2022-05-30 12:15:00+00:00,,0.35995957498719783,,
2022-05-30 12:20:00+00:00,,,,0.7314198743791905
2022-05-30 21:35:00+00:00,,,,0.7463126303099652
2022-05-31 00:25:00+00:00,,0.3638558652139952,,
2022-05-31 13:25:00+00:00,0.03940858617648954,,,
2022-05-31 16:10:00+00:00,,,,0.7366291801811233
2022-05-31 17:15:00+00:00,,,,0.7299694621661587
2022-06-01 04:10:00+00:00,,0.35517555191130745,,
2022-06-03 11:10:00+00:00,0.0385423854523303,,,
2022-06-05 16:25:00+00:00,,0.35076742499616825,,
2022-06-06 00:45:00+00:00,,0.35283675726510844,,
2022-06-06 05:55:00+00:00,,0.36147268157324786,,
2022-06-06 06:55:00+00:00,0.03929290272170652,,,
2022-06-06 11:50:00+00:00,,,4.546605778849297,
2022-06-07 22:50:00+00:00,0.039999389112642794,0.3660546596945267,,
2022-06-08 01:00:00+00:00,,,4.634909335778144,
2022-06-08 01:05:00+00:00,0.039120202539946906,,,
2022-06-08 03:15:00+00:00,,0.35436812362966685,,
2022-06-10 00:15:00+00:00,0.038260340488118876,,,
2022-06-12 19:25:00+00:00,0.03741856097430551,0.3453100492201968,,
2022-06-13 22:40:00+00:00,0.036596101004090276,,,
2022-06-14 09:35:00+00:00,0.035662431383258524,,,
2022-06-14 11:15:00+00:00,0.0348785711414545,,,
2022-06-14 11:45:00+00:00,,0.3262966026192151,,
2022-06-14 20:20:00+00:00,0.03411194014776533,,,
2022-06-15 03:40:00+00:00,0.03336215970331745,,,
2022-06-15 15:45:00+00:00,0.03379536734706503,,,
2022-06-15 16:55:00+00:00,,0.3117327348478031,,
2022-06-15 17:40:00+00:00,,,4.430266606065247,
2022-06-15 18:50:00+00:00,0.03305254517277654,,,
2022-06-15 23:35:00+00:00,0.03394542727509694,,,
2022-06-16 04:50:00+00:00,0.03319930678359031,,,
2022-06-16 05:50:00+00:00,,,,0.7104158127028756
2022-06-16 05:55:00+00:00,,,4.330456741106146,
2022-06-16 09:35:00+00:00,,0.2963969719892586,,
2022-06-17 06:45:00+00:00,0.03363039978217523,,,
2022-06-17 12:40:00+00:00,0.032891203594963024,,,
2022-06-17 13:15:00+00:00,,,4.200985393830073,
2022-06-18 16:45:00+00:00,0.03216825493994574,,,
2022-06-19 01:40:00+00:00,,0.2858395736068163,,
2022-06-19 01:55:00+00:00,0.031461196696365726,,,
2022-06-19 13:35:00+00:00,0.03261679413459246,,,
2022-06-19 15:30:00+00:00,0.03304032320643013,,,
2022-06-19 19:00:00+00:00,,0.30213036743650834,,
2022-06-19 23:50:00+00:00,0.03346935180326562,,,
2022-06-20 00:45:00+00:00,0.032733695450629846,,,
2022-06-20 01:20:00+00:00,,0.2892621022637376,,
2022-06-20 01:40:00+00:00,,,,0.7165754765349841
2022-06-20 01:50:00+00:00,,,4.338025099298326,
2022-06-20 14:45:00+00:00,0.03315874248605628,,,
2022-06-20 17:40:00+00:00,,,4.283401938030789,
2022-06-20 17:55:00+00:00,,,,0.6884009327715921
2022-06-21 01:00:00+00:00,0.03358930875723771,,,
2022-06-21 13:40:00+00:00,0.034025465931450435,,,
2022-06-21 18:35:00+00:00,0.03327758619027715,,,
2022-06-21 19:05:00+00:00,,,4.2739150945179905,
2022-06-21 20:10:00+00:00,,,,0.6787999079997881
2022-06-22 13:55:00+00:00,0.0337096956469579,,,
2022-06-22 15:40:00+00:00,0.032968756536637764,,,
2022-06-23 06:30:00+00:00,0.033396855840266,,,
2022-06-23 15:30:00+00:00,0.03266279294889695,,,
2022-06-23 15:50:00+00:00,,,4.181152520473094,
2022-06-23 23:35:00+00:00,0.03322164896629026,,,
2022-06-24 06:55:00+00:00,,,4.149863882179162,
2022-06-24 07:15:00+00:00,,,,0.675138216527835
2022-06-24 15:15:00+00:00,0.032491437122011205,,,
2022-06-25 12:20:00+00:00,,,,0.6673178071193967
2022-06-25 12:40:00+00:00,,,4.073751395720475,
2022-06-25 15:50:00+00:00,0.0317772753340694,,,
2022-06-25 20:20:00+00:00,,0.2901024351363125,,
2022-06-26 15:05:00+00:00,,,,0.6568721520281081
2022-06-26 15:30:00+00:00,,,4.027874967381087,
2022-06-27 12:55:00+00:00,,,3.990356515606951,
2022-06-28 14:30:00+00:00,0.031078810822226553,,,
2022-06-28 14:55:00+00:00,,,3.918161530178573,
2022-07-01 03:55:00+00:00,0.03163133711975648,,,
2022-07-01 04:00:00+00:00,,,,0.6384534642781015
2022-07-01 04:45:00+00:00,,0.2837321328128029,,
2022-07-01 05:35:00+00:00,,,3.718942936946857,
2022-07-04 01:05:00+00:00,,0.27892261787633554,,
2022-07-04 02:40:00+00:00,,,3.698261411338853,0.6282446851695928
2022-07-04 15:00:00+00:00,0.032042070032256516,,,
2022-07-04 15:05:00+00:00,,0.28486023520771553,,
2022-07-04 22:50:00+00:00,0.03245813631162536,,,
2022-07-05 05:20:00+00:00,,0.2914002054092241,,
2022-07-05 08:25:00+00:00,,,,0.6388000180780362
2022-07-05 08:35:00+00:00,,,3.780644917877448,
2022-07-05 08:45:00+00:00,0.031744706475495835,,,
2022-07-05 22:55:00+00:00,0.0324438890865663,,,
2022-07-06 01:40:00+00:00,,,,0.6203668693992369
2022-07-06 02:10:00+00:00,,,3.7425514644466755,
2022-07-06 22:05:00+00:00,,0.2982508029626677,,
2022-07-07 06:00:00+00:00,,,3.682323154260575,
2022-07-07 18:40:00+00:00,0.03286517298635536,,,
2022-07-07 20:45:00+00:00,,0.3074140836425603,,
2022-07-07 23:00:00+00:00,0.033291927257583176,,,
2022-07-08 01:25:00+00:00,,0.31578908289496377,,
2022-07-08 02:25:00+00:00,0.03256017069646149,0.30878183290077815,,
2022-07-08 08:35:00+00:00,0.031844498144553264,,,0.6545537413150323
2022-07-08 08:55:00+00:00,,,3.7907247814434157,
2022-07-10 02:25:00+00:00,0.031144556075335984,,,
2022-07-13 12:30:00+00:00,0.030459998732800097,0.3038987680803947,,0.6368533926807592
2022-07-13 13:20:00+00:00,,,3.643677518649691,
2022-07-13 21:40:00+00:00,0.0308555218163455,,,
2022-07-14 07:15:00+00:00,,,3.5980610727466287,
2022-07-14 08:40:00+00:00,,,,0.627410214052407
2022-07-14 08:50:00+00:00,0.030177317446822224,,,
2022-07-14 17:25:00+00:00,0.03071990561451609,,,
2022-07-15 08:55:00+00:00,0.031272249517465094,,,
2022-07-15 16:15:00+00:00,,,3.6568750866835917,
2022-07-17 10:20:00+00:00,,,3.6493946939836626,
2022-07-17 17:55:00+00:00,0.030584885473071206,0.29627228132659544,,
2022-07-18 05:35:00+00:00,0.031134801713877024,,,
2022-07-18 08:00:00+00:00,0.031830109113015405,,,
2022-07-18 10:40:00+00:00,,0.3081931489742336,,
2022-07-18 17:50:00+00:00,,,3.6883002331314074,
2022-07-18 17:55:00+00:00,0.031130483314711327,,,0.6301569014292024
2022-07-19 04:00:00+00:00,,,,0.6015288532472712
2022-07-19 04:05:00+00:00,,0.29832703754010437,,
2022-07-19 14:50:00+00:00,0.03169020940470984,,,
2022-07-19 17:10:00+00:00,0.03231447912585885,,,
2022-07-19 20:00:00+00:00,,0.3082964849333226,,
2022-07-19 21:55:00+00:00,0.0328954934605418,,,
2022-07-20 01:05:00+00:00,,,3.7203353936611285,
2022-07-20 20:15:00+00:00,,,,0.6024519279730395
2022-07-21 02:30:00+00:00,0.03217245051427908,,,
2022-07-22 10:35:00+00:00,0.032750911174525825,,,
2022-07-22 15:45:00+00:00,,,3.658169272906336,
2022-07-22 19:30:00+00:00,,,,0.5850169217353419
2022-07-25 01:05:00+00:00,,,,0.5687639111680376
2022-07-25 02:20:00+00:00,,0.30017798478871827,,
2022-07-25 22:25:00+00:00,0.03203104614690975,,,
2022-07-27 18:35:00+00:00,0.03260696435663119,,,
2022-07-27 22:30:00+00:00,0.033193237575763423,,,
2022-07-27 23:40:00+00:00,,0.31128611100155934,,
2022-07-28 07:30:00+00:00,0.032463650213848144,,,
2022-07-28 12:30:00+00:00,,0.3026674644763266,,0.6027159423849073
2022-07-28 14:05:00+00:00,,,3.851391584817997,
2022-07-28 20:35:00+00:00,0.03304734664469314,,,
2022-07-29 06:35:00+00:00,,0.3105187603924145,,
2022-07-29 11:30:00+00:00,,,3.8576728224316494,
2022-07-29 13:05:00+00:00,,,,0.6004738088565665
2022-07-29 16:10:00+00:00,0.03232096596544278,,,
2022-07-30 19:50:00+00:00,,,3.7925427055413725,
2022-07-30 19:55:00+00:00,,0.301439798467996,,
2022-07-30 20:05:00+00:00,0.03161055113352235,,,
2022-07-30 22:00:00+00:00,,,,0.5869836947822172
2022-08-03 00:20:00+00:00,0.030915751219607525,,,
2022-08-03 00:25:00+00:00,,0.29298084424922477,,
2022-08-03 20:35:00+00:00,,,3.7677386531437436,
2022-08-03 23:00:00+00:00,,0.285435007609373,,0.5711031524998268
2022-08-04 16:45:00+00:00,0.03023622300780055,,,
2022-08-05 11:40:00+00:00,,0.29033888985968365,,
2022-08-05 12:55:00+00:00,,,3.7450393619843467,
2022-08-05 18:55:00+00:00,,,,0.5599730725963853
2022-08-07 14:10:00+00:00,,0.2881769775867251,,
2022-08-08 06:10:00+00:00,0.030779870297480808,,,
2022-08-08 12:40:00+00:00,,0.29688346711769376,,
2022-08-08 16:40:00+00:00,,,3.7879211404435704,
2022-08-08 21:15:00+00:00,,0.2922849660397389,,
2022-08-08 22:40:00+00:00,,,,0.5703019963500069
2022-08-10 14:45:00+00:00,0.03133329236542951,,,
2022-08-10 18:45:00+00:00,,,,0.5737405398493112
2022-08-10 21:25:00+00:00,,0.2974533170412166,,
2022-08-11 07:30:00+00:00,,0.30314358807163666,,
2022-08-11 12:30:00+00:00,0.03189666496215993,,,
2022-08-11 15:20:00+00:00,,,3.867717361024751,
2022-08-11 18:20:00+00:00,,,,0.5709803866577777
2022-08-13 08:50:00+00:00,,,3.869002566005336,
2022-08-14 08:55:00+00:00,,,3.8254135289498055,
2022-08-14 12:50:00+00:00,,,,0.5669239236910516
2022-08-15 05:45:00+00:00,,,3.827256602888289,
2022-08-15 06:25:00+00:00,,,,0.5629696946818304
2022-08-15 06:35:00+00:00,,0.2972509062898343,,
2022-08-17 07:35:00+00:00,,,3.747716672536702,
2022-08-17 07:40:00+00:00,,0.29033253628324796,,0.5573711827617419
2022-08-18 23:20:00+00:00,,,,0.5482575452779441
2022-08-20 20:50:00+00:00,,,,0.535379483857668
2022-08-21 22:05:00+00:00,,,,0.5332034264220754
2022-08-23 02:15:00+00:00,,,3.7190202268304944,
2022-08-23 05:30:00+00:00,,,,0.5215253989458912
2022-08-23 12:40:00+00:00,,,3.697149073770766,
2022-08-24 23:30:00+00:00,,,,0.5195918553435136
2022-08-25 09:55:00+00:00,,0.2921551770598075,,
2022-08-26 05:10:00+00:00,,,,0.5113008522584723
2022-08-26 14:00:00+00:00,,0.28595826056978696,,
2022-08-26 14:55:00+00:00,0.031195576266291655,,,0.5003413907672153
2022-08-28 23:25:00+00:00,,,,0.4914345192581609
2022-08-29 14:05:00+00:00,,0.2900873148792766,,
2022-08-29 18:15:00+00:00,,,3.6762240329544715,
2022-08-30 04:30:00+00:00,,0.29437645632913784,,
2022-08-30 08:50:00+00:00,,,3.6642493818403996,
2022-08-30 14:05:00+00:00,,0.2885471597773931,,0.49510273801468785
2022-08-31 06:10:00+00:00,,0.29431526778007816,,
2022-08-31 06:30:00+00:00,,,3.6708168931952887,
2022-08-31 15:05:00+00:00,,,,0.484663039768211
2022-09-02 17:20:00+00:00,,,,0.4788680292074894
2022-09-03 21:00:00+00:00,,0.28899718217729586,,
2022-09-05 05:20:00+00:00,,,,0.4744099423954508
2022-09-05 18:30:00+00:00,,0.28473328347249516,,
2022-09-06 01:55:00+00:00,,,3.6280327919830397,
2022-09-06 02:00:00+00:00,,0.28039085144087894,,0.46937882479889087
2022-09-08 07:20:00+00:00,,,,0.4739508577590038
2022-09-09 03:30:00+00:00,0.03175647272755958,0.28639328487125143,,
2022-09-09 05:05:00+00:00,0.0325703625594421,,,
2022-09-09 08:15:00+00:00,,0.2980326331092909,,
2022-09-09 10:45:00+00:00,,0.3045334705183545,,
2022-09-09 18:10:00+00:00,,,3.8434977967739488,
2022-09-10 07:45:00+00:00,,,3.798428263743769,
2022-09-10 12:20:00+00:00,,,,0.5177518013673741
2022-09-10 20:50:00+00:00,,,3.7517752212679003,
2022-09-10 21:45:00+00:00,,0.311489680173362,,
2022-09-11 06:30:00+00:00,,,,0.5129293182141743
2022-09-12 02:10:00+00:00,0.031854465990385564,,,
2022-09-12 03:30:00+00:00,,0.3038275749925443,,
2022-09-12 10:10:00+00:00,,,3.717274283501393,
2022-09-13 12:35:00+00:00,,,3.5882020832502928,
2022-09-17 19:10:00+00:00,,,3.5543368532573347,
2022-09-18 10:00:00+00:00,,,,0.5089851962643803
2022-09-18 14:45:00+00:00,,0.29753874240408074,,
2022-09-19 17:30:00+00:00,,,3.604484378629395,
2022-09-19 20:00:00+00:00,0.0324272092888927,0.3053340109421692,,
2022-09-20 00:35:00+00:00,,,3.59611211906954,
2022-09-20 12:25:00+00:00,,,,0.49289544649127026
2022-09-20 13:15:00+00:00,,0.295487633731008,,
2022-09-21 15:05:00+00:00,,,3.5854900554864253,
2022-09-21 18:05:00+00:00,0.030832889645531294,0.28678982144359216,,0.4819847746825996
2022-09-21 19:30:00+00:00,0.030155182731122516,,,
2022-09-22 11:30:00+00:00,,,3.5549723351992295,
2022-09-23 08:45:00+00:00,0.029492371814692442,,,
2022-09-23 11:50:00+00:00,,,,0.469349715971589
2022-09-24 00:45:00+00:00,,,3.5107535007786526,
2022-09-25 22:00:00+00:00,,0.278137021746156,,
2022-09-26 11:15:00+00:00,,,3.4818035856667264,
2022-09-26 11:30:00+00:00,,0.27239352480928075,,
2022-09-26 11:40:00+00:00,,,,0.45925413392356623
2022-09-27 03:10:00+00:00,0.03002264465992061,,,
2022-09-27 05:20:00+00:00,,0.2776912503930309,,
2022-09-27 08:50:00+00:00,,,3.5686696853866624,
2022-09-27 16:10:00+00:00,0.029362746930295554,0.27044174938456805,,0.4689478938226134
2022-09-28 14:35:00+00:00,0.02989068912010227,,,
2022-09-28 21:25:00+00:00,,0.27830966454260453,,
2022-09-29 13:40:00+00:00,,,,0.4544738792738407
2022-09-30 00:30:00+00:00,0.030428123710481713,,,
2022-09-30 16:15:00+00:00,,,3.499191546338778,
2022-09-30 19:55:00+00:00,,,,0.4497034006900954
2022-09-30 20:00:00+00:00,0.029759313551325325,0.2692806019631164,,
2022-10-04 06:35:00+00:00,,0.2728874215492722,,
2022-10-04 11:35:00+00:00,,,3.508700639558752,
2022-10-04 14:00:00+00:00,,0.27699548057694207,,
2022-10-05 08:20:00+00:00,,0.27106944981663755,,
2022-10-05 11:40:00+00:00,,,,0.4640616127804835
2022-10-06 14:05:00+00:00,,,,0.4536082578164641
2022-10-06 22:00:00+00:00,,0.2651346606911631,,
2022-10-10 08:10:00+00:00,,,,0.446357857099622
2022-10-10 16:20:00+00:00,,0.26161501312381996,,
2022-10-13 16:40:00+00:00,0.03029438600897815,,,
2022-10-13 17:40:00+00:00,,0.26922927297882754,,
2022-10-13 18:55:00+00:00,,0.2730288302404877,,
2022-10-13 23:40:00+00:00,,,3.4846844290262964,
2022-10-14 03:35:00+00:00,,0.2780903779459338,,
2022-10-14 07:10:00+00:00,,,3.4591764248562282,
2022-10-14 14:10:00+00:00,0.029628515404500812,,,
2022-10-14 14:15:00+00:00,,,,0.45357798176462943
2022-10-15 23:00:00+00:00,,,,0.44710862728423356
2022-10-16 21:50:00+00:00,,0.275811963562751,,0.4464812294649643
2022-10-17 12:40:00+00:00,,0.27734849265494416,,
2022-10-18 12:50:00+00:00,,0.27740104599633486,,
2022-10-18 15:10:00+00:00,,,,0.44839724539892384
2022-10-19 12:30:00+00:00,,0.2738739834327229,,
2022-10-20 00:45:00+00:00,,,,0.44048944320518707
2022-10-20 17:05:00+00:00,,0.2706630056334347,,
2022-10-20 20:30:00+00:00,,,,0.43509466617202197
2022-10-21 12:10:00+00:00,,,,0.4285989429175271
2022-10-22 14:20:00+00:00,,0.27177509721858856,,
2022-10-23 12:25:00+00:00,,,,0.42944072889950435
2022-10-23 19:55:00+00:00,,0.274379401422856,,
2022-10-24 00:45:00+00:00,,,3.459045718420336,
2022-10-24 01:10:00+00:00,,0.27226959732767175,,
2022-10-24 04:10:00+00:00,,,,0.43036300384032483
2022-10-25 10:00:00+00:00,,0.2694522789477695,,
2022-10-25 19:10:00+00:00,,0.2795998059778194,,
2022-10-25 20:00:00+00:00,,0.2755312086830623,,
2022-10-25 20:20:00+00:00,,,3.493441539875379,
2022-10-26 08:35:00+00:00,0.03016123611147374,,,
2022-10-26 13:30:00+00:00,,0.2706891530418743,,
2022-10-27 09:40:00+00:00,,0.2656549847455536,,
2022-10-27 20:15:00+00:00,,,,0.45274045203938545
2022-10-27 20:20:00+00:00,0.02949829214174355,,,
2022-10-29 03:15:00+00:00,,0.26895573578298243,,
2022-10-30 08:25:00+00:00,,0.26737549454658216,,
2022-10-30 13:55:00+00:00,,,,0.45975541753458365
2022-10-31 13:55:00+00:00,,0.26423000570017724,,0.45281539955254163
2022-11-01 14:10:00+00:00,,,,0.4491334983189506
2022-11-02 18:50:00+00:00,,0.2614215478993526,,
2022-11-02 19:25:00+00:00,,,,0.44395011100701015
2022-11-03 06:30:00+00:00,,,3.485031889018687,
2022-11-03 11:40:00+00:00,,0.25797404907071714,,
2022-11-04 06:05:00+00:00,,0.26039587595768493,,
2022-11-04 10:15:00+00:00,,,3.4791431965513926,
2022-11-04 13:15:00+00:00,,0.2629312879649391,,
2022-11-04 15:30:00+00:00,,0.2657206072913347,,
2022-11-04 16:00:00+00:00,0.028849919680468027,0.2614886646708008,,
2022-11-04 16:05:00+00:00,,,3.394738138910274,
2022-11-05 00:40:00+00:00,,0.2644585286679847,,
2022-11-06 01:05:00+00:00,,0.2626149477270069,,
2022-11-06 22:10:00+00:00,,,,0.462681246921975
2022-11-07 21:35:00+00:00,,0.25976539595547493,,
2022-11-07 22:25:00+00:00,,,,0.4545108931013792
2022-11-08 03:50:00+00:00,,,,0.44448643870037297
2022-11-08 14:35:00+00:00,,0.2553863749037185,,
2022-11-08 17:10:00+00:00,0.029370893786757953,,,
2022-11-08 17:50:00+00:00,,0.24953804286379924,,0.4353683514079583
2022-11-08 21:40:00+00:00,0.029898982457043862,,,
2022-11-09 00:55:00+00:00,0.029241802822638035,,,
2022-11-09 09:50:00+00:00,,0.24031073770623917,,
2022-11-09 10:10:00+00:00,,,,0.40870487427712326
2022-11-09 12:55:00+00:00,0.02859906799659645,,,
2022-11-09 20:40:00+00:00,0.02797046048203126,,,
2022-11-10 03:05:00+00:00,0.02847336936149818,,,
2022-11-10 10:35:00+00:00,0.02784752470293245,,,
2022-11-10 13:30:00+00:00,0.028348223197091172,0.2521719585719044,,
2022-11-10 15:00:00+00:00,0.028857924250174874,,,
2022-11-10 15:30:00+00:00,0.02822362707515603,,,
2022-11-10 17:35:00+00:00,0.0276032717520441,,,
2022-11-10 22:10:00+00:00,0.02699655183893417,,,
2022-11-11 20:35:00+00:00,0.026403167629514397,,,
2022-11-14 08:55:00+00:00,0.02697649827616939,,,
2022-11-14 13:10:00+00:00,,0.2569985031616567,,
2022-11-14 13:50:00+00:00,0.026383554844059184,,,
2022-11-14 19:05:00+00:00,,,,0.39820693040922733
2022-11-15 13:30:00+00:00,0.026857931160155366,,,
2022-11-15 19:05:00+00:00,,,3.343084325999696,
2022-11-18 07:45:00+00:00,,,3.3044665100987842,
2022-11-23 02:15:00+00:00,0.02734083676241496,,,
2022-11-23 02:25:00+00:00,,0.26081163428160303,,
2022-11-23 14:10:00+00:00,,,3.3590096598772616,
2022-11-23 14:25:00+00:00,,,,0.39842867861881737
2022-11-24 08:25:00+00:00,,,,0.3944183848336366
2022-11-28 01:30:00+00:00,0.026739885170377082,,,
2022-11-29 14:25:00+00:00,,,3.3434208858102563,
2022-11-30 00:40:00+00:00,,0.26284100186969334,,
2022-11-30 06:05:00+00:00,,,,0.40086733138834485
2022-11-30 18:10:00+00:00,,,3.3142874119038925,
2022-11-30 19:10:00+00:00,,0.26545034827747394,,
2022-11-30 22:55:00+00:00,0.027220668305740457,,,
2022-12-01 05:45:00+00:00,,,,0.3977793405795416
2022-12-01 13:45:00+00:00,,,,0.3916730463094102
2022-12-01 20:50:00+00:00,,0.2614761183569005,,
2022-12-05 00:35:00+00:00,,0.26242510355972753,,
2022-12-05 04:55:00+00:00,,0.2635743127731682,,
2022-12-05 12:05:00+00:00,,,,0.3920624630898019
2022-12-05 14:25:00+00:00,,0.260620868468371,,
2022-12-08 23:30:00+00:00,,0.2622955988356306,,
2022-12-09 09:05:00+00:00,,,,0.39264435602131076
2022-12-09 13:30:00+00:00,,,,0.38831951806643683
2022-12-09 14:20:00+00:00,,,3.339262417469724,
2022-12-11 20:15:00+00:00,,,,0.38535236037554277
2022-12-13 09:55:00+00:00,,0.26319599232475305,,
2022-12-13 15:30:00+00:00,,0.26772614533648154,,
2022-12-13 22:30:00+00:00,,,,0.3948838723432495
2022-12-14 13:20:00+00:00,,0.26928650565965223,,
2022-12-14 18:10:00+00:00,0.027574128683690496,,,
2022-12-14 19:00:00+00:00,,0.26453400127999604,,0.3905221254279046
2022-12-14 20:30:00+00:00,,,3.4444138556027686,
2022-12-19 03:00:00+00:00,,,,0.3862675953312681
2022-12-20 07:00:00+00:00,,0.26640844193924174,,
2022-12-21 00:50:00+00:00,,,,0.38459106002339527
2022-12-23 13:30:00+00:00,,0.267759453350332,,
2022-12-23 20:25:00+00:00,,,,0.38176133975032756
2022-12-26 08:15:00+00:00,,,,0.38008357643162227
2022-12-26 15:50:00+00:00,,0.2658834906021257,,
2022-12-27 00:45:00+00:00,,0.2639047584477381,,
2022-12-27 06:10:00+00:00,,,,0.3780480127168981
2022-12-31 01:55:00+00:00,,,,0.375053695494737
2023-01-02 01:40:00+00:00,,,3.4284412204852215,
2023-01-02 14:35:00+00:00,,,,0.3750972793685141
2023-01-02 21:55:00+00:00,,0.26445692912009827,,
2023-01-02 23:00:00+00:00,,,,0.3724424503008675
2023-01-04 12:35:00+00:00,,,,0.37212923794963576
2023-01-04 14:25:00+00:00,,,3.4175975788935706,
2023-01-04 17:30:00+00:00,,0.26530627807205703,,
2023-01-04 22:30:00+00:00,,,,0.3693367236589161
2023-01-06 20:40:00+00:00,,0.2664415727967899,,
2023-01-07 02:45:00+00:00,,,,0.37005872369233117
2023-01-07 10:30:00+00:00,,,3.3982890098184653,
2023-01-09 05:00:00+00:00,,0.26883004001035005,,
2023-01-09 15:45:00+00:00,,0.2693877330500709,,
2023-01-09 20:55:00+00:00,,,3.4051349344721737,
2023-01-09 23:05:00+00:00,,,,0.37262464342955204
2023-01-10 22:25:00+00:00,,,,0.37240523879679
2023-01-11 01:25:00+00:00,,,,0.37067044959627116
2023-01-11 15:45:00+00:00,,,3.393597378268283,
2023-01-11 16:25:00+00:00,,0.26772438977410445,,
2023-01-11 23:25:00+00:00,,0.2688203590515223,,
2023-01-12 04:35:00+00:00,,0.271443721786941,,
2023-01-12 05:25:00+00:00,,,,0.38389069118925684
2023-01-12 12:30:00+00:00,0.027932178744648213,,,
2023-01-12 21:10:00+00:00,,,,0.3922272714520769
2023-01-13 14:55:00+00:00,0.028294878085647464,,,
2023-01-13 15:00:00+00:00,,,,0.3887872583541208
2023-01-13 15:10:00+00:00,,0.275564200645303,,
2023-01-13 16:15:00+00:00,,,,0.3867033856341441
2023-01-13 21:35:00+00:00,0.02866228707758959,,,
2023-01-13 23:20:00+00:00,,,,0.3943002606203284
2023-01-14 04:40:00+00:00,0.03039242209897397,,,
2023-01-14 05:10:00+00:00,,,,0.4091571889969719
2023-01-14 05:15:00+00:00,,0.28875988440182326,,
2023-01-15 09:10:00+00:00,,,3.9758594846963926,
2023-01-16 01:10:00+00:00,0.03078706769992914,,,
2023-01-16 01:20:00+00:00,,,,0.40410248465560117
2023-01-16 03:05:00+00:00,,,,0.39882137556703906
2023-01-16 08:05:00+00:00,0.030110367951884695,,,
2023-01-16 08:30:00+00:00,,,3.902933625863976,
2023-01-16 20:35:00+00:00,,,,0.3944358150523112
2023-01-17 01:10:00+00:00,0.029448542064302266,,,
2023-01-17 02:20:00+00:00,,,3.8368252199769146,
2023-01-17 14:25:00+00:00,,,,0.39104949895421515
2023-01-18 14:25:00+00:00,,,,0.3871177209934369
2023-01-20 06:45:00+00:00,,,3.7964684520124545,
2023-01-21 00:10:00+00:00,,,,0.4005516154733783
2023-01-21 00:40:00+00:00,0.030730786438193363,,,
2023-01-21 01:40:00+00:00,,0.3047222678226555,,
2023-01-21 09:40:00+00:00,0.031129825700093306,,,
2023-01-21 10:25:00+00:00,,,,0.40418486645453444
2023-01-21 10:30:00+00:00,,0.29847720460550436,,
2023-01-21 18:10:00+00:00,,,,0.39933770252884054
2023-01-22 02:45:00+00:00,,,4.0418494792384605,
2023-01-22 20:05:00+00:00,0.030445592131205252,,,
2023-01-25 21:35:00+00:00,,0.3015044337477976,,
2023-01-25 22:10:00+00:00,,,,0.398538226855476
2023-01-25 22:55:00+00:00,,0.29574390061474104,,
2023-01-26 10:45:00+00:00,,,3.981311332595309,
2023-01-27 20:00:00+00:00,0.030840928145028947,,,
2023-01-29 20:00:00+00:00,,,,0.39607257971790477
2023-01-30 09:05:00+00:00,,,3.9823735153567976,
2023-02-02 00:40:00+00:00,0.03124139759699214,,,
2023-02-02 01:30:00+00:00,,0.30143706510276796,,
2023-02-02 02:05:00+00:00,,,,0.3949433732584048
2023-02-02 06:25:00+00:00,0.030554711677810254,,,
2023-02-02 21:55:00+00:00,,,3.9797343153849796,
2023-02-06 22:05:00+00:00,,0.29749317481478876,,
2023-02-08 15:15:00+00:00,,0.29255047228349085,,
2023-02-12 10:10:00+00:00,,,,0.39322303942747405
2023-02-12 17:50:00+00:00,,,,0.3918967683940589
2023-02-12 22:10:00+00:00,,,3.9412586763504986,
2023-02-13 09:15:00+00:00,,,3.8973665259344106,
2023-02-14 15:40:00+00:00,,0.2864242701147986,,0.38653491008862084
2023-02-15 12:00:00+00:00,,0.291593277629818,,
2023-02-15 12:10:00+00:00,0.030951464608946613,,,
2023-02-15 14:20:00+00:00,,,,0.39022490675302735
2023-02-15 18:45:00+00:00,0.031353369376893786,,,
2023-02-15 19:10:00+00:00,,0.29662498971688844,,
2023-02-16 00:55:00+00:00,,,,0.4170262077672255
2023-02-16 01:35:00+00:00,0.0332076857699382,0.31416813075563155,,
2023-02-16 15:50:00+00:00,0.03363888756966084,,,
2023-02-16 16:10:00+00:00,0.032899038784068586,,,0.412666573943456
2023-02-16 20:25:00+00:00,0.032175917911594756,,,
2023-02-17 22:35:00+00:00,0.03259372220567681,,,
2023-02-19 16:35:00+00:00,,,,0.40814671831334703
2023-02-20 00:55:00+00:00,,,4.3221060769268655,
2023-02-20 01:10:00+00:00,,0.3021628959721973,,
2023-02-20 09:45:00+00:00,0.033016951688517523,,,
2023-02-20 14:20:00+00:00,,0.3077152170197436,,
2023-02-21 15:15:00+00:00,0.032291239090403906,,,
2023-02-21 16:20:00+00:00,,,4.286159097291517,
2023-02-23 11:25:00+00:00,0.031581477655196824,,,
2023-02-23 11:35:00+00:00,,0.2994038131758377,4.208494104997988,
2023-02-26 19:10:00+00:00,,,,0.4065538137787223
2023-02-26 22:20:00+00:00,,,,0.404170231666964
2023-02-27 15:40:00+00:00,,,,0.40236884739312256
2023-02-27 16:10:00+00:00,0.030887316776335594,0.2943514107716721,,
2023-02-28 21:15:00+00:00,,,4.184050105115905,
2023-03-01 09:10:00+00:00,,,,0.3994985449863684
2023-03-02 13:10:00+00:00,0.030208413553591735,,,
2023-03-02 14:10:00+00:00,,0.2874921760731169,,
2023-03-02 14:15:00+00:00,,,4.146289563766813,
2023-03-03 01:30:00+00:00,,,4.028276196628448,
2023-03-05 02:35:00+00:00,,0.2825463181914298,,
2023-03-07 14:50:00+00:00,,,3.9783225472649875,
2023-03-11 01:10:00+00:00,0.03060066980358512,,,
2023-03-11 07:20:00+00:00,,,3.8860941865779632,
2023-03-11 07:35:00+00:00,0.02992806708130232,,,
2023-03-12 19:30:00+00:00,,0.27760332007739424,,
2023-03-12 22:05:00+00:00,0.030349368001310786,,,
2023-03-12 23:45:00+00:00,,0.28884000999848747,,
2023-03-13 02:25:00+00:00,0.031753188322053455,,,
2023-03-13 06:05:00+00:00,0.03200689629674666,,,
2023-03-13 09:55:00+00:00,,,4.188545325626629,
2023-03-13 14:05:00+00:00,,0.29780660640989,,
2023-03-13 15:50:00+00:00,,,,0.4164256403303289
2023-03-13 19:05:00+00:00,0.034466271639190284,,,
2023-03-13 19:25:00+00:00,,0.3112986453236758,,
2023-03-14 05:20:00+00:00,,,,0.41071281967741946
2023-03-14 05:25:00+00:00,0.03370870298856088,,,
2023-03-14 12:30:00+00:00,0.03397803552543948,,,
2023-03-14 13:20:00+00:00,,,,0.41950822371641444
2023-03-14 16:45:00+00:00,0.03485402701717164,,,
2023-03-14 18:50:00+00:00,,0.30132795281510716,,
2023-03-14 19:25:00+00:00,,,4.410831317699142,
2023-03-15 11:20:00+00:00,0.03408793550333421,,,
2023-03-17 01:25:00+00:00,0.03436029810800585,,,
2023-03-17 05:30:00+00:00,0.03477651901498719,,,
2023-03-17 10:00:00+00:00,0.03505438340191694,,,
2023-03-17 10:35:00+00:00,0.035334467925298256,,,
2023-03-17 10:45:00+00:00,,0.31205673014368207,,
2023-03-17 12:25:00+00:00,,,,0.4214047042753942
2023-03-17 21:35:00+00:00,0.035616790324021395,,,
2023-03-17 21:50:00+00:00,,,,0.41656151971610356
2023-03-17 23:30:00+00:00,0.035901368478710324,,,
2023-03-17 23:45:00+00:00,,,,0.4098819809493234
2023-03-18 16:30:00+00:00,0.03511225639954827,0.30447656630028447,,
2023-03-18 16:40:00+00:00,,,4.8080564376785295,
2023-03-19 16:30:00+00:00,0.03539280332818067,,,
2023-03-19 20:20:00+00:00,,,,0.4126265720641844
2023-03-19 21:05:00+00:00,0.03567559182677283,,,
2023-03-20 01:40:00+00:00,,,4.840567302778603,
2023-03-20 02:05:00+00:00,,0.297850178836714,,
2023-03-20 09:25:00+00:00,,,,0.4077785174121267
2023-03-20 11:05:00+00:00,0.03596063980546874,,,
2023-03-20 15:55:00+00:00,,0.2915443318159724,,
2023-03-20 16:15:00+00:00,,,4.72229115746421,
2023-03-21 16:35:00+00:00,0.03624796531751444,,,
2023-03-22 15:50:00+00:00,,,,0.4039313212535168
2023-03-22 18:35:00+00:00,0.03545123503983547,,,
2023-03-22 19:20:00+00:00,,,4.5771631591703015,
2023-03-23 05:30:00+00:00,0.03573449040780376,,,
2023-03-23 13:25:00+00:00,,,4.511187616466028,
2023-03-24 09:10:00+00:00,,,4.418198400756611,
2023-03-24 17:20:00+00:00,0.03494904630864023,,,
2023-03-27 06:10:00+00:00,,,4.386897076648318,
2023-03-29 10:30:00+00:00,0.03537596134337219,,,
2023-03-30 02:25:00+00:00,,0.2987827456930315,,
2023-03-30 03:05:00+00:00,0.03459839771304487,,,
2023-03-30 03:10:00+00:00,,,,0.39854172290601125
2023-03-30 14:40:00+00:00,,,4.54648965724563,
2023-04-01 02:00:00+00:00,0.034874838910772095,,,
2023-04-01 07:35:00+00:00,,,4.52849947958142,
2023-04-02 15:10:00+00:00,,0.29349154932864313,,
2023-04-03 17:00:00+00:00,,0.29036923495694067,4.448178959688673,
2023-04-03 20:10:00+00:00,0.034108289951513326,,,
2023-04-04 16:10:00+00:00,,,4.40511953735357,
2023-04-05 14:15:00+00:00,,,4.323959166466229,
2023-04-07 06:35:00+00:00,,,4.289068717464975,
2023-04-08 12:35:00+00:00,,,4.268591894156234,
2023-04-09 06:50:00+00:00,,,4.241541841721398,
2023-04-10 16:05:00+00:00,,,,0.39571623081012797
2023-04-10 21:30:00+00:00,0.03438081518822592,,,
2023-04-10 21:55:00+00:00,,0.29659275085393866,,
2023-04-11 02:05:00+00:00,0.03480944339472386,,,
2023-04-11 03:00:00+00:00,,,,0.4141496275817499
2023-04-11 03:05:00+00:00,,0.30008355243552653,,
2023-04-11 19:15:00+00:00,,0.3042564609988607,,
2023-04-11 19:40:00+00:00,,,,0.4105792865980028
2023-04-12 02:15:00+00:00,,,4.362780308362985,
2023-04-12 15:10:00+00:00,0.03404433182890783,,,
2023-04-13 15:10:00+00:00,,,,0.4066595071565412
2023-04-14 02:45:00+00:00,,,,0.4060531756540492
2023-04-14 07:55:00+00:00,,,,0.40307066709620826
2023-04-14 15:25:00+00:00,,0.2977064489408258,,
2023-04-16 12:20:00+00:00,,0.2947727073261643,,
2023-04-17 00:25:00+00:00,,0.2911852449520066,,
2023-04-18 11:15:00+00:00,,0.2942424171295917,,
2023-04-18 18:05:00+00:00,,,4.315042918181356,
2023-04-19 08:05:00+00:00,0.033296037415308434,,,
2023-04-19 08:10:00+00:00,,0.28880474887185986,,
2023-04-23 00:55:00+00:00,,,4.271370813869946,
2023-04-24 01:30:00+00:00,,,,0.3998453576406501
2023-04-24 08:00:00+00:00,,0.28559346320339446,,
2023-04-24 16:55:00+00:00,,0.2795716951249025,,
2023-04-25 22:30:00+00:00,0.0335971165051896,,,
2023-04-26 01:15:00+00:00,,0.28411663498042755,,
2023-04-26 06:10:00+00:00,0.033865557466066065,,,
2023-04-26 08:25:00+00:00,,0.28798905905224154,,
2023-04-26 14:20:00+00:00,,,,0.42120914970356366
2023-04-26 16:20:00+00:00,0.03470203538190946,,,
2023-04-26 17:25:00+00:00,,0.297883499887626,,
2023-04-26 19:25:00+00:00,,,4.444042673296653,
2023-04-27 01:25:00+00:00,0.034979304644610916,,,
2023-04-27 04:55:00+00:00,0.03525878928872136,,,
2023-04-28 03:25:00+00:00,,,4.353664487274656,
2023-04-28 13:40:00+00:00,0.03448380110015526,,,
2023-04-28 15:10:00+00:00,,0.2957862677414619,,
2023-04-30 15:45:00+00:00,,,,0.4235999162432143
2023-04-30 19:15:00+00:00,0.033725847151973846,0.2918740925548712,,
2023-05-03 21:20:00+00:00,0.03399531667071812,,,
2023-05-03 22:45:00+00:00,,0.2976770698558151,,
2023-05-04 12:15:00+00:00,,,,0.4261249843930816
2023-05-04 13:30:00+00:00,,,4.330435861264004,
2023-05-05 03:50:00+00:00,,,,0.4219364211333359
2023-05-05 07:40:00+00:00,,,4.271296224666403,
2023-05-05 13:30:00+00:00,,0.29606729760240696,,
2023-05-05 16:00:00+00:00,0.03426693925091716,,,
2023-05-06 00:35:00+00:00,0.03454073209553198,,,
2023-05-06 01:20:00+00:00,,,,0.42112313182977956
2023-05-06 13:35:00+00:00,,0.28891544414172404,,
2023-05-10 13:15:00+00:00,,,,0.419588418495688
2023-05-11 14:00:00+00:00,,0.28140475475454363,,
2023-05-13 14:55:00+00:00,,0.2807102997956876,,
2023-05-13 18:45:00+00:00,0.03481671254497528,,,
2023-05-14 16:55:00+00:00,,,,0.4176071392109242
2023-05-15 06:15:00+00:00,,0.28273859476210084,,
2023-05-15 11:45:00+00:00,,,,0.41877268880310925
2023-05-15 16:45:00+00:00,,,,0.41518622579102693
2023-05-15 17:05:00+00:00,,0.2844417645279485,,
2023-05-15 17:45:00+00:00,,,,0.4119487957886293
2023-05-17 21:50:00+00:00,,0.28700883259587107,,
2023-05-18 01:40:00+00:00,,,4.300029452735258,
2023-05-18 05:45:00+00:00,,,,0.40857935536643714
2023-05-18 17:35:00+00:00,0.03405144120323672,,,
2023-05-19 15:25:00+00:00,,0.2881240054573596,,
2023-05-21 04:55:00+00:00,,,,0.40683021789994595
2023-05-21 10:45:00+00:00,,0.28417938863359293,,
2023-05-22 13:30:00+00:00,,0.2853299128088977,,
2023-05-23 06:35:00+00:00,,,,0.40736625937212556
2023-05-23 06:50:00+00:00,,,4.285001952373838,
2023-05-23 08:55:00+00:00,,0.2868272104612118,,
2023-05-24 03:30:00+00:00,0.033302990525589576,,,
2023-05-25 13:50:00+00:00,,,4.249843302531041,
2023-05-25 19:10:00+00:00,,0.2888502847731012,,
2023-05-26 14:50:00+00:00,,,,0.40847260292022947
2023-05-27 07:55:00+00:00,,0.28762502852822197,,
2023-05-28 04:45:00+00:00,,0.2891273723274289,,
2023-05-28 05:25:00+00:00,,,,0.41084045920926193
2023-05-28 11:25:00+00:00,,,,0.4084390987935044
2023-05-28 17:40:00+00:00,,0.2903400178337651,,
2023-05-28 18:30:00+00:00,,,,0.41080348611827616
2023-05-29 00:45:00+00:00,,,,0.4172045323134718
2023-05-29 02:05:00+00:00,,0.2977033114262024,,
2023-05-29 02:45:00+00:00,,,4.247324943463268,
2023-05-31 04:45:00+00:00,0.032570990793837115,,,
2023-06-02 22:05:00+00:00,,0.2990352643455376,,
2023-06-03 17:20:00+00:00,,,,0.4147961773107009
2023-06-04 12:05:00+00:00,,,4.242956051213211,
2023-06-04 22:15:00+00:00,,0.3001250811609332,,
2023-06-04 22:25:00+00:00,,,,0.41313335215604086
2023-06-04 23:25:00+00:00,,0.2971698167201105,,
2023-06-06 12:10:00+00:00,,0.29088499234919096,,
2023-06-06 21:20:00+00:00,0.03357649993694238,,,
2023-06-06 21:30:00+00:00,,0.29960636991401896,,
2023-06-06 23:25:00+00:00,0.03384477617143855,,,
2023-06-07 01:25:00+00:00,,,4.325258027236172,
2023-06-07 02:00:00+00:00,,,,0.409788890701614
2023-06-10 18:20:00+00:00,0.03310086799119033,0.2958395983771475,,
2023-06-11 00:40:00+00:00,,,,0.409248407367108
2023-06-11 22:40:00+00:00,,,,0.4083869269476745
2023-06-13 12:55:00+00:00,,,,0.40786634161393537
2023-06-14 05:35:00+00:00,,,,0.40494386752190553
2023-06-14 18:05:00+00:00,,,,0.4011895659071983
2023-06-15 21:15:00+00:00,0.03353068276205593,,,
2023-06-16 00:15:00+00:00,,,4.337514954222494,
2023-06-16 03:25:00+00:00,,,,0.40721052029006677
2023-06-16 12:25:00+00:00,,0.29683203094311694,,
2023-06-16 17:05:00+00:00,0.03396607867772122,,,
2023-06-16 21:10:00+00:00,,0.3004367974815683,,
2023-06-16 21:45:00+00:00,,,4.341193285760232,
2023-06-17 01:05:00+00:00,,,,0.41711988209917483
2023-06-17 05:40:00+00:00,0.03440712820935143,0.3030140824287979,,
2023-06-17 10:10:00+00:00,,,,0.4173486663369658
2023-06-17 12:00:00+00:00,,0.2990840438188627,,
2023-06-18 11:15:00+00:00,,,,0.41469921258030346
2023-06-18 20:20:00+00:00,,,,0.41104050822372057
2023-06-19 16:30:00+00:00,,,,0.40837639038226775
2023-06-19 18:55:00+00:00,,0.29583787153969365,,
2023-06-20 00:55:00+00:00,,0.29760346877275295,,
2023-06-20 01:10:00+00:00,0.034853904769149846,,,
2023-06-20 05:30:00+00:00,,,,0.41265112355923544
2023-06-20 05:55:00+00:00,,0.2945285433145192,,
2023-06-20 17:45:00+00:00,0.035306482722577255,,,
2023-06-20 21:40:00+00:00,0.035764937400729925,,,
2023-06-20 21:50:00+00:00,,0.30450225155560595,,
2023-06-21 01:00:00+00:00,,0.30746901686345146,,
2023-06-21 08:40:00+00:00,,,4.584215489961083,
2023-06-21 10:30:00+00:00,0.0362293451128784,0.31070874264545423,,
2023-06-21 17:10:00+00:00,0.037232115721168864,,,
2023-06-21 19:05:00+00:00,,0.3162824923640426,,
2023-06-21 19:25:00+00:00,,,4.607785146281612,
2023-06-21 21:00:00+00:00,,,,0.45440743283599255
2023-06-22 12:35:00+00:00,,0.314615271966445,,
2023-06-22 14:40:00+00:00,0.03641375381761757,,,
2023-06-23 16:25:00+00:00,0.037313586145948485,,,
2023-06-23 18:50:00+00:00,,,4.600019606632563,
2023-06-23 21:30:00+00:00,,,,0.4634287608680069
2023-06-24 08:45:00+00:00,,0.31258511687788704,,
2023-06-24 15:30:00+00:00,,,,0.45723380478781595
2023-06-25 06:15:00+00:00,,,4.566642269571377,
2023-06-25 09:20:00+00:00,,0.3082585699658973,,0.4550202540766992
2023-06-26 01:10:00+00:00,0.03649343352246054,,,
2023-06-26 07:35:00+00:00,,0.30494568379707704,,
2023-06-26 09:25:00+00:00,,,4.520884147549775,
2023-06-26 10:05:00+00:00,,,,0.44794648620314725
2023-06-26 14:40:00+00:00,,0.3015216649405851,,
2023-06-26 16:45:00+00:00,,,,0.4399312511647161
2023-06-27 14:05:00+00:00,0.03696730075674969,,,
2023-06-27 20:25:00+00:00,,,,0.4405890056815096
2023-06-28 02:50:00+00:00,0.036154759486116336,0.29804986056905247,,
2023-06-29 14:05:00+00:00,,,4.495114066940053,
2023-06-29 20:20:00+00:00,,0.29446490619112015,,0.4422852602109113
2023-06-30 04:35:00+00:00,0.03662422903804355,,,
2023-06-30 05:55:00+00:00,,,4.4665608311168095,
2023-06-30 10:25:00+00:00,,,,0.44310294447227844
2023-06-30 13:35:00+00:00,0.03581922848378735,0.2910190779976588,,
2023-07-01 11:15:00+00:00,,0.2902465937183903,,
2023-07-01 22:35:00+00:00,,,,0.44263441763657957
2023-07-02 15:20:00+00:00,,,,0.43914894600638243
2023-07-02 22:25:00+00:00,,0.29150423055699154,,
2023-07-02 22:40:00+00:00,,,,0.4360255278448928
2023-07-02 22:45:00+00:00,,0.2891015772102376,,
2023-07-03 12:05:00+00:00,,,,0.4322482684423873
2023-07-03 15:00:00+00:00,0.036284341165649325,,,
2023-07-03 19:05:00+00:00,,0.2909402972632701,,
2023-07-03 21:25:00+00:00,,0.2881358772780543,,
2023-07-04 00:55:00+00:00,,,,0.4355596930785526
2023-07-05 10:55:00+00:00,0.03548681134682835,,,
2023-07-06 01:20:00+00:00,,0.2855759528900234,,
2023-07-06 11:45:00+00:00,,0.2880455743819844,,
2023-07-06 11:50:00+00:00,,,,0.43845467538511634
2023-07-06 11:55:00+00:00,,,4.487584768942754,
2023-07-06 12:30:00+00:00,0.03470681123342506,,,
2023-07-07 00:00:00+00:00,0.03394395552251438,,,
2023-07-08 01:05:00+00:00,,,,0.4369854129517245
2023-07-08 19:15:00+00:00,,,,0.43417794983004754
2023-07-09 02:45:00+00:00,,,4.46158890721915,
2023-07-09 05:25:00+00:00,,,,0.4325545064716199
2023-07-10 20:40:00+00:00,,,,0.43708323867976895
2023-07-10 21:55:00+00:00,,,4.4597392624161944,
2023-07-11 06:50:00+00:00,,0.2890409370601975,,
2023-07-12 08:45:00+00:00,,0.2878949350230978,,
2023-07-13 12:35:00+00:00,,,4.434524426247692,
2023-07-13 15:25:00+00:00,,0.2894125145422502,,
2023-07-13 16:00:00+00:00,,,,0.4339153254749193
2023-07-13 18:05:00+00:00,0.03438471778497422,,,
2023-07-13 18:30:00+00:00,,,,0.4332418147518022
2023-07-13 19:25:00+00:00,0.034831203345412114,,,
2023-07-13 20:30:00+00:00,,,,0.43235467276604156
2023-07-13 21:05:00+00:00,0.03406561349587996,,,
2023-07-13 21:10:00+00:00,,,4.343162591431534,
2023-07-13 21:15:00+00:00,,0.29107492354990155,,
2023-07-16 16:25:00+00:00,,,4.325926715159075,
2023-07-17 17:15:00+00:00,,0.28810509126774136,,
2023-07-18 11:55:00+00:00,,0.2839770128756855,,
2023-07-18 16:45:00+00:00,0.033316851311240514,,,
2023-07-19 06:25:00+00:00,,,4.322833613836873,
2023-07-20 12:30:00+00:00,,,,0.4322497353270695
2023-07-20 14:35:00+00:00,,0.2800150134619639,,
2023-07-23 07:25:00+00:00,,,4.304102665409789,
2023-07-23 17:15:00+00:00,,0.28073851499101465,,
2023-07-23 19:20:00+00:00,,,,0.4331990252929964
2023-07-23 20:00:00+00:00,,,4.276009601932229,
2023-07-24 01:35:00+00:00,,0.27816266469484635,,
2023-07-26 18:15:00+00:00,,,,0.43071131855666506
2023-07-26 19:05:00+00:00,,,,0.4281476132249686
2023-07-26 21:25:00+00:00,,,,0.42774862022711724
2023-07-26 23:45:00+00:00,,0.2749509416995832,,
2023-07-28 16:10:00+00:00,,,4.249164036735799,
2023-07-29 07:55:00+00:00,,0.27308821129078226,,
2023-07-30 19:50:00+00:00,,0.27117504475302256,,
2023-07-30 20:00:00+00:00,0.03258454691941945,,,
2023-07-31 00:50:00+00:00,,,,0.4264628923550283
2023-07-31 04:00:00+00:00,,0.2718722412346402,,
2023-08-01 23:05:00+00:00,,0.273084311049953,,
2023-08-02 00:45:00+00:00,0.033048714371859494,,,
2023-08-02 01:55:00+00:00,,,,0.4302163352565871
2023-08-02 03:30:00+00:00,,,4.319491297632879,
2023-08-02 03:35:00+00:00,,0.274539105968969,,
2023-08-05 18:15:00+00:00,,0.2733481760152132,,
2023-08-06 21:35:00+00:00,,,,0.4293105745650661
2023-08-06 21:50:00+00:00,,0.27153470116299777,,
2023-08-07 05:25:00+00:00,,,,0.42755328748774635
2023-08-07 06:35:00+00:00,,0.2697680165610806,,
2023-08-07 21:50:00+00:00,,,,0.4259114428016728
2023-08-07 23:40:00+00:00,,0.2704645940217224,,
2023-08-08 07:25:00+00:00,,,,0.42401250365576626
2023-08-08 13:00:00+00:00,0.03347785192797809,,,
2023-08-08 13:05:00+00:00,,,,0.4265750620529829
2023-08-08 17:45:00+00:00,,0.2718287220905358,,
2023-08-08 18:45:00+00:00,,,,0.4277915078732533
2023-08-08 19:40:00+00:00,0.03380643010339966,,,
2023-08-08 21:15:00+00:00,,0.2733218403801704,,
2023-08-08 21:20:00+00:00,0.03407654347992583,,,
2023-08-08 21:25:00+00:00,,,,0.42772901546130593
2023-08-09 16:45:00+00:00,0.03332754105423706,,,
2023-08-13 19:45:00+00:00,,0.2732892453585079,,
2023-08-13 20:05:00+00:00,,0.2724457344150938,,
2023-08-13 21:40:00+00:00,,,4.298387047764158,
2023-08-14 04:45:00+00:00,,0.272684389180805,,
2023-08-14 08:55:00+00:00,,,,0.42607417976945233
2023-08-14 12:20:00+00:00,,0.27163704789048065,,
2023-08-14 15:00:00+00:00,,,,0.4253023898097829
2023-08-14 16:45:00+00:00,,0.2728471311222054,,
2023-08-14 17:05:00+00:00,,,,0.42485657402346855
2023-08-14 17:15:00+00:00,,0.2716324491243335,,
2023-08-16 16:10:00+00:00,0.03259500170186493,,,
2023-08-16 20:25:00+00:00,,0.2701857237782617,,
2023-08-17 00:35:00+00:00,0.031878563564457944,,,
2023-08-17 15:35:00+00:00,0.03117787273731116,,,
2023-08-17 21:40:00+00:00,0.03049258309454506,,,
2023-08-18 04:25:00+00:00,0.029822356118126957,,,
2023-08-18 14:50:00+00:00,0.029166860730650522,0.26314783342586556,,
2023-08-20 21:35:00+00:00,,,,0.4218155573763785
2023-08-21 21:30:00+00:00,,0.26447774890175635,,
2023-08-22 17:40:00+00:00,0.028525773131790822,,,
2023-08-23 06:45:00+00:00,,0.26635282401764404,,
2023-08-23 16:15:00+00:00,,0.26840114448965335,,
2023-08-23 19:25:00+00:00,0.02903008532022518,,,
2023-08-23 19:40:00+00:00,0.029262035701933777,0.27047497909861434,,
2023-08-23 20:00:00+00:00,,,,0.4263925970429445
2023-08-23 21:55:00+00:00,,,4.2385076574009535,
2023-08-24 14:30:00+00:00,0.02861885615720527,,,
2023-08-27 15:55:00+00:00,,,,0.4246284882308582
2023-08-28 12:35:00+00:00,,,,0.42260479392788736
2023-08-28 14:35:00+00:00,,0.27099079377421015,,
2023-08-28 19:25:00+00:00,,,4.192151489824601,
2023-08-29 03:20:00+00:00,,0.26956927305059786,,
2023-08-29 14:50:00+00:00,,,,0.43961268438388407
2023-08-29 16:45:00+00:00,,0.2866991591943369,,
2023-08-29 17:50:00+00:00,,,,0.44066329210651467
2023-08-29 19:25:00+00:00,0.0304632643217043,,,
2023-08-29 20:50:00+00:00,,0.2836518733984423,4.206578433075785,
2023-08-30 13:35:00+00:00,0.029793681771913237,,,
2023-08-31 11:40:00+00:00,0.03003173328927082,,,
2023-08-31 15:40:00+00:00,0.029371635791572648,,,
2023-09-01 17:25:00+00:00,0.02872604723687388,,,
2023-09-02 20:40:00+00:00,,0.2832481715948376,,
2023-09-03 12:35:00+00:00,0.0289555683542965,,,
2023-09-03 21:20:00+00:00,,,,0.43804109330835617
2023-09-04 03:30:00+00:00,,0.28175734324523083,,
2023-09-06 17:05:00+00:00,0.02831912496186906,,,
2023-09-06 18:10:00+00:00,,,,0.43517879466475007
2023-09-06 18:25:00+00:00,,0.278912091239613,,
2023-09-07 21:00:00+00:00,,0.28038841319228497,,
2023-09-07 21:10:00+00:00,,,,0.43629218688228705
2023-09-07 21:25:00+00:00,,,,0.4333044993063351
2023-09-07 23:30:00+00:00,,0.27845017300300146,,
2023-09-08 01:05:00+00:00,,,,0.4299920171845261
2023-09-08 10:15:00+00:00,,,4.186328030977757,
2023-09-10 13:25:00+00:00,,,4.155189296358094,
2023-09-10 20:35:00+00:00,,0.27717528657104523,,
2023-09-10 22:30:00+00:00,,0.277863592463891,,
2023-09-10 22:50:00+00:00,,,,0.42767778265327994
2023-09-11 07:10:00+00:00,,0.27642680273909825,,
2023-09-11 12:00:00+00:00,,,4.103349549469408,
2023-09-12 07:45:00+00:00,,0.2786233072565634,,
2023-09-12 10:20:00+00:00,0.028686848799498926,,,
2023-09-12 10:35:00+00:00,,0.27598130279605537,,0.42727181514537116
2023-09-12 14:25:00+00:00,,,,0.42318127420343016
2023-09-12 16:30:00+00:00,,0.2789082147438108,,
2023-09-12 16:45:00+00:00,,,,0.41897589290145654
2023-09-12 23:50:00+00:00,,,4.10286094983767,
2023-09-14 12:25:00+00:00,,,,0.4155180243209226
2023-09-14 21:45:00+00:00,,,,0.4139240326739195
2023-09-15 12:40:00+00:00,,,4.139745674625258,
2023-09-15 23:15:00+00:00,,,,0.4107929734245388
2023-09-16 04:25:00+00:00,,0.27682483799952406,,
2023-09-16 06:50:00+00:00,,,4.133438541005506,
2023-09-18 02:35:00+00:00,,,,0.40862422990769903
2023-09-18 04:40:00+00:00,,0.2754002126153933,,
2023-09-18 13:15:00+00:00,,0.27944894900018147,,
2023-09-18 13:40:00+00:00,,,,0.41540341153072186
2023-09-18 13:50:00+00:00,,0.2777609030256644,,
2023-09-18 17:20:00+00:00,0.028342893482392932,,,
2023-09-18 18:25:00+00:00,,,4.154384147467371,
2023-09-19 09:45:00+00:00,,,,0.41235309340045745
2023-09-19 10:25:00+00:00,0.02800306218953904,,,
2023-09-19 13:55:00+00:00,,0.2756670195495915,,
2023-09-19 15:45:00+00:00,,,,0.4087949601859702
2023-09-19 16:50:00+00:00,,0.27328295590036744,,0.4051361188367554
2023-09-21 00:55:00+00:00,,0.2708577327249971,,
2023-09-21 09:35:00+00:00,,,4.14345278500946,
2023-09-24 18:15:00+00:00,,,,0.4046110560100002
2023-09-24 18:20:00+00:00,,0.26974857610582126,,
2023-09-24 23:55:00+00:00,,,4.067567967327091,
2023-09-25 17:20:00+00:00,,0.26816798919293616,,
2023-09-27 12:40:00+00:00,,,,0.4078479948470139
2023-09-27 13:30:00+00:00,,0.27086770000787397,,
2023-09-27 14:15:00+00:00,0.027667305473886464,,,
2023-09-27 15:55:00+00:00,,,4.061280888014258,
2023-09-28 01:00:00+00:00,,0.2691314774306459,,
2023-09-28 16:50:00+00:00,,0.2719182239078817,,
2023-09-28 16:55:00+00:00,,,,0.4103477240285054
2023-09-28 18:45:00+00:00,,0.26991057848469757,,
2023-09-29 14:05:00+00:00,0.02733557448125457,,,
2023-10-01 10:40:00+00:00,,,,0.40968769041807507
2023-10-01 22:35:00+00:00,,,,0.4181987667182064
2023-10-02 03:40:00+00:00,,0.2722203935750268,,
2023-10-02 05:40:00+00:00,,,,0.41618889942578735
2023-10-02 07:30:00+00:00,0.02769052691589366,,,
2023-10-02 09:15:00+00:00,,,,0.4162724240372473
2023-10-02 14:05:00+00:00,,,,0.41298306990065387
2023-10-02 15:45:00+00:00,,0.2697498984879225,,
2023-10-02 22:10:00+00:00,,,4.210930846918838,
2023-10-05 02:25:00+00:00,,,,0.4097660358146826
2023-10-05 15:00:00+00:00,,0.2676432070920493,,0.4091030296031158
2023-10-05 17:05:00+00:00,,,4.1952550852144315,
2023-10-06 17:35:00+00:00,,0.27023802823127335,,
2023-10-06 23:00:00+00:00,,,,0.40585620960835667
2023-10-10 01:05:00+00:00,,0.2683578303610032,,
2023-10-10 13:10:00+00:00,,,4.153811609896425,
2023-10-11 02:30:00+00:00,0.027081889134282312,,,
2023-10-11 15:55:00+00:00,,,4.080651097972821,
2023-10-13 22:50:00+00:00,,0.26667683589510777,,
2023-10-15 21:10:00+00:00,,0.26536418556389424,,
2023-10-15 22:45:00+00:00,,0.2640944844916376,,
2023-10-15 22:50:00+00:00,,,,0.4041024347173729
2023-10-16 05:15:00+00:00,0.02756882150091671,0.2647910533608809,,
2023-10-16 09:05:00+00:00,,,,0.4043145831423835
2023-10-16 13:05:00+00:00,,0.26640882479964034,,
2023-10-16 13:25:00+00:00,0.028064508911503198,,,
2023-10-16 13:40:00+00:00,,,,0.41576025409111633
2023-10-16 13:45:00+00:00,,0.25597846479151987,,
2023-10-16 13:50:00+00:00,0.026606047711981936,,,
2023-10-18 04:55:00+00:00,0.027084424449843374,,,
2023-10-18 14:30:00+00:00,0.026489108800435812,,,
2023-10-19 15:20:00+00:00,,0.2538831441161505,,
2023-10-19 16:35:00+00:00,,0.2518015338878534,,
2023-10-20 04:50:00+00:00,,0.2539800361866758,,
2023-10-20 05:30:00+00:00,,0.2517899370601913,,
2023-10-20 07:45:00+00:00,0.026965382976667653,,,
2023-10-20 10:30:00+00:00,,0.2541373802693053,,
2023-10-20 12:20:00+00:00,,,,0.42703921405303175
2023-10-21 18:00:00+00:00,0.027450220562588133,,,
2023-10-23 03:15:00+00:00,,,,0.4246114799553314
2023-10-23 03:45:00+00:00,,0.2558183597097613,,
2023-10-23 05:45:00+00:00,0.027943775528303464,,,
2023-10-23 06:10:00+00:00,,0.25773976122082576,,
2023-10-23 07:50:00+00:00,,,,0.4241253914808197
2023-10-23 17:05:00+00:00,,0.2601926026915739,,
2023-10-23 17:25:00+00:00,,0.257779285638336,,
2023-10-23 18:45:00+00:00,,,,0.4209111582285606
2023-10-23 21:05:00+00:00,0.028532272991151863,,,
2023-10-23 22:25:00+00:00,0.029045283259532775,0.2607688514179973,,
2023-10-23 22:55:00+00:00,,,,0.4442472490629976
2023-10-24 00:45:00+00:00,0.030220071977023928,0.2713161165894756,,
2023-10-24 02:55:00+00:00,,0.2785314639633523,,
2023-10-24 04:00:00+00:00,,,,0.43213903822974464
2023-10-24 04:15:00+00:00,0.030763428871170815,,,
2023-10-24 05:55:00+00:00,,0.27316319131794037,,
2023-10-24 15:30:00+00:00,0.030087248704582476,,,
2023-10-25 14:30:00+00:00,0.030628217436290867,,,
2023-10-26 11:45:00+00:00,0.029955009217041192,,5.16124463535658,
2023-10-27 17:55:00+00:00,,,5.0598766102887485,
2023-10-28 11:20:00+00:00,0.030493600282763596,,,
2023-10-28 12:15:00+00:00,,,,0.42828366997900813
2023-10-29 17:05:00+00:00,,,,0.4255086503129745
2023-10-29 19:25:00+00:00,,0.2714242751475104,,
2023-10-29 20:40:00+00:00,,,,0.4236884082606303
2023-10-30 13:05:00+00:00,,,,0.41928342512461697
2023-10-30 16:40:00+00:00,,0.2695979770614285,,
2023-10-31 05:20:00+00:00,,,5.094856997254444,
2023-10-31 13:35:00+00:00,,0.26752964498493653,,
2023-11-01 13:35:00+00:00,,0.26546162754176567,,0.4133451493552909
2023-11-01 22:40:00+00:00,0.031041875215847684,,,
2023-11-01 23:05:00+00:00,,0.2676864565800707,,
2023-11-02 03:30:00+00:00,,0.2650907854454605,,
2023-11-02 04:05:00+00:00,,,,0.41437201787027694
2023-11-02 13:40:00+00:00,0.030359574798603354,,,
2023-11-02 15:20:00+00:00,,,5.1425581679184305,
2023-11-03 10:15:00+00:00,0.029692271344530053,,,
2023-11-05 00:10:00+00:00,,0.26308255463520364,,
2023-11-05 00:15:00+00:00,,,,0.41265685539876407
2023-11-05 03:55:00+00:00,0.030226138383304707,,,
2023-11-05 06:25:00+00:00,,,,0.4098331336480329
2023-11-05 18:15:00+00:00,,0.26128658553409634,,
2023-11-06 00:15:00+00:00,,,,0.4043757101879234
2023-11-06 05:15:00+00:00,,0.2592579378898149,,
2023-11-06 11:10:00+00:00,,0.2572263084028748,,
2023-11-08 15:20:00+00:00,0.029561767861639665,,,
2023-11-08 21:00:00+00:00,,0.2611274315682122,,
2023-11-09 02:20:00+00:00,,0.26500795183884857,,
2023-11-09 04:25:00+00:00,0.030131363732095403,,,
2023-11-09 10:20:00+00:00,,0.26950002247733834,,
2023-11-09 15:55:00+00:00,,,,0.416820595156456
2023-11-09 16:10:00+00:00,,0.2632755287035059,,
2023-11-09 16:35:00+00:00,0.02946907635726394,,,
2023-11-09 20:35:00+00:00,,,5.276345978470226,
2023-11-10 13:05:00+00:00,0.030040852824361485,,,
2023-11-11 22:40:00+00:00,,,5.2929494016814855,
2023-11-13 05:25:00+00:00,,,5.246511545335548,
2023-11-13 14:45:00+00:00,0.02938055487928202,,,
2023-11-14 11:45:00+00:00,,,5.180964016191806,
2023-11-14 15:30:00+00:00,0.028734770283035404,,,
2023-11-15 15:45:00+00:00,0.02925142145272438,,,
2023-11-15 18:10:00+00:00,,0.268376287492246,,
2023-11-15 22:40:00+00:00,0.02977736201044436,,,
2023-11-15 23:55:00+00:00,,0.27417528676108743,,
2023-11-16 01:50:00+00:00,,,,0.41055402820085707
2023-11-16 13:45:00+00:00,,,5.314326842380531,
2023-11-17 16:40:00+00:00,,,5.220588044288,
2023-11-17 17:00:00+00:00,0.030312758979392146,,,
2023-11-19 14:20:00+00:00,,,5.208054419827259,
2023-11-19 23:00:00+00:00,0.03085778238584162,,,
2023-11-20 00:40:00+00:00,,0.27653468975088263,,
2023-11-20 14:10:00+00:00,,0.2726511393792315,,
2023-11-21 12:05:00+00:00,,,5.285156619495694,
2023-11-21 14:30:00+00:00,,0.2673512042161672,,
2023-11-21 14:45:00+00:00,0.03017952832900082,,,
2023-11-21 22:55:00+00:00,0.02951618229632938,,,
2023-11-22 21:10:00+00:00,0.03004688325401738,,,
2023-11-23 15:30:00+00:00,0.02938645276009408,,,
2023-11-23 15:50:00+00:00,,,5.3275301180333035,
2023-11-24 15:25:00+00:00,,0.27282900265329013,,
2023-11-24 16:50:00+00:00,,,,0.4086439943612469
2023-11-24 16:55:00+00:00,,0.26714198487575047,,
2023-11-25 12:20:00+00:00,,,5.370065468744474,
2023-11-26 12:15:00+00:00,,,5.340679315973196,
2023-11-26 16:40:00+00:00,0.028740538528427215,,,
2023-11-27 02:45:00+00:00,,0.2641091424195155,,
2023-11-27 03:45:00+00:00,,,5.267327943923558,
2023-11-27 13:15:00+00:00,0.028108821491572386,,,
2023-11-29 08:45:00+00:00,,0.267689906934794,,
2023-11-29 10:25:00+00:00,,,,0.4049358271149861
2023-11-29 16:30:00+00:00,,,5.318817377511741,
2023-11-30 09:40:00+00:00,,,5.261297053592312,
2023-12-01 09:15:00+00:00,0.02861421810199086,,,
2023-12-01 12:40:00+00:00,,,,0.40370286969179137
2023-12-01 16:25:00+00:00,,0.2710568150692726,,
2023-12-01 23:30:00+00:00,,,,0.4011908038836824
2023-12-02 21:10:00+00:00,0.029181487275008494,,,
2023-12-03 02:25:00+00:00,,,,0.4046226785968953
2023-12-03 17:45:00+00:00,,,,0.4012104427800712
2023-12-03 22:20:00+00:00,,0.27434648091440667,,
2023-12-04 01:15:00+00:00,0.029706170416213144,,,
2023-12-04 07:10:00+00:00,0.030252325669505014,,,
2023-12-04 08:10:00+00:00,,0.28283846238730237,,
2023-12-04 11:10:00+00:00,,,,0.4178225059617822
2023-12-04 15:30:00+00:00,0.029587379551289292,,,
2023-12-04 22:10:00+00:00,,0.2874535919142779,,
2023-12-04 22:45:00+00:00,,,,0.41404719102160314
2023-12-05 07:20:00+00:00,,0.28080801585693443,,
2023-12-05 16:40:00+00:00,0.030119360635621477,,,
2023-12-05 19:30:00+00:00,0.030929475595350253,,,
2023-12-05 22:05:00+00:00,,0.28790963137193193,,
2023-12-06 02:35:00+00:00,,,,0.4244404869648741
2023-12-08 21:25:00+00:00,,0.2922582268345691,,
2023-12-08 21:50:00+00:00,0.03160306837485602,,,
2023-12-09 08:40:00+00:00,,0.28665703722910446,,0.42607530394115734
2023-12-09 08:45:00+00:00,,,5.253909898039347,
2023-12-09 23:30:00+00:00,0.030908432931976683,,,
2023-12-11 01:05:00+00:00,,,,0.42055462190045
2023-12-11 02:00:00+00:00,0.030229065576131833,,,
2023-12-11 17:50:00+00:00,0.029564630714768454,,,
2023-12-12 00:20:00+00:00,0.030096202775019988,,,
2023-12-12 16:10:00+00:00,,,,0.41162005448477273
2023-12-12 17:30:00+00:00,0.029434688238025045,,,
2023-12-13 16:05:00+00:00,0.02996392393254474,,,
2023-12-13 19:35:00+00:00,,0.2944604279833167,,
2023-12-13 21:50:00+00:00,0.030502675284851895,,,
2023-12-14 13:25:00+00:00,0.02983222648209085,,,
2023-12-14 13:30:00+00:00,,0.28620216583330155,,0.4210950405972205
2023-12-14 14:25:00+00:00,,,5.32334700071658,
2023-12-15 15:30:00+00:00,0.02917651414401449,,,
2023-12-17 01:50:00+00:00,,,,0.41623177170022313
2023-12-17 23:35:00+00:00,,,,0.4072901032426383
2023-12-18 00:10:00+00:00,0.02853521436312905,,,
2023-12-18 20:40:00+00:00,0.029048277517378106,,,
2023-12-18 22:10:00+00:00,0.02957056554714057,,,
2023-12-19 10:45:00+00:00,,0.2914925723826496,,
2023-12-19 14:15:00+00:00,,,5.33424800643157,
2023-12-19 14:55:00+00:00,,,,0.41503204369624713
2023-12-19 18:00:00+00:00,0.02892060451641442,,,
2023-12-20 06:20:00+00:00,0.029440596985619554,,,
2023-12-20 15:00:00+00:00,0.029986970122410892,,,
2023-12-20 22:10:00+00:00,,,5.270681252818162,
2023-12-22 07:55:00+00:00,,,,0.42309351870702405
2023-12-23 02:05:00+00:00,,0.2897672553870901,,
2023-12-23 04:10:00+00:00,,,,0.41586845145811796
2023-12-24 05:50:00+00:00,,,,0.41244423499336136
2023-12-24 22:10:00+00:00,0.0293278565191203,,,
2023-12-26 05:35:00+00:00,,,,0.4043008974107517
2023-12-26 09:45:00+00:00,0.028683230232830037,,,
2023-12-26 17:35:00+00:00,0.028052772832312434,,,
2023-12-27 10:25:00+00:00,0.028557161687837417,,,
2023-12-28 06:00:00+00:00,,,5.263065253841336,
2023-12-28 07:15:00+00:00,,,,0.4066508305122218
2023-12-28 16:00:00+00:00,,0.2838419175651151,,
2023-12-29 01:00:00+00:00,0.02792947527393875,,,
2023-12-29 15:55:00+00:00,,,,0.3996276367640218
2023-12-29 22:20:00+00:00,0.027315585407417572,,,
2023-12-31 02:50:00+00:00,,,5.196067533970644,
2023-12-31 23:25:00+00:00,,,,0.3963774050354064
2024-01-01 15:40:00+00:00,0.027806719633042938,,,
2024-01-02 01:15:00+00:00,0.02893387853989194,,,
2024-01-02 05:05:00+00:00,,0.2947547788947725,,
2024-01-02 16:20:00+00:00,,,5.404833350507344,
2024-01-02 21:10:00+00:00,,,,0.4132205211508207
2024-01-03 11:25:00+00:00,,,,0.40371443728944567
2024-01-03 11:50:00+00:00,0.028297911889585116,,,
2024-01-04 14:45:00+00:00,0.028806708345359852,,,
2024-01-04 20:35:00+00:00,0.02932465296140942,,,
2024-01-05 01:45:00+00:00,0.02868009708931764,,,
2024-01-05 02:10:00+00:00,,,5.336584024144936,
2024-01-07 05:35:00+00:00,,,,0.40103013373476776
2024-01-07 15:45:00+00:00,,,,0.3974631627172943
2024-01-07 15:55:00+00:00,,,5.2809648967565614,
2024-01-08 12:00:00+00:00,0.029052508150022433,,,
2024-01-08 17:55:00+00:00,0.029429754968350475,,,
2024-01-08 18:00:00+00:00,,0.29892615990453286,,
2024-01-08 21:05:00+00:00,0.029860480833174306,,,
2024-01-08 22:05:00+00:00,,0.30443174556435415,,
2024-01-09 00:35:00+00:00,,,,0.4146109778592109
2024-01-09 01:35:00+00:00,,,5.453467810865689,
2024-01-09 12:55:00+00:00,0.029353300566222842,,,
2024-01-09 21:20:00+00:00,0.028442536819216983,,,0.4071818314553571
2024-01-10 20:10:00+00:00,0.027959440331342584,,,
2024-01-10 23:40:00+00:00,0.0274278909284533,,,
2024-01-11 02:20:00+00:00,,,,0.4055921151784652
2024-01-11 06:05:00+00:00,0.02696202820103352,,,
2024-01-11 15:10:00+00:00,0.027312130137223934,,,
2024-01-11 15:40:00+00:00,0.02684823360684319,0.291546298562894,,0.3979783372945785
2024-01-11 16:10:00+00:00,,,5.3667214742151526,
2024-01-12 00:30:00+00:00,0.02639221635903096,,,
2024-01-15 21:30:00+00:00,,,,0.39520887687998907
2024-01-15 22:00:00+00:00,,,5.277333721829021,
2024-01-15 22:05:00+00:00,0.02594394456417282,,,
2024-01-16 16:00:00+00:00,,0.2961740887800778,,
2024-01-17 00:15:00+00:00,,,,0.39159866234838786
2024-01-17 12:35:00+00:00,0.025503286665750344,,,
2024-01-18 10:40:00+00:00,,,,0.3880469071356858
2024-01-19 23:35:00+00:00,,,,0.3876345097756479
2024-01-20 00:50:00+00:00,,,5.222765942293135,
2024-01-20 23:50:00+00:00,,,,0.38498864354884926
2024-01-21 15:35:00+00:00,,,,0.38206480517650143
2024-01-21 19:40:00+00:00,,0.29490865199394545,,
2024-01-22 03:10:00+00:00,0.025070113341732574,,,
2024-01-23 19:10:00+00:00,0.024644297466623246,,,
2024-01-24 03:05:00+00:00,,,,0.37658935017826556
2024-01-24 03:45:00+00:00,,,5.181510199256741,
2024-01-24 10:45:00+00:00,0.024964303669227344,,,
2024-01-24 12:55:00+00:00,,,,0.3733954754588096
2024-01-25 12:30:00+00:00,,,,0.3689095023288227
2024-01-26 01:00:00+00:00,,0.2920434191045025,,
2024-01-26 09:55:00+00:00,,,,0.36580425706871267
2024-01-26 14:55:00+00:00,0.02528846515237226,,,
2024-01-26 15:05:00+00:00,,0.2968027178335807,,
2024-01-26 23:55:00+00:00,,,,0.378150658040489
2024-01-27 00:05:00+00:00,,,5.296854900792989,
2024-01-28 00:45:00+00:00,,,,0.37646510892873897
2024-01-28 00:50:00+00:00,,,5.273465063159369,
2024-01-28 04:40:00+00:00,0.025616835872375815,,,
2024-01-28 04:55:00+00:00,,0.3012460011690817,,
2024-01-28 07:45:00+00:00,,,,0.37768574282407136
2024-01-28 11:55:00+00:00,,,5.2602938627450415,
2024-01-28 18:15:00+00:00,,0.29610785267296724,,
2024-01-29 06:00:00+00:00,,,5.210151754457645,
2024-01-29 14:30:00+00:00,,0.2917629522650269,,
2024-01-30 02:35:00+00:00,0.02594947048617861,0.2955484110963303,,
2024-01-30 05:00:00+00:00,,,,0.38507501989790105
2024-01-30 06:10:00+00:00,,,5.231212577807763,
2024-01-30 12:30:00+00:00,,,,0.3804729192796006
2024-01-31 20:05:00+00:00,0.025508718729970865,,,
2024-01-31 20:10:00+00:00,,,5.149509153501295,
2024-01-31 20:50:00+00:00,,0.28971788983137603,,
2024-02-02 03:15:00+00:00,,,,0.37771751489738403
2024-02-02 03:30:00+00:00,,,5.174272093687397,
2024-02-02 17:55:00+00:00,,,,0.3723459954145707
2024-02-03 17:20:00+00:00,,0.29039660057984734,,
2024-02-05 10:00:00+00:00,,0.29237450170781376,,
2024-02-05 15:05:00+00:00,,,5.154735776251172,
2024-02-05 15:20:00+00:00,,,,0.36871232817574057
2024-02-05 15:45:00+00:00,,0.28837113462880526,,
2024-02-07 17:20:00+00:00,,0.29110441019923033,,
2024-02-08 01:20:00+00:00,,0.2981704877688105,,
2024-02-08 07:00:00+00:00,,,5.171023138652862,
2024-02-08 14:00:00+00:00,0.025967365492735744,,,
2024-02-09 02:15:00+00:00,,0.3013822308061002,,
2024-02-09 11:00:00+00:00,,0.3050988389697255,,
2024-02-09 11:50:00+00:00,0.026434258724295136,,,
2024-02-09 15:15:00+00:00,,,5.260736249447567,
2024-02-09 17:25:00+00:00,,0.3091261867236176,,
2024-02-09 22:40:00+00:00,,0.3016487931268205,,
2024-02-11 01:30:00+00:00,,,5.2475391998739775,
2024-02-11 03:35:00+00:00,0.026909546696157968,,,
2024-02-11 08:55:00+00:00,,,5.2178603796554475,
2024-02-12 10:00:00+00:00,,,,0.40640445984488494
2024-02-12 12:00:00+00:00,,0.2999737871212623,,
2024-02-12 19:05:00+00:00,0.027393380345754892,,,
2024-02-12 20:00:00+00:00,,0.30539566849911015,,
2024-02-13 03:00:00+00:00,,,5.330223765730436,
2024-02-13 14:10:00+00:00,,,,0.41017972106945016
2024-02-13 14:20:00+00:00,0.026928103780582247,0.2985995570420197,,
2024-02-14 08:55:00+00:00,0.027412271086557118,0.3037512532895304,,
2024-02-14 13:35:00+00:00,0.02790514372069342,,,
2024-02-14 14:30:00+00:00,,0.30918780240358035,,
2024-02-14 18:30:00+00:00,,,5.371623221966737,
2024-02-15 22:00:00+00:00,,,,0.41395508066280107
2024-02-16 14:55:00+00:00,,0.3054839334670654,,
2024-02-18 22:10:00+00:00,,0.30905889112421403,,
2024-02-20 00:45:00+00:00,,,,0.40813092823596525
2024-02-20 13:30:00+00:00,,0.31225067283902563,,
2024-02-20 14:10:00+00:00,0.02743117485459744,,,
2024-02-20 15:15:00+00:00,,0.30649996747530595,,
2024-02-20 15:20:00+00:00,,,,0.4006471480750435
2024-02-21 09:25:00+00:00,0.0269652563496921,,,
2024-02-21 09:55:00+00:00,,0.2995867431945352,,
2024-02-22 13:45:00+00:00,,,,0.3929897250765462
2024-02-23 14:20:00+00:00,,0.29470486065676516,,
2024-02-25 00:30:00+00:00,,,5.353625602004336,
2024-02-26 07:55:00+00:00,,,,0.3930161517113364
2024-02-26 20:15:00+00:00,0.028133513643115456,,,
2024-02-27 00:20:00+00:00,,0.311356613111927,,
2024-02-27 01:50:00+00:00,0.028639354218418674,,,
2024-02-27 02:05:00+00:00,0.029154289807265844,,,
2024-02-27 09:30:00+00:00,,0.3155263630746594,,
2024-02-27 16:10:00+00:00,,,5.794950567363509,
2024-02-28 07:35:00+00:00,0.02967848393800049,,,
2024-02-28 07:50:00+00:00,,0.32106006193040065,,
2024-02-28 13:05:00+00:00,0.03021210307920574,0.32804876333752475,,
2024-02-28 17:40:00+00:00,,0.33548881526947183,,
2024-02-28 17:45:00+00:00,0.030755316692569864,,,
2024-02-28 18:20:00+00:00,,,,0.4524990676924837
2024-02-28 18:25:00+00:00,,,5.981843636555571,
2024-02-28 23:15:00+00:00,0.031308297286702265,,,
2024-02-29 00:50:00+00:00,0.030704249379764556,,,
2024-02-29 04:50:00+00:00,0.031256311783612725,,,
2024-02-29 06:05:00+00:00,,0.34491447888837323,,
2024-02-29 10:20:00+00:00,,,5.8621148501,
2024-02-29 16:40:00+00:00,0.03072542332796806,,,
2024-02-29 17:40:00+00:00,,0.3302931316273114,,
2024-03-02 14:00:00+00:00,0.030203552012742524,,,
2024-03-03 08:10:00+00:00,,,,0.4417919811339921
2024-03-03 11:25:00+00:00,,0.3242302304368751,,
2024-03-04 00:25:00+00:00,,0.32858095714157165,,
2024-03-04 00:50:00+00:00,0.029323081602761494,0.32104639791181505,,0.4420635712947142
2024-03-04 05:40:00+00:00,,,5.794126927289997,
2024-03-04 14:35:00+00:00,0.02985031060997914,,,
2024-03-04 14:55:00+00:00,,0.327310909216577,,
2024-03-04 20:35:00+00:00,0.03038701919474657,,,
2024-03-04 23:00:00+00:00,,0.33432229549991865,,
2024-03-05 05:00:00+00:00,0.0298708956737238,0.3226600466815229,,
2024-03-05 08:10:00+00:00,,,,0.4467102335962323
2024-03-05 15:30:00+00:00,,,,0.43380488676580503
2024-03-05 16:05:00+00:00,,0.3089696905649372,,
2024-03-06 02:55:00+00:00,0.02921433338681535,,,
2024-03-06 10:15:00+00:00,0.02973960710111029,,,
2024-03-06 12:45:00+00:00,0.029085930537027887,,,
2024-03-06 13:45:00+00:00,,,5.748427022342957,
2024-03-07 00:25:00+00:00,0.02844662178382401,,,
2024-03-07 22:25:00+00:00,,0.31333956551466763,,
2024-03-08 14:45:00+00:00,0.028958092043497162,,,
2024-03-08 15:35:00+00:00,0.028321593180381095,0.30392789552184774,,0.4347454364928594
2024-03-08 16:30:00+00:00,,,5.572036664105061,
2024-03-10 11:35:00+00:00,,0.305013343199194,,
2024-03-10 14:15:00+00:00,,,5.538118437434722,
2024-03-11 00:50:00+00:00,0.027699084562276315,,,
2024-03-11 12:15:00+00:00,0.028382063445542772,0.3125340853396496,,
2024-03-11 21:10:00+00:00,,,5.593631488693551,
2024-03-12 03:30:00+00:00,,,,0.4433782438795268
2024-03-12 15:00:00+00:00,,,,0.43385758898419075
2024-03-13 06:35:00+00:00,0.028892372946293626,,,
2024-03-13 13:25:00+00:00,,,5.56393319568473,
2024-03-13 13:35:00+00:00,,,,0.4293271930273764
2024-03-13 13:55:00+00:00,0.028257318588934092,,,
2024-03-14 04:50:00+00:00,,,,0.423442445835741
2024-03-14 11:15:00+00:00,,,,0.4169205940089985
2024-03-15 02:35:00+00:00,0.02763622272634932,,,
2024-03-15 02:45:00+00:00,,0.3025116396308319,,
2024-03-15 18:50:00+00:00,0.028133122010969076,,,
2024-03-15 19:50:00+00:00,0.02751475598916798,,,
2024-03-16 10:20:00+00:00,0.026909981652526067,,,
2024-03-17 06:55:00+00:00,0.026318500255803543,,,
2024-03-17 22:35:00+00:00,0.026791706890402892,,,
2024-03-18 00:35:00+00:00,,,5.4966355731758165,
2024-03-18 08:25:00+00:00,0.026202825172951836,,,
2024-03-19 02:40:00+00:00,,0.2974373575512728,,
2024-03-19 22:15:00+00:00,0.025626887075650355,,,
2024-03-19 22:35:00+00:00,,0.28498153760396694,,
2024-03-20 17:15:00+00:00,0.02608765850527055,,,
2024-03-21 01:25:00+00:00,0.02706217700482604,,,
2024-03-21 04:05:00+00:00,,,5.4794591065715945,
2024-03-21 15:10:00+00:00,,,,0.4042194363309124
2024-03-22 11:00:00+00:00,,0.2749130901454068,,
2024-03-22 21:30:00+00:00,0.02646735035425996,,,
2024-03-23 14:30:00+00:00,0.026943233313629557,,,
2024-03-23 23:05:00+00:00,0.02635102104539598,,,
2024-03-24 21:55:00+00:00,0.026824812403792204,,,
2024-03-25 08:50:00+00:00,,,5.413950931775763,
2024-03-25 14:00:00+00:00,0.027307122530812387,0.2801449283766075,,
2024-03-25 19:25:00+00:00,,0.287755951410582,,
2024-03-25 20:05:00+00:00,0.02823069483911424,,,
2024-03-26 00:00:00+00:00,,,5.45784948100488,
2024-03-26 08:00:00+00:00,,,,0.4303930654041067
2024-03-26 14:30:00+00:00,0.02761018416655051,,,
2024-03-27 10:20:00+00:00,,0.2837297496373629,,
2024-03-27 13:45:00+00:00,0.027003312318569724,0.27557805016395304,,0.42230145081342607
2024-03-28 17:30:00+00:00,,,5.468146903717217,
2024-03-29 15:40:00+00:00,0.02640977951380756,,,
2024-04-01 03:25:00+00:00,,,,0.4210095400082716
2024-04-02 02:30:00+00:00,0.02582929256009407,0.27009447194153574,,
2024-04-04 19:00:00+00:00,0.02551959934229854,,,
2024-04-05 12:30:00+00:00,,0.26275847662191487,,
2024-04-06 22:50:00+00:00,0.025978441738473065,,,
2024-04-07 16:40:00+00:00,,0.26911323119004876,,
2024-04-07 18:40:00+00:00,,,,0.421410896846106
2024-04-07 18:45:00+00:00,,,5.445047849170941,
2024-04-08 12:10:00+00:00,0.026445534120930814,,,
2024-04-08 13:05:00+00:00,,0.2753114839243785,,
2024-04-08 17:30:00+00:00,,,,0.42630235954435564
2024-04-08 17:35:00+00:00,,,5.4665966812730025,
2024-04-10 18:15:00+00:00,0.026128452166820852,,,
2024-04-11 07:20:00+00:00,,0.28219427329568336,,
2024-04-11 11:05:00+00:00,,,5.40752775349622,
2024-04-11 11:55:00+00:00,,,,0.41860750490837234
2024-04-13 07:15:00+00:00,0.025815172025340668,,,
2024-04-14 00:25:00+00:00,0.02550564811275683,,,
2024-04-14 17:15:00+00:00,0.025199835391884876,,,
2024-04-14 21:20:00+00:00,0.02489768936553618,,,
2024-04-15 09:20:00+00:00,0.025345349820328517,,,
2024-04-16 13:40:00+00:00,0.025041459075982778,,,
2024-04-17 07:05:00+00:00,0.024741211981661744,,,
2024-04-17 14:05:00+00:00,,0.2712069042164284,,
2024-04-17 19:05:00+00:00,0.02444456485000162,,,
2024-04-18 12:25:00+00:00,0.0241514745174501,,,
2024-04-18 17:50:00+00:00,0.02386189833798587,,,
2024-04-18 18:20:00+00:00,,,5.370621146773024,
2024-04-19 01:35:00+00:00,,0.2608597858456965,,
2024-04-19 06:40:00+00:00,0.02429093527010286,,,
2024-04-19 11:35:00+00:00,0.02472768628625931,,,
2024-04-19 23:05:00+00:00,,,,0.4082539000858897
2024-04-21 09:20:00+00:00,,,5.3149519697038565,
2024-04-21 16:05:00+00:00,0.02443120132768706,,,
2024-04-21 16:10:00+00:00,,,,0.4008498719945477
2024-04-21 18:50:00+00:00,,0.26502502306913717,,
2024-04-23 04:55:00+00:00,,,,0.4018501989210149
2024-04-24 14:40:00+00:00,,0.25904657576517387,,
2024-04-26 00:30:00+00:00,0.024138271223768094,,,
2024-04-27 00:40:00+00:00,,0.2528136296887729,,
2024-04-30 02:05:00+00:00,,,,0.393688381338664
2024-04-30 05:05:00+00:00,,,5.24891532788597,
2024-04-30 08:10:00+00:00,,0.24774868302314781,,
2024-05-01 13:30:00+00:00,0.023848853351795117,,,
2024-05-01 19:30:00+00:00,0.02356290560010709,0.2388167400286691,,
2024-05-02 13:10:00+00:00,0.023280386361961804,,,
2024-05-03 14:55:00+00:00,0.023698967708749876,,,
2024-05-03 21:25:00+00:00,0.023414817085921965,,,
2024-05-03 23:30:00+00:00,,0.24655578000389602,,
2024-05-06 03:10:00+00:00,,,,0.3880119980852474
2024-05-06 10:30:00+00:00,,0.2431198443228352,,
2024-05-06 10:35:00+00:00,,,,0.3865508257640645
2024-05-06 11:10:00+00:00,,,5.14730483648082,
2024-05-09 22:45:00+00:00,,0.24660730027795266,,
2024-05-10 14:00:00+00:00,,,,0.38401934057446807
2024-05-10 14:15:00+00:00,,,5.085897054047368,
2024-05-12 17:00:00+00:00,,0.24399684593845106,,0.38141374809400347
2024-05-13 01:40:00+00:00,,0.241631389017798,,
2024-05-13 10:55:00+00:00,,0.24467948609020382,,
2024-05-14 02:05:00+00:00,,,5.056861839945818,
2024-05-14 06:05:00+00:00,,,,0.3835762506495063
2024-05-14 06:15:00+00:00,0.022900159406373397,,,
2024-05-15 12:30:00+00:00,,0.24807751775269427,,
2024-05-15 15:20:00+00:00,0.023311904272499993,,,
2024-05-15 16:05:00+00:00,,0.2520931978647164,,
2024-05-15 22:25:00+00:00,,0.2563969926600441,,
2024-05-16 13:10:00+00:00,,,,0.3969421755671868
2024-05-16 14:55:00+00:00,,,5.298159405206626,
2024-05-17 18:00:00+00:00,,0.2524343808262705,,
2024-05-17 18:05:00+00:00,,,,0.39337663131873696
2024-05-18 06:35:00+00:00,,,5.250211490371897,
2024-05-19 11:00:00+00:00,,,,0.39028709619785246
2024-05-20 06:55:00+00:00,,0.24973192934195554,,
2024-05-20 19:05:00+00:00,,0.25228753622522604,,
2024-05-20 21:50:00+00:00,,0.25517613634079506,,
2024-05-20 23:20:00+00:00,,0.2586068597932295,,
2024-05-20 23:25:00+00:00,0.023731052311319546,,,
2024-05-21 14:15:00+00:00,,,5.407018422356169,
2024-05-21 14:25:00+00:00,,,,0.4058616100393085
2024-05-21 15:50:00+00:00,0.023209443781516743,0.25475643204056364,,
2024-05-24 06:55:00+00:00,0.022699300207199003,,,
2024-05-25 16:45:00+00:00,,,5.397738207889879,
2024-05-26 05:00:00+00:00,,0.2564200629115642,,
2024-05-27 05:00:00+00:00,,0.25417301277474547,,
2024-05-27 18:05:00+00:00,,0.2576418325911297,,
2024-05-27 19:45:00+00:00,,,,0.40576060819372844
2024-05-27 23:25:00+00:00,,,5.350250206547002,
2024-05-28 13:35:00+00:00,,0.2541466655615551,,
2024-05-29 15:15:00+00:00,,0.25026646341218484,,
2024-05-30 19:45:00+00:00,,0.24679365367555745,,0.4020951136923271
2024-05-30 21:10:00+00:00,,,5.269943131550301,
2024-05-31 13:55:00+00:00,,0.2435131030875171,,
2024-06-02 07:50:00+00:00,,0.24268021477414647,,
2024-06-02 18:00:00+00:00,,,,0.39827379463036733
2024-06-02 18:25:00+00:00,,0.24017991170295167,,
2024-06-03 08:15:00+00:00,,0.24170043833326793,,
2024-06-03 13:30:00+00:00,,0.2435070176099419,,
2024-06-04 17:30:00+00:00,,,,0.3986009985832804
2024-06-04 19:00:00+00:00,,,,0.3958031723519083
2024-06-05 00:35:00+00:00,,0.24654793014035895,,
2024-06-05 02:00:00+00:00,,,,0.39415048211349896
2024-06-05 08:05:00+00:00,,,,0.39224736976886515
2024-06-05 14:10:00+00:00,,,5.2908270314382095,
2024-06-05 16:45:00+00:00,,,,0.3909711377122574
2024-06-07 12:20:00+00:00,,,,0.38990417308265757
2024-06-07 12:35:00+00:00,,,,0.38352907605059994
2024-06-07 15:50:00+00:00,,,5.236476060235176,
2024-06-10 00:40:00+00:00,,,5.206873139738507,
2024-06-10 06:45:00+00:00,,0.24481823410092837,,
2024-06-10 19:05:00+00:00,,0.24319204798359725,,
2024-06-10 20:15:00+00:00,,,5.155833425901228,
2024-06-12 12:30:00+00:00,,0.24630390525956258,,
2024-06-12 19:35:00+00:00,,0.24243021474076976,,
2024-06-12 19:45:00+00:00,0.02220036958864477,,,
2024-06-12 19:55:00+00:00,,,5.1012240041245605,
2024-06-16 12:10:00+00:00,,0.2421415363067313,,
2024-06-16 21:50:00+00:00,,,5.07257917097792,
2024-06-18 00:45:00+00:00,,0.23951806350670798,,
2024-06-18 00:55:00+00:00,,,4.9505586223300755,
2024-06-20 14:05:00+00:00,,,4.901317531862652,
2024-06-25 09:50:00+00:00,,0.24332396746336618,,
2024-06-26 05:25:00+00:00,,,4.91367437738775,
2024-06-28 05:40:00+00:00,,,4.88312215976935,
2024-06-28 14:35:00+00:00,,0.2399819081397914,,
2024-07-01 02:10:00+00:00,,,,0.3831029228508226
2024-07-01 03:30:00+00:00,,0.2462184769125011,,
2024-07-01 08:40:00+00:00,,0.24363990258075546,,
2024-07-01 10:05:00+00:00,,,4.980916338600734,
2024-07-01 18:25:00+00:00,,,,0.38026852901357727
2024-07-01 22:20:00+00:00,,0.24086525055772146,,
2024-07-01 22:30:00+00:00,,,4.91095139895094,
2024-07-04 01:55:00+00:00,,,4.784345276771366,
2024-07-04 23:30:00+00:00,,,,0.3728230317682168
2024-07-04 23:40:00+00:00,,0.23681298243216048,,
2024-07-04 23:55:00+00:00,,,4.69395311480857,
2024-07-05 15:00:00+00:00,0.022488641387753316,,,
2024-07-06 15:30:00+00:00,0.02278065639617329,,,
2024-07-06 16:20:00+00:00,,0.24345443364142205,,
2024-07-07 04:50:00+00:00,,,,0.3833499539229525
2024-07-07 07:35:00+00:00,,,4.8192184205708735,
2024-07-07 13:20:00+00:00,,,4.7420323034438425,
2024-07-07 21:30:00+00:00,,,4.651406728594447,
2024-07-08 13:15:00+00:00,,0.25003338283674575,,
2024-07-08 14:25:00+00:00,0.0222799375685854,,,0.37594408719824546
2024-07-10 12:30:00+00:00,0.021790224540827893,0.24465248406223553,,0.3810639939586651
2024-07-10 13:50:00+00:00,,,4.7811487616824415,
2024-07-11 03:15:00+00:00,,,,0.3762915203206083
2024-07-11 14:15:00+00:00,,,,0.37403132820081125
2024-07-12 01:25:00+00:00,,,4.6678132076267245,
2024-07-12 20:15:00+00:00,,,,0.3732117308104652
2024-07-13 22:25:00+00:00,,,,0.3729272270290138
2024-07-13 22:50:00+00:00,,0.24901327844024498,,
2024-07-14 14:30:00+00:00,,,,0.3753781713700923
2024-07-14 21:20:00+00:00,,0.2523690439181089,,
2024-07-15 02:25:00+00:00,,0.25556414378286413,,
2024-07-15 15:00:00+00:00,,0.2593859788179821,,
2024-07-15 22:40:00+00:00,,0.263579613797479,,
2024-07-16 05:35:00+00:00,,,,0.39653452000543954
2024-07-16 05:50:00+00:00,,0.25916583470047766,,
2024-07-16 07:00:00+00:00,,,5.107223773423196,
2024-07-16 19:55:00+00:00,,0.2640114160559437,,
2024-07-17 08:20:00+00:00,,,,0.3947912117642408
2024-07-17 16:10:00+00:00,,0.25921208112048555,,
2024-07-17 16:40:00+00:00,,,5.132991455505089,
2024-07-18 14:50:00+00:00,,,5.0619561133379785,
2024-07-19 07:35:00+00:00,,,,0.3916341187183889
2024-07-19 08:05:00+00:00,,0.25531350489212623,,
2024-07-19 17:20:00+00:00,0.022073170606490538,,,
2024-07-19 21:00:00+00:00,,0.2629501912272854,,
2024-07-21 06:15:00+00:00,,0.2593359647456469,,0.4048789441583057
2024-07-21 17:50:00+00:00,,,,0.40028869272876005
2024-07-22 06:35:00+00:00,,0.2559635152075599,,0.3970587577048352
2024-07-22 14:50:00+00:00,,,5.270269624858049,
2024-07-23 01:25:00+00:00,,,,0.3919638392495296
2024-07-23 04:35:00+00:00,,0.2524228145510561,,
2024-07-23 05:05:00+00:00,,,5.219240688967974,
2024-07-23 17:05:00+00:00,,,5.104149994798959,
2024-07-24 16:05:00+00:00,,,,0.3907368176500779
2024-07-24 21:45:00+00:00,,,5.040216222375188,
2024-07-25 21:45:00+00:00,,0.25643278652642104,,
2024-07-26 09:20:00+00:00,,0.26061942544503935,,
2024-07-26 14:30:00+00:00,,,,0.40544843297267563
2024-07-27 15:35:00+00:00,,,,0.40851685275064076
2024-07-27 19:00:00+00:00,,0.25704789384215093,,
2024-07-27 20:40:00+00:00,,,5.1922203921637164,
2024-07-28 00:05:00+00:00,0.021588002316559874,,,
2024-07-28 05:05:00+00:00,,0.25240260670351,,
2024-07-29 13:45:00+00:00,,,,0.413683595607991
2024-07-29 14:55:00+00:00,,0.24788388792459246,5.136141482173153,
2024-07-30 14:35:00+00:00,,,5.059691874075597,
2024-07-31 04:55:00+00:00,,,4.989805642406895,
2024-07-31 14:25:00+00:00,,,,0.41045376846386805
2024-07-31 19:50:00+00:00,,,4.914813972891966,
2024-08-01 14:25:00+00:00,,,,0.40530877904298634
2024-08-01 15:10:00+00:00,,,4.837088766150855,
2024-08-02 02:20:00+00:00,,,,0.39990476405272274
2024-08-02 13:30:00+00:00,,0.25191146858541086,,
2024-08-03 15:30:00+00:00,,,,0.39592555174589833
2024-08-04 14:45:00+00:00,,,4.725836900897145,
2024-08-04 21:25:00+00:00,0.021221330097213106,,,
2024-08-05 00:05:00+00:00,,0.24771800470891286,,
2024-08-05 09:45:00+00:00,0.02086088580551194,,,
2024-08-05 12:30:00+00:00,,0.23968551325217094,,
2024-08-05 14:00:00+00:00,0.021131764407696513,,,
2024-08-05 16:05:00+00:00,0.021468662742103208,,,
2024-08-05 17:05:00+00:00,0.021104017505428584,,,
2024-08-06 00:15:00+00:00,0.02137805317273657,,,
2024-08-06 08:35:00+00:00,0.02101494693959764,,,
2024-08-07 00:15:00+00:00,0.020658008065828574,,,
2024-08-07 08:50:00+00:00,,0.2547543400960559,,
2024-08-07 14:15:00+00:00,,,,0.4080332203838236
2024-08-07 14:25:00+00:00,0.020307131798830477,,,
2024-08-07 18:30:00+00:00,,,4.738168976589096,
2024-08-08 12:30:00+00:00,0.020570819905238288,,,
2024-08-08 13:45:00+00:00,,,,0.40564683469699037
2024-08-08 16:35:00+00:00,,0.2639337070764078,,
2024-08-08 21:40:00+00:00,0.020837932001707804,,,
2024-08-09 10:20:00+00:00,0.020483999726658795,,,0.4186043953455207
2024-08-10 17:00:00+00:00,,0.268585953031322,,
2024-08-11 11:00:00+00:00,,,,0.4164343323157615
2024-08-11 19:30:00+00:00,,,4.919692936528754,
2024-08-12 13:45:00+00:00,0.020136078991301494,0.2647290426898849,,0.4113781286719086
2024-08-12 18:35:00+00:00,0.019794067689634237,,,
2024-08-12 18:50:00+00:00,,0.2604192228813062,,
2024-08-13 10:20:00+00:00,,,,0.3997387488154514
2024-08-14 11:40:00+00:00,0.020051093658584138,,,
2024-08-14 13:10:00+00:00,,,,0.40682593118742344
2024-08-14 14:00:00+00:00,,0.25518813804370033,,
2024-08-14 14:15:00+00:00,,,4.881678458005995,
2024-08-15 18:00:00+00:00,,0.25105057964218197,,0.4029097042179721
2024-08-15 18:35:00+00:00,,,4.744219472836483,
2024-08-16 12:30:00+00:00,,,,0.3973790178384594
2024-08-16 15:35:00+00:00,,,,0.3897251185893555
2024-08-17 21:30:00+00:00,,,,0.3904084878265889
2024-08-18 02:55:00+00:00,0.02031145710974085,,,
2024-08-18 03:25:00+00:00,,,,0.3887132854263602
2024-08-18 17:20:00+00:00,,,,0.3836264084510691
2024-08-18 18:10:00+00:00,,0.2512782040283687,,
2024-08-18 23:35:00+00:00,,,4.796719643435019,
2024-08-19 13:50:00+00:00,,,,0.3786753903440199
2024-08-20 00:25:00+00:00,,0.25496333537667476,,
2024-08-20 05:15:00+00:00,0.020575201380310836,,,
2024-08-20 13:35:00+00:00,,,,0.3866275606197916
2024-08-20 14:40:00+00:00,,0.25163770043672967,,
2024-08-20 15:15:00+00:00,,,4.755075111947764,
2024-08-21 09:15:00+00:00,,,,0.38254171852056224
2024-08-22 02:45:00+00:00,,,,0.3849210181296078
2024-08-22 02:50:00+00:00,0.02022573158486626,0.24790129371372954,,
2024-08-22 13:30:00+00:00,,,,0.3800142194822899
2024-08-23 11:40:00+00:00,,,,0.37773922357423495
2024-08-23 14:45:00+00:00,0.019882197533897306,0.24450900655671892,,0.37610526533313116
2024-08-23 21:15:00+00:00,0.02014036786887496,,,
2024-08-23 23:00:00+00:00,,0.2511297856411558,,
2024-08-24 21:35:00+00:00,,,,0.384271462430635
2024-08-25 23:40:00+00:00,,0.24886872144904232,,0.38237280040323884
2024-08-26 22:50:00+00:00,,,5.006215294770722,
2024-08-28 14:45:00+00:00,0.019798283720622117,0.24456094512185922,,
2024-08-29 18:10:00+00:00,,,,0.3832270377813697
2024-08-30 13:50:00+00:00,,,,0.3780570946555135
2024-08-30 15:20:00+00:00,,,4.891457249653472,
2024-09-01 02:25:00+00:00,0.01946200987162735,,,
2024-09-01 02:30:00+00:00,,,4.794758798234855,
2024-09-01 05:20:00+00:00,,0.24086492889585137,,
2024-09-01 22:20:00+00:00,,0.23732369632345723,,
2024-09-01 23:45:00+00:00,,,4.682496848956903,
2024-09-03 02:00:00+00:00,,0.24135109403616115,,
2024-09-03 05:05:00+00:00,,,,0.3766555701669086
2024-09-03 14:35:00+00:00,,,4.630841536438239,
2024-09-04 16:00:00+00:00,0.01961751133050165,,,
2024-09-05 03:05:00+00:00,,,,0.36999540440186024
2024-09-05 05:20:00+00:00,,,4.590085255421964,
2024-09-05 12:20:00+00:00,,0.23544204382099065,,
2024-09-06 14:05:00+00:00,,0.22969787358063048,,
2024-09-06 15:10:00+00:00,,,4.407902335017445,
2024-09-07 21:15:00+00:00,,,,0.36389187577354454
2024-09-07 23:10:00+00:00,,,4.34708764843086,
2024-09-08 16:10:00+00:00,,,4.2831712078878095,
2024-09-08 23:00:00+00:00,,,,0.3604774026038483
2024-09-09 01:00:00+00:00,,0.2327816233741664,,
2024-09-09 14:35:00+00:00,,,,0.35631486410663943
2024-09-09 16:30:00+00:00,,0.23650106981393115,,
2024-09-09 21:10:00+00:00,0.01977425524603236,,,
2024-09-09 22:10:00+00:00,,0.24116470444599158,,
2024-09-09 23:05:00+00:00,,,,0.36281381910931815
2024-09-11 01:35:00+00:00,,0.23582319327937018,,
2024-09-11 05:05:00+00:00,,,4.37435180715196,
2024-09-11 16:55:00+00:00,0.019932251545448157,,,
2024-09-12 13:50:00+00:00,,,,0.35748842587626956
2024-09-12 15:00:00+00:00,,,,0.35092077501197527
2024-09-13 15:30:00+00:00,,0.2415035072287672,,
2024-09-13 21:10:00+00:00,0.020091510235296286,,,
2024-09-14 10:45:00+00:00,,,,0.35904727496490807
2024-09-15 17:10:00+00:00,,,,0.35543795625458385
2024-09-15 22:35:00+00:00,,,4.497549222852481,
2024-09-16 02:10:00+00:00,,0.23670614826870065,,
2024-09-16 13:30:00+00:00,,0.2334411591625323,,
2024-09-17 15:25:00+00:00,0.020326852509171503,,,
2024-09-17 19:15:00+00:00,,0.24046524842905204,,
2024-09-17 19:25:00+00:00,,,,0.36260820568380847
2024-09-18 19:35:00+00:00,,,,0.35690717790660187
2024-09-18 20:00:00+00:00,,0.23530306070571466,,
2024-09-19 14:30:00+00:00,,0.24100349124006293,,
2024-09-19 22:20:00+00:00,,,,0.3635646036341801
2024-09-20 13:10:00+00:00,,,,0.35824508596448035
2024-09-22 02:10:00+00:00,,,,0.35553919860018857
2024-09-22 02:40:00+00:00,,0.23834718379694167,,
2024-09-22 10:40:00+00:00,,,4.8105294412065795,
2024-09-22 22:00:00+00:00,,0.23575893944045717,,
2024-09-23 00:10:00+00:00,,0.232926011760613,,0.35149100178502646
2024-09-23 00:15:00+00:00,0.019981600919303226,,,
2024-09-23 04:25:00+00:00,,,,0.34992964835972407
2024-09-23 13:10:00+00:00,,0.22991272013439845,,
2024-09-24 14:05:00+00:00,,,,0.3456312310641452
2024-09-25 06:20:00+00:00,,,,0.34519343956778425
2024-09-25 18:10:00+00:00,,,4.796643945875931,
2024-09-26 01:20:00+00:00,,0.22570340718160498,,
2024-09-26 15:00:00+00:00,,,,0.3463576842473645
2024-09-26 15:20:00+00:00,,0.22936398364989133,,
2024-09-26 19:55:00+00:00,,,,0.3429374907709293
2024-09-27 18:30:00+00:00,,,,0.3406336286804545
2024-09-29 03:40:00+00:00,,0.2303784199127123,,
2024-09-29 22:20:00+00:00,,,,0.3377978841570779
2024-09-30 01:45:00+00:00,,,4.8954887611861695,
2024-10-01 13:35:00+00:00,,0.22696357887221838,,
2024-10-02 19:25:00+00:00,,0.22237434773478829,,
2024-10-02 19:50:00+00:00,,,4.739969604475638,
2024-10-04 14:30:00+00:00,,,,0.3346102876527643
2024-10-05 02:55:00+00:00,,,,0.3319224674181781
2024-10-06 21:50:00+00:00,,,,0.33105610128565455
2024-10-07 06:55:00+00:00,,0.22697150182508444,,
2024-10-07 09:30:00+00:00,,,,0.3299308141661437
2024-10-07 18:15:00+00:00,,0.22397409312630026,,
2024-10-07 18:50:00+00:00,,,,0.32263381675713926
2024-10-09 18:35:00+00:00,,,4.734401081353527,
2024-10-10 17:10:00+00:00,,,4.629893944721622,
2024-10-11 12:30:00+00:00,,0.22778007641357378,,
2024-10-11 20:15:00+00:00,,0.23186956541668777,,
2024-10-11 22:40:00+00:00,,,,0.32708291152987023
2024-10-13 01:20:00+00:00,,,,0.3234750183159372
2024-10-13 15:15:00+00:00,,,4.747777148560687,
2024-10-14 07:50:00+00:00,0.020141253910648457,,,
2024-10-14 08:40:00+00:00,,0.23660200449074817,,
2024-10-14 14:20:00+00:00,,0.2396973306890855,,
2024-10-15 03:40:00+00:00,,,,0.3336456593147628
2024-10-15 13:45:00+00:00,0.020302182529394537,,,
2024-10-15 14:35:00+00:00,0.01995734995913277,,,
2024-10-15 14:40:00+00:00,,,,0.32838279884850796
2024-10-15 15:05:00+00:00,,0.2361011663542964,,
2024-10-15 16:40:00+00:00,0.02011680918530624,,,
2024-10-17 04:55:00+00:00,,,,0.32361151377350855
2024-10-18 04:45:00+00:00,,0.23846051090670958,,
2024-10-19 11:25:00+00:00,,,,0.3242296985272542
2024-10-20 13:00:00+00:00,,,,0.32256133718085084
2024-10-21 03:50:00+00:00,,0.2382855968083745,,
2024-10-21 07:50:00+00:00,,,,0.32200073706505317
2024-10-21 13:30:00+00:00,,,5.129197233124443,
2024-10-22 00:25:00+00:00,,0.23495261142889498,,
2024-10-22 13:50:00+00:00,,0.23134404903496705,,
2024-10-23 09:10:00+00:00,,,5.031785802242946,
2024-10-24 08:55:00+00:00,,,,0.3187902514269585
2024-10-24 13:20:00+00:00,,0.23510246997292092,,
2024-10-25 04:25:00+00:00,,,,0.31852323635049956
2024-10-25 17:55:00+00:00,,0.23135922542354206,,
2024-10-28 12:10:00+00:00,,0.23677733838676882,,
2024-10-28 15:30:00+00:00,,0.2342959257786847,,
2024-10-29 04:05:00+00:00,,0.2379310538915626,,
2024-10-29 15:40:00+00:00,,0.24142357332052322,,
2024-10-29 15:45:00+00:00,0.020277542490696833,,,
2024-10-29 20:25:00+00:00,,,,0.3387644319768145
2024-11-01 15:45:00+00:00,,,,0.3308691117500071
2024-11-01 15:50:00+00:00,,0.23555624481536205,,
2024-11-01 19:15:00+00:00,,,4.8796074530392906,
2024-11-04 16:50:00+00:00,,,4.770982744497887,
2024-11-04 17:00:00+00:00,,0.23150515955640608,,
2024-11-05 19:55:00+00:00,,0.22633516203826357,,
2024-11-06 02:15:00+00:00,0.0204395600551975,,,
2024-11-06 03:35:00+00:00,0.020739969467225287,,,
2024-11-06 04:30:00+00:00,0.020905681823268414,,,
2024-11-06 07:30:00+00:00,,0.23470856733909073,,
2024-11-06 08:05:00+00:00,,,,0.3475644003933598
2024-11-09 08:05:00+00:00,,0.23628709781053467,,
2024-11-09 17:00:00+00:00,,,5.270756317310998,
2024-11-10 09:55:00+00:00,,0.23988891902727952,,
2024-11-10 11:10:00+00:00,0.02107271822103633,,,
2024-11-10 20:40:00+00:00,,,,0.36346900746656546
2024-11-10 23:40:00+00:00,0.02071479810205203,,,
2024-11-11 15:10:00+00:00,,0.24425203102397036,,
2024-11-11 16:00:00+00:00,0.020880309338887425,,,
2024-11-11 18:40:00+00:00,0.021047143010505136,,,
2024-11-11 20:10:00+00:00,0.021215309683159076,,,
2024-11-11 22:35:00+00:00,,0.2520368746392631,,
2024-11-12 00:10:00+00:00,0.020854967648190618,,,
2024-11-12 02:30:00+00:00,0.020500746022686096,,,
2024-11-12 07:10:00+00:00,,0.2588605929273434,,
2024-11-12 10:45:00+00:00,,,,0.3850722502440408
2024-11-12 13:00:00+00:00,0.02015254085149077,,,
2024-11-12 13:45:00+00:00,,,5.868542812840313,
2024-11-12 19:30:00+00:00,0.02031355965289418,,,
2024-11-13 14:30:00+00:00,0.020475864994520806,,,
2024-11-13 14:50:00+00:00,0.020639467155827027,,,
2024-11-13 15:45:00+00:00,0.020804376498402083,,,
2024-11-13 18:50:00+00:00,,0.2709428767830728,,
2024-11-13 19:10:00+00:00,0.02045101416357672,,,
2024-11-13 21:00:00+00:00,,0.2582572679719139,,
2024-11-13 21:05:00+00:00,,,,0.37653784549264097
2024-11-14 15:50:00+00:00,,,5.7976458760252285,
2024-11-17 02:05:00+00:00,,,5.8168152205792945,
2024-11-17 22:00:00+00:00,,,,0.36898356586329606
2024-11-18 08:35:00+00:00,,0.2601753886562432,,
2024-11-18 11:40:00+00:00,,0.25472447475520016,,
2024-11-18 11:50:00+00:00,,,,0.3625736329523954
2024-11-18 13:20:00+00:00,,,5.71619487382926,
2024-11-18 16:45:00+00:00,0.02010365368800837,,,
2024-11-18 19:15:00+00:00,,,,0.35206453586339104
2024-11-18 23:25:00+00:00,0.01976219313011755,,,
2024-11-21 04:00:00+00:00,,0.2611810316665412,,
2024-11-21 11:00:00+00:00,0.019920093053227186,,,
2024-11-21 15:40:00+00:00,,,,0.3628393180818147
2024-11-21 19:15:00+00:00,,0.2672742718119789,,
2024-11-22 14:55:00+00:00,,,6.027353277159975,
2024-11-24 08:35:00+00:00,,0.26564114185806675,,
2024-11-24 12:35:00+00:00,,,,0.35516135156701834
2024-11-25 14:40:00+00:00,,,5.962734121387279,
2024-11-25 14:45:00+00:00,,,,0.34755587968240914
2024-11-25 14:50:00+00:00,,0.2611252666675355,,
2024-11-26 20:05:00+00:00,,0.25303832435093027,,
2024-11-30 01:50:00+00:00,,,,0.3535036732034739
2024-11-30 02:05:00+00:00,,,6.113512138309267,
2024-11-30 04:45:00+00:00,,0.2538435855041732,,
2024-12-02 03:55:00+00:00,,,,0.35044259856704657
2024-12-02 04:20:00+00:00,,,6.042633207952545,
2024-12-02 17:30:00+00:00,,0.24940830644059947,,
2024-12-02 17:55:00+00:00,0.019482249407917252,,5.890598856379813,
2024-12-04 16:25:00+00:00,,,5.790161223157398,0.3446391216500601
2024-12-05 00:10:00+00:00,0.0199609866605365,,,
2024-12-05 02:40:00+00:00,,0.2531563405913133,,
2024-12-05 06:45:00+00:00,0.020359370231034787,,,
2024-12-05 14:40:00+00:00,,0.2577150253651643,,
2024-12-05 16:35:00+00:00,0.01991187127335664,,,
2024-12-05 16:40:00+00:00,,,,0.3567211725284817
2024-12-05 20:05:00+00:00,,,5.8740898840057145,
2024-12-06 16:30:00+00:00,0.020170426921841178,,,
2024-12-08 09:00:00+00:00,,,5.757761838341384,
2024-12-08 23:45:00+00:00,0.020432339915421285,,,
2024-12-09 00:40:00+00:00,,,,0.3516438194004558
2024-12-09 03:15:00+00:00,,,5.692905773921378,
2024-12-09 03:45:00+00:00,0.019983237084080323,,,
2024-12-09 15:45:00+00:00,0.019544005532972236,,,
2024-12-10 03:25:00+00:00,0.019114428291357503,,,
2024-12-10 16:10:00+00:00,0.018694293157513465,,,
2024-12-10 16:30:00+00:00,,0.24992891502131998,,
2024-12-11 08:10:00+00:00,0.018937038554163774,,,
2024-12-11 19:00:00+00:00,0.019270060173386477,,,
2024-12-12 16:40:00+00:00,0.0195202819047379,,,
2024-12-12 19:25:00+00:00,0.01909122610847176,,,
2024-12-12 19:30:00+00:00,,,,0.3561982253394431
2024-12-12 20:05:00+00:00,,,5.768385067001276,
2024-12-15 11:55:00+00:00,0.01933912567949026,,,
2024-12-15 23:20:00+00:00,0.019590244226438444,,,
2024-12-16 02:25:00+00:00,,,,0.3653573708396937
2024-12-16 12:45:00+00:00,,0.24543025839977517,,
2024-12-16 19:05:00+00:00,0.01988024824434168,,,
2024-12-17 14:55:00+00:00,0.02013839326779445,,,
2024-12-17 15:25:00+00:00,,,,0.360050110473384
2024-12-17 23:10:00+00:00,,,6.019736007360557,
2024-12-18 03:40:00+00:00,,0.24015043333959107,,
2024-12-18 20:00:00+00:00,0.019695751383768327,,,
2024-12-19 14:30:00+00:00,0.019951500715486556,,,
2024-12-20 02:00:00+00:00,0.01951296672976016,,,
2024-12-20 08:40:00+00:00,0.019084071721040034,,,
2024-12-20 18:35:00+00:00,0.019346685651313904,,,
2024-12-21 06:40:00+00:00,0.01959790236449621,,,
2024-12-21 13:25:00+00:00,0.019167140470524584,,,
2024-12-22 04:50:00+00:00,,,5.871255509799006,
2024-12-22 05:00:00+00:00,,,,0.35129078746237613
2024-12-22 07:10:00+00:00,,0.237767360734482,,
2024-12-22 15:00:00+00:00,0.01874584672298245,,,
2024-12-23 14:40:00+00:00,0.0183338130120113,,,
2024-12-24 19:30:00+00:00,0.01896594553549794,,,
2024-12-25 10:20:00+00:00,,0.24244280170037594,,
2024-12-26 08:05:00+00:00,0.018549074052627696,,5.9361502798544254,0.3551735915469387
2024-12-27 15:20:00+00:00,,,,0.3453480415259477
2024-12-27 15:30:00+00:00,0.018141365404950937,,,
2024-12-29 14:40:00+00:00,,,5.856423991034437,
2024-12-30 21:40:00+00:00,,0.23779808712927747,,
2024-12-30 21:50:00+00:00,0.017742618193350112,,,
2024-12-30 22:15:00+00:00,,,5.731459554329719,
2024-12-31 17:40:00+00:00,,,,0.33737207378813605
2025-01-01 09:30:00+00:00,,,5.645719860692882,
2025-01-02 08:10:00+00:00,,0.24214400395836116,,
2025-01-03 07:35:00+00:00,,,5.635253841877449,
2025-01-04 09:50:00+00:00,,,5.562381795416521,
2025-01-05 07:10:00+00:00,,0.2441618910368222,,
2025-01-05 08:35:00+00:00,,,5.5145893694083465,
2025-01-05 14:20:00+00:00,,,,0.3399665279345503
2025-01-06 06:55:00+00:00,,0.2461772712653464,,
2025-01-06 20:00:00+00:00,,0.24940976940629175,,
2025-01-07 11:10:00+00:00,,,5.589376003039448,
2025-01-07 11:45:00+00:00,,,,0.3454037862307285
2025-01-07 15:00:00+00:00,0.017352635445460278,,,
2025-01-09 13:35:00+00:00,,0.2427086156901301,,
2025-01-09 19:45:00+00:00,0.01697122451836906,,,
2025-01-11 04:35:00+00:00,0.016598197003455308,,,
2025-01-12 08:55:00+00:00,,,5.554452128995896,
2025-01-12 22:00:00+00:00,,,5.5072930964693425,
2025-01-12 22:20:00+00:00,,,,0.33795903268787497
2025-01-13 01:50:00+00:00,,,,0.3314663421122219
2025-01-13 08:15:00+00:00,,0.23746080599340605,,
2025-01-13 20:45:00+00:00,0.016813724591545173,,,
2025-01-14 01:10:00+00:00,0.017032050805366388,,,
2025-01-14 01:45:00+00:00,,0.24353689399486214,,
2025-01-15 13:30:00+00:00,0.01725321198507407,,,
2025-01-15 19:55:00+00:00,,0.24958298472403004,,
2025-01-15 20:15:00+00:00,0.01747724494270025,,,
2025-01-16 09:10:00+00:00,,,5.746587360570536,
2025-01-16 14:45:00+00:00,,,,0.33804621809037594
2025-01-17 10:30:00+00:00,,0.25481741084762227,,
2025-01-18 03:45:00+00:00,,,,0.34447079752593635
2025-01-18 04:15:00+00:00,,,5.8303229377269234,
2025-01-18 04:20:00+00:00,0.0170930950988597,,,
2025-01-19 19:55:00+00:00,,0.2599022545059964,,
2025-01-19 21:55:00+00:00,,,,0.3360208027512823
2025-01-20 06:35:00+00:00,0.017315048938718394,,,
2025-01-20 08:50:00+00:00,0.017841732304165407,,,
2025-01-20 11:50:00+00:00,,0.273702498420376,,
2025-01-20 16:15:00+00:00,,,,0.3243784838168479
2025-01-20 16:25:00+00:00,,,5.612389772707114,
2025-01-21 00:55:00+00:00,0.01744957102811985,,,
2025-01-21 12:15:00+00:00,0.017676153707919987,,,
2025-01-21 18:30:00+00:00,0.017905678563817324,,,
2025-01-22 08:10:00+00:00,,,5.629472172449721,
2025-01-23 16:35:00+00:00,0.018195143185530168,,,
2025-01-24 18:25:00+00:00,,0.2808503237889873,,
2025-01-26 23:10:00+00:00,,,,0.31326695841269475
2025-01-27 14:55:00+00:00,0.018437089430305326,,,
2025-01-28 00:05:00+00:00,0.018676495036557838,,,
2025-01-28 03:45:00+00:00,,0.2858549739324611,,
2025-01-30 14:45:00+00:00,0.018919009324607543,,,
2025-01-30 14:50:00+00:00,,0.29194402834107863,,
2025-01-31 03:30:00+00:00,,,5.607059124175189,
2025-02-03 17:10:00+00:00,0.01922993524069328,,,
2025-02-03 20:45:00+00:00,,0.3081401629695462,,
2025-02-03 22:05:00+00:00,0.01947963594979368,,,
2025-02-04 08:55:00+00:00,,,5.557444326723673,
2025-02-04 21:25:00+00:00,,0.2957925215550065,,
2025-02-06 17:05:00+00:00,,,5.444191418751262,
2025-02-07 15:20:00+00:00,0.019051473551617213,,,
2025-02-07 20:05:00+00:00,,0.28817738703939594,,
2025-02-07 20:55:00+00:00,,,5.268242917975853,
2025-02-09 13:55:00+00:00,,,5.178414544898589,
2025-02-11 05:55:00+00:00,,0.2919974384662838,,
2025-02-11 14:05:00+00:00,,,5.118787917784784,
2025-02-13 07:30:00+00:00,,,5.008055139283461,
2025-02-13 16:55:00+00:00,0.01863272216295267,,,
2025-02-14 21:10:00+00:00,,,,0.3070909801237863
2025-02-15 06:40:00+00:00,,0.29407615266864945,,
2025-02-16 09:05:00+00:00,,,4.9344509510299,
2025-02-18 08:45:00+00:00,,0.29010828282602363,,
2025-02-18 16:35:00+00:00,,0.28568971035781604,,
2025-02-20 01:00:00+00:00,,0.28996462353522756,,
2025-02-21 09:30:00+00:00,,,,0.3049480681742592
2025-02-21 15:20:00+00:00,,,,0.3025133454515027
2025-02-21 17:50:00+00:00,,0.2846586246320582,,
2025-02-21 18:45:00+00:00,,,4.95506514851506,
2025-02-24 03:25:00+00:00,,0.281624815762311,,
2025-02-24 14:40:00+00:00,,0.2784016287557418,,
2025-02-25 14:45:00+00:00,0.01822317492981097,,,
2025-02-26 13:55:00+00:00,0.017822629544853724,,,
2025-02-26 14:20:00+00:00,,0.26895911316135457,,
2025-02-27 06:25:00+00:00,0.01805405638949365,,,
2025-02-28 13:10:00+00:00,0.01828848831171123,,,
2025-02-28 16:10:00+00:00,0.018582066129835935,,,
2025-02-28 18:35:00+00:00,0.018823354258531856,,,
2025-03-02 14:15:00+00:00,,,,0.29738138583933316
2025-03-02 14:55:00+00:00,,,4.957953182126593,
2025-03-02 18:40:00+00:00,0.019933857693842122,,,
2025-03-02 20:55:00+00:00,0.020192698835996663,,,
2025-03-02 21:40:00+00:00,,0.2857281724798616,,
2025-03-03 06:40:00+00:00,,,,0.31618610648277035
2025-03-03 06:55:00+00:00,,,5.138468497618086,
2025-03-03 14:50:00+00:00,,0.27527288770119357,,
2025-03-03 14:55:00+00:00,,,4.987523639288737,
2025-03-04 20:55:00+00:00,0.02087584513241205,,,
2025-03-05 10:30:00+00:00,,0.28728782523471447,,
2025-03-05 14:55:00+00:00,0.020521268902838032,,,
2025-03-06 01:45:00+00:00,0.02078773757954138,,,
2025-03-06 09:30:00+00:00,,,5.3560774361824794,
2025-03-06 12:35:00+00:00,0.020434657856752872,,,0.3138094124591018
2025-03-07 00:35:00+00:00,,0.27309323499569993,,
2025-03-07 00:40:00+00:00,,,5.0720395460598935,
2025-03-07 09:30:00+00:00,0.02070000188902281,,,
2025-03-07 15:15:00+00:00,0.020348412356937757,,,
2025-03-07 16:40:00+00:00,,,4.980780736628087,
2025-03-07 19:45:00+00:00,0.02000279457305517,,,
2025-03-09 09:10:00+00:00,,,4.932236057491105,
2025-03-09 12:05:00+00:00,,0.2609101521633114,,
2025-03-10 09:15:00+00:00,0.02026253086058629,,,
2025-03-10 14:15:00+00:00,,0.25400187955406395,4.781026238776325,
2025-03-11 00:15:00+00:00,0.019918371773919228,,,
2025-03-11 07:20:00+00:00,0.02017701183140357,,,
2025-03-11 14:45:00+00:00,,,4.775464887393388,
2025-03-11 18:20:00+00:00,0.020439010330034344,,,
2025-03-11 18:50:00+00:00,,0.2638007315808207,,
2025-03-12 04:00:00+00:00,0.02009185373957871,,,
2025-03-12 04:20:00+00:00,,,4.738038845925962,
2025-03-12 13:55:00+00:00,0.019750593603811966,,,
2025-03-12 14:35:00+00:00,,,,0.30551690646204543
2025-03-12 14:50:00+00:00,,,4.669493747436591,
2025-03-13 00:20:00+00:00,0.02000705506175746,,,
2025-03-13 06:15:00+00:00,,,4.66277379018663,
2025-03-14 07:10:00+00:00,,0.25919552636549587,,
2025-03-14 20:20:00+00:00,0.01966723523153351,,,
2025-03-15 06:00:00+00:00,,,,0.3044786626502171
2025-03-15 07:25:00+00:00,,,4.8080765318330645,
2025-03-16 01:40:00+00:00,,,4.783130389151663,
2025-03-16 09:55:00+00:00,,,4.746122963963854,
2025-03-16 19:10:00+00:00,0.019333187241125913,,,0.2973233599474276
2025-03-16 22:05:00+00:00,,0.2524826461141754,,
2025-03-16 22:20:00+00:00,,,4.616434208195406,
2025-03-18 01:25:00+00:00,,,4.6030536422193435,
2025-03-18 13:35:00+00:00,,0.24733992872774926,,
2025-03-19 15:00:00+00:00,,0.25178820997784257,,
2025-03-20 00:00:00+00:00,,0.25729903099586005,,
2025-03-20 04:45:00+00:00,,0.2513074765759734,,0.29916020068023663
2025-03-20 10:35:00+00:00,,,4.76032302990452,
2025-03-20 16:10:00+00:00,,,4.674017179344815,
2025-03-21 07:25:00+00:00,,,4.6280635982117335,
2025-03-22 13:40:00+00:00,,,4.603828179091656,
2025-03-22 21:10:00+00:00,,,4.58055130877375,
2025-03-24 05:25:00+00:00,,0.25625663138976235,,
2025-03-24 14:00:00+00:00,,0.25854794094525657,,
2025-03-24 22:50:00+00:00,,,4.746179225185522,
2025-03-24 23:20:00+00:00,,0.25480690285838936,,
2025-03-25 01:25:00+00:00,,,,0.307337186339388
2025-03-25 23:15:00+00:00,,,4.740294598908623,
2025-03-26 13:30:00+00:00,,,4.716007037741506,
2025-03-26 19:05:00+00:00,,0.24989751790238743,,
2025-03-27 11:40:00+00:00,,,4.696299487288474,
2025-03-28 03:30:00+00:00,,,4.660678131761992,
2025-03-28 06:50:00+00:00,,0.24515853914195596,,
2025-03-29 06:20:00+00:00,,,4.618963948288032,
2025-03-31 13:45:00+00:00,,0.2416375136818138,,
2025-04-01 08:20:00+00:00,,0.24519668715051846,,
2025-04-01 14:05:00+00:00,,0.24109447610692067,,
2025-04-01 14:15:00+00:00,,,,0.3078569671962582
2025-04-01 15:10:00+00:00,0.01958422867745193,,,
2025-04-02 05:20:00+00:00,,,4.657317540525308,
2025-04-02 15:05:00+00:00,0.019838529886828642,,,
2025-04-02 19:55:00+00:00,,0.24539522312358372,,
2025-04-02 20:15:00+00:00,0.020096133197409112,,,
2025-04-02 21:20:00+00:00,,,,0.3075584554546413
2025-04-02 22:20:00+00:00,,,4.555851408757286,
2025-04-04 10:20:00+00:00,0.01965442018973006,,,
2025-04-04 10:30:00+00:00,,,,0.3089272008708508
2025-04-04 10:45:00+00:00,,0.23968836414328346,,
2025-04-04 11:40:00+00:00,,,4.4905937785652155,
2025-04-05 13:20:00+00:00,,,,0.30628285610670736
2025-04-05 13:45:00+00:00,,0.2334135323724071,,
2025-04-05 15:40:00+00:00,0.019222416033959792,,,
2025-04-06 08:15:00+00:00,,,4.446068171934945,
2025-04-06 08:25:00+00:00,,,,0.3049279243803695
2025-04-07 13:40:00+00:00,,0.228059273634206,,
2025-04-07 13:50:00+00:00,0.019472019106160757,,,
2025-04-07 22:10:00+00:00,0.019724863274254257,,,
2025-04-08 01:55:00+00:00,,0.23437928799528607,,
2025-04-08 08:20:00+00:00,0.019291310779486148,,,
2025-04-08 15:15:00+00:00,,,,0.30971984236656097
2025-04-08 15:55:00+00:00,,,4.343691629419441,
2025-04-09 21:35:00+00:00,,0.24984171590059878,,
2025-04-09 22:55:00+00:00,0.020686092113338828,,,
2025-04-10 15:15:00+00:00,,,,0.32284639968335566
2025-04-10 15:45:00+00:00,,,4.413660359592782,
2025-04-11 09:25:00+00:00,0.020954701019430533,,,
2025-04-11 17:35:00+00:00,0.02122679781216784,,,
2025-04-12 14:30:00+00:00,0.021502427781758832,,,
2025-04-13 01:30:00+00:00,,0.25566398464960066,,
2025-04-13 06:00:00+00:00,,,4.619034299781255,
2025-04-13 12:30:00+00:00,,,,0.33956327496193
2025-04-13 13:55:00+00:00,0.021029804419115773,,,
2025-04-13 19:35:00+00:00,,0.2517173531721265,,
2025-04-15 17:25:00+00:00,,,,0.3390322967734799
2025-04-15 18:05:00+00:00,,,4.55393561131901,
2025-04-15 23:05:00+00:00,,0.24727833283516767,,
2025-04-15 23:40:00+00:00,0.02056756931798361,,,
2025-04-16 17:45:00+00:00,,0.24334314588180594,,
2025-04-18 22:05:00+00:00,,0.24288846253857138,,
2025-04-19 16:50:00+00:00,,,,0.34148514110552475
2025-04-20 07:10:00+00:00,,,,0.3386726079233403
2025-04-20 07:25:00+00:00,,,4.540756886365431,
2025-04-20 10:30:00+00:00,,0.24042950568956806,,
2025-04-21 00:05:00+00:00,,0.24184539311621703,,
2025-04-21 04:35:00+00:00,,0.24404362179850148,,
2025-04-21 11:25:00+00:00,,,,0.34656879978927324
2025-04-21 14:20:00+00:00,0.020834639205577623,,,
2025-04-21 14:25:00+00:00,,0.24647085889329587,,
2025-04-21 16:45:00+00:00,,0.24332503973463726,,
2025-04-22 13:30:00+00:00,,0.24672301214872214,,
2025-04-22 17:55:00+00:00,,0.2504517035925022,,
2025-04-22 18:55:00+00:00,0.02110517699566205,,,
2025-04-22 21:45:00+00:00,,0.2544969132970073,,
2025-04-23 15:20:00+00:00,,,,0.3639524862141683
2025-04-24 04:10:00+00:00,,,,0.3574091517091551
2025-04-24 04:15:00+00:00,,,4.938289656541781,
2025-04-24 08:30:00+00:00,,0.2495639155760802,,
2025-04-25 12:10:00+00:00,0.021379227718950723,,,
2025-04-26 09:45:00+00:00,,,4.966071784584758,
2025-04-26 11:40:00+00:00,,0.24579046215649006,,
2025-04-26 11:45:00+00:00,,,,0.36196056125205167
2025-04-27 05:30:00+00:00,,,,0.3591630319339993
2025-04-27 23:10:00+00:00,,,,0.35634074205284777
2025-04-28 00:15:00+00:00,,,4.884894892085111,
2025-04-28 10:35:00+00:00,,0.24793843241048166,,
2025-04-28 13:35:00+00:00,,0.2451748225827905,,
2025-04-28 15:50:00+00:00,,,4.838131861311204,0.3541471952159291
2025-05-02 13:00:00+00:00,,0.24417534808400426,,
2025-05-02 22:45:00+00:00,,,4.915863292191912,
2025-05-03 01:15:00+00:00,,,,0.3581730124280127
2025-05-06 08:25:00+00:00,,,,0.3536753105121852
2025-05-06 11:30:00+00:00,,,4.858684558059007,
2025-05-07 03:15:00+00:00,,,,0.35695682598066286
2025-05-07 10:50:00+00:00,,0.24600425488375444,,
2025-05-08 01:00:00+00:00,0.021656836990881292,,,
2025-05-08 15:20:00+00:00,,0.24812528709540682,,
2025-05-08 20:55:00+00:00,,0.2503836624522076,,
2025-05-08 21:15:00+00:00,0.021938051019207882,,,
2025-05-09 09:25:00+00:00,,,,0.373439243688195
2025-05-09 19:10:00+00:00,,0.2488130274857986,,
2025-05-11 02:50:00+00:00,,,,0.37052637054027304
2025-05-11 21:10:00+00:00,,0.24614225187547611,,
2025-05-12 07:00:00+00:00,0.022222916611692293,,,
2025-05-12 08:10:00+00:00,,,,0.36694125431491564
2025-05-12 15:40:00+00:00,,,5.237041366770158,
2025-05-14 03:40:00+00:00,,,5.2343353387295055,
2025-05-14 08:55:00+00:00,,,,0.36351182995187925
2025-05-17 01:10:00+00:00,,,,0.35948744614425515
2025-05-17 01:20:00+00:00,,,5.180694962900418,
2025-05-18 14:45:00+00:00,0.022511481183895114,,,
2025-05-18 18:00:00+00:00,,,,0.36272222628544487
2025-05-18 19:55:00+00:00,,0.2427383834444487,,
2025-05-19 00:40:00+00:00,,,,0.3601748487397423
2025-05-19 03:10:00+00:00,0.0220166788274731,0.2388695520879824,,
2025-05-19 04:00:00+00:00,,,5.168023239817313,
2025-05-20 00:15:00+00:00,0.022302565402047836,0.24104533377176773,,
2025-05-20 08:30:00+00:00,,,5.175666839650877,
2025-05-20 12:20:00+00:00,,,,0.3539551301797336
2025-05-21 10:00:00+00:00,,,5.165009287005727,
2025-05-21 14:50:00+00:00,,0.24373628857000307,,
2025-05-21 17:25:00+00:00,,,,0.3553436659289311
2025-05-21 17:30:00+00:00,0.021812355014510825,0.23802310275342917,,
2025-05-21 23:25:00+00:00,0.02209558844437425,,,
2025-05-22 03:45:00+00:00,,0.2412314740360922,,
2025-05-23 01:45:00+00:00,,0.23961118263444092,,
2025-05-23 06:20:00+00:00,,,5.228665761599446,
2025-05-23 11:45:00+00:00,,,,0.3546530260952311
2025-05-24 23:10:00+00:00,,,5.144585032754663,
2025-05-26 07:05:00+00:00,,0.2413314718943999,,
2025-05-27 01:10:00+00:00,,,,0.3539341334926449
2025-05-27 02:05:00+00:00,,,5.123397710311547,
2025-05-27 14:30:00+00:00,,,,0.3485157557642549
2025-05-27 22:00:00+00:00,,,5.080901808699822,
2025-05-30 07:35:00+00:00,,,,0.3445063934458858
2025-05-30 16:35:00+00:00,,,,0.33819481685486497
2025-06-01 01:40:00+00:00,,,,0.33857774069860513
2025-06-01 02:25:00+00:00,,,5.068621113890395,
2025-06-01 09:55:00+00:00,,,,0.33557614443227624
2025-06-02 03:50:00+00:00,,,5.072020923843332,
2025-06-02 10:20:00+00:00,,,,0.33543777415452836
2025-06-02 11:40:00+00:00,,0.23827483217925707,,
2025-06-03 08:45:00+00:00,,,5.032278275949904,
2025-06-04 12:50:00+00:00,,,4.955169873781789,
2025-06-04 13:00:00+00:00,,0.23619715408572275,,
2025-06-04 13:55:00+00:00,,,,0.3352132075520717
2025-06-05 06:45:00+00:00,,,,0.3324121298518151
2025-06-05 13:50:00+00:00,,0.23335495700024922,,
2025-06-05 14:10:00+00:00,,,,0.3298452915326399
2025-06-05 16:55:00+00:00,,,4.853564765024361,
2025-06-06 13:40:00+00:00,,0.2361213935191905,,
2025-06-08 09:10:00+00:00,,,,0.34021631219528364
2025-06-08 09:50:00+00:00,,,4.9589001350637565,
2025-06-08 22:40:00+00:00,,,,0.3396559997619546
2025-06-08 23:45:00+00:00,,,4.939601924474727,
2025-06-09 14:50:00+00:00,,0.23945500783928098,,
2025-06-09 19:25:00+00:00,,0.24102310399097732,,
2025-06-10 01:05:00+00:00,,0.24313457422748883,,
2025-06-10 14:45:00+00:00,,,,0.34824486323110815
2025-06-11 18:00:00+00:00,,0.23955084616631317,,
2025-06-11 18:05:00+00:00,,,,0.34612073590205256
2025-06-11 19:05:00+00:00,,,5.02195959397753,
2025-06-12 20:40:00+00:00,,,,0.34214911181894075
2025-06-12 20:55:00+00:00,,,4.897657511274578,
2025-06-14 07:15:00+00:00,,,4.847387186359875,0.3422343538950342
2025-06-15 06:35:00+00:00,,,,0.34214896515238147
2025-06-15 09:20:00+00:00,,,4.8130530410573105,
2025-06-15 20:40:00+00:00,,,,0.33989582659792167
2025-06-16 07:15:00+00:00,,0.24107384303999935,,
2025-06-16 14:40:00+00:00,,0.2426685213011626,,
2025-06-16 22:05:00+00:00,,0.24453477573642984,,
2025-06-16 23:45:00+00:00,,,,0.3444343610063624
2025-06-17 00:10:00+00:00,,,4.81581002483183,
2025-06-18 10:05:00+00:00,,,,0.34289904952148736
2025-06-18 10:50:00+00:00,,,4.758307992628045,
2025-06-19 14:55:00+00:00,,,,0.3393696647556369
2025-06-20 14:45:00+00:00,,0.24108119498214442,,0.33935527817014144
2025-06-20 15:20:00+00:00,,,4.694334929815032,
2025-06-21 17:35:00+00:00,,,,0.33785054380070273
2025-06-21 19:05:00+00:00,,,4.62789111878687,
2025-06-22 13:30:00+00:00,,,,0.3304684388398056
2025-06-23 13:55:00+00:00,0.022492867124604094,,,
2025-06-23 16:25:00+00:00,,,,0.33225212060938364
2025-06-23 18:15:00+00:00,,0.24504463974957685,,
2025-06-23 22:10:00+00:00,0.02289728887550448,,,
2025-06-24 16:55:00+00:00,,0.24973822385859917,,
2025-06-25 13:45:00+00:00,0.02330898212948605,,,
2025-06-26 11:45:00+00:00,,,4.9095472713282176,
2025-06-26 13:55:00+00:00,,,,0.34466965129473576
2025-06-27 08:20:00+00:00,,,,0.34145439448547094
2025-06-28 13:25:00+00:00,,,,0.34106548463778175
2025-06-29 16:25:00+00:00,,,,0.34088529768961057
2025-06-29 16:45:00+00:00,,0.24755981924263384,,
2025-06-30 06:40:00+00:00,,,,0.34060666069772744
2025-06-30 08:55:00+00:00,,0.24580630017581173,,
2025-06-30 14:05:00+00:00,,,,0.33826368865271134
2025-07-01 09:35:00+00:00,,,,0.33473761734041957
2025-07-01 15:10:00+00:00,,,,0.3306967450085532
2025-07-02 10:50:00+00:00,,0.2479511779746946,,
2025-07-02 16:05:00+00:00,,0.24991409694175595,,
2025-07-03 12:45:00+00:00,,,,0.33933134442566815
2025-07-04 04:45:00+00:00,,,,0.33489898270300944
2025-07-04 06:40:00+00:00,,0.24808292488772768,,
2025-07-04 13:45:00+00:00,,,,0.3316625259874587
2025-07-04 14:20:00+00:00,,,4.929281733678216,
2025-07-06 09:45:00+00:00,,,,0.3310715195248592
2025-07-06 21:30:00+00:00,,0.24912637010103286,,
2025-07-07 12:05:00+00:00,,,,0.3317453458905754
2025-07-07 12:10:00+00:00,,0.24715296625574654,,
2025-07-07 17:15:00+00:00,,,4.89007055736247,
2025-07-08 02:10:00+00:00,,,,0.32888645999186517
2025-07-08 16:05:00+00:00,,,,0.3285626987601068
2025-07-09 04:25:00+00:00,,,,0.3256026080126888
2025-07-09 14:35:00+00:00,,,,0.32439986272917654
2025-07-10 01:50:00+00:00,,0.24884328788262847,,
2025-07-10 13:40:00+00:00,,,,0.32688735979969297
2025-07-10 17:05:00+00:00,0.02361164926243742,,,
2025-07-10 21:15:00+00:00,0.02391824652811017,,,
2025-07-11 00:20:00+00:00,,0.2546259297745344,,
2025-07-11 05:25:00+00:00,,0.2583028518994396,,
2025-07-11 05:35:00+00:00,0.02422882495927768,,,
2025-07-11 16:05:00+00:00,,,,0.34253272913063104
2025-07-12 15:25:00+00:00,,,,0.3397463517517146
2025-07-12 20:05:00+00:00,,0.25717159212992496,,
2025-07-14 08:45:00+00:00,,0.2639711509846034,,
2025-07-14 14:25:00+00:00,,0.26035325274083365,,
2025-07-14 15:10:00+00:00,,,,0.3475544975329457
2025-07-14 15:45:00+00:00,0.02369627538667276,,,
2025-07-15 02:50:00+00:00,,,5.321924334417312,
2025-07-17 01:45:00+00:00,,,,0.3484409963239937
2025-07-18 08:30:00+00:00,,,,0.3486520618431383
2025-07-18 14:20:00+00:00,,0.2561884032305845,,0.34433059538448596
2025-07-18 15:30:00+00:00,,,5.2881064532604904,
2025-07-19 14:35:00+00:00,,,,0.3433566472463536
2025-07-20 22:05:00+00:00,,,,0.3412847891996378
2025-07-20 23:15:00+00:00,,,5.225258631145159,
2025-07-21 11:55:00+00:00,,,,0.3415143283707518
2025-07-21 17:45:00+00:00,,0.25336395291569064,,
2025-07-21 19:30:00+00:00,,,5.155041884025955,
2025-07-22 01:15:00+00:00,,,,0.3344547700357477
2025-07-22 14:00:00+00:00,,,,0.33490255837446437
2025-07-22 18:55:00+00:00,,0.2560658694689195,,
2025-07-23 03:45:00+00:00,,,,0.3323381713897974
2025-07-23 10:10:00+00:00,,0.2519008107786121,,
2025-07-23 13:50:00+00:00,,,,0.3282372536050163
2025-07-24 04:40:00+00:00,,,,0.3260548296906404
2025-07-24 07:05:00+00:00,,,5.102635523977119,
2025-07-25 01:15:00+00:00,,,,0.32242830939793
2025-07-25 01:35:00+00:00,,,5.038251689837007,
2025-07-27 11:15:00+00:00,,0.2535845345988547,,
2025-07-28 10:40:00+00:00,,,,0.3291169169359204
2025-07-28 13:25:00+00:00,,0.2512445218969042,,
2025-07-31 07:15:00+00:00,,0.25288230650658017,,
2025-07-31 19:10:00+00:00,,,4.992805464671644,
2025-08-05 03:50:00+00:00,,,4.989978710938224,
2025-08-07 04:45:00+00:00,,,4.949756074584569,
2025-08-07 13:25:00+00:00,,0.25446087025439745,,
2025-08-07 19:45:00+00:00,,0.2559578340664238,,
2025-08-08 00:15:00+00:00,,,,0.32789308366603975
2025-08-08 01:00:00+00:00,,,,0.3254688725580219
2025-08-08 16:30:00+00:00,,,4.929197456716404,
2025-08-09 11:10:00+00:00,,,,0.3240219646723314
2025-08-09 19:05:00+00:00,,,4.8709365412518855,
2025-08-10 05:15:00+00:00,,,,0.3239605712693615
2025-08-10 12:15:00+00:00,,0.25692336586451325,,
2025-08-10 17:25:00+00:00,,,,0.3225490957263857
2025-08-11 07:10:00+00:00,,0.2613473872045249,,
2025-08-11 07:55:00+00:00,,,,0.32836375859066197
2025-08-11 13:00:00+00:00,0.023293794149230124,,,
2025-08-11 13:20:00+00:00,,,4.92305045015086,
2025-08-13 13:50:00+00:00,,0.2631858012298184,,
2025-08-13 15:20:00+00:00,,0.25934284340234864,,
2025-08-14 00:25:00+00:00,,0.261403670929223,,
2025-08-14 04:10:00+00:00,,,,0.3300350119655075
2025-08-14 05:40:00+00:00,,0.25732480472208413,,
2025-08-14 07:35:00+00:00,,,4.9552711749104565,
2025-08-17 19:30:00+00:00,,,4.922724520920012,
2025-08-19 03:30:00+00:00,,0.2545295302653288,,
2025-08-22 18:15:00+00:00,0.023693628486146326,,,
2025-08-22 19:10:00+00:00,,0.2575103293724388,,
2025-08-23 11:30:00+00:00,,,4.8625816150904075,
2025-08-28 08:45:00+00:00,0.023929420200750964,,,
2025-08-29 07:05:00+00:00,0.023522978998641208,,,
2025-08-29 13:55:00+00:00,0.023123441200349287,,,
2025-08-31 03:45:00+00:00,0.023308197495540077,,,
2025-08-31 12:05:00+00:00,,,4.81427153478796,
2025-09-01 00:00:00+00:00,,,4.762113956406234,
2025-09-01 00:25:00+00:00,0.02291230776107833,,,
2025-09-01 13:00:00+00:00,0.023095377100089343,,,
2025-09-01 13:25:00+00:00,,0.25865464875447913,,
2025-09-01 21:50:00+00:00,,,4.666990045663817,
2025-09-02 06:20:00+00:00,,0.26033269688090205,,
2025-09-02 07:00:00+00:00,0.023329825598690394,,,
2025-09-02 12:55:00+00:00,,,4.5887081832994445,
2025-09-03 14:40:00+00:00,0.02351623090522393,0.26247920646207396,,
2025-09-04 05:00:00+00:00,0.023116807723298702,,4.556240481872769,
2025-09-05 09:15:00+00:00,,,,0.3287467015101809
2025-09-05 10:55:00+00:00,0.02335007244599899,,,
2025-09-05 12:40:00+00:00,,,,0.32710903168737615
2025-09-05 13:35:00+00:00,,,,0.32461787920630547
2025-09-05 14:15:00+00:00,0.022953471465503698,,,
2025-09-05 15:10:00+00:00,,,4.512554749146091,
2025-09-08 13:05:00+00:00,0.02313686970251307,,,
2025-09-08 14:30:00+00:00,,0.2632948997541826,,
2025-09-09 01:30:00+00:00,,,4.510744534156223,
2025-09-09 14:35:00+00:00,,0.2599276197000507,,
2025-09-09 15:20:00+00:00,,,4.452325659149374,
2025-09-09 15:35:00+00:00,0.022743889970615883,,,
2025-09-10 12:30:00+00:00,0.022925613651481103,,,
2025-09-10 12:45:00+00:00,,,,0.32278476219415064
2025-09-10 16:15:00+00:00,,,,0.3225599808686347
2025-09-11 09:10:00+00:00,,,,0.32076542121827145
2025-09-11 11:35:00+00:00,,0.2588167968165943,,
2025-09-11 12:10:00+00:00,0.023108789304556437,,,
2025-09-11 12:35:00+00:00,,,,0.31817134451104734
2025-09-11 14:15:00+00:00,,,,0.3164673961399121
2025-09-12 01:25:00+00:00,,,,0.31867464518067434
2025-09-12 18:05:00+00:00,0.023309797625392138,,,
2025-09-12 20:20:00+00:00,,,,0.3173872674321803
2025-09-12 22:35:00+00:00,,0.257806760519887,,
2025-09-13 17:00:00+00:00,,,4.561907065304448,
2025-09-15 06:30:00+00:00,,,,0.31595453907563614
2025-09-15 08:45:00+00:00,,0.255297939952335,,
2025-09-15 09:10:00+00:00,,,4.499502687072856,
2025-09-16 17:40:00+00:00,,,,0.3142228791273341
2025-09-17 03:25:00+00:00,,,,0.31280809520248787
2025-09-17 05:55:00+00:00,0.02349604290841902,,,
2025-09-17 08:30:00+00:00,,,,0.31142144920411247
2025-09-17 14:25:00+00:00,,,4.4857708811674035,
2025-09-17 14:30:00+00:00,0.02309696261961952,,,
2025-09-17 16:40:00+00:00,,0.252760331216043,,
2025-09-18 03:10:00+00:00,0.02328150735095028,,,
2025-09-18 04:35:00+00:00,,,,0.31066109063500863
2025-09-18 19:35:00+00:00,,,,0.30846761182143
2025-09-19 10:20:00+00:00,,,4.432156409107873,
2025-09-19 15:00:00+00:00,0.02288607094859439,,,
2025-09-21 02:00:00+00:00,,,4.400547529124152,
2025-09-24 04:10:00+00:00,0.022497351033532516,,,
2025-09-25 03:55:00+00:00,,,4.36556647232036,
2025-09-25 12:30:00+00:00,0.022115233526227965,,,
2025-09-28 20:20:00+00:00,,0.2532499309298338,,
2025-09-29 02:10:00+00:00,,0.25507734280625827,,
2025-09-29 13:40:00+00:00,0.022402399833566036,,,
2025-09-29 17:45:00+00:00,,0.2559599392399375,,
2025-09-30 04:25:00+00:00,,,,0.30835824561709263
2025-09-30 05:05:00+00:00,,,4.510911067852328,
2025-10-01 08:25:00+00:00,0.02269329499540489,,,
2025-10-01 08:30:00+00:00,,0.25716675371972514,,
2025-10-01 14:00:00+00:00,,0.25852614553598047,,
2025-10-01 14:15:00+00:00,0.02298796743092022,,,
2025-10-01 17:10:00+00:00,,,,0.31392493968561913
2025-10-02 00:45:00+00:00,,,,0.31391528174491296
2025-10-02 12:40:00+00:00,0.02328646618801072,,,
2025-10-02 14:45:00+00:00,,,,0.31186519974081817
2025-10-02 16:00:00+00:00,,0.2599339863513148,,
2025-10-02 17:25:00+00:00,,,,0.31012518475005685
2025-10-02 21:55:00+00:00,,,,0.30892054949703324
2025-10-03 05:50:00+00:00,,,4.727309502030501,
2025-10-03 12:25:00+00:00,,0.2589667492717625,,
2025-10-03 15:30:00+00:00,0.023588840951462034,,,
2025-10-03 17:00:00+00:00,,,,0.3115924346703693
2025-10-04 01:45:00+00:00,,,4.703404924998477,
2025-10-04 09:20:00+00:00,,0.25915946513242283,,
2025-10-04 11:20:00+00:00,,,4.665857150561463,
2025-10-05 02:30:00+00:00,0.023895142051216765,,,
2025-10-05 02:45:00+00:00,,,,0.30981923325206523
2025-10-05 07:35:00+00:00,,,,0.30758545822078515
2025-10-05 16:50:00+00:00,,0.2548976760427285,,
2025-10-06 18:55:00+00:00,0.02420542047075181,,,
2025-10-06 20:20:00+00:00,,,,0.3055435914165678
2025-10-07 15:05:00+00:00,0.023673385328804687,,,
2025-10-09 01:10:00+00:00,,,4.6088412595966695,
2025-10-09 14:20:00+00:00,,0.2503045436578792,,
2025-10-09 14:40:00+00:00,,,4.552300712360942,
2025-10-09 16:50:00+00:00,0.023153044319277557,,,
2025-10-10 15:30:00+00:00,0.022644140405139835,,,
2025-10-11 18:45:00+00:00,,0.2505023391917814,,
2025-10-11 20:55:00+00:00,0.02214642219903486,,,
2025-10-12 15:05:00+00:00,0.022433993491289324,,,
2025-10-12 21:10:00+00:00,0.022725298896773716,,,
2025-10-14 04:45:00+00:00,0.02222579682702263,,,
2025-10-14 21:55:00+00:00,0.022514398798821514,,,
2025-10-15 10:50:00+00:00,,0.24892019878636243,,
2025-10-15 13:45:00+00:00,0.022019532313223417,,,
2025-10-17 07:05:00+00:00,0.021535542992978763,,,
2025-10-19 09:45:00+00:00,0.021815182018742586,,,
2025-10-20 00:25:00+00:00,,0.24497799156753575,,
2025-10-20 03:50:00+00:00,0.022098452157255956,,,
2025-10-20 08:30:00+00:00,,0.246645674179671,,
2025-10-20 17:40:00+00:00,,,4.5085850064304065,
2025-10-21 04:10:00+00:00,0.02161272817883947,,,
2025-10-21 17:20:00+00:00,,,,0.30002062346885666
2025-10-21 18:15:00+00:00,,0.249954516218438,,
2025-10-21 19:55:00+00:00,0.02221857104681471,,,
2025-10-21 20:35:00+00:00,,,4.4288521138893175,
2025-10-23 06:15:00+00:00,0.022507079191857595,,,
2025-10-23 21:40:00+00:00,,,4.389748571201732,
2025-10-24 07:05:00+00:00,0.022799333615163862,,,
2025-10-26 22:00:00+00:00,,0.2515716378550613,,
2025-10-27 06:45:00+00:00,0.02298150029074902,0.2535380681122745,,
2025-10-27 13:35:00+00:00,,,,0.3016243838855053
2025-10-28 14:45:00+00:00,,,,0.29746070033716904
2025-10-28 19:15:00+00:00,,0.24912564002509313,,
2025-10-28 20:00:00+00:00,0.022476366914358357,,4.328320220648902,
2025-10-30 04:20:00+00:00,0.02198233636958076,,,
2025-10-30 12:20:00+00:00,0.021499164616177374,,,
2025-10-31 00:50:00+00:00,0.02167094294146063,,,
2025-10-31 09:15:00+00:00,0.0218440937755629,,,
2025-11-01 00:20:00+00:00,,,,0.2940499175334547
2025-11-01 15:30:00+00:00,,0.2503184353547665,,
2025-11-02 16:00:00+00:00,,,,0.2919895750838794
2025-11-02 16:20:00+00:00,,,4.3342591288314445,
2025-11-04 05:40:00+00:00,0.02136396059437603,,,
2025-11-05 01:25:00+00:00,0.020894380740511642,,,
2025-11-05 14:40:00+00:00,0.02106132684262833,,,
2025-11-05 16:55:00+00:00,0.021229606844100933,,,
2025-11-05 19:15:00+00:00,,0.2560997212069996,,
2025-11-06 12:40:00+00:00,,,,0.28789335855319015
2025-11-06 15:40:00+00:00,0.020762980085667595,,,
2025-11-06 15:50:00+00:00,,,4.260324207415355,
2025-11-07 11:10:00+00:00,0.020306609783384617,,,
2025-11-07 20:25:00+00:00,0.020684699274598112,,,
2025-11-08 06:00:00+00:00,,,,0.2864487172201387
2025-11-08 14:15:00+00:00,0.020230049584542446,,,
2025-11-08 14:20:00+00:00,,,4.206613196169172,
2025-11-09 08:00:00+00:00,,0.2546040519675308,,
2025-11-09 16:45:00+00:00,0.02039168768072294,,,
2025-11-10 00:20:00+00:00,,0.25814999498930724,,
2025-11-10 01:55:00+00:00,0.020557749655481208,,,
2025-11-10 14:50:00+00:00,,,,0.2933514400545666
2025-11-11 01:15:00+00:00,0.0207220060752285,,,
2025-11-11 05:15:00+00:00,0.020266536381694976,,,
2025-11-11 06:05:00+00:00,,,,0.2885636739288697
2025-11-11 12:45:00+00:00,,0.25328028476535264,,
2025-11-11 13:20:00+00:00,,,4.26653118221476,
2025-11-12 15:15:00+00:00,,,,0.28336272390852335
2025-11-12 15:40:00+00:00,0.01982107791202532,,,
2025-11-12 15:45:00+00:00,,,4.20279397852395,
2025-11-13 14:35:00+00:00,,0.24754100690394837,,
2025-11-13 16:05:00+00:00,,,4.099899610167208,
2025-11-13 16:10:00+00:00,0.019385410619519004,,,
2025-11-14 04:30:00+00:00,0.018959319294101978,,,
2025-11-14 20:40:00+00:00,0.018542593456017616,,,
2025-11-15 06:10:00+00:00,0.018690748777731196,,,
2025-11-16 13:40:00+00:00,,,,0.27910344563350425
2025-11-16 16:00:00+00:00,,,4.009073141491081,
2025-11-17 07:35:00+00:00,0.018840087860465267,,,
2025-11-17 13:40:00+00:00,0.01842598272929224,,,
2025-11-17 16:05:00+00:00,,,,0.2711240192764928
2025-11-17 17:40:00+00:00,,0.24140179432856346,,
2025-11-18 14:30:00+00:00,0.01857320633129929,,,
2025-11-18 17:35:00+00:00,0.01872630773157582,,,
2025-11-19 04:30:00+00:00,0.01831470348763578,,,
2025-11-19 04:50:00+00:00,,,3.944249778911667,
2025-11-19 15:50:00+00:00,0.017912146304977547,,,
2025-11-20 03:20:00+00:00,0.018303909868255603,,,
2025-11-20 14:00:00+00:00,,,,0.2662843551882725
2025-11-20 15:20:00+00:00,,,3.8862200291988005,
2025-11-20 16:10:00+00:00,,0.23379104456248292,,
2025-11-21 02:50:00+00:00,0.017901589929351345,,,
2025-11-21 14:30:00+00:00,0.01804462363288686,,,
2025-11-21 15:40:00+00:00,0.017618164936554062,,,
2025-11-23 01:55:00+00:00,0.017760192121632882,,,
2025-11-23 04:45:00+00:00,0.017902096056684733,,,
2025-11-23 05:25:00+00:00,,0.23583477698217156,,
2025-11-23 21:40:00+00:00,0.018045133804177643,,,
2025-11-24 00:15:00+00:00,0.01764850176316182,,,
2025-11-24 00:20:00+00:00,,,,0.26812750554553105
2025-11-24 09:20:00+00:00,0.017260587694407522,,,
2025-11-24 10:00:00+00:00,,,3.897263182177883,
2025-11-24 19:50:00+00:00,0.017466293625414644,,,
2025-11-25 07:50:00+00:00,,,,0.2659419308423894
2025-11-25 09:00:00+00:00,,,3.848419547437416,
2025-11-26 22:30:00+00:00,0.017760755521991654,0.23981068378863565,,
2025-11-28 16:30:00+00:00,,,,0.27037619075678204
2025-11-28 17:45:00+00:00,,,3.8910974373473186,
2025-11-30 23:20:00+00:00,,,3.860263888211041,
2025-12-02 01:05:00+00:00,0.017991378932444714,,,
2025-12-02 13:55:00+00:00,,0.24389437170530254,,
2025-12-02 20:05:00+00:00,0.018621176656236568,0.25124346312376367,,
2025-12-03 04:25:00+00:00,0.0188629726351178,,,
2025-12-04 17:45:00+00:00,,,3.9892624621369484,
2025-12-04 19:15:00+00:00,0.01844836449659791,,,0.26867714956728805
2025-12-04 20:05:00+00:00,,0.24683231878243103,,
2025-12-07 21:55:00+00:00,,,,0.2670452965211417
2025-12-07 22:05:00+00:00,0.018042869444962688,0.24235845973016534,,
2025-12-07 22:30:00+00:00,,,3.920837090595571,
2025-12-08 15:15:00+00:00,,,,0.26199664832387737
2025-12-08 15:30:00+00:00,,,3.8424186890044454,
2025-12-09 05:15:00+00:00,,0.237338515724476,,
2025-12-09 20:35:00+00:00,0.01832703188171416,,,
2025-12-09 21:55:00+00:00,,,,0.2599941129936436
2025-12-10 20:10:00+00:00,,0.24119873758771163,,
2025-12-10 20:50:00+00:00,0.017924203720954084,,,
2025-12-10 21:05:00+00:00,,0.2350171924171735,,
2025-12-11 00:30:00+00:00,,,3.7914321149383645,
2025-12-12 15:35:00+00:00,,,3.6932652138003226,
2025-12-12 15:55:00+00:00,0.01753022972316751,,,
2025-12-12 16:00:00+00:00,,0.22881066843490225,,
2025-12-15 14:50:00+00:00,,0.22553922755422973,,
2025-12-17 15:55:00+00:00,0.017144915273852288,,,0.25471076074214694
2025-12-17 16:10:00+00:00,,0.21936730610893848,,
2025-12-17 16:35:00+00:00,,,3.5566094066257397,
2025-12-18 17:05:00+00:00,0.016768070036133016,0.2130878920790236,,
2025-12-18 17:25:00+00:00,,,3.4229495164198664,
2025-12-19 15:10:00+00:00,0.016985803425552205,,,
2025-12-20 21:40:00+00:00,,0.21333562024683075,,
2025-12-21 14:00:00+00:00,,,3.4059346667063948,
2025-12-22 02:00:00+00:00,,0.2105792107330476,,
2025-12-22 02:15:00+00:00,,,,0.250508541942423
2025-12-22 19:00:00+00:00,,0.20718480533039083,,
2025-12-22 19:05:00+00:00,,,,0.2467786753855543
2025-12-22 19:40:00+00:00,,,3.3597914252743655,
2025-12-25 20:25:00+00:00,,,,0.2452792461393304
2025-12-25 22:45:00+00:00,,,3.326753603450575,
2025-12-26 07:45:00+00:00,,,,0.24486779999564584
2025-12-26 07:55:00+00:00,,0.2051038932111583,,
2025-12-26 14:55:00+00:00,0.016697299554369202,,3.2640029070213954,
2025-12-28 05:35:00+00:00,,,3.2568835153817757,
2025-12-29 01:15:00+00:00,,0.2039874616589543,,
2025-12-29 06:15:00+00:00,,0.20766120690750609,,
2025-12-29 07:05:00+00:00,,0.2062007892417606,,
2025-12-29 08:50:00+00:00,,,,0.24820066466850782
2025-12-29 09:40:00+00:00,,,3.263344878608754,
2025-12-29 09:45:00+00:00,0.01641369592143824,,,
2025-12-30 20:50:00+00:00,,,3.2618470516797355,
2025-12-31 15:10:00+00:00,,,3.2327168952110816,
2026-01-02 14:10:00+00:00,,0.2046320355057413,,0.247756819706782
2026-01-02 14:30:00+00:00,,,3.2586875711374623,
2026-01-02 15:20:00+00:00,,,,0.24447029273064202
2026-01-02 16:40:00+00:00,,0.20271617524532587,,
2026-01-02 18:45:00+00:00,,0.20077603620172574,,
2026-01-03 03:25:00+00:00,,,,0.24416790843661076
2026-01-03 05:55:00+00:00,,,3.230201879242755,
2026-01-04 12:35:00+00:00,,,,0.24427533735709095
2026-01-04 12:55:00+00:00,,,3.2535435661494487,
2026-01-04 17:40:00+00:00,,0.20041565253514712,,
2026-01-05 04:15:00+00:00,,0.2011944001167685,,
2026-01-05 04:30:00+00:00,,,,0.24527671224046113
2026-01-05 18:55:00+00:00,,0.20224682506510155,,
2026-01-05 20:25:00+00:00,0.016626827762978115,,,
2026-01-06 00:25:00+00:00,,,,0.24555948117108486
2026-01-06 00:35:00+00:00,,,3.3096738560674988,
2026-01-06 16:30:00+00:00,,,3.2639743880810146,
2026-01-07 01:15:00+00:00,,0.19987982346234964,,
2026-01-09 08:05:00+00:00,,,3.236994852514278,
2026-01-09 08:35:00+00:00,,0.19750532617690308,,
2026-01-09 18:30:00+00:00,,,,0.2417910108517038
2026-01-11 19:55:00+00:00,,,3.2291003464076895,
2026-01-12 00:35:00+00:00,,0.19630522431605818,,
2026-01-12 01:35:00+00:00,,0.19497018454835144,,
2026-01-12 05:05:00+00:00,,0.19597812644478926,,
2026-01-12 07:35:00+00:00,,0.1945555549409673,,
2026-01-12 07:40:00+00:00,,,,0.2421570070086535
2026-01-12 08:00:00+00:00,,,3.2104267637941315,
2026-01-12 08:35:00+00:00,0.01634442109342393,,,
2026-01-12 17:30:00+00:00,,0.19286660173272552,,
2026-01-12 21:50:00+00:00,,0.19102683283555189,,
2026-01-12 22:00:00+00:00,,,3.1826692509089427,
2026-01-13 14:00:00+00:00,,,,0.2401286751082586
2026-01-13 20:20:00+00:00,,0.19245338665813363,,
2026-01-13 22:10:00+00:00,0.016556653401322036,,,
2026-01-14 04:40:00+00:00,,,,0.24646613472027712
2026-01-14 06:15:00+00:00,,,3.272288657941516,
2026-01-14 06:35:00+00:00,,0.19003775776551896,,
2026-01-14 15:10:00+00:00,0.0167716415457382,,,
2026-01-15 00:35:00+00:00,,,3.289478535441329,0.24600908666524224
2026-01-15 03:25:00+00:00,,0.18766708409706062,,
2026-01-15 15:00:00+00:00,,,3.2457838097054115,
2026-01-15 19:30:00+00:00,0.016486775214083836,,,
2026-01-17 22:25:00+00:00,,,3.2273345685620005,
2026-01-18 23:35:00+00:00,,,3.1897194380749574,
2026-01-21 08:45:00+00:00,,,3.1491860617618603,
2026-01-21 17:00:00+00:00,,,3.04740279423167,
2026-01-22 14:00:00+00:00,,,3.018376204659798,
2026-01-22 14:25:00+00:00,,0.18563788565764316,,
2026-01-22 15:20:00+00:00,0.01620674733707262,,,
2026-01-23 19:15:00+00:00,,0.18322980414213857,,
2026-01-23 19:30:00+00:00,0.01593147573355244,,,0.2434074047364809
2026-01-23 20:55:00+00:00,,,2.9812256518042823,
2026-01-26 08:20:00+00:00,,0.184106064044168,,
2026-01-28 03:15:00+00:00,,,,0.24299438020351657
2026-01-28 13:10:00+00:00,,0.1856154440841873,,
2026-01-28 14:35:00+00:00,,,,0.2433323812425649
2026-01-28 18:45:00+00:00,,,,0.24031356489649142
2026-01-29 02:45:00+00:00,0.015660879618218052,,,
2026-01-31 08:15:00+00:00,0.015394879577902618,,,
2026-02-01 14:30:00+00:00,0.015133397548271943,,,
2026-02-02 14:35:00+00:00,0.015405496036189872,,,
2026-02-03 02:55:00+00:00,0.015143833686015186,,,
2026-02-04 14:55:00+00:00,0.01488661567085822,,,
2026-02-06 02:25:00+00:00,0.014633766503688693,,,
2026-02-06 03:50:00+00:00,0.01438521197962354,,,
2026-02-06 05:50:00+00:00,,0.19151961348014923,,
2026-02-06 09:35:00+00:00,0.014643858091017174,,,
2026-02-06 21:05:00+00:00,0.015468256027274186,,,
2026-02-07 00:00:00+00:00,0.015205527698650934,,,
2026-02-07 00:10:00+00:00,,,2.9977123436262416,
2026-02-07 07:15:00+00:00,,0.18215977429346933,,
2026-02-07 12:50:00+00:00,0.014947261810689347,,,
2026-02-08 11:15:00+00:00,0.01521601357804554,,,
2026-02-08 23:05:00+00:00,0.015489597502178798,,,
2026-02-08 23:20:00+00:00,,,,0.23723490497885494
2026-02-10 03:25:00+00:00,0.015226506688604292,,,
2026-02-10 06:40:00+00:00,,0.17784723528224045,,
2026-02-11 14:35:00+00:00,0.01496788447249835,,,
2026-02-12 14:50:00+00:00,,,2.9677885411003264,
2026-02-12 16:10:00+00:00,0.014713654954732964,,,
2026-02-13 20:15:00+00:00,,,,0.23794393870647104
2026-02-14 08:05:00+00:00,0.014978206470819065,,,
2026-02-14 08:55:00+00:00,,0.17981249564868715,,
2026-02-14 12:45:00+00:00,,,,0.23890674390689967
2026-02-14 13:05:00+00:00,,,2.9550319571124506,
2026-02-14 13:15:00+00:00,0.014723801633912202,,,
2026-02-15 08:30:00+00:00,,,,0.2376489153290776
2026-02-21 16:15:00+00:00,,,,0.23699032023377986
2026-02-25 05:35:00+00:00,0.014547263252321595,,,
2026-02-25 14:35:00+00:00,,,,0.23611270216187416
2026-02-25 15:30:00+00:00,,0.18332148668847797,,
2026-02-25 19:10:00+00:00,,,,0.24290542854088165
2026-02-25 19:30:00+00:00,,0.1876619720441544,,
2026-02-25 21:45:00+00:00,,,,0.24127378304375208
2026-02-25 22:30:00+00:00,,,3.0746745282836643,
2026-03-01 02:00:00+00:00,,0.19104303441437018,,
2026-03-01 04:10:00+00:00,0.01437284156592626,,,
2026-03-02 16:15:00+00:00,0.014915009654889313,,,
2026-03-02 17:35:00+00:00,,,,0.24421290576384458
2026-03-02 19:15:00+00:00,,,3.082911961813166,
2026-03-03 09:25:00+00:00,,0.18607225054250123,,
2026-03-04 07:45:00+00:00,0.015183181528484224,,,
2026-03-04 11:05:00+00:00,,,,0.24766739502988291
2026-03-04 11:40:00+00:00,,0.19190393438149925,,
2026-03-04 12:15:00+00:00,,,3.1283329257927845,
2026-03-04 14:30:00+00:00,0.015456175132366372,,,
2026-03-04 14:35:00+00:00,,,,0.24714227038357878
2026-03-04 16:20:00+00:00,0.0152708555925293,,,
2026-03-04 18:10:00+00:00,,,,0.2480794105262303
2026-03-04 20:05:00+00:00,,,,0.24629936939772312
2026-03-05 16:05:00+00:00,,0.18676939878509066,,
2026-03-08 11:20:00+00:00,,,3.101088991973559,
2026-03-09 07:15:00+00:00,0.015087758033974875,0.18319394144035836,,
2026-03-09 10:00:00+00:00,,,,0.2446573514763031
2026-03-09 15:35:00+00:00,,,,0.2454063381402504
2026-03-09 19:40:00+00:00,,,,0.2428210339128773
2026-03-10 03:40:00+00:00,0.014906855815147517,,,0.24418376915640316
2026-03-10 08:05:00+00:00,,0.18630577682889587,,
2026-03-10 10:15:00+00:00,,,,0.24457359994770414
2026-03-10 17:25:00+00:00,,,,0.24339441899230352
2026-03-10 17:35:00+00:00,0.014728122613923898,,,
2026-03-11 13:50:00+00:00,0.014551532423782949,,,
2026-03-13 00:45:00+00:00,,,,0.2429002306179491
2026-03-13 02:55:00+00:00,,,3.0593509724944505,
2026-03-13 08:55:00+00:00,,,,0.241438422074567
2026-03-13 13:15:00+00:00,,0.18919543032390992,,
2026-03-13 14:40:00+00:00,,,,0.24454874487038616
2026-03-13 15:00:00+00:00,,,3.045094200112937,
2026-03-15 01:25:00+00:00,,,3.0270608464289195,
2026-03-15 18:10:00+00:00,,,,0.24339128932866053
2026-03-15 22:05:00+00:00,,,,0.24273378340645377
2026-03-15 23:20:00+00:00,,,,0.24317657415650426
2026-03-16 01:15:00+00:00,,,2.9950905726421215,
2026-03-16 03:30:00+00:00,,0.19065709168354122,,
2026-03-16 03:45:00+00:00,,,,0.24413394375477526
2026-03-16 05:30:00+00:00,,,,0.24181239585461098
2026-03-16 08:30:00+00:00,0.01437705955002179,,,
2026-03-16 13:50:00+00:00,,,,0.23966748812054361
2026-03-16 21:35:00+00:00,,0.19253821154455925,,
2026-03-16 23:00:00+00:00,,,,0.2389175049756059
2026-03-17 00:25:00+00:00,,,,0.23845322311560166
2026-03-17 02:05:00+00:00,,,,0.23729807861083183
2026-03-21 02:35:00+00:00,,0.1926892824691761,,
2026-03-23 11:15:00+00:00,,,,0.23551097971241633
2026-03-23 12:05:00+00:00,0.014086896309394721,,,
2026-03-23 15:20:00+00:00,,,,0.23371695152582184
2026-03-24 12:10:00+00:00,,,2.9941523266313,
2026-03-24 14:50:00+00:00,,0.18788011804740562,,
2026-03-25 11:45:00+00:00,,,,0.23275146953801457
2026-03-28 23:15:00+00:00,,,2.9663964846515634,0.23040955258497892
2026-03-30 14:45:00+00:00,,,,0.2292442137894641
2026-03-30 17:05:00+00:00,,,2.9431832570426675,
2026-03-31 01:30:00+00:00,,0.19089507982125406,,
2026-03-31 07:20:00+00:00,,,,0.22478278292386955
2026-03-31 08:35:00+00:00,,,2.900797995631279,
2026-03-31 08:40:00+00:00,0.013777266328514224,,,
2026-03-31 09:15:00+00:00,,0.18643237844722663,,
2026-04-01 13:45:00+00:00,,,,0.22322095751158788
2026-04-01 13:55:00+00:00,,,2.864214450669832,
2026-04-04 17:25:00+00:00,,0.18621741772851547,,
2026-04-05 01:10:00+00:00,,,2.8504270448898335,
2026-04-05 01:30:00+00:00,,,,0.222410105203175
2026-04-05 22:40:00+00:00,,0.18739856913476152,,
2026-04-06 03:10:00+00:00,,0.18986713099206468,,
2026-04-06 09:15:00+00:00,0.013956164131789978,,,
2026-04-06 22:30:00+00:00,,,2.8881935834185155,
2026-04-06 22:50:00+00:00,,0.18699215286849613,,
2026-04-06 22:55:00+00:00,,,,0.22516999866897075
2026-04-07 22:30:00+00:00,0.014137384923041268,,,
2026-04-08 00:35:00+00:00,0.01432095886626696,,,
2026-04-08 02:05:00+00:00,,0.19225093000718327,,
2026-04-08 13:45:00+00:00,,,,0.23045042388840617
2026-04-08 15:00:00+00:00,,,2.9208313510967847,
2026-04-10 04:25:00+00:00,,,2.8958389888513256,
2026-04-10 07:55:00+00:00,,,,0.22755398591474976
2026-04-10 20:30:00+00:00,0.014506916517145432,,,
2026-04-11 05:05:00+00:00,,,2.879123046890286,
2026-04-11 23:10:00+00:00,,,,0.22625824427805732
2026-04-12 00:15:00+00:00,,,2.8525246355842273,
2026-04-13 19:30:00+00:00,,0.19498217571187612,,
2026-04-13 23:50:00+00:00,,0.19826621792535254,,
2026-04-14 14:25:00+00:00,0.014695288828120566,,,
2026-04-14 15:10:00+00:00,,,,0.23552036105568291
2026-04-14 17:30:00+00:00,0.014372286379678478,,,
2026-04-14 18:45:00+00:00,,,2.9397693688115822,
2026-04-16 13:55:00+00:00,,,,0.23030211613186222
2026-04-17 10:30:00+00:00,,,,0.22885897486347617
2026-04-17 16:20:00+00:00,0.0145589105183186,,,
2026-04-17 16:55:00+00:00,,0.20192090876770263,,
2026-04-18 04:45:00+00:00,,,2.982190307044425,
2026-04-18 08:45:00+00:00,,,,0.22822974702261076
2026-04-18 10:05:00+00:00,,0.1974016735636432,,
2026-04-19 17:10:00+00:00,,,2.9394696228606993,
2026-04-21 03:00:00+00:00,,,2.9072790439669793,
2026-04-21 12:45:00+00:00,,,,0.2276953191683218
2026-04-21 13:40:00+00:00,,,2.8753395793119827,
2026-04-21 17:15:00+00:00,,0.19376897838392246,,
2026-04-22 12:10:00+00:00,,0.19700350183181117,,
2026-04-22 23:30:00+00:00,,,2.9153390418511105,
2026-04-23 00:10:00+00:00,,,,0.2305788711236113
2026-04-26 12:45:00+00:00,,,,0.22984808466640452
2026-04-26 21:45:00+00:00,,,,0.22848896125092955
2026-04-27 05:10:00+00:00,,0.1945315145380441,,
2026-04-27 05:15:00+00:00,,,,0.22720730792384625
2026-04-28 02:35:00+00:00,,,2.89127543803982,
2026-04-29 12:10:00+00:00,,,,0.2269129120536225
2026-04-29 12:25:00+00:00,,,2.8787222757113633,
2026-04-29 15:10:00+00:00,,0.19166740180300554,,
2026-05-01 04:25:00+00:00,,,,0.22651464893394663
2026-05-01 20:20:00+00:00,,,2.8788327406125696,
2026-05-01 20:50:00+00:00,,,,0.22726522753799802
2026-05-03 01:00:00+00:00,,,,0.22633570180089727
2026-05-03 14:00:00+00:00,,0.1910128031345981,,
2026-05-03 21:40:00+00:00,,,,0.2247511776375969
2026-05-03 23:20:00+00:00,,,,0.22267775614843396
2026-05-04 06:25:00+00:00,,,2.858503291176708,
2026-05-04 10:00:00+00:00,,,,0.22173172796511123
2026-05-04 10:05:00+00:00,0.014238905665125957,0.18864701245009033,,
2026-05-05 13:05:00+00:00,0.014423797855187616,,,
2026-05-05 13:20:00+00:00,,0.19116758570064926,,
2026-05-05 16:45:00+00:00,,,2.8348686165946315,
2026-05-05 22:35:00+00:00,,,,0.22210344743835156
2026-05-06 13:20:00+00:00,,,2.803941953218253,
2026-05-06 13:35:00+00:00,,,,0.2217320100850379
2026-05-09 23:20:00+00:00,,,2.7927115159320905,
2026-05-10 01:00:00+00:00,,,,0.22155949194494415
2026-05-10 20:30:00+00:00,,,2.775965773943119,0.2208809663725371
2026-05-10 20:40:00+00:00,,0.18939300240626028,,
2026-05-11 00:55:00+00:00,,0.18698108250380288,,
2026-05-11 01:00:00+00:00,,,2.739152521799188,
2026-05-11 02:20:00+00:00,,,,0.21934655068781972
2026-05-11 03:10:00+00:00,0.014106762778330591,0.1845744546128859,,
2026-05-12 01:35:00+00:00,,0.18176940412441547,,
2026-05-13 10:50:00+00:00,,,,0.2175985889494125
2026-05-14 19:00:00+00:00,,0.1836627854486036,,
2026-05-14 20:40:00+00:00,,,2.740562833751883,
2026-05-15 02:30:00+00:00,,,,0.21911858384334434
2026-05-15 13:35:00+00:00,0.013796696132462885,,,
2026-05-17 13:20:00+00:00,,,2.726931728098386,
2026-05-17 14:05:00+00:00,,,,0.21796247340544075
2026-05-20 13:35:00+00:00,,,,0.21701018887675794
2026-05-21 06:45:00+00:00,,,,0.2160251010089436
2026-05-21 10:00:00+00:00,,,,0.21406180312606352
2026-05-22 14:05:00+00:00,,0.18103400523106716,,
2026-05-23 22:35:00+00:00,,,,0.21455259793560816
2026-05-24 05:25:00+00:00,,,2.7680736141697104,
2026-05-24 13:25:00+00:00,,,,0.2129179363662586
2026-05-25 20:40:00+00:00,,,,0.21253205260736613
2026-05-26 15:20:00+00:00,,,,0.21019412304301638
2026-05-26 18:00:00+00:00,,,2.7145975894677585,
2026-05-27 13:25:00+00:00,,,,0.207514859115583
2026-05-27 13:40:00+00:00,,,2.6722243568066033,
2026-05-29 13:05:00+00:00,,,,0.20586330583060716
2026-05-29 13:25:00+00:00,,,2.650265396285083,
2026-05-29 23:20:00+00:00,,,,0.20373253831489757
2026-05-30 10:50:00+00:00,,0.17910867520051255,,
2026-05-31 10:20:00+00:00,,,,0.20323972670412413
2026-05-31 16:50:00+00:00,,,2.62362293186173,
2026-06-01 01:50:00+00:00,,,,0.20107197283628903
2026-06-01 06:40:00+00:00,,,2.593155065911873,
2026-06-03 16:20:00+00:00,0.01349344475147135,0.17463693799819577,,
2026-06-03 16:25:00+00:00,,,2.5274364872466744,
2026-06-04 09:15:00+00:00,0.01319685883583401,,,
2026-06-04 23:30:00+00:00,,0.17240985362907485,,
2026-06-05 02:20:00+00:00,0.012906791878622379,,,
2026-06-05 03:15:00+00:00,,,2.466222930830212,
2026-06-06 04:10:00+00:00,0.012623100593130258,,,
2026-06-06 04:45:00+00:00,,,2.380164465759792,
2026-06-06 16:20:00+00:00,,0.1687646222566906,,
2026-06-07 07:50:00+00:00,0.012787011554332052,,,
2026-06-07 19:15:00+00:00,,,,0.2022220659280047
2026-06-08 17:00:00+00:00,,0.16922599346196268,,
2026-06-09 00:25:00+00:00,,,,0.20187367759703953
2026-06-09 00:55:00+00:00,,,2.4343739733336456,
2026-06-09 13:20:00+00:00,0.012505953040367833,,,
2026-06-09 14:10:00+00:00,,,2.3847424730469857,
2026-06-10 09:20:00+00:00,0.012231072192540547,,,
2026-06-10 21:50:00+00:00,,0.1650815595002257,,
2026-06-10 21:55:00+00:00,0.011962233225748506,,,
2026-06-12 06:30:00+00:00,,,,0.20465642206554102
2026-06-13 02:45:00+00:00,,,,0.20336617720080874
2026-06-14 06:35:00+00:00,,,,0.20428013515410523
2026-06-14 14:45:00+00:00,,,2.4481173984931353,
2026-06-15 01:20:00+00:00,,0.16665415225139674,,
2026-06-15 11:15:00+00:00,0.01211756282418485,,,
2026-06-15 22:25:00+00:00,,,,0.20844378714679462
2026-06-16 02:25:00+00:00,,0.16403464289568678,,
2026-06-16 03:10:00+00:00,,,2.4820618516511335,
2026-06-16 14:15:00+00:00,,0.16105609898558712,,0.2056663846050543
2026-06-16 14:45:00+00:00,,,2.4481462548951587,
2026-06-17 08:40:00+00:00,,,2.4027080725493186,
2026-06-17 18:05:00+00:00,0.011851218793309267,0.15818520645417208,,0.20163098540580648
2026-06-17 20:25:00+00:00,,,2.35699049957289,
2026-06-18 15:35:00+00:00,,,2.3065969278984526,
2026-06-20 14:05:00+00:00,,,,0.20173639596233298
2026-06-21 08:20:00+00:00,,,,0.2019037235366379
2026-06-21 23:45:00+00:00,,,2.3234983040083215,
2026-06-22 12:45:00+00:00,,0.15909569943485988,,
2026-06-22 18:55:00+00:00,,,,0.20145276244479215
2026-06-22 21:35:00+00:00,0.011590729004232329,0.1564791802721849,,
2026-06-22 23:05:00+00:00,,,2.3060809861220997,
2026-06-23 18:40:00+00:00,0.011451756163471584,,,
2026-06-24 13:10:00+00:00,,,,0.19761251075965597
2026-06-25 05:50:00+00:00,0.01160045721725426,,,
2026-06-25 13:45:00+00:00,,0.15277764163302515,,
2026-06-25 13:55:00+00:00,,,2.1885857910583733,
2026-06-25 15:10:00+00:00,0.011461367735219382,,,
2026-06-25 16:35:00+00:00,0.0113239459360741,,,
2026-06-26 01:05:00+00:00,0.011188171824300572,,,
2026-06-26 06:35:00+00:00,0.011333450235439113,,,
2026-06-26 09:50:00+00:00,0.011197562167116199,,,
2026-06-26 13:15:00+00:00,,0.1475270602834113,,
2026-06-26 14:40:00+00:00,0.011063303396732475,,,
2026-06-26 18:25:00+00:00,0.010930654389005652,,,
2026-06-28 06:15:00+00:00,,,2.1556143637191125,
2026-06-28 16:45:00+00:00,,,,0.19399051869418518
2026-06-29 00:30:00+00:00,0.010799595842881475,,,
2026-06-29 05:05:00+00:00,0.010670108688725326,,,
2026-06-29 13:40:00+00:00,0.01054217408554751,,,0.19032741596675795
2026-06-30 00:30:00+00:00,0.010415773418261795,,,
2026-06-30 04:55:00+00:00,,,2.116067546915129,
2026-06-30 12:20:00+00:00,,0.14457471563781804,,
2026-06-30 14:55:00+00:00,0.010290888294976834,,,
2026-07-01 14:45:00+00:00,0.010424515479487107,,,
2026-07-01 22:20:00+00:00,0.010559877812988245,0.14737558655239297,,
2026-07-02 00:40:00+00:00,,,,0.1903810496828833
2026-07-02 06:00:00+00:00,0.010433264878010516,,,
2026-07-02 13:40:00+00:00,0.01056874082245148,,,
2026-07-03 00:35:00+00:00,0.010442021619990286,,,
2026-07-03 20:35:00+00:00,,0.15045141636918202,,
2026-07-05 09:40:00+00:00,,,,0.1937039609812793
2026-07-06 03:30:00+00:00,,,,0.19281465895347977
2026-07-06 07:00:00+00:00,0.010316821780766603,,,
2026-07-06 10:00:00+00:00,,,2.218378435132086,
2026-07-06 11:55:00+00:00,,0.14836954476921824,,
2026-07-06 16:55:00+00:00,0.010569124576518417,,,
2026-07-07 01:35:00+00:00,0.010442400772845962,,,
2026-07-07 03:25:00+00:00,,,,0.19019198603789864
2026-07-07 13:20:00+00:00,0.010317196387579539,,,
2026-07-08 01:35:00+00:00,0.01019349320289246,,,
2026-07-08 02:35:00+00:00,,,2.1771721522630343,
2026-07-08 06:20:00+00:00,,0.14525384985968706,,
2026-07-10 08:15:00+00:00,0.010325855712132017,0.14795354483584686,,
2026-07-12 00:30:00+00:00,,,2.2050977566373517,
2026-07-12 06:25:00+00:00,,,,0.19207506716176806
2026-07-13 00:40:00+00:00,,,,0.18969869950733612
2026-07-14 15:25:00+00:00,0.01045993694855405,,,
2026-07-14 17:50:00+00:00,,0.1500100660506013,,
2026-07-16 00:35:00+00:00,,,,0.19397826689489955
2026-07-16 07:40:00+00:00,0.010334522304540888,,,
2026-07-16 08:10:00+00:00,,,2.221080732494667,
2026-07-17 18:45:00+00:00,0.010468716076665349,,,
2026-07-20 00:10:00+00:00,,0.1521012422953256,,
2026-07-20 00:50:00+00:00,,0.15052096022619196,,
2026-07-20 05:10:00+00:00,,,,0.1938053638903757
2026-07-20 06:30:00+00:00,,,2.219964781625698,
2026-07-20 13:50:00+00:00,0.01034319617090613,,,
2026-07-20 18:10:00+00:00,,0.15224126440413618,,
2026-07-21 06:35:00+00:00,0.010477502573185344,,,
2026-07-21 13:55:00+00:00,,0.15433733805710798,,
2026-07-22 06:05:00+00:00,,,,0.1958733247258495
2026-07-22 07:35:00+00:00,,,2.22381552164738,
2026-07-24 10:50:00+00:00,,,,0.19301180575155147
2026-07-27 00:55:00+00:00,,,,0.19503964046311076
2026-07-27 06:05:00+00:00,,0.1550496288136929,,
2026-07-27 08:00:00+00:00,,0.15376933360343767,,
2026-07-27 08:15:00+00:00,,,,0.19342879175353153
2026-07-27 15:05:00+00:00,,,2.2280213493487246,
2026-07-29 16:40:00+00:00,,,,0.1922357840290992
2026-07-29 16:50:00+00:00,,,2.196090096563034,
2026-07-31 02:15:00+00:00,,,,0.19097659101333475
2026-07-31 03:25:00+00:00,,,2.1842628288996404,
2026-08-02 11:50:00+00:00,,,,0.19040416605826507
2026-08-02 13:35:00+00:00,,,2.166625955508028,
2026-08-03 00:30:00+00:00,,,,0.1888552871450838
2026-08-03 03:05:00+00:00,,,2.1519810633863568,
2026-08-03 03:45:00+00:00,,0.15207463616463074,,
2026-08-04 04:45:00+00:00,,0.15354318151867954,,
2026-08-04 10:15:00+00:00,,,,0.18752807099331226
2026-08-05 15:05:00+00:00,0.010561217818745094,,,
2026-08-06 13:05:00+00:00,,,2.1677590606369375,0.18731423799630595
2026-08-07 17:15:00+00:00,,,,0.18602218219214256
2026-08-07 17:30:00+00:00,,0.1517486346617237,,
2026-08-09 00:45:00+00:00,,,2.166162607957707,
2026-08-09 22:30:00+00:00,,,,0.185672607613728
2026-08-09 23:30:00+00:00,,0.1506864252378838,,
2026-08-10 00:40:00+00:00,,,2.1508884931837318,
2026-08-12 13:30:00+00:00,,,,0.18393772840837117
2026-08-12 15:00:00+00:00,,,2.1185858537758664,
2026-08-16 17:30:00+00:00,,,,0.18351415312125163
2026-08-16 20:40:00+00:00,,0.14978595583473553,,
2026-08-16 21:55:00+00:00,,,2.102310001454234,
2026-08-17 09:35:00+00:00,,,,0.18296347514019778
2026-08-17 14:50:00+00:00,,0.15042623062334054,,
2026-08-17 20:25:00+00:00,,0.15131905093151302,,
2026-08-18 02:45:00+00:00,,,,0.18360411118590483
2026-08-19 00:50:00+00:00,,,,0.18299801198265758
2026-08-19 01:40:00+00:00,,0.14962428795703783,,
2026-08-19 03:50:00+00:00,,,2.126854023963225,
2026-08-19 15:30:00+00:00,,,,0.191717717425136
2026-08-19 17:25:00+00:00,0.010770071110378476,,,
2026-08-19 20:30:00+00:00,,0.15691434494501666,,
2026-08-20 08:05:00+00:00,0.0108561239785504,,,
2026-08-20 10:10:00+00:00,0.010942864409139016,,,
2026-08-20 20:35:00+00:00,,0.1602946568589112,,
2026-08-21 05:15:00+00:00,0.01103029789576804,,,
2026-08-21 09:05:00+00:00,,,,0.21290642091188194
2026-08-21 09:20:00+00:00,0.011118429975955225,,,
2026-08-21 10:10:00+00:00,,0.16464566323063787,,
2026-08-21 11:30:00+00:00,0.010929583442813626,,,
2026-08-22 05:10:00+00:00,0.010743944468037435,,,
2026-08-24 13:45:00+00:00,0.010615124573865665,0.16251810556874313,,
2026-08-24 15:55:00+00:00,0.010487849230225015,,,
2026-08-24 16:40:00+00:00,,0.16478672689452156,,
2026-08-24 16:50:00+00:00,0.010362099917954618,,,
2026-08-25 07:45:00+00:00,0.010237858339938342,0.16210974054316238,,
2026-08-25 09:45:00+00:00,,,2.1383835856652325,
2026-08-25 09:50:00+00:00,,,,0.21584887463403302
2026-08-27 10:25:00+00:00,0.010115106418442482,0.15986704719094483,,
2026-08-27 13:45:00+00:00,,,,0.2125917119522271
2026-08-28 02:30:00+00:00,,,,0.21042286301939986
2026-08-28 03:30:00+00:00,,,2.1384466525359955,
2026-08-30 20:40:00+00:00,,0.15836518111284176,,0.2088133189953879
2026-08-30 21:55:00+00:00,,,2.1261319265427874,
2026-08-31 12:25:00+00:00,,0.1567278459713364,,
2026-08-31 23:00:00+00:00,,0.15492293433726967,,
2026-09-03 18:30:00+00:00,0.010295001525506007,,,
2026-09-03 19:50:00+00:00,,0.1586808767646716,,
2026-09-04 02:20:00+00:00,,0.15647273793052213,,
2026-09-04 02:25:00+00:00,,,2.1701767204938114,
2026-09-04 02:45:00+00:00,,,,0.2143724803776408
2026-09-07 00:15:00+00:00,,0.15540490875397706,,
2026-09-07 03:10:00+00:00,,,,0.21280663126686178
2026-09-09 09:55:00+00:00,,0.15391543036239677,,
2026-09-09 15:00:00+00:00,,,,0.20991168203306534
2026-09-09 15:20:00+00:00,,,2.135713213584166,
2026-09-11 15:50:00+00:00,,,,0.2070151657907084
2026-09-11 15:55:00+00:00,0.01013688743308173,0.15155154546917465,,
2026-09-13 22:15:00+00:00,,0.15041934572558543,,
2026-09-14 09:50:00+00:00,,0.15093134358080987,,
2026-09-14 13:05:00+00:00,,,,0.2065512324291951
2026-09-14 18:50:00+00:00,,0.15178086875929814,,
2026-09-14 22:25:00+00:00,,0.15017927874897533,,
2026-09-14 23:05:00+00:00,,,,0.20624792377950724
2026-09-18 09:00:00+00:00,,0.15148125811336016,,
2026-09-18 18:50:00+00:00,,0.1545002894882703,,
2026-09-18 19:10:00+00:00,0.010268514916400295,,,
2026-09-19 20:30:00+00:00,,,2.239456639413948,
2026-09-20 02:30:00+00:00,,,,0.2158952652725189
2026-09-20 21:00:00+00:00,,0.15304227542258744,,
2026-09-21 01:50:00+00:00,,,,0.2128349338766254
2026-09-21 12:50:00+00:00,0.010463674680117148,,,
2026-09-21 19:30:00+00:00,0.010547279440811283,,,
2026-09-22 00:55:00+00:00,,0.15047444690786427,,
2026-09-23 11:25:00+00:00,,,,0.2095949120454545
2026-09-24 14:50:00+00:00,,0.14802010801565785,,
2026-09-25 13:50:00+00:00,,,,0.206399829015492
2026-09-27 22:35:00+00:00,,,,0.2058207916698685
2026-09-28 14:50:00+00:00,,0.14630818239952129,,
2026-09-29 01:15:00+00:00,,0.1442306630767101,,
2026-09-29 15:20:00+00:00,,,2.2124506445609393,
2026-09-29 15:25:00+00:00,,,,0.20202479185164218
2026-09-30 13:40:00+00:00,,,,0.20018308405903237
2026-09-30 14:20:00+00:00,,0.14199842453167444,,
2026-09-30 14:30:00+00:00,0.010368133899509102,,,
2026-09-30 20:00:00+00:00,,,2.1565671344307,
