exit_time,accurate,vol_adjusted,trend_reversal,donchian_breakout
2018-07-03 10:30:00+00:00,,,,-15.454495547777697
2018-07-03 19:00:00+00:00,-119.89999999999964,,,
2018-07-04 13:00:00+00:00,,256.1348719057223,,
2018-07-05 00:00:00+00:00,,,,-233.93312466251155
2018-07-05 11:00:00+00:00,78.94199900000058,,,
2018-07-07 13:00:00+00:00,-119.40891356801149,,,
2018-07-08 23:00:00+00:00,,,,-63.57792687681285
2018-07-08 23:30:00+00:00,-142.5284723825971,,,
2018-07-10 01:00:00+00:00,,,-151.69837119556905,
2018-07-13 19:00:00+00:00,-116.26828431046306,,,
2018-07-15 15:00:00+00:00,76.5508822666252,,,
2018-07-16 09:00:00+00:00,77.16252381593222,,,
2018-07-16 22:00:00+00:00,,204.41315104574278,,
2018-07-17 11:30:00+00:00,296.70279289485734,,,
2018-07-18 06:00:00+00:00,,392.1985301373752,,
2018-07-18 18:30:00+00:00,1032.7255950828385,,,
2018-07-18 20:00:00+00:00,,,,1418.8433794258235
2018-07-20 00:00:00+00:00,-132.65709769236128,,,
2018-07-20 06:30:00+00:00,-131.0665390910308,,,
2018-07-20 17:00:00+00:00,,,,-297.2890924548592
2018-07-21 01:30:00+00:00,,,1371.9667270267983,
2018-07-22 14:30:00+00:00,86.29403334326707,,,
2018-07-22 21:00:00+00:00,-130.52971674711625,,,
2018-07-24 02:30:00+00:00,189.08210895617412,,,
2018-07-24 05:00:00+00:00,,188.45119505528055,,
2018-07-24 17:30:00+00:00,,266.3412119432687,,
2018-07-25 09:00:00+00:00,,,,692.6435904677273
2018-07-25 10:30:00+00:00,390.51748338682955,,,
2018-07-26 20:30:00+00:00,-135.91406455551078,,,
2018-07-26 22:30:00+00:00,,,802.9097691645529,
2018-07-28 15:30:00+00:00,-239.7208359428114,,,
2018-07-30 11:00:00+00:00,,,-147.68815456519587,
2018-08-04 12:30:00+00:00,-350.3906723177806,,,
2018-08-06 13:30:00+00:00,-339.18868252377797,,,
2018-08-07 20:00:00+00:00,-328.3448203434946,,,
2018-08-07 22:00:00+00:00,,,-636.6349974222212,
2018-08-10 20:30:00+00:00,-317.8476364371145,,,
2018-08-12 00:00:00+00:00,-307.68604750021586,,,
2018-08-12 19:30:00+00:00,167.51113092330888,,,
2018-08-13 15:00:00+00:00,,,,-355.5550024827171
2018-08-13 15:30:00+00:00,-303.2046554172539,,,
2018-08-13 19:30:00+00:00,,,-394.5940626903921,
2018-08-15 16:00:00+00:00,,337.6951059606308,,
2018-08-15 20:00:00+00:00,,,,-392.5484475012636
2018-08-16 07:00:00+00:00,165.07136135290966,,,
2018-08-16 20:30:00+00:00,-298.78853400601474,,,
2018-08-17 10:00:00+00:00,162.66712658860706,,,
2018-08-18 13:00:00+00:00,,,,-352.86125543589515
2018-08-18 16:30:00+00:00,,,6.388891545113438,
2018-08-20 22:00:00+00:00,-294.43673261088225,,,
2018-08-20 23:30:00+00:00,,,-381.09802651039354,
2018-08-22 15:30:00+00:00,,,,52.19717444580965
2018-08-22 20:00:00+00:00,,-729.8162127584837,,
2018-08-22 21:00:00+00:00,,,-755.9473050460438,
2018-08-22 22:00:00+00:00,-285.023590269313,,,
2018-08-25 07:30:00+00:00,172.70012605772536,,,
2018-08-27 03:00:00+00:00,,-63.999255132035614,,
2018-08-27 23:30:00+00:00,158.27833318580088,,,
2018-08-28 12:30:00+00:00,,199.30360468919207,,
2018-08-29 07:00:00+00:00,167.07939094014728,,,
2018-08-29 15:00:00+00:00,,,,277.6458192022237
2018-08-30 10:30:00+00:00,,,465.61329474435115,
2018-08-30 11:30:00+00:00,-291.8342955587741,,,
2018-09-01 15:00:00+00:00,,237.82172939329394,,
2018-09-02 00:30:00+00:00,,,,19.667279997061996
2018-09-02 01:30:00+00:00,,,-98.87717762010288,
2018-09-02 13:30:00+00:00,,,,-128.33562507951865
2018-09-04 21:00:00+00:00,,,-28.395928846422976,
2018-09-05 09:30:00+00:00,,-227.30044805244506,,-49.21761949937718
2018-09-05 10:30:00+00:00,-282.5043531297597,,,
2018-09-08 17:30:00+00:00,-273.4726889602025,,,
2018-09-09 22:30:00+00:00,,,-281.20242538765524,
2018-09-13 20:00:00+00:00,,,,-9.44927316666326
2018-09-13 20:30:00+00:00,,,-53.85226542817509,
2018-09-13 21:30:00+00:00,333.8872876086334,,,
2018-09-14 08:30:00+00:00,,,,-146.47652023309092
2018-09-17 15:00:00+00:00,-275.4041436789921,,,
2018-09-19 19:00:00+00:00,233.24326761213342,,,
2018-09-21 21:00:00+00:00,283.84324557675245,,,
2018-09-22 04:00:00+00:00,,,30.144400082139327,
2018-09-22 08:00:00+00:00,,,,256.7894208121761
2018-09-25 00:00:00+00:00,-283.1307290322238,,,
2018-09-26 20:30:00+00:00,,,-86.72905871408511,
2018-09-28 09:00:00+00:00,,,,32.077240689061
2018-09-28 09:30:00+00:00,239.78701089499737,,-183.01866235912348,
2018-09-29 01:00:00+00:00,,-235.19127061212566,,
2018-10-05 22:00:00+00:00,70.4142256053583,,,
2018-10-06 02:00:00+00:00,,,,-144.24584294899614
2018-10-08 11:00:00+00:00,,47.604634863953834,,
2018-10-09 08:00:00+00:00,,-98.80083980525887,,-113.42376156150021
2018-10-10 05:30:00+00:00,,,-166.45906266400198,
2018-10-15 07:00:00+00:00,,,,753.3492554095283
2018-10-15 08:00:00+00:00,,239.72235129156616,,
2018-10-15 10:30:00+00:00,449.40451308850606,,,
2018-10-15 19:30:00+00:00,-298.36363543942025,,,
2018-10-17 16:00:00+00:00,,-440.63370241640405,,
2018-10-18 17:30:00+00:00,-288.8249500144211,,,
2018-10-18 19:00:00+00:00,,,-375.9185652535689,
2018-11-02 09:30:00+00:00,,,,-65.2113939250994
2018-11-03 11:00:00+00:00,,,-117.96108667683438,
2018-11-04 20:30:00+00:00,,,,-10.752747469026872
2018-11-06 20:30:00+00:00,,-16.258722562692128,,
2018-11-07 14:00:00+00:00,,,,22.45178958467841
2018-11-08 16:00:00+00:00,,-170.85804899255345,,
2018-11-08 17:30:00+00:00,,,-38.28984696169209,
2018-11-14 09:30:00+00:00,,,,-130.15779071866382
2018-11-14 10:00:00+00:00,,-126.94586482050363,,
2018-11-15 23:30:00+00:00,69.87594052974782,,,
2018-11-20 17:00:00+00:00,-281.82515018119557,,,
2018-11-21 06:00:00+00:00,-272.81520012990404,,,
2018-11-21 10:00:00+00:00,102.76215677450273,,,
2018-11-22 01:30:00+00:00,66.82374252822228,,,
2018-11-24 00:30:00+00:00,67.35766423102359,,,
2018-11-25 13:30:00+00:00,67.89585196822918,,,
2018-11-25 23:00:00+00:00,208.5615582843293,,,
2018-11-26 08:30:00+00:00,-280.50672731369923,,,
2018-11-26 15:30:00+00:00,,-854.8389546710532,,
2018-11-26 19:00:00+00:00,147.4279744808955,,,
2018-11-27 00:30:00+00:00,69.04144744101359,,,
2018-11-27 08:30:00+00:00,-278.4594546603221,,,
2018-11-28 00:00:00+00:00,67.36819756332989,,,
2018-11-28 12:30:00+00:00,67.9064694618628,,,
2018-11-28 15:00:00+00:00,122.82070951551395,,,
2018-11-28 20:00:00+00:00,69.4303796218901,,,
2018-11-29 01:30:00+00:00,,,,-247.89562698533518
2018-11-29 11:30:00+00:00,146.72660016810732,,,
2018-11-30 00:00:00+00:00,-106.78073991815472,,,
2018-12-01 12:30:00+00:00,104.00339042618907,,,
2018-12-01 17:30:00+00:00,-106.74743949774711,,,
2018-12-02 03:00:00+00:00,-105.4675376981686,,,
2018-12-03 02:30:00+00:00,,,-501.0472766728453,
2018-12-04 14:00:00+00:00,69.43968520017916,,,
2018-12-06 10:00:00+00:00,-105.03556374671825,,,
2018-12-07 06:30:00+00:00,-103.77618733739655,,,
2018-12-07 21:30:00+00:00,-262.5256093134685,,,
2018-12-08 01:30:00+00:00,-128.40907060183872,,,
2018-12-08 17:00:00+00:00,-97.84460403903631,,,
2018-12-08 23:30:00+00:00,-135.25600189510624,,,
2018-12-09 01:30:00+00:00,63.34006045982733,,,
2018-12-09 15:30:00+00:00,63.846147542902145,,,
2018-12-09 21:30:00+00:00,-96.5746904078378,,,
2018-12-10 16:30:00+00:00,,,-281.9774940963616,
2018-12-17 15:00:00+00:00,92.6011255000758,,,
2018-12-17 21:00:00+00:00,-96.52704736459327,,,
2018-12-17 21:30:00+00:00,,,,530.8090568948883
2018-12-18 15:30:00+00:00,-95.36968806669029,,,
2018-12-18 23:00:00+00:00,,462.59172296416,,
2018-12-19 01:30:00+00:00,64.16794053944886,,,
2018-12-19 13:00:00+00:00,63.30397640697083,,,
2018-12-19 14:00:00+00:00,,,,629.0779632343474
2018-12-20 09:00:00+00:00,,712.9781713668544,,
2018-12-20 10:30:00+00:00,125.41173647331107,,,
2018-12-20 11:30:00+00:00,-97.25828051127519,,,
2018-12-20 17:30:00+00:00,-117.72849877101635,,,
2018-12-20 20:00:00+00:00,,,,132.85226558185605
2018-12-21 01:00:00+00:00,63.09407058641864,,,
2018-12-21 02:30:00+00:00,,,,-458.9192146297519
2018-12-21 23:30:00+00:00,,,938.9864164706214,
2018-12-22 11:00:00+00:00,-95.43708693401186,,,
2018-12-23 01:30:00+00:00,62.83564988580292,,,
2018-12-24 03:00:00+00:00,256.98184742644844,,,
2018-12-24 15:30:00+00:00,-98.12740805444719,,,-312.6894005697304
2018-12-25 01:30:00+00:00,,,-340.9259627038682,
2018-12-26 02:30:00+00:00,-96.95086043187257,,,
2018-12-27 19:00:00+00:00,,-1115.0973360086336,,
2018-12-28 18:30:00+00:00,63.832316324121166,,,
2018-12-29 10:00:00+00:00,,,,-255.40134465385017
2018-12-30 12:00:00+00:00,-96.55376908802191,,,
2018-12-30 12:30:00+00:00,,,,-389.9229123960067
2019-01-02 06:30:00+00:00,-95.39608939665504,,,
2019-01-03 16:00:00+00:00,,,,-145.0813172771741
2019-01-03 18:30:00+00:00,,,-112.25699124002313,
2019-01-06 17:00:00+00:00,,267.49030515946106,,
2019-01-07 09:00:00+00:00,-94.25229028479043,,,
2019-01-07 09:30:00+00:00,,,,224.21152263791555
2019-01-08 16:00:00+00:00,,,,-204.36618504958278
2019-01-10 06:30:00+00:00,,-465.1343435388062,,
2019-01-10 07:00:00+00:00,,,-463.6936041099234,
2019-01-14 21:00:00+00:00,-93.12220532427455,,,
2019-01-15 09:30:00+00:00,,,,-245.1760056071107
2019-01-15 23:00:00+00:00,,,-190.75494555327077,
2019-01-19 18:00:00+00:00,-92.00567008243797,,,
2019-01-20 11:00:00+00:00,,,,-12.747476462938721
2019-01-20 11:30:00+00:00,,-247.20436736758893,,
2019-01-20 13:00:00+00:00,,,-396.03565479471763,
2019-01-23 21:00:00+00:00,,,-128.43277473338912,
2019-01-26 15:00:00+00:00,,,,-132.09061984610344
2019-01-27 00:30:00+00:00,,,-124.65176745030294,
2019-02-01 01:30:00+00:00,,-180.5667876511343,,
2019-02-08 17:30:00+00:00,,,,294.7758643899069
2019-02-08 19:30:00+00:00,-90.90252209815026,,,
2019-02-09 13:00:00+00:00,,470.9693573857785,,
2019-02-10 09:30:00+00:00,,,361.8129091686051,
2019-02-17 10:00:00+00:00,,90.23148938396116,,
2019-02-17 10:30:00+00:00,,,,-143.78584462888466
2019-02-18 01:30:00+00:00,,,,-58.422751000842254
2019-02-18 15:00:00+00:00,,,,20.22982825974941
2019-02-18 16:00:00+00:00,134.68144815932556,,,
2019-02-18 17:00:00+00:00,,,,13.384495081012574
2019-02-19 01:00:00+00:00,,,,-70.12291259229823
2019-02-19 13:30:00+00:00,,556.1946548307442,,
2019-02-19 21:30:00+00:00,,,,-158.9199565580857
2019-02-21 08:30:00+00:00,,,,-153.79325278412762
2019-02-21 10:00:00+00:00,,,454.0452504619361,
2019-02-23 17:30:00+00:00,,281.74636372315035,,
2019-02-24 03:00:00+00:00,137.10302059722744,,,
2019-02-24 09:30:00+00:00,,,,254.78514687587995
2019-02-24 14:30:00+00:00,,-714.8017297716469,-556.696824429715,
2019-03-04 04:00:00+00:00,-170.61777315396648,,,
2019-03-06 02:00:00+00:00,,,153.094340613623,
2019-03-06 10:30:00+00:00,,117.37092061095063,,
2019-03-06 13:00:00+00:00,,,,-133.01932667088658
2019-03-07 06:30:00+00:00,,,-76.21347532582877,
2019-03-08 22:00:00+00:00,,,,-107.28640585445282
2019-03-09 15:00:00+00:00,212.34243030783455,,,
2019-03-09 17:00:00+00:00,,,,-78.43382432974613
2019-03-09 18:00:00+00:00,,,-74.02992934457961,
2019-03-11 05:00:00+00:00,,,-58.989872263397956,
2019-03-15 23:00:00+00:00,,,-22.21148050726879,
2019-03-16 05:30:00+00:00,,,,57.382603899712194
2019-03-16 12:30:00+00:00,,-136.41885736040604,,
2019-03-16 13:30:00+00:00,,,39.730678343013096,
2019-03-18 06:00:00+00:00,,,-117.29370690605538,
2019-03-21 05:30:00+00:00,,,-29.79068155292589,
2019-03-21 13:00:00+00:00,,,,-103.5238815932953
2019-03-21 14:30:00+00:00,-171.53488111820934,,,
2019-03-25 18:30:00+00:00,-167.7645444312302,,,
2019-03-28 03:30:00+00:00,,,49.79585241176028,
2019-03-29 05:30:00+00:00,,,-55.499339758393944,
2019-03-29 09:00:00+00:00,,108.77870528798849,,
2019-03-29 10:30:00+00:00,208.79144315092617,,,
2019-03-29 12:00:00+00:00,,,,54.23402925472146
2019-03-29 21:00:00+00:00,,,-19.946042155533178,
2019-03-30 04:00:00+00:00,,,-79.21878392184772,
2019-04-01 11:00:00+00:00,,,-37.98256943228171,
2019-04-02 07:30:00+00:00,231.03241052727662,,,
2019-04-02 14:00:00+00:00,-94.77686317112239,,,
2019-04-02 17:00:00+00:00,,461.77588073443076,,
2019-04-03 02:00:00+00:00,140.42168346113158,,,
2019-04-03 04:30:00+00:00,,-398.7380400202819,,
2019-04-03 11:00:00+00:00,,,1231.182500314193,
2019-04-03 16:00:00+00:00,142.94646532976185,,,
2019-04-03 20:00:00+00:00,145.51664277639338,,,
2019-04-03 22:00:00+00:00,-168.44238632312226,,,
2019-04-03 22:30:00+00:00,,-406.8271168281899,,119.278075105678
2019-04-03 23:30:00+00:00,,,-322.3546753291712,
2019-04-04 03:00:00+00:00,-96.76319302057709,,,
2019-04-04 22:30:00+00:00,-95.60300233626094,,,
2019-04-05 15:30:00+00:00,,,-113.26612491250216,
2019-04-06 20:30:00+00:00,-94.45672233824826,,,
2019-04-06 21:30:00+00:00,,,-205.42256081355663,
2019-04-08 07:30:00+00:00,,,-109.92063555879577,
2019-04-10 20:30:00+00:00,-93.32418623741341,,,
2019-04-10 23:00:00+00:00,,,76.86453364370664,
2019-04-11 03:30:00+00:00,,,,-94.85908950125304
2019-04-13 08:30:00+00:00,,,-83.15169622074336,
2019-04-15 10:30:00+00:00,,,47.08027914701415,
2019-04-15 17:30:00+00:00,,,,-164.17836252806228
2019-04-17 09:00:00+00:00,,,-3.311446776640878,
2019-04-18 10:30:00+00:00,,,-44.66910729997289,
2019-04-18 19:30:00+00:00,138.26939297871468,,,
2019-04-19 00:30:00+00:00,,,-67.46583063735216,
2019-04-19 05:00:00+00:00,,12.080248651242073,,
2019-04-20 11:30:00+00:00,,,-33.614268521115264,
2019-04-21 12:30:00+00:00,,,,-8.546540219413146
2019-04-23 03:30:00+00:00,,117.54083770883881,,
2019-04-23 06:00:00+00:00,-93.8630792662425,,,
2019-04-23 07:00:00+00:00,,137.5163777219459,,
2019-04-23 22:30:00+00:00,,,277.32430958322675,
2019-04-24 07:30:00+00:00,,-178.49527546056743,,57.53893668481214
2019-04-25 22:00:00+00:00,,,-135.60213123590074,
2019-04-26 04:30:00+00:00,-92.7376609458388,,,
2019-04-28 00:00:00+00:00,,,-74.29628680043879,
2019-05-02 08:00:00+00:00,137.4003953554602,148.96762217427568,,
2019-05-04 04:30:00+00:00,,574.464473125845,,
2019-05-04 09:00:00+00:00,549.3303689700924,,,
2019-05-04 13:30:00+00:00,-183.06212250649332,,,581.8297554396213
2019-05-04 14:00:00+00:00,,,384.4359332343056,
2019-05-05 08:00:00+00:00,-179.03841705380273,,,
2019-05-06 00:30:00+00:00,-175.10315264695964,,,
2019-05-08 00:00:00+00:00,,,,-201.16365466128264
2019-05-08 00:30:00+00:00,,,-197.61747639662553,
2019-05-08 06:00:00+00:00,140.0888921121459,,,
2019-05-09 21:30:00+00:00,,315.3407632356757,,
2019-05-10 21:30:00+00:00,,296.70420901628495,,
2019-05-11 09:00:00+00:00,,356.4234386230546,,
2019-05-12 05:00:00+00:00,,709.1712851056018,,
2019-05-12 15:00:00+00:00,,-808.551027189169,,1368.5041453831072
2019-05-12 15:30:00+00:00,1132.72384127649,,,
2019-05-12 16:00:00+00:00,,,941.6056499522692,
2019-05-12 22:30:00+00:00,-199.2308092316598,,,
2019-05-14 18:30:00+00:00,680.9909562235571,,,
2019-05-14 21:00:00+00:00,,,285.2261804605005,
2019-05-15 01:30:00+00:00,228.65294606001044,,,
2019-05-15 17:30:00+00:00,175.74729247154573,,,
2019-05-15 21:00:00+00:00,-218.70861450546545,,,
2019-05-16 08:00:00+00:00,,,-256.6595763999867,
2019-05-16 10:00:00+00:00,-323.3473366012331,,,
2019-05-17 02:30:00+00:00,,,,250.90181677782857
2019-05-17 03:00:00+00:00,,-982.1785407803745,,
2019-05-18 09:00:00+00:00,-206.79422470014288,,,
2019-05-19 01:00:00+00:00,165.4429026291782,,,
2019-05-20 05:00:00+00:00,547.451490685411,,,
2019-05-20 08:00:00+00:00,-217.91830640628723,,,
2019-05-20 08:30:00+00:00,,,-23.61677670062454,
2019-05-20 12:30:00+00:00,,,,-540.6884500039196
2019-05-21 11:30:00+00:00,-213.12846203147637,,,
2019-05-21 21:00:00+00:00,170.51052292446366,,,
2019-05-22 11:00:00+00:00,-212.19171972990443,,,
2019-05-23 16:00:00+00:00,,-211.8725662306606,,
2019-05-25 05:30:00+00:00,,,-118.07779638246939,
2019-05-25 09:30:00+00:00,169.76109500590428,,,
2019-05-26 11:30:00+00:00,-211.25909459847207,,,-296.1487885984934
2019-05-26 19:30:00+00:00,,381.6110183694236,,
2019-05-28 00:30:00+00:00,670.1762197382886,,,
2019-05-28 13:30:00+00:00,-221.34609300904413,,,488.66900937626815
2019-05-28 14:30:00+00:00,,,177.87930266342482,
2019-05-29 04:30:00+00:00,-216.48090588470404,,,
2019-05-30 15:30:00+00:00,173.1925999640116,,,
2019-05-30 16:30:00+00:00,-313.48843687855515,,,
2019-05-30 17:00:00+00:00,,,,-457.5545220006079
2019-06-02 07:30:00+00:00,170.67008081628956,,,
2019-06-02 19:30:00+00:00,,,-169.0534912769781,
2019-06-03 07:00:00+00:00,-308.9225340352441,,,
2019-06-06 18:00:00+00:00,-299.0462806221349,,,
2019-06-08 04:00:00+00:00,,,-46.06093485154088,
2019-06-09 14:00:00+00:00,-289.4857710306442,,,
2019-06-09 16:00:00+00:00,,-555.1013337063705,,
2019-06-11 16:00:00+00:00,-280.2309109307971,,,
2019-06-13 15:30:00+00:00,181.65628890429252,,,
2019-06-14 03:00:00+00:00,,,-94.72301215128027,
2019-06-14 21:00:00+00:00,,429.45153169688274,,
2019-06-16 01:00:00+00:00,,325.0656197114786,,
2019-06-16 19:00:00+00:00,,,640.548604162932,
2019-06-16 19:30:00+00:00,,,,1029.0535153134206
2019-06-17 05:30:00+00:00,1038.1896356020352,,,
2019-06-17 12:00:00+00:00,,367.4976415080455,,
2019-06-17 14:30:00+00:00,174.49677336278364,,,
2019-06-17 15:30:00+00:00,-315.84906475921343,,,
2019-06-18 15:30:00+00:00,-305.7513701588614,,,
2019-06-19 12:30:00+00:00,,,,-341.5901912022091
2019-06-20 10:00:00+00:00,,,-117.70368677239821,
2019-06-21 20:30:00+00:00,,402.7630944004486,,
2019-06-22 01:00:00+00:00,,367.26733451598375,,
2019-06-22 14:30:00+00:00,,,,1054.9578284935742
2019-06-22 19:30:00+00:00,,,1056.8012763174575,
2019-06-23 00:00:00+00:00,,599.0186542110605,,
2019-06-23 02:30:00+00:00,1691.5941961392455,,,
2019-06-24 01:00:00+00:00,,,-389.4144669873367,
2019-06-24 22:00:00+00:00,196.87271317460545,,,
2019-06-26 20:30:00+00:00,,,,1452.4475631845853
2019-06-26 21:00:00+00:00,,1147.4112521143197,,
2019-06-26 22:30:00+00:00,,,1084.2381079419101,
2019-06-27 05:30:00+00:00,1862.5754783871816,,,
2019-06-27 06:30:00+00:00,-485.5600141572413,,,
2019-06-29 00:00:00+00:00,442.60571057223206,,,
2019-06-29 02:00:00+00:00,-528.1121926151245,,,
2019-06-30 07:30:00+00:00,-397.64032810616845,,,
2019-06-30 23:30:00+00:00,,,,-1634.9149082987333
2019-07-03 12:30:00+00:00,796.3966342647491,,,
2019-07-03 18:00:00+00:00,-410.388567214055,,,
2019-07-03 18:30:00+00:00,,,-275.6477811147688,
2019-07-03 22:00:00+00:00,347.56329054815797,,,
2019-07-04 10:30:00+00:00,,,-310.1728479693975,
2019-07-04 23:00:00+00:00,-408.3800431190466,,,
2019-07-05 07:00:00+00:00,,,,121.93827311412133
2019-07-05 20:30:00+00:00,-395.3241331405334,,,
2019-07-06 22:00:00+00:00,-382.6856206040284,,,
2019-07-08 09:00:00+00:00,324.10131316651496,,,
2019-07-09 08:00:00+00:00,625.6139831795826,,,
2019-07-09 10:30:00+00:00,-454.32100387076935,,,
2019-07-09 11:00:00+00:00,,,288.35374699261774,
2019-07-10 12:30:00+00:00,391.45134170302117,,,
2019-07-10 15:00:00+00:00,,,-392.2690995975245,860.188656684928
2019-07-11 20:00:00+00:00,-398.80361623799945,,,
2019-07-13 10:00:00+00:00,-386.05386462686874,,,
2019-07-13 20:30:00+00:00,,,,-1035.310342454275
2019-07-15 06:30:00+00:00,,-1565.0903888281482,,
2019-07-16 03:00:00+00:00,613.2143746716574,,,
2019-07-16 07:30:00+00:00,-393.3161861330009,,,
2019-07-16 16:00:00+00:00,,,,-961.7880952863816
2019-07-17 21:00:00+00:00,333.10447414812006,,,
2019-07-18 12:00:00+00:00,-391.39121770084785,,,
2019-07-19 04:00:00+00:00,331.4741939309515,,,
2019-07-20 17:00:00+00:00,340.745527135201,,,
2019-07-21 03:00:00+00:00,-400.36930495343404,,-253.0323854997332,
2019-07-22 14:30:00+00:00,-387.56949827407334,,,434.2318901836279
2019-07-24 16:30:00+00:00,-375.17890141425414,,,
2019-07-26 00:00:00+00:00,-363.1844319360389,,,
2019-07-27 10:00:00+00:00,,,,-364.69458717326415
2019-07-27 10:30:00+00:00,-583.4474482801597,,,
2019-07-28 22:00:00+00:00,-332.9206107255268,,,
2019-08-01 06:00:00+00:00,,,35.630323941901224,
2019-08-01 14:30:00+00:00,460.54984151089775,,,
2019-08-01 19:00:00+00:00,,364.09852074048104,,
2019-08-02 19:30:00+00:00,,,174.87189005346227,
2019-08-02 20:30:00+00:00,429.6376272637335,,,
2019-08-03 02:00:00+00:00,,406.71946230941467,,
2019-08-04 03:00:00+00:00,337.5656824299349,,,
2019-08-04 04:00:00+00:00,,,-67.64004434203162,
2019-08-05 01:00:00+00:00,,468.42819095153027,,
2019-08-06 02:30:00+00:00,,,145.68927877520946,
2019-08-06 06:30:00+00:00,,556.9836302895801,,
2019-08-06 12:00:00+00:00,957.6584868155078,,,
2019-08-06 12:30:00+00:00,,,-451.106042349782,1562.5467021330387
2019-08-10 11:30:00+00:00,-392.726573785465,,,
2019-08-13 14:00:00+00:00,-379.58928030421157,,,
2019-08-16 05:00:00+00:00,-367.4538110128851,,,
2019-08-16 22:30:00+00:00,311.2013001412033,,,
2019-08-17 17:00:00+00:00,-365.6554182403179,,,
2019-08-20 09:00:00+00:00,,,-11.036425262649573,
2019-08-20 09:30:00+00:00,309.6782184579715,,,
2019-08-21 03:30:00+00:00,-363.86582716327575,,,
2019-08-21 04:00:00+00:00,,-666.9031764648971,,
2019-08-24 05:00:00+00:00,,,-79.12304173756638,
2019-08-26 00:00:00+00:00,308.16259104248456,,,
2019-08-27 02:30:00+00:00,-362.08499470449533,,,
2019-08-28 18:00:00+00:00,-350.5091374237909,,,
2019-09-03 18:30:00+00:00,,1016.6455684235898,,
2019-09-04 13:00:00+00:00,1074.146428699878,,,
2019-09-04 14:30:00+00:00,,,649.1953915060494,
2019-09-05 02:30:00+00:00,,,-134.17907907019435,
2019-09-05 19:30:00+00:00,326.89451644905057,,,
2019-09-06 17:30:00+00:00,,,,89.15683376663765
2019-09-06 18:00:00+00:00,,,-286.063172106773,
2019-09-06 20:00:00+00:00,-384.0946393167669,-622.1915111869148,,
2019-09-09 07:00:00+00:00,-371.8151336978044,,,
2019-09-10 19:30:00+00:00,-359.92820387349093,,,
2019-09-13 08:30:00+00:00,,,-98.76332927276053,
2019-09-19 03:00:00+00:00,-348.4212991956538,,,
2019-09-21 12:30:00+00:00,-337.28227026036984,,,
2019-09-23 14:00:00+00:00,-326.49935608014493,,,
2019-09-26 13:30:00+00:00,-316.06117166626245,,,
2019-09-28 22:30:00+00:00,267.67622106181807,,,
2019-09-29 12:30:00+00:00,-314.51430479543706,,,
2019-10-02 00:00:00+00:00,266.36615985978824,,,
2019-10-02 03:30:00+00:00,,,-62.357082664873815,
2019-10-03 10:00:00+00:00,,,,-170.53640162098782
2019-10-03 14:00:00+00:00,-312.9750086018448,,,
2019-10-04 05:00:00+00:00,,-680.2900734978011,,
2019-10-06 06:30:00+00:00,-302.96919757684554,,,
2019-10-08 20:30:00+00:00,,,-17.583533548904597,
2019-10-09 10:00:00+00:00,256.5884619042481,,,
2019-10-09 15:00:00+00:00,,542.7143639900387,,
2019-10-10 13:00:00+00:00,,,-150.58383573900028,
2019-10-10 15:30:00+00:00,327.4902045360559,,,
2019-10-11 05:30:00+00:00,-331.52467071507635,,,260.16225308487446
2019-10-11 23:30:00+00:00,,-553.4997859585656,,
2019-10-13 22:00:00+00:00,,,-189.30613323582656,
2019-10-15 19:00:00+00:00,-301.3574235736487,,,
2019-10-21 19:00:00+00:00,,,117.05831768397547,
2019-10-22 12:00:00+00:00,255.22343002733032,,,
2019-10-22 20:00:00+00:00,,,,8.146489560678674
2019-10-23 03:30:00+00:00,-299.88251979997403,-398.95495195720287,,
2019-10-26 09:00:00+00:00,,,,1490.310163697597
2019-10-26 16:00:00+00:00,,2283.2002264496496,,
2019-10-27 23:00:00+00:00,145.56411770875638,,,
2019-10-28 03:30:00+00:00,113.3902589899426,,,
2019-10-29 19:30:00+00:00,-298.5740470650235,,,
2019-11-04 20:00:00+00:00,72.23455714404372,,,
2019-11-05 07:00:00+00:00,,,-48.968140832001154,-264.24811495522226
2019-11-07 10:00:00+00:00,-291.3379735722501,,,
2019-11-11 06:30:00+00:00,-282.0238985571468,,,
2019-11-23 09:00:00+00:00,-273.00759452027523,,,
2019-11-24 14:30:00+00:00,-264.2795417234611,,,
2019-11-28 05:00:00+00:00,215.48867604278894,,,
2019-11-28 22:30:00+00:00,,,,38.85140614022566
2019-11-28 23:30:00+00:00,,,-189.27941951251523,
2019-11-29 12:00:00+00:00,65.65938020030444,,,
2019-11-29 15:30:00+00:00,,1156.9188143151805,,
2019-11-29 21:30:00+00:00,95.46748668165856,,,
2019-11-30 10:00:00+00:00,66.94678386669148,,,-3.4942851211071684
2019-11-30 13:00:00+00:00,,,-95.06996009642717,
2019-12-04 14:00:00+00:00,,,,8.163382820368497
2019-12-04 21:00:00+00:00,-454.668491998239,,,
2019-12-05 19:30:00+00:00,63.84888741871873,,,
2019-12-07 19:00:00+00:00,,,-102.17448266048996,
2019-12-09 15:00:00+00:00,64.35904002919506,,,
2019-12-09 15:30:00+00:00,,,,-264.06831714538566
2019-12-14 08:30:00+00:00,,,,-165.82625818943052
2019-12-19 01:00:00+00:00,,,,36.985133460038924
2019-12-19 08:00:00+00:00,262.55549798505126,,,
2019-12-20 01:30:00+00:00,,,-44.955792743729035,
2019-12-23 06:00:00+00:00,,,,492.6888850647065
2019-12-23 07:00:00+00:00,166.7904197375774,,,
2019-12-23 15:30:00+00:00,68.3037426416322,,,
2019-12-23 17:00:00+00:00,,,,-242.6338569332711
2019-12-23 20:00:00+00:00,,,108.41867437289147,
2019-12-27 11:30:00+00:00,-275.48412775525685,,,
2019-12-29 20:30:00+00:00,,,,-59.881424987572245
2019-12-30 00:00:00+00:00,,-336.40905771992766,,
2019-12-30 01:00:00+00:00,,,-80.3380974222091,
2019-12-30 16:00:00+00:00,-266.6769001909215,,,
2020-01-03 18:00:00+00:00,146.1089616377485,,,
2020-01-04 14:00:00+00:00,,,-62.1977506614694,
2020-01-04 18:30:00+00:00,,,,-116.85799780364323
2020-01-05 01:00:00+00:00,65.6850335355357,340.368978858276,,
2020-01-05 21:30:00+00:00,,,,-82.79718214458262
2020-01-05 22:00:00+00:00,,,-107.99145847959153,
2020-01-06 02:00:00+00:00,66.20985695348281,,,
2020-01-06 22:00:00+00:00,66.73887371054116,,,
2020-01-07 04:30:00+00:00,,,,609.0794862059884
2020-01-07 12:00:00+00:00,182.2447399004177,,,
2020-01-07 18:00:00+00:00,,288.1889675201437,,
2020-01-07 21:30:00+00:00,,,,-71.59307109281326
2020-01-07 23:30:00+00:00,68.72825278329219,,,
2020-01-08 09:00:00+00:00,159.31081378467934,,,
2020-01-08 13:30:00+00:00,70.55028492517158,,,
2020-01-08 14:00:00+00:00,,,,14.031268677361368
2020-01-08 19:00:00+00:00,,,584.5583059074397,
2020-01-08 20:00:00+00:00,,-802.2427239187873,,
2020-01-11 03:30:00+00:00,196.29935271736576,,,
2020-01-11 11:00:00+00:00,,,-229.02282607230336,
2020-01-11 17:00:00+00:00,72.68241352993573,,,
2020-01-11 23:00:00+00:00,,,,-406.18746282756183
2020-01-14 13:30:00+00:00,,238.3993099765048,,
2020-01-14 14:00:00+00:00,334.8319846461527,,,
2020-01-14 16:00:00+00:00,,,,436.2842605414771
2020-01-14 17:00:00+00:00,75.93845357136342,,,
2020-01-14 18:30:00+00:00,,,,-275.51397122465823
2020-01-15 00:00:00+00:00,,295.97423714308934,,
2020-01-15 02:30:00+00:00,76.5452018153992,,,
2020-01-15 04:00:00+00:00,,,,-385.4230739203649
2020-01-15 22:30:00+00:00,77.1567979779029,,,
2020-01-16 01:00:00+00:00,,,,-436.5256318856991
2020-01-16 02:30:00+00:00,,,273.7375109608529,
2020-01-17 12:00:00+00:00,,,,-217.30347122927742
2020-01-17 15:00:00+00:00,,,-212.8911586842023,
2020-01-17 19:00:00+00:00,77.77328079374456,,,
2020-01-19 11:00:00+00:00,-313.67687323579594,,,-77.63001671994789
2020-01-19 11:30:00+00:00,,,-536.0843704782237,
2020-01-23 09:00:00+00:00,-303.64862359844665,,,
2020-01-27 00:00:00+00:00,73.46225858758407,,,
2020-01-27 09:30:00+00:00,,,48.801389946711424,
2020-01-27 13:30:00+00:00,74.04922203369642,,,
2020-01-28 07:00:00+00:00,119.72994184254821,,,
2020-01-28 08:30:00+00:00,,,162.97873849596,
2020-01-28 11:30:00+00:00,,247.9027500810207,,
2020-01-30 16:00:00+00:00,75.59751755306752,,,
2020-01-31 02:30:00+00:00,,,-131.02939843051172,
2020-01-31 05:00:00+00:00,-209.62576808117774,,,
2020-01-31 13:00:00+00:00,,,,1067.5110813383071
2020-02-03 11:00:00+00:00,,,,-308.07850121369665
2020-02-05 23:00:00+00:00,,262.09633051087985,,
2020-02-06 00:30:00+00:00,167.81473201882363,,,
2020-02-06 03:00:00+00:00,,,120.46480671266181,
2020-02-06 12:30:00+00:00,,232.51852061385944,,
2020-02-08 21:30:00+00:00,75.8674715401794,,,
2020-02-09 16:30:00+00:00,,,12.27735674732503,
2020-02-09 23:00:00+00:00,76.47365263778556,,,
2020-02-10 00:00:00+00:00,,165.63682843242168,,
2020-02-10 05:30:00+00:00,,,,411.6728707259099
2020-02-12 04:00:00+00:00,242.63646422683087,,,
2020-02-12 15:30:00+00:00,,,36.76563661973887,
2020-02-13 08:00:00+00:00,,,,-83.44764633735576
2020-02-13 13:30:00+00:00,,402.8374639950307,,
2020-02-15 12:00:00+00:00,,,,-411.95601368113967
2020-02-15 15:30:00+00:00,-217.3883689016675,,,
2020-02-18 15:00:00+00:00,77.28640940400874,,,
2020-02-19 05:00:00+00:00,106.18051395231487,,,
2020-02-19 08:00:00+00:00,,,45.9444132487406,
2020-02-19 17:30:00+00:00,78.7523101216284,,,
2020-02-19 21:30:00+00:00,,-731.2932000966412,,-292.3538018214076
2020-02-23 03:30:00+00:00,79.38154107949777,,,
2020-02-23 16:30:00+00:00,,,-56.73670129159291,
2020-02-24 00:30:00+00:00,80.01579959272203,,,
2020-02-24 02:30:00+00:00,,-434.6282700752963,,-60.87487767386301
2020-02-27 22:00:00+00:00,-221.87730485302745,,,
2020-02-29 11:00:00+00:00,-217.00044169235844,,,
2020-02-29 23:30:00+00:00,,-406.0442773338764,,
2020-03-02 15:30:00+00:00,94.00980556571085,,,
2020-03-03 00:00:00+00:00,77.89963098304361,,,
2020-03-03 02:00:00+00:00,,,116.23394696030482,
2020-03-03 16:30:00+00:00,,,,-232.08061560419264
2020-03-05 09:00:00+00:00,,229.83481369701803,,
2020-03-05 15:00:00+00:00,94.18582207419422,,,
2020-03-05 23:30:00+00:00,,,170.6837547968189,
2020-03-07 10:30:00+00:00,,16.433901158916342,,
2020-03-07 16:30:00+00:00,79.27459375296894,,,
2020-03-07 17:00:00+00:00,,,,-24.90849102568791
2020-03-10 10:30:00+00:00,79.90799775705455,,,
2020-03-10 15:30:00+00:00,-221.57837912988543,,,
2020-03-10 16:00:00+00:00,,,-368.0210220174995,
2020-03-11 10:00:00+00:00,-216.70808635660978,,,
2020-03-13 13:30:00+00:00,,2946.3509160692574,,
2020-03-13 15:30:00+00:00,-328.9267239425171,,,
2020-03-13 18:30:00+00:00,-280.9281695542668,,,
2020-03-13 22:30:00+00:00,72.1718132008591,,,
2020-03-14 00:30:00+00:00,-200.12656851358588,,,
2020-03-14 08:30:00+00:00,-388.0535149268744,,,
2020-03-15 14:30:00+00:00,-227.08305579926127,,,
2020-03-15 17:00:00+00:00,66.23451350580581,,,
2020-03-15 18:00:00+00:00,-183.6629193199551,,,
2020-03-15 20:00:00+00:00,-179.6260083533025,,,
2020-03-15 22:30:00+00:00,-178.91406828124855,-1644.8266371060236,,
2020-03-16 20:30:00+00:00,-342.1437118025624,,,
2020-03-17 13:00:00+00:00,,,-196.17947573922538,
2020-03-17 13:30:00+00:00,430.5107308188635,,,
2020-03-17 20:30:00+00:00,63.13757781298136,,,
2020-03-17 21:00:00+00:00,,1824.8321870812797,,
2020-03-18 00:00:00+00:00,-187.4249687737365,,,
2020-03-18 05:30:00+00:00,-170.95576769353465,,,
2020-03-19 02:00:00+00:00,61.40315680873209,,,
2020-03-19 07:00:00+00:00,68.53508666589096,,,
2020-03-19 19:30:00+00:00,,1418.4012522561825,,
2020-03-20 04:30:00+00:00,881.8106192619107,,,
2020-03-20 16:30:00+00:00,,,1224.0527081245327,
2020-03-20 18:30:00+00:00,-387.1051276561302,-1037.2621326123626,,
2020-03-20 20:00:00+00:00,,,,1339.1264158405174
2020-03-21 09:30:00+00:00,-228.0485970646505,,,
2020-03-22 00:00:00+00:00,-190.7110098524854,,,
2020-03-22 03:30:00+00:00,62.42359915935867,,,
2020-03-22 08:30:00+00:00,-173.09556376618184,,,
2020-03-22 10:30:00+00:00,-169.2909232746024,,,
2020-03-24 00:00:00+00:00,,1145.5422363637008,,
2020-03-24 05:00:00+00:00,224.31593032694855,,,
2020-03-24 12:30:00+00:00,101.53589896808353,,,
2020-03-24 15:00:00+00:00,-172.73213198893154,,,
2020-03-24 15:30:00+00:00,,,415.5694316150675,
2020-03-24 19:30:00+00:00,61.41012206666164,,,
2020-03-24 22:30:00+00:00,61.9007889419745,,,
2020-03-25 11:00:00+00:00,-231.01990610822577,,,
2020-03-26 13:30:00+00:00,-166.56803601552474,,,
2020-03-27 05:30:00+00:00,,,-95.59543784438392,
2020-03-29 08:00:00+00:00,-162.9068705839045,,,
2020-03-30 09:30:00+00:00,297.0423553927558,,,
2020-03-30 15:30:00+00:00,,737.4027384454603,,
2020-03-30 23:30:00+00:00,-165.85516854000252,-427.48082330069883,,
2020-03-31 04:30:00+00:00,,,334.26937492227444,
2020-04-02 03:00:00+00:00,296.39402575303666,,,
2020-04-02 07:00:00+00:00,,587.3007552965282,,
2020-04-02 18:30:00+00:00,,,,346.5148494712903
2020-04-02 19:00:00+00:00,-168.72441262154643,-402.8380702015238,,
2020-04-02 20:30:00+00:00,,,238.19761989045946,
2020-04-03 14:00:00+00:00,-165.01585003212313,,-182.90329426611424,
2020-04-04 11:30:00+00:00,-161.38880164841703,,,
2020-04-06 17:00:00+00:00,,489.3579750571589,,
2020-04-06 17:30:00+00:00,200.85650945384532,,,
2020-04-07 05:30:00+00:00,,,489.1066432097505,
2020-04-07 14:30:00+00:00,,,-191.32895227170957,
2020-04-07 20:00:00+00:00,-162.25630186598028,-358.38932099671365,,
2020-04-08 10:30:00+00:00,,-403.97976898579145,,
2020-04-08 13:30:00+00:00,-158.68990835096702,,,
2020-04-09 12:00:00+00:00,,,,138.51392929352915
2020-04-11 16:30:00+00:00,-155.2019041654121,,,
2020-04-12 20:00:00+00:00,,387.18352707261874,,
2020-04-12 23:30:00+00:00,,,74.98589673720926,
2020-04-13 00:00:00+00:00,-151.79056631185722,,,
2020-04-14 08:00:00+00:00,,,-168.4611159676042,
2020-04-14 16:30:00+00:00,188.91102112425324,,,
2020-04-14 20:30:00+00:00,,,-112.7915266686141,
2020-04-16 22:00:00+00:00,194.19486238509853,589.2083552525219,,
2020-04-17 04:30:00+00:00,,,-14.112513253778161,
2020-04-17 13:30:00+00:00,-156.87487698385667,,,
2020-04-19 05:30:00+00:00,,-320.460136636917,-25.12523335563128,
2020-04-19 13:30:00+00:00,-153.42676718775328,,,
2020-04-20 10:30:00+00:00,,,,130.19129705474006
2020-04-23 06:30:00+00:00,,,154.70888314679178,
2020-04-23 13:30:00+00:00,,422.10831060909914,,
2020-04-23 14:00:00+00:00,190.94735569852946,,,
2020-04-23 18:30:00+00:00,,810.0446085694239,,
2020-04-26 15:00:00+00:00,,-248.5853840118507,,
2020-04-26 15:30:00+00:00,,,-203.3158282034383,
2020-04-26 22:00:00+00:00,,-241.15728462996776,,
2020-04-27 01:00:00+00:00,,-246.64162642718657,,
2020-04-27 06:00:00+00:00,,-245.7549394520429,,
2020-04-29 15:30:00+00:00,314.1087933450908,,,
2020-04-29 21:30:00+00:00,390.1311975490471,2618.3436266243516,,
2020-04-30 07:30:00+00:00,215.98574578272746,,,
2020-04-30 09:00:00+00:00,,-488.4065479770834,,
2020-04-30 09:30:00+00:00,,,,2161.273211464091
2020-04-30 10:00:00+00:00,,,1039.5835198446312,
2020-04-30 16:00:00+00:00,-174.47803141537588,,,
2020-04-30 23:00:00+00:00,-170.64300428486695,,,
2020-05-01 14:00:00+00:00,-166.89227105068494,,,
2020-05-03 06:00:00+00:00,-163.22397893299149,-395.26984170398646,,
2020-05-05 05:00:00+00:00,203.14048021169037,,,
2020-05-05 10:00:00+00:00,-164.101343631095,,,
2020-05-06 23:30:00+00:00,,-372.1858585542286,,
2020-05-07 00:00:00+00:00,-160.49439609808542,,-121.60095780582378,
2020-05-07 21:00:00+00:00,199.74337660298443,631.2407460259528,,
2020-05-08 05:00:00+00:00,-161.35708868958318,,,
2020-05-08 07:00:00+00:00,,,296.23212600727675,
2020-05-09 11:00:00+00:00,,,,766.3247572148139
2020-05-10 14:30:00+00:00,-157.8104598801865,,,
2020-05-11 09:30:00+00:00,-154.34178597202026,,,
2020-05-11 16:30:00+00:00,-150.94935351635377,,,
2020-05-12 21:30:00+00:00,-147.6314867260653,,,
2020-05-13 21:00:00+00:00,183.73483665785716,,,
2020-05-14 11:00:00+00:00,,654.5797550531679,,
2020-05-14 12:00:00+00:00,216.74508380335828,-454.65553293999255,,
2020-05-14 21:00:00+00:00,,,715.9684109850441,
2020-05-15 02:30:00+00:00,,,,294.8144059492188
2020-05-15 15:00:00+00:00,-153.18909529956454,,,
2020-05-17 22:00:00+00:00,,-435.36474722611456,,
2020-05-17 22:30:00+00:00,,,-238.19676801949208,
2020-05-18 08:30:00+00:00,-149.82199898487943,,,-799.7795611183137
2020-05-19 12:00:00+00:00,,-463.3216149424079,,
2020-05-19 12:30:00+00:00,-146.5289114471907,,,
2020-05-22 03:30:00+00:00,,-446.26588348156656,,
2020-05-22 04:30:00+00:00,-143.30820597358343,,,
2020-05-26 15:30:00+00:00,-140.15829160628346,,,
2020-05-27 22:30:00+00:00,,,-71.00191600688959,
2020-05-28 12:00:00+00:00,112.13173203707174,,,
2020-05-29 08:30:00+00:00,,,29.68214753765824,
2020-05-30 22:30:00+00:00,114.14786057909987,1235.496625268599,,
2020-05-31 04:00:00+00:00,-142.0512378024814,,,
2020-05-31 23:00:00+00:00,,,,408.1290307336203
2020-06-02 14:30:00+00:00,,,,484.90908592033884
2020-06-02 15:00:00+00:00,-138.92895159558248,-1321.0174346135173,-631.4873731791613,
2020-06-04 13:00:00+00:00,111.14821530693462,,,
2020-06-05 08:00:00+00:00,-138.31833101195753,,,
2020-06-05 23:30:00+00:00,-135.27809409631482,,,
2020-06-10 18:30:00+00:00,108.22739649470623,,,
2020-06-11 06:30:00+00:00,,,-76.28940744393367,
2020-06-11 12:30:00+00:00,,,,-196.4073220969949
2020-06-15 01:30:00+00:00,-134.68351976303074,,,
2020-06-16 15:00:00+00:00,,,-0.06563138257297396,
2020-06-17 19:30:00+00:00,,,,-380.773264270716
2020-06-17 20:00:00+00:00,-131.72317599863982,,,
2020-06-26 14:00:00+00:00,,-612.2473351380795,,
2020-06-30 21:00:00+00:00,,-111.07644452441673,,
2020-07-02 00:00:00+00:00,,,-88.10953814413551,
2020-07-02 15:00:00+00:00,,,,-255.22020896924369
2020-07-06 18:30:00+00:00,,214.24647407208613,,
2020-07-07 04:00:00+00:00,,,-34.20159299975603,
2020-07-09 04:00:00+00:00,,44.01226829799634,,
2020-07-09 14:30:00+00:00,,,,135.2643369521029
2020-07-21 22:30:00+00:00,,126.91001113876337,,
2020-07-22 02:00:00+00:00,,,35.98072921944913,
2020-07-22 07:30:00+00:00,,,,88.14149099980932
2020-07-22 22:30:00+00:00,163.93614101490584,,,
2020-07-24 07:00:00+00:00,,-344.60670942373326,,
2020-07-26 12:30:00+00:00,,,,249.42225797842548
2020-07-26 20:00:00+00:00,,311.99316879914113,,
2020-07-26 20:30:00+00:00,,,-169.86967663725045,
2020-07-27 16:30:00+00:00,,486.8711568183462,,
2020-07-28 06:00:00+00:00,,,710.7306719625467,
2020-07-28 10:00:00+00:00,,,,823.0369094043454
2020-07-28 14:00:00+00:00,,815.4503573675975,,
2020-07-28 17:30:00+00:00,700.2756512588858,,,
2020-07-31 20:00:00+00:00,188.10814484480306,,,
2020-08-01 08:30:00+00:00,,590.9417437191114,,
2020-08-01 15:00:00+00:00,,,-132.55876447374612,
2020-08-02 04:30:00+00:00,,-730.7424327487934,,213.4801975702576
2020-08-02 05:00:00+00:00,,,-835.2564781579604,
2020-08-02 11:00:00+00:00,-221.0233773008913,,,
2020-08-03 22:00:00+00:00,,,-250.82745051121128,
2020-08-06 03:30:00+00:00,,,205.70002107738765,
2020-08-06 13:00:00+00:00,309.8707678477231,,,
2020-08-07 14:00:00+00:00,-223.86382837667225,,,19.4618420498482
2020-08-09 10:00:00+00:00,,121.90032164805962,,
2020-08-10 10:00:00+00:00,,,,-422.61489434001123
2020-08-10 10:30:00+00:00,,-851.4749470622446,-415.33407872380485,
2020-08-11 16:00:00+00:00,-216.70690178347013,,,
2020-08-13 09:00:00+00:00,,-639.0688890367855,,
2020-08-14 07:30:00+00:00,,,-43.40128908889892,
2020-08-15 00:00:00+00:00,183.53182784712772,,,
2020-08-15 00:30:00+00:00,,537.8898189301253,,
2020-08-18 05:00:00+00:00,,,34.10628670720871,
2020-08-18 13:30:00+00:00,,,,300.2733190386789
2020-08-18 14:30:00+00:00,,-559.7656949844204,,
2020-08-19 04:00:00+00:00,-215.64629466972565,,,
2020-08-25 06:00:00+00:00,,-333.3992091350119,,
2020-08-25 07:00:00+00:00,,,,-419.6906003014301
2020-08-25 07:30:00+00:00,,,-196.9461864476525,
2020-08-25 17:00:00+00:00,-208.75208262913475,,,
2020-08-27 17:30:00+00:00,-202.0782785474803,,,
2020-09-01 00:00:00+00:00,,,,-130.13605444526547
2020-09-01 05:30:00+00:00,171.14266100799068,,,
2020-09-02 07:30:00+00:00,,,,-167.8637863220174
2020-09-02 08:00:00+00:00,,-410.28102479614245,,
2020-09-02 11:00:00+00:00,-201.08926685474307,,21.58757088811035,
2020-09-05 11:30:00+00:00,-194.66044299339683,,,
2020-09-05 18:30:00+00:00,-188.43714863089917,,,
2020-09-07 12:00:00+00:00,-182.41281298916874,,,
2020-09-08 09:30:00+00:00,-176.5810753579044,,,
2020-09-10 20:00:00+00:00,149.5487557476572,,,
2020-09-13 11:30:00+00:00,,-384.15216458769646,,-199.37197914587523
2020-09-13 16:30:00+00:00,,,-122.97649740004454,
2020-09-15 10:30:00+00:00,,430.88339188431564,,
2020-09-15 16:30:00+00:00,210.67188861550858,,,
2020-09-19 11:30:00+00:00,159.62412717049483,,,
2020-09-20 03:00:00+00:00,,,,528.7408429908719
2020-09-20 12:30:00+00:00,,,215.4239310851881,
2020-09-20 13:00:00+00:00,-187.55521572464477,,,
2020-09-23 20:30:00+00:00,-181.55907547792685,,,
2020-09-24 15:30:00+00:00,98.84480076294858,,,
2020-09-26 05:30:00+00:00,,458.531792218404,,
2020-09-26 06:00:00+00:00,100.62203028066688,,,
2020-09-27 13:00:00+00:00,,,42.91868523953053,
2020-09-28 23:00:00+00:00,,-310.0785257579446,,184.54582955788646
2020-09-29 03:00:00+00:00,,,-226.8268018663257,
2020-10-01 16:30:00+00:00,-182.13158642336202,,,
2020-10-01 17:30:00+00:00,,,-361.08428593460303,
2020-10-05 06:00:00+00:00,,-201.1275853535335,,
2020-10-06 18:30:00+00:00,,,,-133.56057941511608
2020-10-06 20:00:00+00:00,,,-94.7207154111311,
2020-10-08 19:00:00+00:00,126.67665915991256,,,
2020-10-10 02:00:00+00:00,101.43413479291485,490.2097571666527,,
2020-10-11 21:00:00+00:00,,,,725.0274198398329
2020-10-12 21:00:00+00:00,103.25792053649184,,,
2020-10-13 00:30:00+00:00,,-362.9344881866964,,
2020-10-13 03:00:00+00:00,,,,-164.17325938940485
2020-10-13 18:30:00+00:00,,,426.272999540879,
2020-10-14 15:30:00+00:00,-186.9026974076296,,,
2020-10-16 07:30:00+00:00,,,-165.17300636731488,
2020-10-19 13:00:00+00:00,101.7539874483482,,,
2020-10-20 11:00:00+00:00,103.58352414266938,331.13800238697877,,
2020-10-21 07:30:00+00:00,151.37851800433964,,,
2020-10-25 07:00:00+00:00,,,-99.79262012036997,
2020-10-28 02:00:00+00:00,,450.7903961830634,,
2020-10-28 10:00:00+00:00,,,144.8915529501228,
2020-10-28 11:00:00+00:00,,-500.7038691925991,,
2020-10-28 11:30:00+00:00,183.82226993083623,,,
2020-10-28 12:00:00+00:00,,,,-125.74624515300457
2020-10-30 05:30:00+00:00,,,-170.5627987995431,
2020-10-31 01:00:00+00:00,173.40912481006944,,,
2020-11-02 08:30:00+00:00,,,,-198.0677579436342
2020-11-02 12:30:00+00:00,-203.75231732753946,,,
2020-11-04 02:30:00+00:00,,-541.119438196587,,
2020-11-04 15:00:00+00:00,172.56042571535454,,,
2020-11-06 04:00:00+00:00,,874.3124582277887,,
2020-11-06 16:00:00+00:00,,,719.662348309248,
2020-11-06 20:00:00+00:00,,-708.2337056212891,,
2020-11-06 23:00:00+00:00,761.7938363386847,,,
2020-11-07 16:00:00+00:00,,,,1652.4141555461902
2020-11-07 18:30:00+00:00,-227.10966150044442,,,
2020-11-09 08:00:00+00:00,,,-55.76979953200498,
2020-11-09 15:00:00+00:00,,,,-1110.9311153782692
2020-11-09 16:00:00+00:00,-219.8489656222755,,,
2020-11-12 00:00:00+00:00,,-466.1123722615848,,
2020-11-12 01:30:00+00:00,,,-10.225416280005447,
2020-11-12 18:00:00+00:00,218.60615642952598,,,
2020-11-13 11:30:00+00:00,,,-166.54005911899367,
2020-11-14 09:30:00+00:00,,,,-65.67096785156173
2020-11-16 22:00:00+00:00,,528.4106848254887,,
2020-11-17 14:30:00+00:00,,493.6485186895552,,
2020-11-18 01:00:00+00:00,,580.0193654383256,,
2020-11-18 05:30:00+00:00,,673.5309953578508,,1380.7815588810154
2020-11-18 15:00:00+00:00,,,903.1618371714667,
2020-11-18 18:00:00+00:00,793.9627587746436,,,
2020-11-21 12:00:00+00:00,,,,-116.07971509308118
2020-11-22 10:30:00+00:00,-245.19222241040916,,,
2020-11-24 11:30:00+00:00,270.464749220102,,,
2020-11-25 03:30:00+00:00,,,,-210.0043382735057
2020-11-25 16:30:00+00:00,,,,-617.7079384043391
2020-11-25 23:00:00+00:00,-246.0001850925164,,,
2020-11-26 03:00:00+00:00,-238.13555917510803,-1280.0731537975553,-242.45016826253777,
2020-11-26 07:30:00+00:00,-230.5223653482799,,,
2020-11-26 14:00:00+00:00,-223.15256532809417,,,
2020-11-26 17:00:00+00:00,-216.0183778145547,,,
2020-11-27 00:30:00+00:00,182.94870815185368,,,
2020-11-27 08:00:00+00:00,-214.9611404754378,,,
2020-11-28 18:30:00+00:00,330.6971494377285,,,
2020-11-29 21:00:00+00:00,191.3029196895377,,,
2020-11-30 15:30:00+00:00,,,,-285.5547771828824
2020-11-30 17:00:00+00:00,338.3471495259473,,,
2020-12-01 04:00:00+00:00,,1507.4813924032096,,
2020-12-01 12:00:00+00:00,-235.59413339478215,,,-704.9955640935295
2020-12-01 13:00:00+00:00,,-1477.4617188772318,,
2020-12-03 10:30:00+00:00,199.52766421444267,,,
2020-12-04 11:30:00+00:00,-234.44108837508702,,,
2020-12-04 22:30:00+00:00,,,642.5360426208899,
2020-12-08 11:00:00+00:00,,,-346.7009995776043,
2020-12-08 22:30:00+00:00,-226.9460067797354,,,
2020-12-09 08:30:00+00:00,-219.6905429429862,,,
2020-12-12 18:00:00+00:00,186.0587114449254,,,
2020-12-13 10:00:00+00:00,193.5713632703264,,,
2020-12-15 01:30:00+00:00,,1126.8371407035884,,
2020-12-16 13:00:00+00:00,196.6769646347093,,,
2020-12-16 17:30:00+00:00,274.0810112817908,,,
2020-12-17 01:00:00+00:00,209.84406522109475,,,
2020-12-17 09:30:00+00:00,,,,3275.606832775047
2020-12-17 10:30:00+00:00,268.3358109172377,,,
2020-12-17 19:00:00+00:00,223.21875635668403,,,
2020-12-17 22:00:00+00:00,,2676.4201504840785,,
2020-12-19 18:30:00+00:00,302.8261268789156,,,
2020-12-20 00:00:00+00:00,-271.95900782098033,,,-472.76927850024003
2020-12-21 09:30:00+00:00,-180.99947556878124,,,
2020-12-23 11:30:00+00:00,-177.0211070957812,,,
2020-12-23 15:30:00+00:00,-173.13018316181478,,,
2020-12-24 03:30:00+00:00,,,-424.71385856969573,
2020-12-26 12:00:00+00:00,404.1317879080807,,,
2020-12-27 11:30:00+00:00,,,,2196.195841152785
2020-12-27 21:00:00+00:00,415.84289967142286,,,
2020-12-28 08:00:00+00:00,-187.34782536891544,,,
2020-12-29 04:00:00+00:00,-183.22992016730677,,,
2020-12-30 00:00:00+00:00,,1174.0507622687,,
2020-12-31 07:00:00+00:00,310.83897002570666,,,
2020-12-31 13:30:00+00:00,-255.8151217740724,,,
2021-01-01 01:00:00+00:00,229.5779008764166,,,
2021-01-01 18:30:00+00:00,-185.4580729678637,,,
2021-01-02 20:30:00+00:00,,,,2329.0589445727855
2021-01-03 14:00:00+00:00,,1347.6753387860845,,
2021-01-03 17:00:00+00:00,804.7204664324563,,,
2021-01-04 00:30:00+00:00,-261.8345129316749,,,
2021-01-04 07:00:00+00:00,-193.31433778197788,,,-1137.2001780972969
2021-01-04 10:30:00+00:00,,,2367.9345558847963,
2021-01-05 16:00:00+00:00,240.58945055467484,,,
2021-01-07 12:00:00+00:00,,2159.560287591139,,
2021-01-08 03:00:00+00:00,1255.4697225963937,,,
2021-01-08 06:00:00+00:00,-221.94866926338727,,,
2021-01-08 21:00:00+00:00,276.22632134841115,,,
2021-01-09 06:30:00+00:00,-392.51531496980533,,,
2021-01-09 14:00:00+00:00,272.9737181968212,,,
2021-01-10 11:00:00+00:00,-220.51416775914913,,,
2021-01-10 17:00:00+00:00,,,,2595.504583889906
2021-01-10 18:00:00+00:00,,,2036.3260312618804,
2021-01-12 10:00:00+00:00,-215.66726635180203,,,
2021-01-12 12:30:00+00:00,-210.92689983739,,,
2021-01-12 14:00:00+00:00,-481.22733972549213,,,
2021-01-12 22:30:00+00:00,-195.71334965179813,,,
2021-01-13 18:30:00+00:00,243.57514191236805,,,
2021-01-15 06:00:00+00:00,482.4757711887214,,,
2021-01-15 15:30:00+00:00,,,,-1426.455131083083
2021-01-15 16:30:00+00:00,,,-559.5164367056259,
2021-01-16 19:30:00+00:00,-309.05399479175503,,,
2021-01-16 22:00:00+00:00,-200.57716249089208,,,
2021-01-19 07:30:00+00:00,249.6284024826109,,,
2021-01-21 08:30:00+00:00,-293.30847227510094,,,
2021-01-23 02:30:00+00:00,223.54261282095285,,,
2021-01-23 05:30:00+00:00,163.7029552178701,,,
2021-01-23 09:30:00+00:00,-296.3116412266663,,,
2021-01-24 19:30:00+00:00,-286.8385580566501,,,
2021-01-25 20:00:00+00:00,205.40708851234012,,,
2021-01-25 22:00:00+00:00,,-2183.149834930635,,
2021-01-26 04:00:00+00:00,,,-882.6088574576152,
2021-01-26 12:30:00+00:00,-284.2351939753189,,,
2021-01-26 22:30:00+00:00,154.7439644333499,,,
2021-01-27 04:00:00+00:00,-280.0953593668619,,,
2021-01-27 09:00:00+00:00,-271.14071072790284,,,-1594.7205008907476
2021-01-27 22:30:00+00:00,-262.47234220593236,,,
2021-01-28 10:30:00+00:00,142.895783660696,,,
2021-01-29 07:00:00+00:00,238.7978865959476,,,
2021-01-29 09:00:00+00:00,,3477.6409352469527,,
2021-01-29 21:00:00+00:00,-395.3611894383739,,,
2021-01-31 02:00:00+00:00,,,,1560.4964732951157
2021-01-31 10:00:00+00:00,-253.64415083736912,,,
2021-01-31 17:30:00+00:00,,,98.87502035858779,
2021-02-02 06:30:00+00:00,138.089519833753,,,
2021-02-03 09:30:00+00:00,328.580913848552,,,
2021-02-03 13:00:00+00:00,146.48025423136096,,,
2021-02-04 09:30:00+00:00,149.11396920243897,,,
2021-02-04 15:00:00+00:00,-269.9047484230987,,,
2021-02-06 22:00:00+00:00,507.9837753647216,,,
2021-02-06 23:30:00+00:00,-277.5161349144237,,,
2021-02-07 16:30:00+00:00,,,958.5563473204129,
2021-02-09 11:30:00+00:00,1705.2591743649937,,,
2021-02-09 13:30:00+00:00,,7175.753948298614,,
2021-02-10 12:30:00+00:00,-323.1610798856582,,,
2021-02-11 09:30:00+00:00,175.9360829060879,,,
2021-02-12 01:30:00+00:00,540.2894708461408,,,
2021-02-12 04:00:00+00:00,-335.7273511151743,,,
2021-02-14 18:00:00+00:00,280.03160756895886,,,
2021-02-15 05:30:00+00:00,,,834.1682104999127,
2021-02-16 07:30:00+00:00,187.81240889359287,,,
2021-02-17 23:00:00+00:00,,3525.170732748433,,
2021-02-18 07:30:00+00:00,464.22310349611143,,,
2021-02-20 08:00:00+00:00,671.4348502661487,,,
2021-02-20 15:00:00+00:00,211.60840601414566,,,
2021-02-21 22:30:00+00:00,215.4131251542767,,,
2021-02-22 09:30:00+00:00,,,,-1365.0543635551549
2021-02-23 04:30:00+00:00,-389.9099840395629,,,
2021-02-24 01:00:00+00:00,212.27567163152162,,,
2021-02-25 00:00:00+00:00,216.09238820745486,,,
2021-02-25 17:30:00+00:00,-391.1394887228689,,,
2021-02-26 00:30:00+00:00,,,,-2655.9885262118587
2021-02-26 22:00:00+00:00,-378.63475926839965,,,
2021-02-27 22:30:00+00:00,-366.52980601458694,,,
2021-03-02 03:30:00+00:00,646.8420304395295,,,
2021-03-02 14:00:00+00:00,211.1772021637007,,,
2021-03-03 20:30:00+00:00,397.68802262754434,,,
2021-03-04 03:30:00+00:00,-394.95680906602865,,,
2021-03-04 09:00:00+00:00,,,,1095.600857354486
2021-03-04 18:00:00+00:00,-382.33003988018936,,,
2021-03-04 19:30:00+00:00,,,225.4853318351379,
2021-03-06 04:00:00+00:00,323.513938138105,,,
2021-03-07 20:30:00+00:00,313.70364007142234,,,
2021-03-08 08:00:00+00:00,-390.47879448057756,,,
2021-03-09 01:30:00+00:00,,4369.489762707897,,
2021-03-09 16:00:00+00:00,700.6681667120556,,,
2021-03-10 12:00:00+00:00,225.18335833032324,,,
2021-03-11 08:00:00+00:00,-407.59466067664107,,,
2021-03-11 18:30:00+00:00,,3278.1964985123923,,
2021-03-12 16:00:00+00:00,221.90360311414042,,,
2021-03-14 08:00:00+00:00,610.983658062707,,,
2021-03-15 06:30:00+00:00,-421.1912651146322,,,
2021-03-15 07:00:00+00:00,,,,4358.6094928909115
2021-03-15 09:00:00+00:00,,,2617.3413446374143,
2021-03-15 09:30:00+00:00,,-3783.5972167897125,,
2021-03-16 00:00:00+00:00,-407.72578036891355,,,
2021-03-17 18:00:00+00:00,221.9749875923062,,,
2021-03-18 09:30:00+00:00,349.36111993408304,,,
2021-03-18 19:30:00+00:00,-412.95640252813973,,,
2021-03-22 10:00:00+00:00,224.82265468817604,,,
2021-03-22 16:30:00+00:00,-406.9417666096979,,,
2021-03-22 20:00:00+00:00,,,,-1053.2165041335393
2021-03-24 20:00:00+00:00,,,-628.0799310398797,-786.9182693167932
2021-03-24 20:30:00+00:00,-393.9318383311838,,,
2021-03-25 12:00:00+00:00,-381.3378374597378,,,
2021-03-26 20:00:00+00:00,401.1718949321639,,,
2021-03-27 15:00:00+00:00,214.82187495598555,,,
2021-03-28 21:30:00+00:00,,,108.86654012716463,
2021-03-29 21:00:00+00:00,353.63113498459825,,,
2021-03-31 06:00:00+00:00,225.04266007471597,,,
2021-03-31 07:30:00+00:00,,,,2388.5586448598697
2021-03-31 08:00:00+00:00,-407.3399888475178,,,
2021-03-31 11:30:00+00:00,,,218.3159898171507,
2021-04-02 02:30:00+00:00,,3875.1968955500997,,
2021-04-02 20:30:00+00:00,,,-202.8204004305553,
2021-04-03 17:00:00+00:00,,,,-488.35548023748925
2021-04-03 22:00:00+00:00,-394.31732940406255,,,
2021-04-06 03:00:00+00:00,214.67512852069558,,,
2021-04-06 14:00:00+00:00,,,,-208.02356919230442
2021-04-06 14:30:00+00:00,,,-439.9826058650506,
2021-04-07 10:30:00+00:00,,-1834.5036444946454,,
2021-04-07 11:30:00+00:00,,,,-1169.092935058161
2021-04-09 02:30:00+00:00,218.53498733149718,,,
2021-04-10 16:30:00+00:00,434.72174343714323,,,
2021-04-10 20:30:00+00:00,,,,1002.1912582557161
2021-04-13 08:00:00+00:00,,2079.6514483817373,,
2021-04-13 22:00:00+00:00,632.5730915194617,,,
2021-04-14 18:00:00+00:00,,,,608.0656245100363
2021-04-14 19:30:00+00:00,,,1149.3211661521163,
2021-04-16 06:00:00+00:00,-429.6821476603727,,,-962.0717706724245
2021-04-17 16:00:00+00:00,-415.9452093996715,-2455.5899377444075,,-854.650530552568
2021-04-19 10:30:00+00:00,226.4498276562972,,,
2021-04-19 14:30:00+00:00,-409.8870420453368,,,
2021-04-21 11:00:00+00:00,-396.7829533111453,,,
2021-04-21 22:00:00+00:00,-384.097802293787,,,-1248.9197039934843
2021-04-22 18:00:00+00:00,-371.8181955544569,,,
2021-04-22 20:30:00+00:00,,,,-1572.9990678061658
2021-04-25 20:30:00+00:00,-359.9311678425802,,,-910.6737123446401
2021-04-26 22:00:00+00:00,686.832883365496,,,
2021-04-27 06:00:00+00:00,208.30379224484022,,,
2021-04-29 04:30:00+00:00,,,,1299.1623088100678
2021-04-29 05:00:00+00:00,,,549.6385884075098,
2021-04-29 16:30:00+00:00,-377.04168792591736,,,
2021-05-01 10:30:00+00:00,677.7892511386453,,,
2021-05-02 04:00:00+00:00,,,,1045.9711455109573
2021-05-02 08:30:00+00:00,,,62.36722323520371,
2021-05-03 07:30:00+00:00,,4466.5772123540955,,
2021-05-03 14:00:00+00:00,217.45653561596737,,,
2021-05-03 20:30:00+00:00,,,,-331.2412124817711
2021-05-03 21:00:00+00:00,,,-496.99070561478584,
2021-05-04 00:30:00+00:00,,-2196.123073606148,,
2021-05-04 15:00:00+00:00,-393.60867296546894,,,
2021-05-06 03:00:00+00:00,415.1425534451282,,,
2021-05-06 18:30:00+00:00,-394.29711112440236,,,
2021-05-06 19:30:00+00:00,,,-685.5467426973883,
2021-05-07 12:30:00+00:00,214.6641212393497,,,
2021-05-08 21:00:00+00:00,287.59052995751154,,,
2021-05-09 10:30:00+00:00,,,32.738952562463965,
2021-05-09 12:00:00+00:00,-397.7485136805208,,,
2021-05-09 12:30:00+00:00,,,,324.19714740302516
2021-05-10 11:30:00+00:00,,,-513.7581662467528,
2021-05-10 18:00:00+00:00,,,,-743.1120641275375
2021-05-10 19:30:00+00:00,-385.0324936981524,,,
2021-05-10 20:00:00+00:00,,-3548.757446551681,,
2021-05-12 16:00:00+00:00,,,,-542.7280710107625
2021-05-12 18:00:00+00:00,-372.72300487462417,,,
2021-05-13 16:30:00+00:00,-360.80705040878274,,,
2021-05-14 13:30:00+00:00,196.43138696120513,,,
2021-05-14 20:30:00+00:00,-355.5519604483634,,,
2021-05-15 10:00:00+00:00,,,,-1192.6576794604625
2021-05-15 23:30:00+00:00,-344.18496427283026,,,
2021-05-16 17:00:00+00:00,-333.1813709650269,,,-1318.8380320540746
2021-05-17 16:30:00+00:00,-375.86271734232105,,,
2021-05-18 12:30:00+00:00,-310.5132314618404,,,
2021-05-19 01:00:00+00:00,,,,-1835.4881113912634
2021-05-19 18:00:00+00:00,-300.58612345200527,,,
2021-05-20 17:00:00+00:00,-290.97638508524506,,,
2021-05-20 20:00:00+00:00,158.41401887932807,,,
2021-05-21 00:30:00+00:00,161.2623029387796,,,
2021-05-21 09:30:00+00:00,164.16179914562053,,,
2021-05-21 14:00:00+00:00,-297.1421747812801,,,
2021-05-22 23:00:00+00:00,317.89357194514014,,,
2021-05-23 13:30:00+00:00,,-10623.693266501577,,
2021-05-25 08:00:00+00:00,859.5183184174912,,,
2021-05-25 13:00:00+00:00,,,-493.66598630354565,
2021-05-26 14:00:00+00:00,182.94067778041244,,,
2021-05-27 02:00:00+00:00,,,-779.5078840248752,
2021-05-27 23:30:00+00:00,,,-523.8898416217853,
2021-05-28 00:30:00+00:00,-331.13301105705614,,,
2021-05-28 06:00:00+00:00,,,,-1150.764171723782
2021-05-29 00:30:00+00:00,180.27617962809927,,,
2021-05-29 01:00:00+00:00,,-1000.1269526404576,,
2021-05-29 05:00:00+00:00,183.51754533780877,,,
2021-05-29 08:30:00+00:00,-392.74141086629425,,,
2021-05-29 11:00:00+00:00,-319.6212311753261,,,
2021-05-30 20:00:00+00:00,344.1985535055537,,,
2021-05-31 00:30:00+00:00,-320.406968170224,,,
2021-05-31 23:00:00+00:00,174.43668320340475,,,
2021-06-01 08:00:00+00:00,-315.7402981598334,,,
2021-06-01 17:00:00+00:00,,,-508.88492573881194,
2021-06-03 00:30:00+00:00,297.93390311670737,,,
2021-06-03 05:00:00+00:00,177.25289578452612,,,
2021-06-03 23:00:00+00:00,180.43990285073232,,,
2021-06-04 01:00:00+00:00,-326.6064664826754,,,
2021-06-04 04:30:00+00:00,,,91.03529232794608,
2021-06-04 05:00:00+00:00,,,,-111.16559317071369
2021-06-05 11:30:00+00:00,-316.1648577492215,,,
2021-06-07 20:30:00+00:00,-306.0570672469803,,,
2021-06-09 02:00:00+00:00,-317.63851810782035,,,
2021-06-10 05:30:00+00:00,1106.9607474984514,,,
2021-06-10 09:30:00+00:00,180.81629150964,,,
2021-06-10 17:00:00+00:00,-327.2877513202766,,,
2021-06-11 20:00:00+00:00,178.18273466224855,,,
2021-06-12 01:30:00+00:00,-322.5208639377197,,,
2021-06-12 02:30:00+00:00,,,339.9472042429188,
2021-06-12 10:00:00+00:00,,,,-1055.196010842301
2021-06-13 20:00:00+00:00,,2615.480375355146,,
2021-06-14 09:00:00+00:00,937.8419580359041,,,
2021-06-15 01:30:00+00:00,254.39482684272298,,,
2021-06-16 11:00:00+00:00,-350.32568193020234,,,
2021-06-16 12:00:00+00:00,,,773.0774200523902,
2021-06-16 15:00:00+00:00,,,,424.1786995066104
2021-06-17 17:00:00+00:00,-339.1257698788904,,,
2021-06-18 05:30:00+00:00,,-1298.1948996437495,,
2021-06-20 10:00:00+00:00,-328.2839190158629,,,
2021-06-20 19:30:00+00:00,,700.9097594657287,,
2021-06-21 02:30:00+00:00,,-1106.1379785109239,,
2021-06-21 04:30:00+00:00,-509.57950446410905,,,
2021-06-22 08:30:00+00:00,-301.49742536720805,,,
2021-06-22 09:00:00+00:00,,-1647.642581478758,,
2021-06-22 12:00:00+00:00,-291.858552678219,,,
2021-06-23 00:30:00+00:00,,1292.0272349385268,,
2021-06-23 14:00:00+00:00,316.89025497126386,,,
2021-06-23 18:00:00+00:00,-292.65881620052824,,,
2021-06-25 05:30:00+00:00,277.96398791383217,,,
2021-06-25 12:30:00+00:00,,,,-974.0841245207121
2021-06-25 14:00:00+00:00,,,-465.00000203939453,
2021-06-26 07:00:00+00:00,-292.18902254020213,,,
2021-06-26 13:30:00+00:00,-282.8477394895908,,,
2021-06-26 14:00:00+00:00,,-1292.9279269935068,,
2021-06-27 14:30:00+00:00,344.1676034446973,,,
2021-06-27 19:30:00+00:00,,-245.74273244742653,,
2021-06-28 10:30:00+00:00,218.74058171300385,,,
2021-06-28 17:00:00+00:00,,161.5884926782237,,
2021-06-30 01:00:00+00:00,218.62097823865588,,,
2021-06-30 08:30:00+00:00,,,,-212.68075383217547
2021-06-30 16:00:00+00:00,,,478.3782620198599,
2021-07-01 06:30:00+00:00,-298.790584611892,,,
2021-07-03 22:00:00+00:00,262.87983437114235,,,
2021-07-04 02:00:00+00:00,,-117.49539080788963,,
2021-07-04 07:30:00+00:00,,400.59346820865903,,
2021-07-04 19:00:00+00:00,177.5174110891585,,,
2021-07-05 00:00:00+00:00,-303.3177495592154,-695.5326721889578,,
2021-07-05 01:00:00+00:00,,,,-141.1674989388066
2021-07-05 05:00:00+00:00,,,-153.95511315693875,
2021-07-06 10:00:00+00:00,,-818.0342810834736,,
2021-07-07 17:30:00+00:00,165.1329323203754,,,
2021-07-08 00:30:00+00:00,,,-788.4595505355373,
2021-07-09 22:30:00+00:00,,428.22730924509597,,
2021-07-10 05:00:00+00:00,168.10202244349603,,,
2021-07-12 10:00:00+00:00,,-572.0260707372654,,
2021-07-12 12:30:00+00:00,,,,-429.2025634722486
2021-07-12 14:30:00+00:00,,,-253.4504809520913,
2021-07-13 12:30:00+00:00,-304.2742026096075,,,
2021-07-15 12:00:00+00:00,-294.5465563521793,,,
2021-07-16 23:30:00+00:00,,-567.7299958281692,,
2021-07-18 10:00:00+00:00,,-633.2862004479393,,
2021-07-21 04:00:00+00:00,160.35769956089644,,,
2021-07-21 16:30:00+00:00,,890.5101595021697,,
2021-07-22 03:00:00+00:00,333.4089861976681,,,
2021-07-24 14:30:00+00:00,502.7508199189306,,,
2021-07-24 17:00:00+00:00,,681.3529658900188,,
2021-07-25 05:00:00+00:00,178.27508431297974,,,
2021-07-26 13:00:00+00:00,,2587.820216673681,,
2021-07-26 14:00:00+00:00,1106.0526055875907,,,
2021-07-26 20:30:00+00:00,,,,2608.6660754739496
2021-07-26 21:30:00+00:00,-358.0485238482288,,,
2021-07-28 14:00:00+00:00,639.0524360016934,,,
2021-07-28 17:30:00+00:00,-367.0322189197759,,,
2021-07-29 01:00:00+00:00,-355.2981988809115,,,
2021-07-30 08:30:00+00:00,-343.93931546268686,,,-693.3859057096561
2021-07-30 12:00:00+00:00,,,3892.3954415565076,
2021-07-31 12:00:00+00:00,331.9704506955932,,,
2021-08-01 03:00:00+00:00,,994.4652936265265,,
2021-08-01 16:00:00+00:00,,,,-107.68735231038227
2021-08-01 19:00:00+00:00,-343.5566708560855,,,
2021-08-01 23:30:00+00:00,,,-572.7847918726875,
2021-08-05 01:30:00+00:00,187.03989647534945,,,
2021-08-05 08:30:00+00:00,,-974.6666629366882,,
2021-08-05 09:00:00+00:00,-338.55282957913187,,,
2021-08-05 10:00:00+00:00,,,-666.2629015191924,
2021-08-06 01:00:00+00:00,,-1168.0658968698772,,
2021-08-06 05:30:00+00:00,184.31569393814243,,,
2021-08-06 15:00:00+00:00,,1039.1639937198343,,
2021-08-07 14:00:00+00:00,542.1971121123734,,,
2021-08-08 00:30:00+00:00,197.37839419093325,,,
2021-08-09 00:00:00+00:00,-357.2660972892063,,,
2021-08-10 01:30:00+00:00,284.65873363861647,,,
2021-08-10 16:30:00+00:00,-354.9448398732966,,,
2021-08-11 20:00:00+00:00,193.23986909912674,,,
2021-08-11 23:00:00+00:00,,-252.59709856531845,,
2021-08-12 05:00:00+00:00,-349.77513195764914,,,
2021-08-12 11:30:00+00:00,,,,2014.2660851067558
2021-08-12 12:00:00+00:00,,,1761.419603897175,
2021-08-13 19:30:00+00:00,325.2051333838899,,,
2021-08-13 20:00:00+00:00,,846.146739427284,,
2021-08-14 08:30:00+00:00,255.57153184102572,,,
2021-08-14 10:30:00+00:00,,,,-253.59035758824393
2021-08-15 07:30:00+00:00,-357.1602509761997,,,
2021-08-15 09:00:00+00:00,,,-275.7885742266699,
2021-08-16 10:30:00+00:00,199.13808448550662,,,
2021-08-16 13:30:00+00:00,,-973.9399800701358,,
2021-08-16 14:30:00+00:00,-352.1082823134948,,,
2021-08-16 20:30:00+00:00,,,-762.5244225101051,
2021-08-17 20:00:00+00:00,-340.85138052793263,,,
2021-08-19 18:00:00+00:00,185.56707622228168,,,
2021-08-19 23:00:00+00:00,,858.2023600324028,,
2021-08-20 13:00:00+00:00,188.90357225275875,,,
2021-08-21 16:00:00+00:00,192.3000584818601,,,
2021-08-22 15:30:00+00:00,,-192.23052287213795,,
2021-08-23 04:30:00+00:00,195.75761353336748,,,
2021-08-24 01:00:00+00:00,,-609.0793576417273,,
2021-08-24 13:00:00+00:00,,,,633.3899567398912
2021-08-24 15:00:00+00:00,,,840.5217755744416,
2021-08-26 03:00:00+00:00,-132.8885012092378,-551.8627785711287,,
2021-08-26 05:30:00+00:00,,,-793.9208578579091,
2021-08-28 00:30:00+00:00,196.88800017295398,,,
2021-08-29 04:00:00+00:00,,,,-576.50075673225
2021-08-30 05:30:00+00:00,,,-137.01889550110718,
2021-09-01 19:30:00+00:00,,-523.1355823474369,,
2021-09-02 01:30:00+00:00,200.42804641606563,,,
2021-09-02 15:00:00+00:00,-136.0589874783418,,,
2021-09-03 00:30:00+00:00,,-520.3070882488391,,-274.5447729468033
2021-09-03 12:30:00+00:00,,650.3702091827145,,
2021-09-06 12:00:00+00:00,-134.42764021847688,,,
2021-09-07 02:30:00+00:00,,685.6352571488023,,
2021-09-07 08:30:00+00:00,,,,292.27304465715133
2021-09-07 14:00:00+00:00,,,677.2619936832998,
2021-09-08 13:00:00+00:00,-132.81585281225853,-705.3618892182567,,
2021-09-09 18:00:00+00:00,-131.22339073703915,,,
2021-09-12 20:30:00+00:00,-129.6500222820996,,,
2021-09-13 01:00:00+00:00,-128.0955185149396,,,
2021-09-13 14:00:00+00:00,,,,-987.195964564351
2021-09-13 14:30:00+00:00,-480.0026735747051,-1537.1300408913266,,
2021-09-18 20:00:00+00:00,,,,-99.34695169472616
2021-09-20 15:00:00+00:00,-120.80442119178406,,,
2021-09-21 05:00:00+00:00,-119.35597618169413,,,
2021-09-22 15:30:00+00:00,176.8381706864402,,,
2021-09-23 03:00:00+00:00,180.01772099537993,,,
2021-09-23 05:00:00+00:00,-122.20360016854102,,,
2021-09-23 22:00:00+00:00,-120.73837900252147,,,
2021-09-24 09:00:00+00:00,,,,187.26755425515876
2021-09-24 11:30:00+00:00,,,-1172.9990612038855,
2021-09-24 16:00:00+00:00,-149.92695799199464,,,
2021-09-26 22:30:00+00:00,-117.49310161195535,,,
2021-09-26 23:00:00+00:00,,,,-149.6161114443239
2021-09-27 09:30:00+00:00,-116.08435932362772,,,
2021-09-27 14:30:00+00:00,,,,-372.16823795025994
2021-09-28 01:00:00+00:00,,,-582.3572368748937,
2021-09-28 07:00:00+00:00,,-1372.7842217139805,,
2021-09-30 03:30:00+00:00,175.25906943483824,,,
2021-09-30 19:30:00+00:00,-116.79386409786275,,,
2021-10-01 07:30:00+00:00,,830.3528328202738,,
2021-10-01 10:00:00+00:00,173.04213777302357,,,
2021-10-01 13:00:00+00:00,176.1534354101841,,,
2021-10-02 23:30:00+00:00,,,,2031.1024148277465
2021-10-03 15:30:00+00:00,,483.196947059947,,
2021-10-03 20:30:00+00:00,-119.58036058979451,,,
2021-10-03 21:00:00+00:00,,,,-73.08134039236393
2021-10-05 00:30:00+00:00,177.17061929545525,,,
2021-10-06 08:30:00+00:00,-120.27086779167621,,,486.0098645179751
2021-10-06 15:30:00+00:00,418.3513562264561,,,
2021-10-07 09:00:00+00:00,,,,788.3629877640778
2021-10-08 12:00:00+00:00,-123.8448528480094,,,-148.1829004344072
2021-10-08 18:00:00+00:00,,-140.8086760205333,,
2021-10-10 02:00:00+00:00,,,,-425.645235700169
2021-10-10 09:00:00+00:00,-122.35995306236146,,,
2021-10-10 10:00:00+00:00,,,,-329.0273429909612
2021-10-10 21:00:00+00:00,,,,-442.5670255931109
2021-10-11 11:00:00+00:00,-120.8928572251425,,,
2021-10-12 14:30:00+00:00,,,,-93.56753626516365
2021-10-12 19:00:00+00:00,,,4910.125909630053,
2021-10-13 20:00:00+00:00,179.11521822926807,,,
2021-10-14 15:00:00+00:00,,,,110.99349556026209
2021-10-15 04:00:00+00:00,,858.6934127244276,,
2021-10-15 05:00:00+00:00,182.3357098530305,,,
2021-10-15 20:00:00+00:00,185.61410591618733,,,
2021-10-15 21:30:00+00:00,,,,749.3406832348519
2021-10-18 00:30:00+00:00,188.95144754056128,,,
2021-10-18 13:00:00+00:00,,-1188.9350105851736,,-564.0035114912171
2021-10-19 17:00:00+00:00,192.34879456734052,,,
2021-10-21 02:00:00+00:00,,,,462.98279330868536
2021-10-21 14:00:00+00:00,-348.1622364749892,,,
2021-10-24 15:00:00+00:00,-337.0314897748831,,,
2021-10-26 21:30:00+00:00,,,,32.5680616245445
2021-10-26 22:30:00+00:00,,,-549.4544439200909,
2021-10-28 13:30:00+00:00,183.4874426956867,,,
2021-10-28 18:30:00+00:00,,,,-317.7129860022542
2021-10-29 16:00:00+00:00,186.78654691535485,,,
2021-10-30 14:00:00+00:00,-338.09425249464584,,,
2021-10-31 08:00:00+00:00,,,,-349.7708348691558
2021-10-31 10:30:00+00:00,,,-125.53985861245383,
2021-11-02 12:00:00+00:00,184.0660343690397,,,
2021-11-03 13:30:00+00:00,,,,16.93958184638177
2021-11-04 11:30:00+00:00,,,-221.78100559945597,
2021-11-08 05:00:00+00:00,187.37554166699374,,,
2021-11-08 12:30:00+00:00,,725.1866715912438,,
2021-11-10 13:30:00+00:00,,,,1369.124819188528
2021-11-10 20:30:00+00:00,-339.16036642826475,,,-695.7278659366239
2021-11-10 22:30:00+00:00,,,871.4399658310831,
2021-11-15 15:30:00+00:00,,,,-259.3923931976642
2021-11-15 16:00:00+00:00,-328.3174095135528,,,
2021-11-15 18:30:00+00:00,,,-709.3669085101283,
2021-11-17 03:00:00+00:00,-317.821101931404,,,
2021-11-18 15:00:00+00:00,-307.6603613026564,,,-1009.5669591800288
2021-11-20 16:00:00+00:00,,,-196.47321659246518,
2021-11-22 00:00:00+00:00,,-611.8898665029192,,
2021-11-22 00:30:00+00:00,,,-476.52740535375415,
2021-11-22 01:00:00+00:00,,,,-224.17136241592743
2021-11-22 02:00:00+00:00,-297.82445955181174,,,
2021-11-22 18:30:00+00:00,-288.3030115799411,,,
2021-11-24 03:00:00+00:00,,,-483.8705260987954,
2021-11-25 12:30:00+00:00,156.95857485483793,,,
2021-11-26 03:30:00+00:00,,,214.29301390485853,
2021-11-26 07:30:00+00:00,,,,-235.19959873681728
2021-11-28 02:30:00+00:00,,,-351.82168428926525,
2021-11-29 00:00:00+00:00,386.66093062462096,,,
2021-11-29 02:00:00+00:00,,1009.4479023383174,,
2021-11-29 20:00:00+00:00,,-579.0500344134634,,
2021-11-30 04:00:00+00:00,,,448.59728997108687,
2021-11-30 05:30:00+00:00,,,,445.68290639012776
2021-11-30 06:00:00+00:00,-296.46547988990824,,,
2021-11-30 15:00:00+00:00,161.4024042349356,,,
2021-11-30 16:00:00+00:00,,-551.6472404466185,,
2021-12-01 21:00:00+00:00,-292.14751336121844,,,
2021-12-01 21:30:00+00:00,,,-504.8251525616288,
2021-12-02 03:00:00+00:00,,,,-946.3888257491672
2021-12-03 16:00:00+00:00,,,-394.66985016239414,-731.7238435395884
2021-12-04 15:00:00+00:00,159.05160717284707,,,
2021-12-04 20:30:00+00:00,200.1485527007644,,,
2021-12-05 16:00:00+00:00,,,-654.1207800912853,
2021-12-06 07:00:00+00:00,-294.29118647022005,,,
2021-12-06 21:30:00+00:00,160.21867051463778,,,
2021-12-07 09:00:00+00:00,163.09940221049146,,,
2021-12-07 22:00:00+00:00,,,465.94713274289825,
2021-12-08 10:30:00+00:00,,,,-23.760488530999282
2021-12-09 14:30:00+00:00,-295.21917602378926,,,
2021-12-10 18:00:00+00:00,,,-529.0888376545408,
2021-12-10 23:30:00+00:00,,,,-862.629207266873
2021-12-13 02:00:00+00:00,,,-254.65881859998626,-166.3103768108267
2021-12-15 00:00:00+00:00,160.72388867733025,,,
2021-12-15 14:30:00+00:00,,-630.8756576666747,,
2021-12-15 15:00:00+00:00,,,-184.9216000778324,
2021-12-15 22:00:00+00:00,186.45324318697203,,,
2021-12-17 22:00:00+00:00,-296.8802718720108,,,
2021-12-19 03:00:00+00:00,71.82477905994165,,,
2021-12-20 00:00:00+00:00,-289.68524776680897,,,
2021-12-21 06:00:00+00:00,105.32160164964807,,,
2021-12-22 13:30:00+00:00,,,-62.06747856448783,
2021-12-23 09:00:00+00:00,,-257.364859409925,,
2021-12-23 20:30:00+00:00,121.14816948322368,,,
2021-12-25 11:00:00+00:00,,,-28.272654626562144,
2021-12-25 23:00:00+00:00,,-130.9101456372191,,
2021-12-28 00:00:00+00:00,,,-455.78772015297,
2021-12-28 04:00:00+00:00,,,,715.0234708195021
2021-12-29 23:00:00+00:00,-287.664248978821,,,
2021-12-31 17:00:00+00:00,-278.4676229389679,,,
2022-01-05 19:30:00+00:00,,,,-752.1078835680783
2022-01-09 17:00:00+00:00,67.37017372970149,,,
2022-01-10 14:00:00+00:00,,,,-1278.4650130546725
2022-01-11 02:00:00+00:00,67.90846141779912,,,
2022-01-11 18:30:00+00:00,68.45105002453056,,,
2022-01-13 14:30:00+00:00,68.99797391422544,,,
2022-01-13 17:30:00+00:00,,,-441.19903525326663,
2022-01-14 11:30:00+00:00,,,,-129.324071062214
2022-01-14 19:30:00+00:00,69.54926772579893,,,
2022-01-20 21:30:00+00:00,-280.5076063837914,,,
2022-01-20 23:00:00+00:00,,,,-472.82171321806163
2022-01-21 00:00:00+00:00,,,-1116.5600290985421,
2022-01-23 09:00:00+00:00,152.71458280182924,,,
2022-01-24 02:30:00+00:00,-276.42206341987367,,,
2022-01-24 20:00:00+00:00,429.9642245523901,,,
2022-01-25 00:30:00+00:00,-281.3308063112818,,,
2022-01-26 10:30:00+00:00,153.162751160291,,,
2022-01-27 03:00:00+00:00,,,-794.8032906545686,
2022-01-28 03:00:00+00:00,155.9166174261536,,,
2022-01-29 20:30:00+00:00,158.71999820747442,,,
2022-02-01 16:30:00+00:00,161.57378377524765,,,
2022-02-02 16:30:00+00:00,,,-520.4804597195052,
2022-02-03 10:00:00+00:00,,,,292.924706964106
2022-02-04 18:30:00+00:00,192.82816101780372,,,
2022-02-05 15:30:00+00:00,,4283.517579206546,,
2022-02-06 23:00:00+00:00,167.94593074262593,,,
2022-02-07 15:30:00+00:00,170.96559857737702,,,
2022-02-08 05:30:00+00:00,174.03956003979692,,,
2022-02-08 08:30:00+00:00,-315.02148269177815,,,
2022-02-10 11:30:00+00:00,171.50470507051614,,,
2022-02-10 15:30:00+00:00,,1697.3227377720832,,
2022-02-10 23:30:00+00:00,-310.43325131122765,,,
2022-02-11 02:30:00+00:00,,,976.6548328866993,
2022-02-11 23:00:00+00:00,,,,1909.3148069627441
2022-02-15 10:30:00+00:00,169.00676980910976,,,
2022-02-16 14:30:00+00:00,,,3.821880867188156,
2022-02-17 14:00:00+00:00,,-1192.8945864065536,,
2022-02-21 11:30:00+00:00,-305.91184669760514,,,
2022-02-21 21:30:00+00:00,-296.13184495868154,,,
2022-02-23 19:00:00+00:00,,,-493.2207264965109,
2022-02-24 18:30:00+00:00,161.22076595429644,,,
2022-02-24 22:30:00+00:00,379.34658145708636,,,
2022-02-26 00:30:00+00:00,170.94016686075338,,,
2022-02-26 12:30:00+00:00,,,129.43788662860243,
2022-02-27 20:00:00+00:00,,,-903.1309084273053,
2022-02-28 17:30:00+00:00,244.15677682841306,,,
2022-03-01 11:00:00+00:00,178.40360990828412,,,
2022-03-01 16:00:00+00:00,-322.9206606706048,4614.617060479759,,1130.3807920858198
2022-03-02 19:00:00+00:00,,,,-633.9303300292559
2022-03-03 04:30:00+00:00,,,799.3969621707583,
2022-03-09 06:00:00+00:00,286.1194603455351,,,
2022-03-10 02:30:00+00:00,,,-371.7605466013101,
2022-03-10 05:00:00+00:00,,-2103.9103305173194,,
2022-03-11 16:00:00+00:00,-321.74412629621474,,,
2022-03-15 07:00:00+00:00,-311.45796657852225,,,
2022-03-16 02:00:00+00:00,,2052.009033287104,,
2022-03-16 03:30:00+00:00,-316.2593146040999,,,
2022-03-16 14:00:00+00:00,72.82467508107402,,,
2022-03-18 18:00:00+00:00,85.24599595072686,,,
2022-03-20 03:00:00+00:00,,,26.17482563667545,
2022-03-20 09:00:00+00:00,,,,-58.69750587077215
2022-03-22 03:00:00+00:00,74.08765974261587,,,
2022-03-22 05:30:00+00:00,122.76445417703144,,,
2022-03-22 20:00:00+00:00,,,-272.90387808426385,
2022-03-23 01:00:00+00:00,,,,-205.99822435132592
2022-03-24 17:00:00+00:00,75.66050813283437,,,
2022-03-25 16:30:00+00:00,,,,274.8238013568516
2022-03-25 23:30:00+00:00,,,64.95466790800128,
2022-03-27 20:30:00+00:00,,2044.6861206166577,,
2022-03-27 23:00:00+00:00,83.71964855907754,,,
2022-03-28 23:00:00+00:00,,,,740.4261191056576
2022-03-29 00:00:00+00:00,,,96.96427971042431,
2022-04-01 02:30:00+00:00,,-1859.935065380363,,
2022-04-02 00:30:00+00:00,76.9339555848037,,,
2022-04-02 16:00:00+00:00,,,-100.33387800222772,
2022-04-04 22:30:00+00:00,77.5486578899272,,,
2022-04-06 00:00:00+00:00,,-1688.5850113279957,,
2022-04-08 18:00:00+00:00,-312.7709192962411,,,
2022-04-10 23:00:00+00:00,,,-421.41070643854255,
2022-04-13 16:00:00+00:00,129.6527461249516,,,
2022-04-14 11:00:00+00:00,,,-171.4842128422406,
2022-04-18 19:30:00+00:00,76.70515746282763,,,
2022-04-19 12:30:00+00:00,,730.3860535200292,,
2022-04-20 13:30:00+00:00,,,,-80.33279095944818
2022-04-20 16:00:00+00:00,,,211.4641400398741,
2022-04-21 15:30:00+00:00,,,,-41.15605293947738
2022-04-21 16:00:00+00:00,,-777.9953847695142,,
2022-04-21 18:00:00+00:00,,,-344.8830879073648,
2022-04-26 00:30:00+00:00,77.31803167095495,,,
2022-04-26 08:00:00+00:00,,713.2153013927673,,
2022-04-26 13:30:00+00:00,,,-38.03940217091076,
2022-04-29 09:00:00+00:00,-311.84075265655883,,,
2022-05-02 13:30:00+00:00,,-818.5274062387325,,
2022-05-04 16:00:00+00:00,,590.2723520442378,,
2022-05-04 18:30:00+00:00,,-778.9978652778591,,
2022-05-05 09:30:00+00:00,,,210.8061918629155,
2022-05-05 14:00:00+00:00,-301.87120379412954,-843.5446604075332,,
2022-05-09 23:30:00+00:00,-292.2203814088334,,,
2022-05-10 04:30:00+00:00,70.69740336450923,,,
2022-05-10 12:30:00+00:00,71.26227561739324,,,
2022-05-10 14:30:00+00:00,-287.41654675224345,,,
2022-05-11 02:00:00+00:00,69.53520299102456,,,
2022-05-11 11:00:00+00:00,104.41526726368284,,,
2022-05-11 16:00:00+00:00,-283.7890362866183,,,
2022-05-12 02:30:00+00:00,-274.71630079653187,,,
2022-05-12 10:30:00+00:00,66.46260960506334,,,
2022-05-12 12:00:00+00:00,-268.05843028914296,,,
2022-05-12 17:00:00+00:00,254.71215691422276,,,
2022-05-13 00:30:00+00:00,66.88700913154571,,,
2022-05-13 02:00:00+00:00,67.4214363345036,,,
2022-05-13 04:30:00+00:00,123.873440033527,,,
2022-05-13 17:30:00+00:00,,,-268.8321056002351,
2022-05-14 21:30:00+00:00,68.94988239668601,,,
2022-05-15 20:00:00+00:00,69.50079195703438,,,
2022-05-15 23:30:00+00:00,70.05610328477087,,,
2022-05-16 04:00:00+00:00,,,-407.37833939672237,
2022-05-16 06:00:00+00:00,,-1258.7724230211606,,-632.3503099702466
2022-05-16 21:00:00+00:00,70.6158515500174,,,
2022-05-17 03:30:00+00:00,71.18007220390245,,,
2022-05-20 01:30:00+00:00,71.74880098081121,,,
2022-05-20 07:00:00+00:00,,,-80.69178486672354,
2022-05-20 14:30:00+00:00,,-1076.6814448544174,,
2022-05-22 22:00:00+00:00,72.32207390065014,,,
2022-05-23 18:30:00+00:00,,,,-398.31746920478327
2022-05-25 11:30:00+00:00,,-894.2356553991995,-309.3757028500786,
2022-05-26 17:00:00+00:00,72.89992727111348,,,
2022-05-28 13:00:00+00:00,73.48239769000975,,,
2022-05-29 20:30:00+00:00,,,-121.18326892235018,
2022-05-30 05:30:00+00:00,74.06952204755362,,,
2022-05-30 13:00:00+00:00,,,,361.0843465163962
2022-05-30 14:00:00+00:00,,464.6500772589279,,
2022-05-30 21:00:00+00:00,74.66133752871247,,,
2022-05-30 22:00:00+00:00,,,,285.9591018036808
2022-05-31 15:30:00+00:00,75.25788161556738,,,
2022-05-31 16:30:00+00:00,75.85919208967425,,,
2022-05-31 18:30:00+00:00,,,,-343.2981940133104
2022-06-01 04:00:00+00:00,,,581.535973216427,
2022-06-01 14:30:00+00:00,,-866.8316060432917,,
2022-06-06 03:30:00+00:00,136.00483797356173,,,
2022-06-06 14:00:00+00:00,,882.2829860027341,,
2022-06-06 17:00:00+00:00,,,,222.75499747871072
2022-06-07 00:30:00+00:00,,,-134.17461472463947,
2022-06-07 22:00:00+00:00,87.19945645570442,,,
2022-06-08 03:30:00+00:00,,-1144.3262364113252,,
2022-06-08 04:30:00+00:00,,,-504.2332174474923,
2022-06-12 22:00:00+00:00,-313.0927706911625,,,
2022-06-13 17:30:00+00:00,-303.0831948121686,,,
2022-06-14 05:00:00+00:00,73.32546338259272,,,
2022-06-14 15:00:00+00:00,73.91133383501983,,,
2022-06-14 20:00:00+00:00,-298.1007854810705,,,
2022-06-15 01:30:00+00:00,72.1200601163655,,,
2022-06-15 14:00:00+00:00,238.14507319495897,,,
2022-06-15 21:00:00+00:00,74.59907853152617,,,
2022-06-16 00:00:00+00:00,137.64324571611724,,,
2022-06-16 09:30:00+00:00,,,-391.8515168472095,
2022-06-17 07:00:00+00:00,76.29489470226326,,,
2022-06-17 12:30:00+00:00,-307.71421457103133,,,
2022-06-17 17:00:00+00:00,,,-438.0189730104885,
2022-06-18 16:30:00+00:00,-297.8765911311948,,,
2022-06-19 00:30:00+00:00,185.30626197926904,,,
2022-06-19 12:30:00+00:00,349.6404716421803,,,
2022-06-19 18:30:00+00:00,76.34004477500821,,,
2022-06-19 21:00:00+00:00,163.59938155557757,,,
2022-06-20 08:00:00+00:00,78.25716079139056,,,
2022-06-20 10:30:00+00:00,78.88243550611332,,,
2022-06-20 19:30:00+00:00,,,49.00467705709889,
2022-06-20 23:30:00+00:00,79.51270616580587,,,
2022-06-21 08:30:00+00:00,80.1480126880706,,,
2022-06-21 19:30:00+00:00,-323.25469312178757,,,
2022-06-21 22:30:00+00:00,,,37.47530387371262,
2022-06-21 23:00:00+00:00,,,,-403.44876390479476
2022-06-23 09:30:00+00:00,78.2055903114051,,,
2022-06-23 18:00:00+00:00,,,-132.9603747249057,
2022-06-23 22:00:00+00:00,78.83045297799617,,,
2022-06-24 02:30:00+00:00,79.46030829728807,,,
2022-06-25 07:30:00+00:00,80.09519616058606,,,
2022-06-25 15:00:00+00:00,,,102.17929383943192,
2022-06-26 15:00:00+00:00,,,,-194.53243692935575
2022-06-26 18:30:00+00:00,,,-171.72506629858435,
2022-06-27 14:30:00+00:00,,,-444.09829494506266,
2022-06-28 16:30:00+00:00,,,-284.4148573918919,
2022-06-30 06:00:00+00:00,,,-197.3998842141391,
2022-07-01 02:30:00+00:00,207.4672952682722,,,
2022-07-01 12:00:00+00:00,,,-664.9559737788295,
2022-07-04 04:30:00+00:00,,,-112.28226924894625,
2022-07-04 15:00:00+00:00,82.39282046709923,,,
2022-07-05 08:30:00+00:00,,,,88.99519663680258
2022-07-05 09:30:00+00:00,-332.30850026422195,,,
2022-07-05 10:00:00+00:00,,,142.2614124897409,
2022-07-05 11:30:00+00:00,,-1195.2019608830633,,
2022-07-05 21:00:00+00:00,150.4816191843911,,,
2022-07-06 01:30:00+00:00,,,,-521.9432103184445
2022-07-07 16:30:00+00:00,81.59834232280264,,,
2022-07-07 21:00:00+00:00,82.25031307796417,,,
2022-07-08 07:00:00+00:00,-331.73373638926387,,,
2022-07-08 08:30:00+00:00,,,,709.1049891459734
2022-07-08 14:00:00+00:00,,,455.8461226768395,
2022-07-10 01:30:00+00:00,,,-315.05989754844813,
2022-07-10 02:00:00+00:00,-321.12820883690074,,,
2022-07-10 14:30:00+00:00,,-1439.7822160752366,,
2022-07-13 17:00:00+00:00,77.69112613709876,,,
2022-07-13 23:00:00+00:00,78.31187823493565,,,
2022-07-14 17:00:00+00:00,78.93759014202988,,,
2022-07-14 19:30:00+00:00,79.56830148726658,,,
2022-07-16 02:00:00+00:00,,,-168.87848966756974,
2022-07-17 07:00:00+00:00,80.20405221614783,,,
2022-07-17 16:00:00+00:00,,,-176.89444555337832,-439.9291838161007
2022-07-18 05:00:00+00:00,80.84488259335558,,,
2022-07-18 08:00:00+00:00,158.53445721388016,,,
2022-07-18 17:00:00+00:00,,,,290.56142535336767
2022-07-18 17:30:00+00:00,-331.13367044853294,,,
2022-07-18 20:30:00+00:00,,,-313.1809489998068,
2022-07-19 01:00:00+00:00,,,,-452.29168391584244
2022-07-19 13:00:00+00:00,80.11176549153424,,,
2022-07-19 15:30:00+00:00,,1205.7775562148272,,
2022-07-19 17:30:00+00:00,236.84721474985417,,,
2022-07-20 00:30:00+00:00,,,,-32.024958509799035
2022-07-20 17:00:00+00:00,,,,-294.4741453216957
2022-07-20 23:30:00+00:00,,,20.96228461690589,
2022-07-21 02:30:00+00:00,-330.68050560261327,,,
2022-07-21 20:00:00+00:00,80.0021305038972,,,
2022-07-23 12:00:00+00:00,,-1833.7628027067585,,
2022-07-25 23:30:00+00:00,-322.6663179507068,,,
2022-07-27 21:00:00+00:00,78.0632436461965,,,
2022-07-28 12:30:00+00:00,-314.84635766519204,,,
2022-07-28 15:30:00+00:00,,1209.2405299738966,,
2022-07-28 17:30:00+00:00,76.17134656518647,,,
2022-07-29 11:30:00+00:00,,,,-50.138876945902666
2022-07-30 05:00:00+00:00,,,369.4100908005166,
2022-07-30 12:30:00+00:00,76.77995562423894,,,
2022-07-30 19:30:00+00:00,,,,-345.06663772303
2022-07-30 22:00:00+00:00,-309.67057274163017,,-306.2835212362388,
2022-08-05 06:00:00+00:00,74.91915959347352,,,
2022-08-08 21:00:00+00:00,,,,63.98549998933049
2022-08-09 10:00:00+00:00,,,-137.52287279218763,
2022-08-09 11:30:00+00:00,,-590.619398117964,,
2022-08-10 21:30:00+00:00,75.51776367862294,,,
2022-08-11 05:00:00+00:00,76.12115061041732,,,
2022-08-11 15:00:00+00:00,,,,53.70110078135076
2022-08-11 20:00:00+00:00,,,-39.12603912038867,
2022-08-14 11:30:00+00:00,,-463.83070222945753,,
2022-08-14 13:00:00+00:00,,,,-334.51990602809747
2022-08-15 06:00:00+00:00,,-475.8727642968879,,-338.0561199675758
2022-08-15 06:30:00+00:00,-211.07775996388045,,,
2022-08-15 08:00:00+00:00,,,-398.2668076446316,
2022-08-17 07:30:00+00:00,,-495.11638854682315,,
2022-08-17 11:30:00+00:00,,,-148.66493705618996,
2022-08-18 18:00:00+00:00,,,-147.39642423102123,
2022-08-22 07:30:00+00:00,,,-104.53484636963549,
2022-08-23 06:00:00+00:00,,-527.1175054811356,,
2022-08-24 03:00:00+00:00,,,-118.44994478290391,
2022-08-24 16:00:00+00:00,168.86988666886646,526.3208362712758,,
2022-08-25 00:00:00+00:00,,,,-363.7626676727614
2022-08-25 00:30:00+00:00,,,-122.08881375905912,
2022-08-26 05:30:00+00:00,,,-174.0646575924984,
2022-08-26 14:30:00+00:00,-210.1500309088533,-496.1500807958364,,
2022-08-29 14:00:00+00:00,,412.14891233016533,,
2022-08-30 14:00:00+00:00,,,,-266.94731110873727
2022-08-30 14:30:00+00:00,,-493.6586863927114,,
2022-08-30 15:00:00+00:00,,,-133.99241537530906,
2022-08-31 06:00:00+00:00,,586.6748995391717,,
2022-08-31 17:00:00+00:00,,,-151.77193094807626,
2022-09-01 07:30:00+00:00,-205.53093322947825,,,
2022-09-02 18:30:00+00:00,,,-91.5616292320592,
2022-09-03 19:00:00+00:00,,-584.3607958267094,,
2022-09-05 07:30:00+00:00,,,-97.4777705599954,
2022-09-06 00:30:00+00:00,,293.25930135458475,,
2022-09-06 02:00:00+00:00,,-533.4774361262716,,-255.49312235692378
2022-09-06 13:30:00+00:00,,-441.59983830512647,,
2022-09-06 17:30:00+00:00,,,-470.4571212434439,
2022-09-09 07:00:00+00:00,322.221956435822,,,
2022-09-09 09:30:00+00:00,,1799.7471360990894,,
2022-09-09 23:00:00+00:00,,646.425887047666,,
2022-09-12 02:30:00+00:00,,-552.4295937508905,,
2022-09-13 13:00:00+00:00,,-1797.4968293520724,-438.8340739925561,-650.0595049268704
2022-09-18 10:00:00+00:00,,,-50.86995236302482,
2022-09-18 21:00:00+00:00,,-560.1910153510798,,
2022-09-19 19:00:00+00:00,,735.6270462614339,,
2022-09-19 19:30:00+00:00,170.22577427268516,,,
2022-09-20 09:30:00+00:00,,,-27.599434862537237,
2022-09-20 12:00:00+00:00,-211.83736443806993,,,
2022-09-20 13:00:00+00:00,,-814.3637050853649,,
2022-09-21 18:30:00+00:00,-401.5457045077219,-659.3355677853942,,
2022-09-21 19:30:00+00:00,-198.35520458264,,,
2022-09-21 21:00:00+00:00,,,-113.88901899028588,
2022-09-22 15:00:00+00:00,-193.99535718591324,,,
2022-09-23 08:30:00+00:00,,,-39.55531115889062,
2022-09-24 07:00:00+00:00,-189.73133923496425,,,
2022-09-24 08:00:00+00:00,,,-149.50151872087827,
2022-09-25 14:00:00+00:00,,,-73.40053561110471,
2022-09-25 21:30:00+00:00,,-657.627353768461,,
2022-09-26 11:00:00+00:00,-185.56104439858245,,,
2022-09-26 11:30:00+00:00,,-566.2398804637232,,
2022-09-27 04:00:00+00:00,148.45558595612965,,,
2022-09-27 05:30:00+00:00,,547.1514221674552,,
2022-09-27 15:30:00+00:00,,,,-82.0939777082167
2022-09-27 16:00:00+00:00,,-585.8049448687707,,
2022-09-27 16:30:00+00:00,,,70.0321872153554,
2022-09-29 07:00:00+00:00,,,19.779014426092544,
2022-09-30 13:00:00+00:00,,,-128.22720605048653,
2022-09-30 14:00:00+00:00,,385.52272006720887,,
2022-09-30 16:00:00+00:00,-184.74546642201676,,,
2022-09-30 19:30:00+00:00,,-647.2222692001669,,
2022-09-30 21:00:00+00:00,,,-241.43362976492244,
2022-10-04 00:00:00+00:00,,352.276900774752,,
2022-10-04 14:00:00+00:00,,400.524810431285,,
2022-10-04 17:00:00+00:00,,,,-278.138989959165
2022-10-05 04:00:00+00:00,,-420.43936656504593,,
2022-10-05 08:00:00+00:00,,,,-152.2118350253404
2022-10-05 09:00:00+00:00,,,252.29788556597669,
2022-10-05 21:30:00+00:00,,,-101.90308141848436,
2022-10-06 09:00:00+00:00,,,-60.00610029887139,
2022-10-06 14:00:00+00:00,,-382.89091236767854,,
2022-10-09 21:30:00+00:00,,,-37.99319639332589,
2022-10-10 16:00:00+00:00,,-281.11569167280686,,
2022-10-13 02:30:00+00:00,,,-61.76482582899371,
2022-10-13 17:30:00+00:00,147.8030939053533,,,
2022-10-14 14:00:00+00:00,-183.93347307410113,,,13.08134286002678
2022-10-14 15:00:00+00:00,,,95.54498309440987,
2022-10-16 05:30:00+00:00,,-381.30033885627563,,
2022-10-17 04:00:00+00:00,,,-53.346746547410476,
2022-10-18 14:30:00+00:00,,,36.58717772980708,-204.01337357968805
2022-10-20 18:00:00+00:00,,,-55.84812399963175,
2022-10-23 06:00:00+00:00,,,-3.9035232675623774,
2022-10-24 01:00:00+00:00,,,,56.588403197449225
2022-10-24 04:00:00+00:00,,-386.59562596766773,,
2022-10-24 04:30:00+00:00,,,-79.15392434542082,
2022-10-26 07:00:00+00:00,,338.41225879996637,,
2022-10-26 08:30:00+00:00,147.15346968790072,,,
2022-10-27 09:00:00+00:00,,,437.2038838269973,
2022-10-27 20:00:00+00:00,-183.12504859967248,,,413.83280142453077
2022-10-29 11:30:00+00:00,,,,-255.1283435831283
2022-10-29 23:30:00+00:00,,,85.89699873406607,
2022-10-31 14:00:00+00:00,,,-168.49008052350018,
2022-11-01 14:00:00+00:00,,,-89.56551744286662,
2022-11-02 07:30:00+00:00,,,-61.607705772015834,
2022-11-04 16:00:00+00:00,-179.0999600314517,,,-58.830069730593095
2022-11-05 23:30:00+00:00,,,326.14171807398634,
2022-11-06 19:00:00+00:00,,49.96935815007964,,
2022-11-06 22:00:00+00:00,,,,-170.71395140600544
2022-11-08 18:00:00+00:00,-339.9812019453093,,,
2022-11-09 09:00:00+00:00,-167.69055609120005,,,
2022-11-10 05:00:00+00:00,134.1585452082054,,,
2022-11-10 10:30:00+00:00,-166.9535224919946,,,
2022-11-10 17:30:00+00:00,-163.2838840676186,,,
2022-11-10 22:30:00+00:00,-163.4299271556647,,,
2022-11-11 03:00:00+00:00,,,-200.3704328666181,
2022-11-13 09:00:00+00:00,-156.1027144969321,,,
2022-11-14 14:00:00+00:00,-182.6349960282787,,,
2022-11-14 16:00:00+00:00,,-1171.0398967570763,,
2022-11-15 13:30:00+00:00,189.16940634940147,,,
2022-11-16 12:00:00+00:00,-152.8152031711479,,,
2022-11-16 15:00:00+00:00,,,-236.4361148577009,
2022-11-18 17:00:00+00:00,-149.45632500544434,,,
2022-11-20 13:00:00+00:00,,,-175.7683947841033,
2022-11-24 02:30:00+00:00,200.74965159342537,,,
2022-11-25 04:30:00+00:00,,,,-250.64290580180023
2022-11-28 01:30:00+00:00,,,-105.55907621748611,
2022-11-30 17:00:00+00:00,,,,77.81849057040745
2022-12-01 01:00:00+00:00,267.2468537069608,,,
2022-12-01 21:00:00+00:00,,,,-251.57078378428196
2022-12-02 07:00:00+00:00,,-201.71589317000326,,
2022-12-02 13:30:00+00:00,-156.45783816832773,,,
2022-12-05 04:30:00+00:00,,154.64743532024295,,
2022-12-05 15:00:00+00:00,,-368.5026368278086,,
2022-12-05 15:30:00+00:00,,,,-136.36489100585095
2022-12-05 16:00:00+00:00,-153.01889488538836,,,
2022-12-05 20:30:00+00:00,,,180.1484219103977,
2022-12-10 09:00:00+00:00,,,,-29.184399170479082
2022-12-10 23:30:00+00:00,,-214.4168926939601,,
2022-12-11 20:00:00+00:00,,-124.3044134849406,,
2022-12-13 07:00:00+00:00,,-177.70584550228523,,
2022-12-13 17:30:00+00:00,,347.2044290156373,,
2022-12-14 14:00:00+00:00,190.43973803163408,,,
2022-12-14 19:30:00+00:00,-153.84140501774255,,,
2022-12-15 15:30:00+00:00,,,94.30342233752344,
2022-12-16 05:00:00+00:00,,,,148.23799650352885
2022-12-20 14:30:00+00:00,,206.87914350799474,,
2022-12-22 16:00:00+00:00,,,-96.29457096852002,
2022-12-24 22:00:00+00:00,,-38.29978191476039,,
2022-12-25 13:30:00+00:00,,,,1.163965247638771
2022-12-27 17:00:00+00:00,,,-59.64138725293833,
2022-12-28 21:00:00+00:00,-150.45997093545338,,,-248.0315458237801
2023-01-01 19:30:00+00:00,,26.351332740359794,,
2023-01-03 00:00:00+00:00,,-156.94970935138554,,
2023-01-04 19:00:00+00:00,,124.90337037393692,,
2023-01-06 12:00:00+00:00,,,38.072472709937756,
2023-01-08 21:00:00+00:00,,-16.680729066840286,,
2023-01-09 04:00:00+00:00,,153.31737122444247,,
2023-01-09 16:00:00+00:00,,102.61770638492453,,
2023-01-09 20:00:00+00:00,,-180.35042692187562,,
2023-01-11 05:00:00+00:00,,,18.719068328789035,
2023-01-11 15:00:00+00:00,,-131.05281760308935,,
2023-01-11 23:00:00+00:00,,63.12329992178638,,
2023-01-12 04:00:00+00:00,,315.7183970310725,,
2023-01-12 13:30:00+00:00,,,,394.764499033774
2023-01-12 15:00:00+00:00,,,167.42565308226676,
2023-01-12 17:30:00+00:00,187.25502801896891,,,
2023-01-13 08:00:00+00:00,,,-33.88983190628096,
2023-01-13 12:00:00+00:00,,57.34208308864254,,
2023-01-13 17:00:00+00:00,192.49255115265805,,,
2023-01-13 21:30:00+00:00,197.87656780840007,,,
2023-01-14 04:30:00+00:00,,599.5625614211167,,
2023-01-14 05:00:00+00:00,380.8968284847033,,,
2023-01-14 09:00:00+00:00,,,,1317.413032634251
2023-01-14 11:00:00+00:00,,,424.70997494173116,
2023-01-16 08:00:00+00:00,,,,-328.7454646718106
2023-01-16 08:30:00+00:00,,,-207.45434587784166,
2023-01-17 01:00:00+00:00,,-504.6644040881911,,-362.2162524907235
2023-01-17 01:30:00+00:00,,,-119.12284030027149,
2023-01-17 14:00:00+00:00,214.0648597027175,,,
2023-01-17 14:30:00+00:00,,,,-283.6633478299318
2023-01-17 23:30:00+00:00,,,-74.96635007386521,
2023-01-18 15:30:00+00:00,,,,-244.80385716407181
2023-01-20 05:00:00+00:00,,,-49.533644446414655,
2023-01-21 01:00:00+00:00,236.69185121975806,1135.8903635807765,,
2023-01-21 23:00:00+00:00,,,510.678874864122,
2023-01-22 02:30:00+00:00,,,,542.5056902115703
2023-01-22 20:30:00+00:00,-259.0890461667432,,,
2023-01-26 00:30:00+00:00,,195.71148902204004,,
2023-01-26 06:30:00+00:00,,,-11.457656047655291,
2023-01-27 01:30:00+00:00,,,,-282.5708540021824
2023-01-27 22:00:00+00:00,,,-99.35751104462088,
2023-01-29 13:00:00+00:00,,194.78139254265625,,
2023-01-29 18:30:00+00:00,219.42580428593556,,,
2023-01-30 03:00:00+00:00,,,49.4355532845384,
2023-01-30 08:00:00+00:00,,-411.50727942574304,,
2023-01-30 09:00:00+00:00,,,,-53.77379954566459
2023-01-31 21:30:00+00:00,,,-59.8270453359637,
2023-02-02 00:00:00+00:00,,208.755528790447,,
2023-02-02 06:00:00+00:00,,-565.8105913235268,,
2023-02-02 09:30:00+00:00,,,0.22340665257161163,
2023-02-02 21:30:00+00:00,,,,-167.8019584289559
2023-02-05 17:30:00+00:00,-257.8210123238132,,,
2023-02-08 14:30:00+00:00,,,,-260.8392713036483
2023-02-12 21:30:00+00:00,,-260.13296175029245,,
2023-02-14 15:30:00+00:00,,,,-87.7248636366312
2023-02-15 12:00:00+00:00,218.35189031711525,,,
2023-02-15 19:00:00+00:00,,389.8719130182362,,
2023-02-16 01:00:00+00:00,619.7099820767626,740.2911118794327,,
2023-02-16 07:00:00+00:00,,,,1179.4935003225219
2023-02-16 14:30:00+00:00,,,528.8012159415275,
2023-02-16 17:00:00+00:00,,,,-84.7672642438065
2023-02-16 23:00:00+00:00,-276.37131262025287,,,
2023-02-17 22:00:00+00:00,,-841.3082202397418,,
2023-02-18 08:00:00+00:00,,,-115.5629360444018,
2023-02-19 16:00:00+00:00,234.0623752739848,,,
2023-02-21 08:30:00+00:00,,,,-302.63989216625305
2023-02-23 11:00:00+00:00,,,-79.42635142606832,
2023-02-27 14:00:00+00:00,,191.14150627803247,,
2023-02-27 15:30:00+00:00,,,,-243.61414123972463
2023-02-27 16:00:00+00:00,,-397.95421588712634,,
2023-03-01 15:00:00+00:00,,,,-209.52448540692058
2023-03-01 19:30:00+00:00,,-483.76236339385287,,
2023-03-03 01:00:00+00:00,-275.0186958932918,,,
2023-03-05 08:30:00+00:00,,-300.19819508795626,,
2023-03-12 19:00:00+00:00,,,,-301.984800167922
2023-03-12 22:00:00+00:00,,383.2862137828233,,
2023-03-13 02:30:00+00:00,,482.40878851092566,,
2023-03-13 09:00:00+00:00,,,,395.3782908692756
2023-03-13 12:30:00+00:00,,,375.0811563649431,
2023-03-13 16:30:00+00:00,,,,681.4160528713146
2023-03-13 18:30:00+00:00,,772.6933153404934,,
2023-03-13 19:30:00+00:00,728.9628564818267,,,
2023-03-14 07:30:00+00:00,,,,-223.53606265152484
2023-03-14 12:30:00+00:00,253.3059180820601,,,
2023-03-14 13:30:00+00:00,,,,416.47974307263576
2023-03-14 18:30:00+00:00,-297.629480908392,,,
2023-03-14 19:00:00+00:00,,-1334.6785362470218,,
2023-03-14 19:30:00+00:00,,,160.3486348803708,
2023-03-15 16:00:00+00:00,-288.11426640375066,,,
2023-03-17 06:30:00+00:00,244.0076319984928,,,
2023-03-17 09:30:00+00:00,,476.57335642178805,,
2023-03-17 14:30:00+00:00,,-714.857493251915,,
2023-03-17 21:30:00+00:00,250.83252546549193,,,
2023-03-18 15:30:00+00:00,,,487.2517742919772,
2023-03-18 16:30:00+00:00,,-705.068735178229,,234.021440720986
2023-03-19 16:30:00+00:00,257.8483112027625,,,
2023-03-20 02:00:00+00:00,,,4.129586935043335,-136.72421054827464
2023-03-20 02:30:00+00:00,,-590.0616481136349,,
2023-03-20 16:00:00+00:00,,-570.8666933162785,,-416.2317396493745
2023-03-22 18:00:00+00:00,265.0603284671033,,,
2023-03-22 18:30:00+00:00,,,,-214.74399192152487
2023-03-22 19:00:00+00:00,,,-201.70820044353604,
2023-03-23 14:30:00+00:00,272.4740658543269,,,
2023-03-24 17:00:00+00:00,-320.1516782365543,,,
2023-03-29 14:00:00+00:00,,358.4625795276843,,
2023-03-30 01:00:00+00:00,,,67.94156523261881,
2023-03-30 02:00:00+00:00,271.140523035996,,,
2023-03-30 03:00:00+00:00,,,,142.2612671428269
2023-03-30 16:00:00+00:00,-318.5847916047933,,,
2023-04-03 01:30:00+00:00,-308.399635817188,,,
2023-04-03 16:30:00+00:00,,-384.06085902902487,,
2023-04-03 20:30:00+00:00,-298.5400994601114,,,
2023-04-05 14:00:00+00:00,,,,-152.55145358183654
2023-04-09 23:30:00+00:00,,92.93865253599142,,
2023-04-10 06:30:00+00:00,,,-70.70997287307364,
2023-04-11 00:30:00+00:00,252.8374024484201,,,
2023-04-11 17:00:00+00:00,,768.7002871626573,,
2023-04-11 20:30:00+00:00,,,223.06296642114103,
2023-04-14 01:00:00+00:00,259.909264594904,,,
2023-04-14 13:00:00+00:00,,,-112.69085241276844,
2023-04-14 15:00:00+00:00,,-486.71485308613046,,
2023-04-19 02:30:00+00:00,,,78.02938728169465,
2023-04-19 08:00:00+00:00,-305.38828342574743,-524.6341026515584,,
2023-04-19 23:00:00+00:00,,,,-582.6805209059785
2023-04-23 02:00:00+00:00,,,-99.78488783423927,
2023-04-26 09:00:00+00:00,258.63721643820463,,,
2023-04-26 19:30:00+00:00,-303.8936518141563,,,
2023-04-26 20:00:00+00:00,,-612.3181622542179,-136.64035267021427,
2023-05-01 01:30:00+00:00,-294.1781717656577,,,523.329426306178
2023-05-05 02:00:00+00:00,249.14323047645485,,,
2023-05-06 14:00:00+00:00,-292.7384046926418,,,
2023-05-08 01:30:00+00:00,,,,-184.72941793996688
2023-05-10 17:00:00+00:00,-194.82898600324552,,,
2023-05-11 19:30:00+00:00,,,,-435.0600525015452
2023-05-15 16:30:00+00:00,242.47450671511797,,,
2023-05-15 20:00:00+00:00,,,-35.74325953355765,
2023-05-17 07:30:00+00:00,,,,45.15712668771448
2023-05-18 06:00:00+00:00,,,-55.74926733633038,
2023-05-18 17:30:00+00:00,-195.87623454849017,,,-131.66280170365644
2023-05-21 11:30:00+00:00,,,,-82.47528875903845
2023-05-23 17:00:00+00:00,,,-68.05348216807397,
2023-05-24 03:30:00+00:00,-191.5708749131154,,,-72.45638573577162
2023-05-29 08:30:00+00:00,,,216.00199598293875,
2023-05-29 10:30:00+00:00,-187.36014708252515,,,
2023-05-31 04:30:00+00:00,,,,482.70087437727125
2023-05-31 05:00:00+00:00,,-409.8277693810378,,
2023-06-01 03:00:00+00:00,,,,-312.6553827677126
2023-06-03 21:00:00+00:00,,,,-46.10318310417824
2023-06-05 02:30:00+00:00,,,,-128.0043395101875
2023-06-06 21:30:00+00:00,236.0513714066219,,,
2023-06-07 07:00:00+00:00,,,35.19633929824158,
2023-06-07 21:30:00+00:00,,,,120.42103139191931
2023-06-12 00:00:00+00:00,,,-75.21703014926425,
2023-06-13 15:30:00+00:00,,,,-194.89232402417292
2023-06-14 20:00:00+00:00,-188.43038019316919,,,-270.6498997317867
2023-06-16 21:30:00+00:00,351.87578782566925,,,
2023-06-17 14:30:00+00:00,,,31.993621643696315,
2023-06-18 23:00:00+00:00,,,,339.7927829825421
2023-06-19 18:30:00+00:00,,,,-118.66792898393214
2023-06-20 16:30:00+00:00,,494.12585770808437,,
2023-06-20 22:30:00+00:00,472.21862701492864,,,
2023-06-21 10:30:00+00:00,257.56103960973087,,,
2023-06-21 21:30:00+00:00,,1568.146263911709,,
2023-06-21 23:00:00+00:00,264.76502188761515,,,
2023-06-22 07:30:00+00:00,,,634.4759641698492,
2023-06-22 14:30:00+00:00,-213.88300250642897,,,1087.5636234230424
2023-06-23 15:30:00+00:00,,906.6313271724393,,
2023-06-23 23:00:00+00:00,,,-198.82761995238798,
2023-06-24 15:30:00+00:00,,,,41.980768246370644
2023-06-26 01:00:00+00:00,,,,-284.84474545251214
2023-06-28 07:30:00+00:00,,,,-235.66240836114957
2023-06-29 16:30:00+00:00,,,-65.64488627926403,
2023-06-30 04:30:00+00:00,266.18819196970617,,,
2023-06-30 13:30:00+00:00,-215.03267057083212,,,-66.30461447353991
2023-07-04 05:30:00+00:00,,,-1.7872649140990688,
2023-07-04 19:00:00+00:00,,-331.39160478085614,,6.77251043092474
2023-07-06 11:30:00+00:00,,,,-32.226190389108524
2023-07-06 13:00:00+00:00,,,-80.12315921867594,
2023-07-07 00:00:00+00:00,-210.3062524716861,,,
2023-07-10 21:30:00+00:00,-205.68372104235823,-346.15554397435335,,32.096694537758594
2023-07-10 23:00:00+00:00,,,-179.84950773589117,
2023-07-12 19:00:00+00:00,,,,-154.99356144583362
2023-07-14 07:30:00+00:00,,,-21.800002331621727,
2023-07-14 17:00:00+00:00,,,,210.63893925698903
2023-07-14 17:30:00+00:00,,-414.1733878519408,,
2023-07-14 18:00:00+00:00,-201.16279285384735,,,
2023-07-17 10:00:00+00:00,,,,-132.61943627225082
2023-07-20 14:30:00+00:00,,,,-109.41923060084082
2023-07-20 15:00:00+00:00,,,-164.43743647211522,
2023-07-22 22:30:00+00:00,,,,-74.66191073621485
2023-07-23 21:30:00+00:00,,,,-17.101615384171964
2023-07-27 01:00:00+00:00,,,-82.78168048312182,
2023-07-27 15:00:00+00:00,,,,-8.688402649086129
2023-07-29 08:30:00+00:00,,,,-39.82171961900531
2023-07-30 10:30:00+00:00,,,,-69.16890215619605
2023-07-30 19:30:00+00:00,,,,-61.19828927891467
2023-07-31 16:00:00+00:00,,,,-126.19260550434956
2023-08-02 08:30:00+00:00,,,-124.26078213529036,
2023-08-02 13:00:00+00:00,,,,145.4624439907784
2023-08-02 14:00:00+00:00,,-450.5288328941642,,
2023-08-02 15:00:00+00:00,-196.7412346669189,,,
2023-08-04 18:30:00+00:00,,,,-109.0279202961301
2023-08-07 14:00:00+00:00,,,,-65.51294610745936
2023-08-09 03:00:00+00:00,,,15.634749295695656,
2023-08-09 12:30:00+00:00,,261.90612534010506,,
2023-08-11 02:30:00+00:00,,,,-148.65929050954946
2023-08-12 21:00:00+00:00,,,,-51.846671267352576
2023-08-13 22:00:00+00:00,,,,-49.609250344870816
2023-08-14 18:00:00+00:00,,,,-84.8317752066705
2023-08-15 19:00:00+00:00,,,,-135.4044805766389
2023-08-16 23:30:00+00:00,,,,-190.99503758452738
2023-08-18 14:30:00+00:00,-192.41686232894244,,,
2023-08-21 10:00:00+00:00,,,,-84.4373991274133
2023-08-22 15:30:00+00:00,,,,-137.83387634409337
2023-08-22 21:00:00+00:00,-188.18753969495083,,,
2023-08-24 02:00:00+00:00,,,-78.45007711222752,
2023-08-24 14:00:00+00:00,,,,43.426442021753246
2023-08-24 15:00:00+00:00,,-438.5051400088596,,
2023-08-26 12:30:00+00:00,,,,-95.21883219662413
2023-08-28 00:30:00+00:00,,,,-38.00409123471036
2023-08-29 14:00:00+00:00,234.20889156968042,,,
2023-08-29 20:30:00+00:00,272.4841210869363,,,
2023-08-30 03:00:00+00:00,,,-170.331563379792,
2023-08-30 09:00:00+00:00,,,,501.5273946600064
2023-08-31 14:00:00+00:00,,,,-140.43050498983757
2023-08-31 15:30:00+00:00,,-876.747461217863,,
2023-09-01 15:00:00+00:00,,,,-246.42139712903918
2023-09-04 15:00:00+00:00,,,,-54.34444077996159
2023-09-06 14:00:00+00:00,,,,-110.17041527687797
2023-09-07 22:00:00+00:00,,,,28.69126714677077
2023-09-08 09:00:00+00:00,,,,-142.49010636630555
2023-09-08 09:30:00+00:00,,,-64.05463153059463,
2023-09-12 17:00:00+00:00,,,,9.852908128686977
2023-09-14 13:00:00+00:00,248.38109513368727,,,
2023-09-15 01:00:00+00:00,,,,-62.71130817092126
2023-09-16 05:00:00+00:00,,,,-158.8640396142746
2023-09-18 17:00:00+00:00,,,,66.41585491818114
2023-09-18 17:30:00+00:00,,-300.45608193676526,,
2023-09-18 18:00:00+00:00,,,-127.8955259834629,
2023-09-19 10:00:00+00:00,,,,-146.5845657663467
2023-09-19 15:30:00+00:00,255.3283143645749,,,
2023-09-19 17:00:00+00:00,,,,-153.32993900243673
2023-09-27 13:30:00+00:00,,,,-75.098571697441
2023-09-27 15:00:00+00:00,,,-184.34831570136612,
2023-09-28 18:30:00+00:00,,,,40.40563173445844
2023-09-29 03:00:00+00:00,,,-52.24271937708545,
2023-09-29 07:30:00+00:00,262.4698473173539,,,
2023-10-01 16:00:00+00:00,,,-10.58096478565676,
2023-10-01 22:00:00+00:00,,386.93143476309706,,
2023-10-02 05:30:00+00:00,,,,219.412453486113
2023-10-02 14:30:00+00:00,,,,-4.797298853523898
2023-10-02 16:00:00+00:00,,,-43.57435038690892,
2023-10-02 21:30:00+00:00,-212.02891005545462,-519.1652295646745,,
2023-10-06 13:00:00+00:00,-207.36851461243532,,,
2023-10-06 23:00:00+00:00,,,,-107.19286415090028
2023-10-15 23:00:00+00:00,,,,-49.62809933828794
2023-10-16 05:00:00+00:00,258.08058297885873,172.8829310188048,,
2023-10-16 09:00:00+00:00,,,,141.08570008996867
2023-10-16 13:00:00+00:00,265.2990968847771,,,
2023-10-16 14:00:00+00:00,-461.3736484153833,211.80865213861034,,-13.668309726548614
2023-10-18 04:30:00+00:00,,484.24938696346,,
2023-10-18 11:00:00+00:00,,,112.05635947075734,
2023-10-20 02:30:00+00:00,259.81489167846485,,,
2023-10-20 12:00:00+00:00,,,,253.3114561402017
2023-10-21 09:30:00+00:00,267.081914198714,,,
2023-10-21 23:30:00+00:00,,,,-128.21015149431878
2023-10-22 13:30:00+00:00,,117.03193612662653,,
2023-10-23 07:30:00+00:00,,,,19.63369619085097
2023-10-23 16:30:00+00:00,274.55219533885247,,,
2023-10-23 18:30:00+00:00,,,,-90.51375802206894
2023-10-23 23:00:00+00:00,,,,658.7506733536629
2023-10-24 03:00:00+00:00,,,,-94.87033007299033
2023-10-24 06:00:00+00:00,848.2398929651918,,,
2023-10-24 13:30:00+00:00,,2054.9512029313337,,
2023-10-24 15:00:00+00:00,-240.43360912659045,,,
2023-10-26 17:00:00+00:00,,,1191.9612818903688,
2023-10-27 17:00:00+00:00,-235.1488783979912,,,
2023-10-30 02:00:00+00:00,,,,-119.48004477346876
2023-10-30 17:00:00+00:00,,,,-167.2944337024892
2023-11-01 12:30:00+00:00,292.6546478726523,,,
2023-11-01 13:30:00+00:00,,,,-77.48497014919121
2023-11-02 02:30:00+00:00,300.8401983736512,,,
2023-11-02 05:00:00+00:00,,,,36.71466931513896
2023-11-02 13:30:00+00:00,-243.02532277129285,-411.67150978426434,,
2023-11-02 15:30:00+00:00,,,-219.2380569216457,
2023-11-03 08:30:00+00:00,-237.68362617678213,,,
2023-11-06 01:30:00+00:00,,,,-163.61657640673002
2023-11-07 03:00:00+00:00,,,-123.09508928588366,
2023-11-07 22:00:00+00:00,,,,-32.18589479914408
2023-11-09 00:00:00+00:00,,,,-122.65435758840795
2023-11-09 02:00:00+00:00,,451.4549501751717,,
2023-11-09 05:30:00+00:00,194.88080355824786,,,
2023-11-09 15:30:00+00:00,,,,333.7748403103451
2023-11-09 16:00:00+00:00,86.0589232431139,421.7182978279525,,
2023-11-10 14:00:00+00:00,99.9502332188622,,,
2023-11-11 12:00:00+00:00,,,379.3316473349605,
2023-11-11 22:00:00+00:00,,-467.6907229220742,,
2023-11-14 00:00:00+00:00,-350.2901139939604,,,
2023-11-14 18:30:00+00:00,-339.09133904957525,,,
2023-11-15 11:00:00+00:00,82.0369785934272,,,
2023-11-15 18:00:00+00:00,82.69245405238871,,,
2023-11-15 21:00:00+00:00,87.87460966153049,,,
2023-11-16 06:30:00+00:00,,621.1005146576208,,
2023-11-16 08:00:00+00:00,,,,-55.855287683236384
2023-11-16 13:30:00+00:00,-336.3263401727254,,128.3593993007289,
2023-11-17 13:00:00+00:00,81.36803743348355,,,
2023-11-18 18:30:00+00:00,82.01816805257658,,,
2023-11-19 02:30:00+00:00,,,-99.06132282724138,
2023-11-19 23:00:00+00:00,82.67349321531765,,,
2023-11-20 14:00:00+00:00,,,,6.837709269919287
2023-11-20 17:00:00+00:00,,,,-153.89656679398468
2023-11-20 17:30:00+00:00,83.33405442610638,,,
2023-11-21 11:30:00+00:00,,,,-156.2968778203376
2023-11-21 12:00:00+00:00,,,65.4101031618211,
2023-11-21 14:30:00+00:00,,-492.48329884568375,,
2023-11-21 15:00:00+00:00,-336.104705364889,,,
2023-11-21 23:30:00+00:00,-325.35943793437764,,,
2023-11-22 05:00:00+00:00,78.71479501601061,,,
2023-11-22 18:00:00+00:00,79.34372622818773,,,
2023-11-22 22:30:00+00:00,90.21057029607073,,,
2023-11-23 11:00:00+00:00,,,,-175.4379739010801
2023-11-23 16:00:00+00:00,,,-102.18290488597995,
2023-11-24 11:30:00+00:00,80.69846505741589,,,
2023-11-24 16:30:00+00:00,,,,-46.093235877408006
2023-11-25 12:00:00+00:00,,,-32.94969493406461,
2023-11-26 17:30:00+00:00,,-95.35021263199815,,
2023-11-27 13:30:00+00:00,-325.474789488042,,,
2023-11-28 15:00:00+00:00,78.74270222521773,,,
2023-11-28 19:30:00+00:00,79.37185641599535,,,
2023-11-28 22:30:00+00:00,,,,-34.06481357596749
2023-11-29 10:30:00+00:00,,,,-148.15736438279055
2023-11-29 16:30:00+00:00,,,65.51235988546614,
2023-12-01 09:00:00+00:00,80.00603754875738,455.03990669544146,,
2023-12-01 12:30:00+00:00,,,,-59.68897539365207
2023-12-02 19:00:00+00:00,80.64528578877434,384.4455238156661,,
2023-12-02 19:30:00+00:00,,,,77.47364280988768
2023-12-03 13:30:00+00:00,81.28964162222655,,,
2023-12-03 22:30:00+00:00,,374.75671736411823,,
2023-12-04 01:00:00+00:00,81.93914585878701,,,
2023-12-04 08:00:00+00:00,182.71535402282825,,,
2023-12-04 11:30:00+00:00,,,,450.49738493109544
2023-12-04 15:30:00+00:00,,698.3367690109626,,
2023-12-04 22:00:00+00:00,84.05373531284204,,,
2023-12-05 00:00:00+00:00,,,,-120.83550977366394
2023-12-05 17:30:00+00:00,,,,192.9620825765196
2023-12-05 19:30:00+00:00,392.0492363165449,,,
2023-12-05 22:00:00+00:00,87.85779805616039,,,
2023-12-06 02:00:00+00:00,,,,-88.69222656147576
2023-12-06 05:30:00+00:00,,545.5746119660471,,
2023-12-09 10:30:00+00:00,,,-42.77093006910218,
2023-12-14 08:00:00+00:00,332.9241479657703,,,
2023-12-14 13:30:00+00:00,-364.9935507361588,,,
2023-12-15 06:30:00+00:00,,,130.84176421017764,
2023-12-15 15:30:00+00:00,-353.3247069191257,,,
2023-12-17 00:30:00+00:00,,,-95.28744003788051,
2023-12-17 23:30:00+00:00,,,,-188.49045228139948
2023-12-18 01:30:00+00:00,-342.0289160389184,-1104.1330957860118,,
2023-12-19 13:30:00+00:00,383.2707391265085,,,
2023-12-19 17:00:00+00:00,,,-38.24425371988582,
2023-12-20 13:30:00+00:00,,728.1014778022545,,
2023-12-21 03:00:00+00:00,193.09936064660906,,,
2023-12-22 12:30:00+00:00,,,-59.31620236971867,
2023-12-24 22:00:00+00:00,-349.5208036829008,,,333.69322990243563
2023-12-26 09:30:00+00:00,-338.346623589161,-964.0339342535408,,
2023-12-27 23:00:00+00:00,189.13206295233613,,,
2023-12-28 08:30:00+00:00,,,-30.934357403964896,
2023-12-29 16:00:00+00:00,-333.57623408559994,,,
2023-12-29 22:00:00+00:00,,,,-467.92023937640624
2024-01-01 06:00:00+00:00,,,-72.34581176180654,
2024-01-02 12:30:00+00:00,,1307.1796207631378,,
2024-01-02 15:00:00+00:00,745.0630666176203,,,
2024-01-02 21:30:00+00:00,,,419.53526346001854,
2024-01-03 11:30:00+00:00,-346.7314681216485,,,
2024-01-03 12:00:00+00:00,,,,-11.38505202280794
2024-01-05 02:00:00+00:00,188.76832675266633,,,
2024-01-05 04:00:00+00:00,,,-143.24861426474126,
2024-01-05 17:00:00+00:00,-234.91263294013334,,,
2024-01-08 00:30:00+00:00,,,-54.886790438693424,
2024-01-09 05:30:00+00:00,,843.3990156629079,,
2024-01-09 07:00:00+00:00,648.9779995492972,,,
2024-01-09 12:30:00+00:00,-244.01378969820144,,,
2024-01-09 21:00:00+00:00,-238.65036660063197,,,
2024-01-09 22:00:00+00:00,,,51.03128643994751,
2024-01-10 11:30:00+00:00,,,,111.85103198154866
2024-01-10 20:30:00+00:00,-233.4048315427517,,,
2024-01-10 21:30:00+00:00,-228.27459334544073,,,
2024-01-11 14:30:00+00:00,,1112.8915762294164,,
2024-01-11 15:30:00+00:00,,-1013.6094200820189,,
2024-01-12 03:30:00+00:00,,,-237.6311809905601,
2024-01-12 15:00:00+00:00,-223.25711778370896,,,-627.3425930762114
2024-01-14 23:00:00+00:00,-218.34992633482216,,,
2024-01-18 16:30:00+00:00,-213.55059495398564,-474.001920417777,,-354.13101207442924
2024-01-19 16:30:00+00:00,-208.85675287689446,,,
2024-01-22 04:00:00+00:00,-204.26608144866077,,,
2024-01-22 09:30:00+00:00,,-643.0741512357199,,
2024-01-25 17:00:00+00:00,,,-122.80079094929351,
2024-01-27 01:00:00+00:00,,516.5255551489463,,
2024-01-27 04:30:00+00:00,617.4349926393388,,,
2024-01-28 18:00:00+00:00,,,238.2707532229415,
2024-01-28 19:30:00+00:00,,,,262.0884733179664
2024-01-30 10:00:00+00:00,321.1772988886969,,,
2024-01-31 00:30:00+00:00,,,-35.872120334244755,
2024-01-31 10:30:00+00:00,-220.40701114620606,-473.2731668972847,,-112.95257237712212
2024-01-31 21:00:00+00:00,-215.56246504121373,,,
2024-01-31 22:30:00+00:00,,,-219.07174321056482,
2024-02-04 00:30:00+00:00,,,-80.3469253037947,
2024-02-05 15:30:00+00:00,-115.00384807527917,,,
2024-02-05 16:00:00+00:00,,-465.9320484046111,,
2024-02-05 18:00:00+00:00,,,-81.96447466939026,
2024-02-07 04:00:00+00:00,,,-128.62281828730738,
2024-02-08 14:00:00+00:00,,571.876557263673,,
2024-02-09 15:00:00+00:00,,872.0366031395133,,
2024-02-10 11:00:00+00:00,933.0627176612434,,625.5622766437118,
2024-02-11 03:30:00+00:00,,581.7079393686327,,
2024-02-12 10:00:00+00:00,,-488.2343089171154,,
2024-02-12 11:00:00+00:00,,,-19.500064250880314,
2024-02-12 14:30:00+00:00,291.15947444434096,,,
2024-02-13 14:00:00+00:00,,-524.9186520140829,,
2024-02-13 14:30:00+00:00,,,-160.32711801971163,
2024-02-13 17:00:00+00:00,-128.30337602020518,,,
2024-02-15 00:30:00+00:00,,837.9449021014989,,
2024-02-15 21:00:00+00:00,,,57.69057221780713,
2024-02-16 03:00:00+00:00,295.7145595172624,,,
2024-02-16 09:00:00+00:00,-130.31063611033642,,,
2024-02-17 13:00:00+00:00,-128.7482115833718,,,
2024-02-19 20:00:00+00:00,,,-84.5791343448127,
2024-02-20 01:00:00+00:00,-127.20452052648761,,,
2024-02-20 14:30:00+00:00,-134.73758515483678,-531.6041347762002,,
2024-02-21 07:00:00+00:00,-124.06383467936757,,,
2024-02-22 13:00:00+00:00,-122.5763093015612,,,
2024-02-23 08:30:00+00:00,-121.10661935303506,,,
2024-02-26 03:00:00+00:00,,,-35.531899411957056,
2024-02-26 09:00:00+00:00,,,,1747.5505684135642
2024-02-27 14:30:00+00:00,,1956.0447169355466,,
2024-02-28 20:30:00+00:00,,847.4144574763341,,
2024-02-29 17:00:00+00:00,2127.021167399884,,,
2024-02-29 18:30:00+00:00,,,1273.9382746870724,
2024-03-04 00:30:00+00:00,,1107.035690439996,,
2024-03-08 11:30:00+00:00,338.6202041627839,,,
2024-03-10 05:00:00+00:00,,1182.638220128796,,
2024-03-10 22:30:00+00:00,,,196.39444299707975,
2024-03-11 00:30:00+00:00,,,,347.61379918071725
2024-03-11 07:00:00+00:00,348.0914112732171,,,
2024-03-12 14:00:00+00:00,357.8275280465259,,,
2024-03-12 17:00:00+00:00,-420.4403206747029,-679.6559144449311,-164.60980181796913,
2024-03-14 13:30:00+00:00,,,-71.75676890586146,
2024-03-14 16:30:00+00:00,-406.9988436227359,,,
2024-03-14 18:30:00+00:00,,-1080.0549483121322,,35.62946672982798
2024-03-15 18:30:00+00:00,344.69249058058995,,,
2024-03-16 11:00:00+00:00,-405.0069095159779,,,
2024-03-16 23:00:00+00:00,,,,-668.0667533361375
2024-03-18 15:00:00+00:00,,,-192.27159651131478,
2024-03-19 01:30:00+00:00,,-1007.7843036568484,,
2024-03-19 03:30:00+00:00,-392.0588386187519,,,
2024-03-19 07:00:00+00:00,,,,-513.6944521713976
2024-03-19 20:00:00+00:00,-379.52471754810904,,,
2024-03-20 05:00:00+00:00,-367.39131232809814,,,
2024-03-21 09:00:00+00:00,725.6341209049097,,,
2024-03-21 18:00:00+00:00,,,-28.976056288041946,
2024-03-22 11:30:00+00:00,-378.84433491829805,,,
2024-03-22 13:30:00+00:00,,-1463.3760419036262,,-396.48050912890903
2024-03-24 00:30:00+00:00,,,-153.95232037913047,
2024-03-25 04:00:00+00:00,,677.4036808859564,,
2024-03-25 10:30:00+00:00,508.36683422115675,,,
2024-03-25 14:00:00+00:00,,718.3722642399771,,
2024-03-26 05:30:00+00:00,560.6056777676858,,,
2024-03-26 07:00:00+00:00,,896.0607709435717,,
2024-03-26 14:30:00+00:00,-400.9077327392424,,,
2024-03-26 20:00:00+00:00,,,551.5840724355494,
2024-03-29 05:30:00+00:00,,,-42.47565685650807,
2024-03-30 19:00:00+00:00,,,,839.0322754428689
2024-04-01 05:00:00+00:00,,-307.3022884264865,,
2024-04-01 05:30:00+00:00,,,-9.442893983386966,-183.43522872587528
2024-04-01 15:00:00+00:00,-388.0907125235681,,,
2024-04-02 02:30:00+00:00,-375.68345244419106,,,
2024-04-05 06:30:00+00:00,,,22.737510200973702,
2024-04-05 12:30:00+00:00,,-655.6761547388123,,
2024-04-07 11:00:00+00:00,245.9492222766894,,,
2024-04-08 20:30:00+00:00,234.62501230744783,,,
2024-04-09 05:00:00+00:00,,,417.1711952737205,
2024-04-09 07:30:00+00:00,,-722.9761694500048,,
2024-04-11 15:30:00+00:00,,,-156.89656424421264,
2024-04-12 14:30:00+00:00,,-642.8235512222855,,
2024-04-12 16:00:00+00:00,-260.59521739967204,,,
2024-04-13 19:30:00+00:00,-254.86733452122826,,,
2024-04-14 14:30:00+00:00,-249.26535050845087,,,
2024-04-14 17:00:00+00:00,-243.78649810427487,-870.402102656295,,
2024-04-15 14:30:00+00:00,,-902.5406587754369,,
2024-04-15 15:00:00+00:00,-238.42807087594338,,,
2024-04-15 16:00:00+00:00,,,-322.61683548187284,
2024-04-17 11:30:00+00:00,-233.18742187808857,,,
2024-04-18 23:30:00+00:00,237.8499723974419,,,
2024-04-19 01:00:00+00:00,-233.28990473850536,,,
2024-04-19 02:00:00+00:00,,,-469.255692884115,
2024-04-19 23:00:00+00:00,-228.16219263235325,,,
2024-04-20 10:30:00+00:00,,,-286.6877508118341,
2024-04-21 20:00:00+00:00,,,-123.20999033773114,
2024-04-22 16:00:00+00:00,182.53805431012188,,,
2024-04-23 08:30:00+00:00,,,7.047085755277294,
2024-04-24 14:00:00+00:00,-227.15937407203091,,,
2024-04-25 13:00:00+00:00,,,,-290.22676557747036
2024-04-25 14:30:00+00:00,,-535.291714823099,,
2024-04-26 13:30:00+00:00,,,-160.20591898706334,
2024-04-26 15:00:00+00:00,-222.16641102992617,,,
2024-04-28 23:30:00+00:00,,,-190.84345129009125,
2024-04-29 05:30:00+00:00,,,,-389.85699003443005
2024-04-29 06:30:00+00:00,-217.28319331549028,,,
2024-04-30 08:00:00+00:00,,-490.18718565884046,,
2024-04-30 09:00:00+00:00,,,-306.0957474350398,
2024-04-30 09:30:00+00:00,-212.50730872641543,,,
2024-04-30 19:30:00+00:00,,,,-583.234578831738
2024-05-02 01:30:00+00:00,-207.83639808060798,,,
2024-05-02 12:00:00+00:00,166.2766792462844,,,
2024-05-03 03:00:00+00:00,169.2663339391329,,,
2024-05-03 13:30:00+00:00,,972.0868216802846,,
2024-05-04 08:30:00+00:00,497.1757959223978,,,
2024-05-06 07:30:00+00:00,181.2489634340418,,,
2024-05-06 10:30:00+00:00,,-543.1237757652489,,
2024-05-06 14:30:00+00:00,-225.55516569126667,,,
2024-05-07 23:00:00+00:00,-220.59746314937365,,,
2024-05-10 12:00:00+00:00,176.4859955300326,,,
2024-05-10 14:30:00+00:00,,-544.2625605329631,,
2024-05-10 17:30:00+00:00,,,,-260.5721758979944
2024-05-13 20:30:00+00:00,201.90233046879803,,,
2024-05-14 06:00:00+00:00,,-403.27426789487436,,
2024-05-16 01:30:00+00:00,,810.1172799983724,,
2024-05-16 06:30:00+00:00,642.0040616675451,,,
2024-05-16 14:30:00+00:00,,,125.11959384564398,
2024-05-17 19:30:00+00:00,217.14500971367852,,,
2024-05-19 23:00:00+00:00,,92.32496391727909,,
2024-05-21 07:30:00+00:00,,907.4213184176078,,
2024-05-21 11:30:00+00:00,692.887555932286,,,
2024-05-21 14:00:00+00:00,,,254.69607900753545,
2024-05-23 13:30:00+00:00,-258.17947138315503,,,
2024-05-23 18:00:00+00:00,,,,943.116643106925
2024-05-27 15:00:00+00:00,206.5529692951186,,,
2024-05-28 03:00:00+00:00,-257.0447208672613,,,
2024-05-28 04:00:00+00:00,,,,-74.57587557182705
2024-05-28 04:30:00+00:00,,-631.9559503951677,,
2024-05-30 20:00:00+00:00,,-419.31266776308985,,
2024-05-31 16:00:00+00:00,-251.3948779025959,,,
2024-06-05 04:00:00+00:00,271.43951533222753,,,
2024-06-06 16:30:00+00:00,,,,69.14706659306466
2024-06-07 15:00:00+00:00,,,,-128.32786601893895
2024-06-07 18:00:00+00:00,-251.83545903330014,,,
2024-06-14 16:00:00+00:00,-246.30011564374763,,,
2024-06-18 00:30:00+00:00,,,,-161.53453101349623
2024-06-18 01:30:00+00:00,-240.88643910189967,,,
2024-06-21 08:30:00+00:00,-235.59175517043877,,,
2024-06-24 00:00:00+00:00,-230.41344839179328,,,
2024-06-28 19:30:00+00:00,-225.3489607961419,,,
2024-06-30 22:00:00+00:00,180.28736649992788,,,
2024-07-01 08:30:00+00:00,,,,100.90572784274082
2024-07-01 22:00:00+00:00,,,,-165.27694021522257
2024-07-02 14:30:00+00:00,,-575.6458644089325,,
2024-07-02 19:30:00+00:00,,,-25.15052563840254,
2024-07-03 01:30:00+00:00,-224.3585069535111,,,
2024-07-04 23:30:00+00:00,-219.42710697067196,,,
2024-07-07 04:30:00+00:00,216.73624363897943,,,
2024-07-08 14:30:00+00:00,-412.8141820378987,,,
2024-07-09 10:30:00+00:00,191.25659258374435,,,
2024-07-10 11:30:00+00:00,175.4629802134823,,,
2024-07-10 12:30:00+00:00,,,,-72.40341232544779
2024-07-10 20:00:00+00:00,-218.35480228353117,,,
2024-07-11 14:00:00+00:00,,,,-227.34797865054315
2024-07-12 01:00:00+00:00,-213.55536372933966,,,
2024-07-13 22:00:00+00:00,170.8520598128107,,,
2024-07-14 21:00:00+00:00,173.92397984824493,,,
2024-07-15 16:00:00+00:00,261.1934766887098,,,
2024-07-16 02:30:00+00:00,,703.2680197217414,,
2024-07-16 05:30:00+00:00,,,,624.3554382071361
2024-07-16 15:00:00+00:00,181.7473917167772,,,
2024-07-17 11:30:00+00:00,,,,-68.72213114878832
2024-07-18 00:30:00+00:00,,,654.4876101018563,
2024-07-18 19:00:00+00:00,-226.17543447387106,,,
2024-07-20 04:30:00+00:00,345.1403950181939,,,
2024-07-21 17:30:00+00:00,,,,44.98977280496183
2024-07-21 18:00:00+00:00,-228.7902843066331,,,
2024-07-22 06:30:00+00:00,,,,-89.31643734078352
2024-07-22 14:30:00+00:00,,,66.07388941479076,
2024-07-23 13:30:00+00:00,-223.76147385757577,,,
2024-07-24 02:30:00+00:00,,-502.993924237242,,
2024-07-24 21:30:00+00:00,-218.84319666218653,,,
2024-07-26 14:30:00+00:00,345.27727058324126,,,
2024-07-27 19:00:00+00:00,,,,84.07843173418951
2024-07-27 21:00:00+00:00,181.2906038477413,,,
2024-07-28 00:00:00+00:00,-225.60698507954476,,,
2024-07-28 03:30:00+00:00,,,79.8002925787132,
2024-07-29 12:30:00+00:00,,687.8840936347151,,
2024-07-29 14:00:00+00:00,,,,-99.75743638588574
2024-07-29 16:00:00+00:00,,,-196.8374856772807,
2024-07-29 16:30:00+00:00,-220.64814354749615,,,
2024-07-31 19:30:00+00:00,-215.79829735232124,,,
2024-08-02 02:00:00+00:00,-211.05505077652015,,,
2024-08-03 19:00:00+00:00,-300.2330055737766,,,
2024-08-04 16:30:00+00:00,-290.63455638558116,,,
2024-08-05 17:00:00+00:00,-281.34296961793734,,,
2024-08-06 04:30:00+00:00,181.4000456404683,,,
2024-08-06 14:30:00+00:00,156.4309459557062,,,
2024-08-07 18:30:00+00:00,-283.14889168057925,,,
2024-08-08 14:30:00+00:00,154.15255729157434,,,
2024-08-09 05:00:00+00:00,,,,482.39275162818376
2024-08-09 10:00:00+00:00,254.48445288659423,,,
2024-08-11 09:00:00+00:00,161.4998507345772,,,
2024-08-11 12:30:00+00:00,,,127.38784100213343,
2024-08-12 14:00:00+00:00,-292.32389705693095,,,
2024-08-13 03:00:00+00:00,,-83.5663145252147,,
2024-08-14 05:00:00+00:00,183.3045035061259,,,
2024-08-14 13:30:00+00:00,,,,-218.45235513578882
2024-08-14 14:00:00+00:00,-288.83854704511214,,,
2024-08-15 18:00:00+00:00,-279.60437869608177,,,
2024-08-17 16:30:00+00:00,152.2228455499171,,,
2024-08-18 03:30:00+00:00,,,,-104.24799352966329
2024-08-18 17:00:00+00:00,,,,-163.1652510743752
2024-08-19 00:00:00+00:00,-275.5319910813978,,,
2024-08-20 12:30:00+00:00,230.81499457505197,,,
2024-08-20 13:30:00+00:00,,,,-7.762649139323912
2024-08-20 15:00:00+00:00,,-718.4373929872163,,
2024-08-20 15:30:00+00:00,,,-272.53257489775933,
2024-08-22 02:30:00+00:00,,,,-172.116134338974
2024-08-22 10:30:00+00:00,154.15580071572003,,,
2024-08-22 16:00:00+00:00,,,-148.063116764366,
2024-08-23 14:00:00+00:00,156.92752201258918,,,
2024-08-23 14:30:00+00:00,,,,-170.92667156909738
2024-08-24 07:30:00+00:00,325.52792418654826,,,
2024-08-24 15:30:00+00:00,,,,229.84128788991075
2024-08-25 23:30:00+00:00,,,,-126.48763039054029
2024-08-26 08:00:00+00:00,,,55.88712558417865,
2024-08-27 10:00:00+00:00,-294.4548502669586,,,
2024-08-27 15:30:00+00:00,,-845.1039297412099,,
2024-08-28 16:00:00+00:00,-285.04112870392237,,,
2024-09-01 22:00:00+00:00,,,,-161.59248853257304
2024-09-03 08:30:00+00:00,,,,53.9443453634849
2024-09-03 14:00:00+00:00,-103.4839249982142,,,
2024-09-05 03:00:00+00:00,,,,52.91229354549978
2024-09-05 03:30:00+00:00,-102.24315273748653,,,
2024-09-05 19:00:00+00:00,-101.01725733616149,,,
2024-09-06 07:00:00+00:00,-99.80606042070212,,,
2024-09-06 14:00:00+00:00,-157.72865313307557,,,-224.97810016780932
2024-09-07 21:30:00+00:00,,,,-100.87259632330279
2024-09-08 15:00:00+00:00,,,,-113.57855305664634
2024-09-08 22:00:00+00:00,225.62206765381598,,,
2024-09-08 23:00:00+00:00,-118.46579784547248,,,
2024-09-09 18:30:00+00:00,228.61922852035423,,,
2024-09-10 00:00:00+00:00,,,,322.0587253873309
2024-09-10 04:30:00+00:00,-100.74416743015354,,,
2024-09-11 01:30:00+00:00,,,,-108.499812810207
2024-09-11 04:00:00+00:00,-99.53624486266563,,,
2024-09-11 06:00:00+00:00,,,-158.7079456138381,
2024-09-12 04:00:00+00:00,229.41186521023883,,,
2024-09-12 13:30:00+00:00,,,,26.871566772535516
2024-09-12 21:30:00+00:00,-101.09345355063488,,,
2024-09-13 12:00:00+00:00,,,,-138.62641797044125
2024-09-13 15:30:00+00:00,,904.9402146399625,,
2024-09-14 11:00:00+00:00,,,,210.91225491424848
2024-09-15 17:00:00+00:00,,,,-63.73249366600976
2024-09-15 21:00:00+00:00,,,-46.576486626547194,
2024-09-16 01:00:00+00:00,-99.88134304256164,,,
2024-09-16 14:30:00+00:00,,-936.8013598614561,,
2024-09-17 14:00:00+00:00,230.2072500194572,,,
2024-09-17 19:30:00+00:00,,,,227.90601895181317
2024-09-18 10:00:00+00:00,-101.44395066721336,,,
2024-09-18 18:30:00+00:00,,695.6871495480227,,
2024-09-18 20:00:00+00:00,-100.22763769871563,,,-144.27929697905893
2024-09-19 10:00:00+00:00,231.00539247590677,,,
2024-09-19 17:00:00+00:00,,729.7740418862195,,
2024-09-20 01:00:00+00:00,-101.79566297849306,,,
2024-09-20 08:30:00+00:00,-100.57513297938021,,,
2024-09-20 13:00:00+00:00,,,,245.65038238384113
2024-09-21 06:00:00+00:00,,,103.8012597193956,
2024-09-22 02:00:00+00:00,,,,-48.08976732069823
2024-09-22 22:00:00+00:00,,,,-82.53304414873128
2024-09-23 00:00:00+00:00,,,,-71.67161254845087
2024-09-23 00:30:00+00:00,-105.93828772400957,,,
2024-09-23 04:00:00+00:00,-98.09903706514706,,,
2024-09-23 07:00:00+00:00,,,,-96.35689753962106
2024-09-24 14:00:00+00:00,,,,-90.03420064358761
2024-09-25 06:30:00+00:00,,,,-46.9586511168327
2024-09-25 09:30:00+00:00,-96.9228296107367,,,
2024-09-27 14:00:00+00:00,223.3884466219506,,,
2024-09-27 18:00:00+00:00,-98.439152358701,,,
2024-09-28 08:00:00+00:00,,,,304.1291483789646
2024-09-28 21:00:00+00:00,,,18.168109672469654,
2024-09-29 04:00:00+00:00,,393.25951775657086,,
2024-09-29 07:30:00+00:00,,,,-75.31918725273863
2024-09-29 23:00:00+00:00,,,,-62.651168694172156
2024-10-02 11:00:00+00:00,-97.25886692192034,,,
2024-10-02 18:00:00+00:00,-96.09273310752724,,,
2024-10-03 07:30:00+00:00,-94.94058123756713,,,
2024-10-06 14:30:00+00:00,218.81974607245593,,,
2024-10-08 00:00:00+00:00,,,-94.14297715971225,
2024-10-08 07:00:00+00:00,-96.42589242393751,,,
2024-10-09 08:30:00+00:00,,,,-66.98406715200144
2024-10-11 14:00:00+00:00,222.2431021590055,,,
2024-10-13 15:00:00+00:00,,,-24.206345761498596,
2024-10-13 22:30:00+00:00,,-100.17080944851841,,
2024-10-14 08:00:00+00:00,358.8985117127977,,,
2024-10-14 16:00:00+00:00,,562.9241050413766,,
2024-10-15 13:30:00+00:00,238.49763309899936,,,
2024-10-15 15:00:00+00:00,-312.8775085294801,,,
2024-10-17 20:00:00+00:00,,,371.9166093156946,
2024-10-18 15:00:00+00:00,236.41722798320916,,,
2024-10-21 10:00:00+00:00,,,-57.31610680585982,
2024-10-21 13:00:00+00:00,-104.18046178120312,,,804.4050571838125
2024-10-24 21:00:00+00:00,240.11589033387827,319.9718993091483,,
2024-10-25 00:30:00+00:00,-105.81032756955028,,,
2024-10-25 17:30:00+00:00,-104.54166174199236,,,
2024-10-25 18:00:00+00:00,,,-266.3916372529893,-283.44117243474466
2024-10-28 12:30:00+00:00,240.94838664547206,,,
2024-10-29 14:00:00+00:00,247.6877130199482,,,
2024-10-29 16:00:00+00:00,,385.3923143771317,,
2024-10-30 13:00:00+00:00,-109.14695405269413,,,
2024-10-30 21:30:00+00:00,-107.83828207360239,,,
2024-11-02 22:00:00+00:00,,,,-299.62835757065477
2024-11-03 02:00:00+00:00,-195.31824166408842,,,
2024-11-04 21:30:00+00:00,-191.0251467123162,,,
2024-11-05 14:30:00+00:00,237.740436725775,,,
2024-11-06 05:30:00+00:00,532.297942931762,,,
2024-11-06 13:30:00+00:00,,520.2736168137708,,
2024-11-07 20:00:00+00:00,259.27841020479536,,,
2024-11-10 04:30:00+00:00,266.5304273382226,,,
2024-11-10 18:00:00+00:00,,545.8917710363785,,
2024-11-10 22:00:00+00:00,273.98528339087534,,,
2024-11-11 15:00:00+00:00,281.64865176731655,,,
2024-11-11 22:30:00+00:00,359.45893453337885,,,
2024-11-12 06:00:00+00:00,,1169.5150029872711,,
2024-11-12 10:30:00+00:00,-235.42287709746597,,,
2024-11-13 04:30:00+00:00,-230.24828225886267,,,
2024-11-13 17:00:00+00:00,530.3970416716293,,,
2024-11-14 15:00:00+00:00,-236.84555199075476,,,
2024-11-14 16:00:00+00:00,,-1312.882013340426,,
2024-11-14 21:00:00+00:00,-231.6396867579988,,,
2024-11-17 21:00:00+00:00,,,,2761.9408525053786
2024-11-17 22:00:00+00:00,,,2526.4221549855592,
2024-11-18 06:30:00+00:00,288.28728175670403,,,
2024-11-18 11:30:00+00:00,-232.88480089607037,,,
2024-11-19 18:00:00+00:00,289.83688914637423,,,
2024-11-19 22:30:00+00:00,-234.13660779581187,,,
2024-11-21 06:30:00+00:00,291.8894093176641,,,
2024-11-24 12:30:00+00:00,,,,654.3182054303306
2024-11-24 13:00:00+00:00,,,643.3756393270869,
2024-11-25 14:30:00+00:00,-235.40601437326222,,,
2024-11-25 16:00:00+00:00,,,-338.46402292554194,
2024-11-25 19:00:00+00:00,,,,-544.0265233822483
2024-11-26 08:00:00+00:00,-230.23179017733673,,,
2024-11-26 20:00:00+00:00,-225.17129542923976,,,
2024-11-27 15:30:00+00:00,280.2370422679287,,,
2024-11-29 16:30:00+00:00,288.0752723401656,,,
2024-11-30 01:00:00+00:00,,-122.11123843710448,,
2024-12-04 20:00:00+00:00,296.1327377075195,,,
2024-12-05 22:00:00+00:00,-347.9501532029626,-1181.0690853106462,,-204.87361969567974
2024-12-09 07:00:00+00:00,-336.82618680506494,,,
2024-12-09 11:30:00+00:00,,,161.47326586480995,
2024-12-14 15:30:00+00:00,,233.684421692069,,
2024-12-16 04:30:00+00:00,399.16084427683927,,,
2024-12-18 05:30:00+00:00,,,533.9999814232197,
2024-12-18 19:30:00+00:00,,,,186.8691662824167
2024-12-18 20:00:00+00:00,-338.819025804436,-1392.6633317708474,,
2024-12-22 14:30:00+00:00,-327.9869815494676,,,
2024-12-26 09:30:00+00:00,,,-272.80719049647087,
2024-12-27 07:30:00+00:00,,,,-412.90749401068024
2024-12-27 15:00:00+00:00,-317.5012377493331,,,
2024-12-29 05:00:00+00:00,,-842.5182000313725,,
2025-01-02 12:30:00+00:00,268.8958313200583,,,
2025-01-06 14:00:00+00:00,,891.6374860905671,,
2025-01-06 14:30:00+00:00,276.416847722081,,,
2025-01-07 15:00:00+00:00,-324.78436952746415,-707.5740113639549,,426.5982696023875
2025-01-07 16:30:00+00:00,,,293.1288291750134,
2025-01-13 10:00:00+00:00,,,,-471.3413752446304
2025-01-13 10:30:00+00:00,-314.4010132336716,,,
2025-01-15 01:30:00+00:00,266.2702117970384,,,
2025-01-15 13:30:00+00:00,,783.5508632713099,,
2025-01-17 14:00:00+00:00,279.25275845175383,,,
2025-01-17 15:00:00+00:00,,848.2060475584949,,
2025-01-19 23:00:00+00:00,,-1031.137343767612,,579.815387211298
2025-01-19 23:30:00+00:00,-321.78998219944515,,,
2025-01-20 01:00:00+00:00,,,645.3508501844444,
2025-01-20 17:30:00+00:00,-318.8704251276904,-1837.7410125360475,,
2025-01-21 01:30:00+00:00,,,-1002.2580720155074,
2025-01-23 00:00:00+00:00,,,,-402.756909531352
2025-01-23 02:30:00+00:00,,,-546.750874518395,
2025-01-23 10:30:00+00:00,-301.30806897719594,,,
2025-01-27 00:00:00+00:00,,,-456.0628383683761,
2025-01-27 00:30:00+00:00,-291.67525001199465,,,
2025-01-27 01:00:00+00:00,,-1082.8276970708248,,
2025-01-31 00:30:00+00:00,,,-100.66862659193612,
2025-02-01 22:00:00+00:00,-282.35039226911067,,,
2025-02-03 19:30:00+00:00,239.12613377806156,,,
2025-02-04 05:00:00+00:00,-280.9685127251523,,,
2025-02-04 06:00:00+00:00,,,-372.1521277617758,
2025-02-07 20:00:00+00:00,-271.9859493733293,,,
2025-02-16 02:00:00+00:00,,-822.6164668475831,,
2025-02-16 07:30:00+00:00,,,,-182.07511183725182
2025-02-21 15:30:00+00:00,,,,-195.11665313285084
2025-02-21 18:00:00+00:00,,,-73.55387428219728,
2025-02-21 20:30:00+00:00,,-767.3023654913522,,
2025-03-02 15:00:00+00:00,230.34835543494046,,,
2025-03-03 05:00:00+00:00,354.4118452015464,,,
2025-03-03 18:00:00+00:00,,,-305.07813059106775,103.5567903878582
2025-03-05 10:00:00+00:00,246.70409824674243,,,
2025-03-05 16:00:00+00:00,-199.2929915268487,,,
2025-03-06 01:30:00+00:00,248.03018690169847,,,
2025-03-06 12:30:00+00:00,-200.3642350811897,,,
2025-03-06 14:30:00+00:00,,,-305.39399653714463,
2025-03-07 16:00:00+00:00,-195.9602291941046,,,
2025-03-10 14:00:00+00:00,-191.653023356419,,,
2025-03-10 17:00:00+00:00,,-1808.862841012222,,
2025-03-11 18:00:00+00:00,238.52186090028044,,,
2025-03-12 15:00:00+00:00,-192.6832004056323,,,
2025-03-13 13:30:00+00:00,-188.4480236607178,,,
2025-03-14 15:00:00+00:00,234.5330770125256,,,
2025-03-16 11:00:00+00:00,-189.46097313339124,,,-220.05896138019307
2025-03-19 18:30:00+00:00,235.7937437580258,,,
2025-03-20 16:30:00+00:00,-190.47936743171886,,-214.64482954558662,
2025-03-21 12:30:00+00:00,,,,-183.6832497025989
2025-03-24 23:00:00+00:00,,987.2395774861361,,
2025-03-25 07:00:00+00:00,,,32.81671762410406,
2025-03-26 14:30:00+00:00,,,-167.63646052954027,
2025-03-28 07:00:00+00:00,,,,23.493357595341877
2025-03-28 14:00:00+00:00,-186.29263093556983,,,
2025-04-01 08:00:00+00:00,,237.69618879018526,,
2025-04-01 14:00:00+00:00,,-324.8501728500378,,
2025-04-02 06:00:00+00:00,,-339.60236196167534,-165.19577060361007,
2025-04-02 20:00:00+00:00,231.85058197660328,268.0004501116673,,
2025-04-02 21:00:00+00:00,,,,137.60893755292818
2025-04-02 22:30:00+00:00,,,-390.3105738302038,
2025-04-04 11:00:00+00:00,,-396.06705122877247,,
2025-04-07 03:30:00+00:00,-187.293994699452,,,
2025-04-07 14:30:00+00:00,,419.2832705038454,,
2025-04-08 01:30:00+00:00,233.0968297227464,,,
2025-04-08 17:00:00+00:00,,-525.5825677083267,,
2025-04-09 17:00:00+00:00,239.61654805008948,518.3600269305025,,
2025-04-09 20:30:00+00:00,246.31862289905075,,,
2025-04-09 22:00:00+00:00,,572.0250819335852,,
2025-04-10 15:30:00+00:00,,,-363.7808839704594,-348.91508739865094
2025-04-13 14:30:00+00:00,,,-17.339427466275083,
2025-04-13 19:00:00+00:00,,124.90021663658263,,
2025-04-13 19:30:00+00:00,,,,-67.12541711118502
2025-04-15 22:30:00+00:00,,,,-339.5450089325168
2025-04-20 09:30:00+00:00,,,,-154.73849543884717
2025-04-21 00:30:00+00:00,253.20815478153781,,,
2025-04-21 14:00:00+00:00,,273.85642981326237,,
2025-04-21 17:00:00+00:00,,-354.9746400767581,,
2025-04-22 13:00:00+00:00,260.2903868707763,,,
2025-04-22 19:00:00+00:00,,280.3491158574652,,
2025-04-22 21:30:00+00:00,267.57070899155406,,,
2025-04-23 13:30:00+00:00,,302.84697297976527,,
2025-04-24 08:30:00+00:00,-216.1494981998785,,,
2025-04-26 21:00:00+00:00,,,684.8119216602136,
2025-04-27 05:00:00+00:00,,-377.64921961863,,1006.3951532452811
2025-05-03 01:30:00+00:00,,,-74.06378790960298,
2025-05-04 10:00:00+00:00,,,,-55.06106161625394
2025-05-06 13:30:00+00:00,,-748.3918512802738,,
2025-05-08 08:00:00+00:00,269.0089602573953,,,
2025-05-08 15:00:00+00:00,,512.8751257728072,,
2025-05-10 07:00:00+00:00,,616.5428792024759,,
2025-05-12 13:00:00+00:00,,,620.5978403256686,
2025-05-12 14:30:00+00:00,,,,752.6852178458139
2025-05-12 18:30:00+00:00,-217.31134917590134,,,
2025-05-18 19:30:00+00:00,,,,-107.50998872293167
2025-05-18 22:00:00+00:00,,,-150.62441895781558,
2025-05-19 03:00:00+00:00,-212.5348457210166,,,
2025-05-19 04:00:00+00:00,,,-290.7764490798836,-325.69005343181743
2025-05-19 05:00:00+00:00,,-452.2069379320528,,
2025-05-20 11:00:00+00:00,,,-151.67008599362998,
2025-05-21 17:30:00+00:00,-207.8633298120676,,,
2025-05-21 23:00:00+00:00,,693.4797751205915,,
2025-05-23 12:00:00+00:00,,,,76.76092875455652
2025-05-23 12:30:00+00:00,,,58.12194175469631,
2025-05-27 01:00:00+00:00,,,,-319.74703791966385
2025-05-28 14:30:00+00:00,,,,-325.7954413087464
2025-06-04 14:00:00+00:00,,,,-192.26258232837063
2025-06-09 05:30:00+00:00,,,-60.60118560327646,
2025-06-09 14:00:00+00:00,,464.7719523453852,,
2025-06-10 10:30:00+00:00,,321.1746893149102,,
2025-06-11 18:30:00+00:00,,,68.65694629020436,
2025-06-11 22:00:00+00:00,,,,218.40276486491348
2025-06-17 00:00:00+00:00,,,,7.749392023853943
2025-06-17 09:00:00+00:00,,,-90.93952291804453,
2025-06-17 15:00:00+00:00,,-562.553260069697,,
2025-06-23 22:00:00+00:00,258.6964054696855,,,
2025-06-25 13:00:00+00:00,,737.8326652491778,,
2025-06-27 00:00:00+00:00,,,113.62037239537858,
2025-06-29 14:30:00+00:00,,,,-41.144777701996645
2025-06-30 06:30:00+00:00,,,,-79.61843865645824
2025-06-30 09:30:00+00:00,,,-96.31187412966756,
2025-06-30 14:30:00+00:00,,-380.6888455334956,,
2025-07-03 09:00:00+00:00,,285.7762753026291,,
2025-07-03 12:30:00+00:00,,,,5.71500604413086
2025-07-03 15:30:00+00:00,,,,-139.93757998073488
2025-07-04 08:00:00+00:00,,,-80.08361398651505,
2025-07-07 06:30:00+00:00,,,,-111.2465432009958
2025-07-07 18:00:00+00:00,,-441.8323840691446,,
2025-07-09 14:30:00+00:00,,,,-113.9363884822069
2025-07-09 20:30:00+00:00,,,,81.06424501651236
2025-07-10 21:00:00+00:00,265.9321439306732,337.11122299105045,,
2025-07-11 00:00:00+00:00,,,,306.3749574425656
2025-07-11 15:30:00+00:00,,,,1.229869937766125
2025-07-13 14:00:00+00:00,273.3702659964147,530.5618691137824,,
2025-07-13 22:00:00+00:00,,,,-82.61936151878035
2025-07-14 11:00:00+00:00,,,,175.59113769221403
2025-07-14 14:30:00+00:00,,398.8269286548348,,
2025-07-15 01:30:00+00:00,-321.2046958095307,,,
2025-07-15 02:00:00+00:00,,,600.8116229019943,
2025-07-18 08:30:00+00:00,,,,-155.2051055524953
2025-07-23 06:00:00+00:00,,,,-138.24726223435573
2025-07-31 19:30:00+00:00,,-310.59079486669725,,
2025-08-01 08:30:00+00:00,,,,-393.4840077947847
2025-08-07 13:30:00+00:00,,199.3996592296171,,
2025-08-08 21:30:00+00:00,,-14.07965223289284,,
2025-08-09 23:30:00+00:00,,,-26.459301946155392,
2025-08-11 00:00:00+00:00,,149.9200270293295,,
2025-08-11 06:30:00+00:00,,351.1867464756979,,
2025-08-11 21:30:00+00:00,-310.9357816844986,,25.636433503637818,
2025-08-13 13:30:00+00:00,,170.66919925831462,,
2025-08-13 22:00:00+00:00,,181.9111463127556,,
2025-08-14 05:30:00+00:00,,-341.6894919096012,,
2025-08-14 13:00:00+00:00,,,-257.97040789172206,
2025-08-15 13:30:00+00:00,,,,418.6762218442873
2025-08-18 02:30:00+00:00,,,,-248.47772341201926
2025-08-19 03:30:00+00:00,,-352.5926118744792,,
2025-08-21 16:30:00+00:00,,-360.1931200265135,,
2025-08-22 19:00:00+00:00,,265.9100820293497,,
2025-08-24 07:00:00+00:00,,,-195.96039962603936,
2025-08-24 19:30:00+00:00,-300.99516474404663,,,-227.1422533386558
2025-08-29 02:00:00+00:00,,,-159.48487926523376,
2025-08-29 05:30:00+00:00,,-397.2370951802113,,
2025-09-01 21:30:00+00:00,,-351.17959873099244,,
2025-09-02 06:00:00+00:00,,184.12778489381162,,
2025-09-03 14:30:00+00:00,,205.8747918014269,,
2025-09-04 06:30:00+00:00,,,-171.27384204199916,
2025-09-05 07:00:00+00:00,,204.59833791677738,,
2025-09-05 14:00:00+00:00,,-353.80072231130544,,
2025-09-05 17:00:00+00:00,,,-178.70433815231263,
2025-09-09 14:30:00+00:00,,-334.51928962149395,,
2025-09-09 16:00:00+00:00,,,-162.83802497904253,
2025-09-11 13:30:00+00:00,254.91662842293408,,,
2025-09-11 21:00:00+00:00,,95.11099450216352,,
2025-09-12 07:30:00+00:00,,,,134.52482528731343
2025-09-13 08:00:00+00:00,,-44.16103557204406,,
2025-09-13 13:30:00+00:00,,,,-66.84784567475435
2025-09-14 15:00:00+00:00,,,97.08224768810942,
2025-09-15 07:30:00+00:00,,,,-109.09335877380545
2025-09-15 08:30:00+00:00,,-251.50620289748986,,
2025-09-17 12:00:00+00:00,,,,-68.00092759052495
2025-09-17 14:00:00+00:00,,-254.55229998780487,,
2025-09-17 15:00:00+00:00,,,-116.80156409666779,
2025-09-18 03:00:00+00:00,,124.22745670527001,,
2025-09-18 23:00:00+00:00,,,,-73.25098200947832
2025-09-19 09:30:00+00:00,,-258.0909888508613,,
2025-09-23 18:00:00+00:00,,-250.23392126068939,,
2025-09-30 00:30:00+00:00,,617.4306474520235,,
2025-09-30 09:30:00+00:00,,-353.3829959773793,,
2025-10-02 13:30:00+00:00,,611.5394288526004,,
2025-10-03 16:00:00+00:00,,627.5952391327155,,
2025-10-06 18:30:00+00:00,168.45186644362548,,,
2025-10-07 15:00:00+00:00,,,,1133.1825439761196
2025-10-07 16:00:00+00:00,,-502.4385572034189,,
2025-10-07 20:30:00+00:00,,,826.6013988302184,
2025-10-10 15:00:00+00:00,,,,-392.3048376486586
2025-10-12 15:00:00+00:00,171.4806310022832,,,
2025-10-14 06:30:00+00:00,,-758.3687144984469,,
2025-10-14 10:00:00+00:00,-310.3896758812043,,,
2025-10-16 09:30:00+00:00,,,,-282.5646018460393
2025-10-21 14:30:00+00:00,168.98304637536057,,,
2025-10-21 15:00:00+00:00,,599.5954625824852,,
2025-10-21 22:30:00+00:00,-305.86890593590397,,,
2025-10-22 07:00:00+00:00,,,-302.71584438627724,
2025-10-22 10:30:00+00:00,,,,17.70234082852403
2025-10-28 05:00:00+00:00,,,87.519225844826,
2025-10-28 20:00:00+00:00,,-593.0421043952229,,
2025-10-30 15:30:00+00:00,-296.09027701313425,,,
2025-11-03 03:30:00+00:00,,,,-274.06281774380113
2025-11-03 15:00:00+00:00,-286.62427085702257,,,
2025-11-05 16:30:00+00:00,156.04463104975548,,,
2025-11-09 18:30:00+00:00,158.85031351603175,,,
2025-11-11 13:00:00+00:00,,,-38.258113595396935,
2025-11-12 15:30:00+00:00,,,,-118.2240552517942
2025-11-16 21:00:00+00:00,-287.5280842954926,,,
2025-11-17 19:30:00+00:00,,,,-545.9040608238392
2025-11-18 16:00:00+00:00,156.53668719741472,,,
2025-11-19 05:00:00+00:00,-283.3402893302664,,,
2025-11-20 16:00:00+00:00,-274.281900280379,,,
2025-11-20 17:00:00+00:00,,,,-631.2849076392431
2025-11-23 01:30:00+00:00,149.32516986402698,,,
2025-11-24 11:00:00+00:00,,,-221.95781829410407,
2025-11-28 16:00:00+00:00,,,,-74.70808900225711
2025-11-28 19:00:00+00:00,,,67.79671044327733,
2025-12-01 00:00:00+00:00,,-681.6564660619915,,
2025-12-02 10:30:00+00:00,67.55062241275118,,,
2025-12-02 20:00:00+00:00,292.8038210142604,,,
2025-12-03 14:00:00+00:00,,,,-150.22915625981477
2025-12-04 14:30:00+00:00,,,,-232.13994963883124
2025-12-04 18:00:00+00:00,,,81.17790590167715,
2025-12-08 01:30:00+00:00,70.42985441573182,,,
2025-12-09 20:00:00+00:00,86.9107014131223,,,
2025-12-09 21:30:00+00:00,,,,-193.43055421348436
2025-12-10 13:00:00+00:00,,,-215.12635187300475,
2025-12-11 23:30:00+00:00,71.6870054568044,,,
2025-12-14 16:00:00+00:00,,-299.5247676239669,,
2025-12-17 16:00:00+00:00,-289.12957629963057,,,
2025-12-19 08:00:00+00:00,69.94963931576967,,,
2025-12-22 19:00:00+00:00,,,,-144.11846448586584
2025-12-22 19:30:00+00:00,,-392.9609582151679,-201.56606743934208,
2025-12-29 06:00:00+00:00,82.90122011910535,,,
2025-12-29 09:30:00+00:00,,-338.65320259627333,,
2025-12-29 11:00:00+00:00,,,-191.6564806785609,
2026-01-02 22:00:00+00:00,,206.76581483029076,,
2026-01-03 11:30:00+00:00,,,36.80126122112415,
2026-01-06 14:00:00+00:00,,232.77204005365274,,
2026-01-06 17:00:00+00:00,,,186.9574506826557,
2026-01-07 15:00:00+00:00,,,,276.5512422640968
2026-01-12 08:30:00+00:00,,-248.99918318226992,,
2026-01-12 09:00:00+00:00,,,-179.75457289905717,
2026-01-14 14:30:00+00:00,71.17091768265709,,,
2026-01-14 20:00:00+00:00,71.73957331493875,549.6069530233362,,
2026-01-15 19:00:00+00:00,,,216.964786425262,
2026-01-16 15:30:00+00:00,,-727.8735442948855,,
2026-01-18 23:30:00+00:00,,,,224.56905544869733
2026-01-23 17:30:00+00:00,72.31277250572566,,,
2026-01-29 02:30:00+00:00,,-471.9474948522693,,
2026-01-29 15:00:00+00:00,,,,-245.5990114793567
2026-01-31 14:00:00+00:00,-291.65343345566544,,,
2026-02-01 20:00:00+00:00,-282.32927318808834,,,
2026-02-02 12:00:00+00:00,68.30442973196295,,,
2026-02-03 18:30:00+00:00,,,,-612.9568821355588
2026-02-04 01:30:00+00:00,68.85018212552131,,,
2026-02-06 06:00:00+00:00,74.15390022320025,,,
2026-02-06 13:30:00+00:00,69.99278474349012,,,
2026-02-06 14:30:00+00:00,70.55202709358855,,,
2026-02-06 20:30:00+00:00,293.3882935396541,,,
2026-02-07 06:30:00+00:00,-293.9315808343781,,,
2026-02-08 23:00:00+00:00,71.11139692457982,,,
2026-02-10 11:30:00+00:00,-286.80801955478273,,,
2026-02-11 06:30:00+00:00,,-902.0329392552085,,
2026-02-11 10:30:00+00:00,,,,-295.8470019163806
2026-02-12 11:00:00+00:00,69.38798090976707,,,
2026-02-14 08:00:00+00:00,69.9423908772369,,,
2026-02-15 14:00:00+00:00,,,-183.857838667509,
2026-02-17 14:30:00+00:00,,,,-111.44687173499096
2026-02-18 02:30:00+00:00,,-509.29608090436886,,
2026-02-23 01:00:00+00:00,,,,-114.29311329281063
2026-02-25 16:00:00+00:00,246.79842544834173,,,
2026-02-26 01:30:00+00:00,,612.1405605133768,,
2026-02-26 16:30:00+00:00,-289.9833048172295,,,
2026-02-27 11:30:00+00:00,,-697.0263287473172,-91.2548242902867,111.20012274964029
2026-03-02 15:00:00+00:00,245.59054437239138,,,
2026-03-02 16:30:00+00:00,,705.3027323313181,,
2026-03-03 09:30:00+00:00,-288.5640682658104,,,
2026-03-03 10:00:00+00:00,,,-372.09855435884856,
2026-03-04 08:30:00+00:00,244.38857490909322,,,
2026-03-04 16:30:00+00:00,251.22412334930232,,,
2026-03-05 07:30:00+00:00,,854.7536418382406,,
2026-03-05 16:00:00+00:00,-295.1834129666713,,,
2026-03-05 19:00:00+00:00,,,-80.41377019851825,
2026-03-06 12:30:00+00:00,,,,430.56606954295694
2026-03-10 02:30:00+00:00,249.9945820187022,,,
2026-03-10 09:00:00+00:00,,611.8975474418185,,
2026-03-11 11:30:00+00:00,-293.7387260412652,,,
2026-03-11 12:00:00+00:00,,,-121.45990022819933,
2026-03-13 17:30:00+00:00,,-577.2117249843031,,
2026-03-14 00:00:00+00:00,,,-119.82899363233446,
2026-03-14 10:30:00+00:00,,,,264.7457840826846
2026-03-16 03:30:00+00:00,,303.54041964302087,,
2026-03-17 00:00:00+00:00,,363.0561625287737,,
2026-03-18 11:30:00+00:00,,-540.7495904903772,,
2026-03-18 12:00:00+00:00,,,31.324061889346922,155.06371256054808
2026-03-21 23:30:00+00:00,,,,-220.89648709306857
2026-03-29 22:30:00+00:00,,,,-220.25628408515513
2026-03-31 01:30:00+00:00,71.06473921701945,,,
2026-03-31 17:00:00+00:00,71.63254648336442,,,
2026-04-02 02:00:00+00:00,-288.9099311935679,,,
2026-04-02 04:00:00+00:00,,,-149.29756684438053,
2026-04-02 13:30:00+00:00,,,,-184.29138754032283
2026-04-06 09:00:00+00:00,69.89650017952772,,,
2026-04-07 21:00:00+00:00,,291.29487952411364,,
2026-04-08 02:30:00+00:00,113.2172985670968,,,
2026-04-09 22:00:00+00:00,71.35957943151334,,,
2026-04-11 18:30:00+00:00,,516.0922351180307,,
2026-04-12 01:30:00+00:00,,,,504.5379011357345
2026-04-12 04:30:00+00:00,,,472.48119588674945,
2026-04-13 19:30:00+00:00,71.92974247117309,,,
2026-04-13 22:00:00+00:00,72.5044611135163,,,
2026-04-14 07:00:00+00:00,73.08377175781243,,,
2026-04-17 09:00:00+00:00,,544.8982304381825,,
2026-04-17 13:30:00+00:00,73.66771109415822,,,
2026-04-18 22:00:00+00:00,,,,496.07343097836383
2026-04-19 02:30:00+00:00,,,343.11251129221273,
2026-04-19 07:00:00+00:00,-297.11820098904354,-625.8836301071351,,
2026-04-22 05:00:00+00:00,71.88234167989867,,,
2026-04-22 14:00:00+00:00,72.45668158992157,,,
2026-04-27 05:00:00+00:00,,-328.6899371932923,,
2026-04-27 15:00:00+00:00,,,,-157.55083873191143
2026-04-29 16:30:00+00:00,,,-252.3748576708258,
2026-04-29 18:00:00+00:00,,,,-236.97287688059987
2026-05-04 02:00:00+00:00,,376.2590071072591,,
2026-05-04 10:00:00+00:00,,-383.7047781853835,,
2026-05-06 11:00:00+00:00,255.67034105241873,,,
2026-05-07 15:00:00+00:00,,,338.10755981211514,361.6932448182961
2026-05-11 03:00:00+00:00,,-323.90874787644134,,
2026-05-12 14:00:00+00:00,,,-81.75140653230483,
2026-05-12 16:30:00+00:00,,,,-79.634254028957
2026-05-13 15:30:00+00:00,,,,-270.2930748507315
2026-05-15 13:30:00+00:00,-300.40763148080805,-427.1810059529271,,-146.58250269738346
2026-05-15 14:30:00+00:00,,,-288.787300121885,
2026-05-17 23:30:00+00:00,,,,-186.575184097268
2026-05-22 15:30:00+00:00,,,-84.60653167327473,
2026-05-22 18:30:00+00:00,,,,-147.68886143784403
2026-06-01 07:30:00+00:00,,,,-134.08816980279516
2026-06-03 20:30:00+00:00,-290.8035995023638,,,
2026-06-05 06:00:00+00:00,-281.5066084262762,,,
2026-06-06 04:30:00+00:00,-272.5068421548858,,,
2026-06-07 05:00:00+00:00,65.92807129513494,,,
2026-06-08 12:30:00+00:00,66.45483658478224,,,
2026-06-09 15:00:00+00:00,,,-195.69537996731196,
2026-06-09 16:00:00+00:00,,,,-84.85561816548397
2026-06-11 06:00:00+00:00,66.98581072909474,,,
2026-06-15 03:30:00+00:00,67.52102735682092,,,
2026-06-16 14:00:00+00:00,,,,387.34349816269423
2026-06-17 09:30:00+00:00,,,271.70620056951884,
2026-06-17 11:00:00+00:00,,-626.1643704392081,,
2026-06-17 19:30:00+00:00,-272.32726358972286,,,-267.28870447536247
2026-06-22 22:30:00+00:00,,,,37.37749047091529
2026-06-23 05:00:00+00:00,-263.62096097275844,,,
2026-06-23 06:00:00+00:00,,,-97.14918939257404,
2026-06-24 13:30:00+00:00,,,,-227.26735387675308
2026-06-25 13:30:00+00:00,-175.45017562505836,,,
2026-06-26 10:30:00+00:00,-171.5937807648188,,,
2026-06-29 14:00:00+00:00,-167.8221494636091,,,
2026-06-30 12:00:00+00:00,,,,-256.84278780760087
2026-07-03 12:00:00+00:00,208.8631355212292,,,
2026-07-04 17:30:00+00:00,,645.5830723431718,,
2026-07-06 12:00:00+00:00,,,,368.9250656165841
2026-07-06 13:00:00+00:00,,,243.93359138090455,
2026-07-07 05:00:00+00:00,-168.72423033715495,,,
2026-07-08 06:30:00+00:00,,,-173.56718687345347,
2026-07-08 08:00:00+00:00,,,,-216.29648871304107
2026-07-13 03:00:00+00:00,,,0.17497782482678303,15.172046414875695
2026-07-13 03:30:00+00:00,-165.01567175434502,,,
2026-07-17 00:00:00+00:00,,,-28.629902419410428,
2026-07-17 00:30:00+00:00,,,,77.75918265710516
2026-07-17 08:30:00+00:00,-161.38862728918411,,,
2026-07-17 19:00:00+00:00,,111.94004917455095,,
2026-07-20 06:30:00+00:00,,,,-81.9626317931752
2026-07-21 07:30:00+00:00,200.85629245497967,,,
2026-07-23 07:00:00+00:00,-162.25612656952853,,,
2026-07-27 04:00:00+00:00,,142.48293220533014,,
2026-07-27 14:30:00+00:00,,-280.51237061511347,,
2026-07-27 23:30:00+00:00,,,-138.66742985329802,
2026-07-31 09:30:00+00:00,,,-147.61472027262425,
2026-08-03 08:00:00+00:00,,-289.7352791418198,,
2026-08-04 23:00:00+00:00,57.68566869386541,,,
2026-08-07 17:30:00+00:00,,,,-70.77791350221287
2026-08-09 23:00:00+00:00,,,,-73.58122853283385
2026-08-10 15:30:00+00:00,,,47.21929965127492,
2026-08-18 05:00:00+00:00,,138.35424954162227,,
2026-08-18 13:30:00+00:00,,,,-73.26035330573632
2026-08-19 03:00:00+00:00,,,,-48.165811317582666
2026-08-19 14:00:00+00:00,,237.87305731817833,,
2026-08-19 17:00:00+00:00,,,,361.8911276027802
2026-08-19 19:30:00+00:00,234.5478715706222,,,
2026-08-20 03:00:00+00:00,,,,-81.46113982443057
2026-08-20 08:00:00+00:00,60.02061468057855,,,
2026-08-20 13:00:00+00:00,60.50017939187546,,,
2026-08-20 16:30:00+00:00,,1090.9737549069796,,
2026-08-21 05:00:00+00:00,60.983575825217486,,,
2026-08-21 09:00:00+00:00,,,,895.4467250421021
2026-08-21 11:30:00+00:00,86.06764834656678,,,
2026-08-21 12:00:00+00:00,,1090.061350475,,
2026-08-25 07:30:00+00:00,,,,-29.437281961452754
2026-08-25 15:30:00+00:00,217.5937005662854,,,
2026-08-28 02:30:00+00:00,,,,-182.07822753434448
2026-08-28 16:00:00+00:00,-255.66832642062218,,,
2026-08-30 23:00:00+00:00,,-451.99862984916035,,
2026-08-31 02:00:00+00:00,,,-146.3661626348894,
2026-09-01 17:00:00+00:00,,,-170.98514760198032,
2026-09-04 12:30:00+00:00,,,,-126.69521587237614
2026-09-06 23:00:00+00:00,216.52875328113896,,,
2026-09-07 10:00:00+00:00,,,67.56908911082883,
2026-09-08 13:30:00+00:00,-254.41703426735512,,,
2026-09-09 20:30:00+00:00,,,-177.45189234766258,
2026-09-10 12:30:00+00:00,-246.28332168182715,-925.057662429932,,
2026-09-15 08:00:00+00:00,,-547.2775475008239,-113.46144808855206,
2026-09-15 14:30:00+00:00,-238.4096438876595,,,
2026-09-18 13:30:00+00:00,,473.19899601328507,,
2026-09-19 19:30:00+00:00,475.8609578106334,,,
2026-09-20 02:30:00+00:00,,,,72.19199667615794
2026-09-21 01:30:00+00:00,,,,-128.14447357135577
2026-09-23 08:30:00+00:00,,,,-116.0067476341028
2026-09-23 16:00:00+00:00,-246.00096239377672,,,
2026-09-25 13:30:00+00:00,,,,-151.20198060047005
2026-09-27 22:00:00+00:00,,,,-21.25393034672925
2026-09-28 03:00:00+00:00,,,-143.37796111678017,
2026-09-29 15:00:00+00:00,,,,-129.28389381911256
2026-09-30 14:00:00+00:00,,,,-71.24009440913596
